						Obtainability																																														Base Stats										1																	XP and EV Yield								Gender Ratio		Type Effectiveness																		Gen 9Moveset				
Dex #	Main Dex	Pokemon	Classification	Type 1	Type 2	R	G	B	Y	G	S	C	R	S	E	FR	LG	D	P	PL	HG	SS	B	W	B2	W2	X	Y	OA	AS	S	M	US	UM	LGP	LGE	SW	SH	SW IoA	SH IoA	SW CT	SH CT	BD	SP	PLA	S	V	S TM	V TM	S ID	T ID	HP	ATK	DEF	SpA	SpD	SPE	TOTAL	Color	Shape	Shape Img	Ability		Hidden Ability	Evolution	Catch Rate	Base Catch %	Egg Group 1	Egg Group 2	Egg Cycles	Egg Steps	Level Rate	Total EXP	Height (m)	Height (ft)	Weight (kg)	Weight (lb)	Base Friendship	XP	HP	ATK	DEF	SpA	SpD	SPE	TOTAL	Male	Female	Normal	Fire	water	Electric	Grass	Ice	Fighting	Poison	Ground	Flying	Psychic	Bug	Rock	Ghost	Dragon	Dark	Steel	Fairy	Level Up	TM	Egg Move	Evolution	Reminder
1	1	Bulbasaur	Seed Pokémon	Grass	Poison	TRUE	TRUE	TRUE	TRUE	FALSE	FALSE	FALSE	FALSE	FALSE	FALSE	TRUE	TRUE	FALSE	FALSE	FALSE	TRUE	TRUE	FALSE	FALSE	FALSE	FALSE	TRUE	TRUE	FALSE	FALSE	FALSE	FALSE	TRUE	TRUE	TRUE	TRUE	TRUE	TRUE	TRUE	TRUE	TRUE	TRUE	TRUE	TRUE		FALSE	FALSE	FALSE	FALSE	TRUE	TRUE	45	49	49	65	65	45	318	Green	Quadruped		Overgrow		Chlorophyll		45	15	Monster	Grass	20	2560	Medium Slow	"1,059,860"	0.7	2′04″	6.9	15.2	50	64	0	0	0	1	0	0	1	87.50%	12.50%	1	2	0.5	0.5	0.25	2	0.5	1	1	2	2	1	1	1	1	1	1	0.5	45-1|33-1|22-3|74-6|73-9|75-12|77-15|79-15|402-18|36-21|230-24|235-27|388-30|438-33|76-36	36-TM|204-TM|182-TM|491-TM|885-TM|263-TM|345-TM|474-TM|203-TM|241-TM|331-TM|206-TM|34-TM|214-TM|402-TM|447-TM|156-TM|14-TM|164-TM|202-TM|412-TM|270-TM|580-TM|520-TM|188-TM|437-TM|76-TM|851-TM|92-TM|282-TM|311-TM|803-TM|38-TM|174-TM	174-EM|275-EM|80-EM|92-EM		
2	2	Ivysaur	Seed Pokémon	Grass	Poison	TRUE	TRUE	TRUE	TRUE	FALSE	FALSE	FALSE	FALSE	FALSE	FALSE	TRUE	TRUE	FALSE	FALSE	FALSE	TRUE	TRUE	FALSE	FALSE	FALSE	FALSE	TRUE	TRUE	FALSE	FALSE	FALSE	FALSE	TRUE	TRUE	TRUE	TRUE	TRUE	TRUE	TRUE	TRUE	TRUE	TRUE	TRUE	TRUE		FALSE	FALSE	FALSE	FALSE	TRUE	TRUE	60	62	63	80	80	60	405	Green	Quadruped		Overgrow		Chlorophyll	Level 16	45	15	Monster	Grass	20	2560	Medium Slow	"1,059,860"	1	3′03″	13	28.7	50	142	0	0	0	1	1	0	2	87.50%	12.50%	1	2	0.5	0.5	0.25	2	0.5	1	1	2	2	1	1	1	1	1	1	0.5	45-1|74-1|33-1|22-1|73-9|75-12|77-15|79-15|402-20|36-25|230-30|235-35|388-40|438-45|76-50	36-TM|204-TM|182-TM|491-TM|885-TM|263-TM|345-TM|474-TM|203-TM|241-TM|331-TM|206-TM|34-TM|214-TM|402-TM|447-TM|156-TM|14-TM|164-TM|202-TM|412-TM|270-TM|580-TM|520-TM|188-TM|437-TM|76-TM|851-TM|46-TM|92-TM|282-TM|311-TM|803-TM|38-TM|174-TM			
3		GMAX Venusaur	Seed Pokémon	Grass	Poison																																TRUE	TRUE	TRUE	TRUE	TRUE	TRUE										80	100	123	122	120	80	625	Green	Quadruped		Overgrow		Chlorophyll	GMAX Factor	3	1			20	2560	Medium Slow	"1,059,860"	24	"78'9"""	???	???	50	0	0	0	0	0	0	0	0	87.50%	12.50%	1	2	0.5	0.5	0.25	2	0.5	1	1	2	2	1	1	1	1	1	1	0.5					
3	3	Venusaur	Seed Pokémon	Grass	Poison	TRUE	TRUE	TRUE	TRUE	FALSE	FALSE	FALSE	FALSE	FALSE	FALSE	TRUE	TRUE	FALSE	FALSE	FALSE	TRUE	TRUE	FALSE	FALSE	FALSE	FALSE	TRUE	TRUE	FALSE	FALSE	FALSE	FALSE	TRUE	TRUE	TRUE	TRUE	TRUE	TRUE	TRUE	TRUE	TRUE	TRUE	TRUE	TRUE		FALSE	FALSE	FALSE	FALSE	TRUE	TRUE	80	82	83	100	100	80	525	Green	Quadruped		Overgrow		Chlorophyll	Level 32	45	15	Monster	Grass	20	2560	Medium Slow	"1,059,860"	2	6′07″	100	220.5	50	263	0	0	0	2	1	0	3	87.50%	12.50%	1	2	0.5	0.5	0.25	2	0.5	1	1	2	2	1	1	1	1	1	1	0.5	45-1|74-1|80-1|33-1|22-1|73-9|75-12|77-15|79-15|402-20|36-25|230-30|235-37|388-44|438-51|76-58	36-TM|204-TM|184-TM|182-TM|491-TM|885-TM|263-TM|523-TM|345-TM|474-TM|203-TM|241-TM|331-TM|206-TM|34-TM|214-TM|402-TM|447-TM|398-TM|707-TM|156-TM|14-TM|164-TM|202-TM|412-TM|133-TM|270-TM|414-TM|580-TM|520-TM|188-TM|89-TM|416-TM|338-TM|437-TM|63-TM|76-TM|851-TM|46-TM|92-TM|282-TM|311-TM|803-TM|38-TM|572-TM|174-TM		572-EV	
3		Mega Venusaur	Seed Pokémon	Grass	Poison																						TRUE	TRUE	FALSE	FALSE	TRUE	TRUE	TRUE	TRUE	TRUE	TRUE																80	100	123	122	120	80	625	Green	Quadruped		Thick Fat			Venusaurite					20	2560	Medium Slow	"1,059,860"	2.4	7′10″	155.5	342.8	50	313	0	0	0	2	1	0	3	87.50%	12.50%	1	2	0.5	0.5	0.25	2	0.5	1	1	2	2	1	1	1	1	1	1	0.5					
4	4	Charmander	Lizard Pokémon	Fire		TRUE	TRUE	TRUE	TRUE	FALSE	FALSE	FALSE	FALSE	FALSE	FALSE	TRUE	TRUE	FALSE	FALSE	FALSE	TRUE	TRUE	FALSE	FALSE	FALSE	FALSE	TRUE	TRUE	FALSE	FALSE	FALSE	FALSE	TRUE	TRUE	TRUE	TRUE	TRUE	TRUE	FALSE	FALSE	FALSE	FALSE	TRUE	TRUE		FALSE	FALSE	FALSE	FALSE	TRUE	TRUE	39	52	43	60	50	65	309	Red	Bipedal+Tail		Blaze		Solar Power		45	15	Monster	Dragon	20	2560	Medium Slow	"1,059,860"	0.6	2′00″	8.5	18.7	50	62	0	0	0	0	0	1	1	87.50%	12.50%	1	0.5	2	1	0.5	0.5	1	1	2	1	1	0.5	2	1	1	1	0.5	0.5	45-1|10-1|52-4|108-8|225-12|424-17|163-20|53-24|184-28|83-32|517-36|394-40	36-TM|184-TM|182-TM|424-TM|83-TM|263-TM|232-TM|129-TM|317-TM|488-TM|374-TM|525-TM|203-TM|241-TM|91-TM|206-TM|280-TM|421-TM|34-TM|7-TM|9-TM|214-TM|337-TM|156-TM|157-TM|14-TM|349-TM|164-TM|261-TM|242-TM|406-TM|257-TM|53-TM|270-TM|126-TM|519-TM|200-TM|315-TM|411-TM|394-TM|851-TM|46-TM|264-TM|311-TM|915-TM|784-TM	246-EM|187-EM|44-EM|68-EM|407-EM|525-EM|231-EM|232-EM		
5	5	Charmeleon	Flame Pokémon	Fire		TRUE	TRUE	TRUE	TRUE	FALSE	FALSE	FALSE	FALSE	FALSE	FALSE	TRUE	TRUE	FALSE	FALSE	FALSE	TRUE	TRUE	FALSE	FALSE	FALSE	FALSE	TRUE	TRUE	FALSE	FALSE	FALSE	FALSE	TRUE	TRUE	TRUE	TRUE	TRUE	TRUE	FALSE	FALSE	FALSE	FALSE	TRUE	TRUE		FALSE	FALSE	FALSE	FALSE	TRUE	TRUE	58	64	58	80	65	80	405	Red	Bipedal+Tail		Blaze		Solar Power	Level 16	45	15	Monster	Dragon	20	2560	Medium Slow	"1,059,860"	1.1	3′07″	19	41.9	50	142	0	0	0	1	0	1	2	87.50%	12.50%	1	0.5	2	1	0.5	0.5	1	1	2	1	1	0.5	2	1	1	1	0.5	0.5	52-1|45-1|10-1|108-1|225-12|424-19|163-24|53-30|184-37|517-48|394-54	36-TM|184-TM|182-TM|424-TM|83-TM|263-TM|129-TM|317-TM|488-TM|374-TM|525-TM|203-TM|241-TM|91-TM|206-TM|280-TM|421-TM|34-TM|7-TM|9-TM|214-TM|337-TM|156-TM|157-TM|14-TM|349-TM|164-TM|261-TM|242-TM|406-TM|257-TM|53-TM|270-TM|126-TM|519-TM|200-TM|315-TM|411-TM|394-TM|851-TM|46-TM|264-TM|311-TM|915-TM|784-TM	246-EM|187-EM|44-EM|68-EM|407-EM|525-EM|231-EM|232-EM		
6		GMAX Charizard	Flame Pokémon	Fire	Flying																																TRUE	TRUE	TRUE	TRUE	TRUE	TRUE										78	130	111	130	85	100	634	Red	Bipedal+Tail		Blaze		Solar Power	GMAX Factor	3	1			20	2560	Medium Slow	"1,059,860"	28	"91'10"""	???	???	50	0	0	0	0	0	0	0	0	87.50%	12.50%	1	0.5	2	2	0.25	1	0.5	1	0	1	1	0.25	4	1	1	1	0.5	0.5					
6	6	Charizard	Flame Pokémon	Fire	Flying	TRUE	TRUE	TRUE	TRUE	FALSE	FALSE	FALSE	FALSE	FALSE	FALSE	TRUE	TRUE	FALSE	FALSE	FALSE	TRUE	TRUE	FALSE	FALSE	FALSE	FALSE	TRUE	TRUE	FALSE	FALSE	FALSE	FALSE	TRUE	TRUE	TRUE	TRUE	TRUE	TRUE	FALSE	FALSE	FALSE	FALSE	TRUE	TRUE		FALSE	FALSE	FALSE	FALSE	TRUE	TRUE	78	84	78	109	85	100	534	Red	Bipedal+Tail		Blaze		Solar Power	Level 36	45	15	Monster	Dragon	20	2560	Medium Slow	"1,059,860"	1.7	5′07″	90.5	199.5	50	267	0	0	0	3	0	0	3	87.50%	12.50%	1	0.5	2	2	0.25	1	0.5	1	0	1	1	0.25	4	1	1	1	0.5	0.5	337-1|52-1|45-1|257-1|10-1|108-1|225-12|424-19|163-24|53-30|184-39|83-46|517-54|394-62	36-TM|184-TM|182-TM|424-TM|512-TM|83-TM|263-TM|332-TM|523-TM|129-TM|317-TM|488-TM|314-TM|374-TM|525-TM|203-TM|241-TM|201-TM|91-TM|280-TM|421-TM|403-TM|34-TM|7-TM|9-TM|214-TM|337-TM|156-TM|157-TM|14-TM|19-TM|349-TM|164-TM|261-TM|242-TM|406-TM|257-TM|53-TM|270-TM|126-TM|519-TM|89-TM|416-TM|307-TM|200-TM|315-TM|411-TM|542-TM|63-TM|394-TM|76-TM|851-TM|46-TM|535-TM|264-TM|311-TM|38-TM|915-TM|815-TM|784-TM|913-TM	246-EM|187-EM|44-EM|68-EM|407-EM|525-EM|231-EM|232-EM	403-EV	
6		Mega Charizard X	Flame Pokémon	Fire	Dragon																						TRUE	FALSE	FALSE	FALSE	TRUE	TRUE	TRUE	TRUE	TRUE	TRUE																78	130	111	130	85	100	634	Black	Bipedal+Tail		Tough Claws			Charizardite X					20	2560	Medium Slow	"1,059,860"	1.7	5′07″	110.5	243.6	50	317	0	0	0	3	0	0	3	87.50%	12.50%	1	0.25	1	0.5	0.25	1	1	1	2	1	1	0.5	2	1	2	1	0.5	1					
6		Mega Charizard Y	Flame Pokémon	Fire	Flying																						FALSE	TRUE	FALSE	FALSE	TRUE	TRUE	TRUE	TRUE	TRUE	TRUE																78	104	78	159	115	100	634	Red	Bipedal+Tail		Drought			Charizardite Y					20	2560	Medium Slow	"1,059,860"	1.7	5′07″	100.5	221.6	50	317	0	0	0	3	0	0	3	87.50%	12.50%	1	0.5	2	2	0.25	1	0.5	1	0	1	1	0.25	4	1	1	1	0.5	0.5					
7	7	Squirtle	Tiny Turtle Pokémon	Water		TRUE	TRUE	TRUE	TRUE	FALSE	FALSE	FALSE	FALSE	FALSE	FALSE	TRUE	TRUE	FALSE	FALSE	FALSE	TRUE	TRUE	FALSE	FALSE	FALSE	FALSE	TRUE	TRUE	FALSE	FALSE	FALSE	FALSE	TRUE	TRUE	TRUE	TRUE	FALSE	FALSE	TRUE	TRUE	FALSE	FALSE	TRUE	TRUE		FALSE	FALSE	FALSE	FALSE	TRUE	TRUE	44	48	65	50	64	43	314	Blue	Bipedal+Tail		Torrent		Rain Dish		45	15	Monster	Water 1	20	2560	Medium Slow	"1,059,860"	0.5	1′08″	9	19.8	50	63	0	0	1	0	0	0	1	87.50%	12.50%	1	0.5	0.5	2	2	0.5	1	1	1	1	1	1	1	1	1	1	0.5	1	33-1|39-1|55-3|110-6|229-9|44-12|352-15|182-18|240-21|401-24|504-27|334-30|56-33|834-36	36-TM|182-TM|352-TM|886-TM|263-TM|196-TM|341-TM|374-TM|203-TM|240-TM|91-TM|280-TM|428-TM|34-TM|8-TM|214-TM|156-TM|164-TM|334-TM|710-TM|57-TM|861-TM|270-TM|58-TM|56-TM|59-TM|518-TM|851-TM|114-TM|360-TM|264-TM|311-TM|812-TM|38-TM|250-TM|330-TM|257-TM|53-TM|270-TM|126-TM|519-TM|89-TM|416-TM|307-TM|200-TM|315-TM|411-TM|542-TM|63-TM|394-TM|76-TM|851-TM|46-TM|535-TM|264-TM|311-TM|38-TM|915-TM|815-TM|784-TM|913-TM	453-EM|392-EM|252-EM|175-EM|791-EM|243-EM|54-EM|323-EM|281-EM		
8	8	Wartortle	Turtle Pokémon	Water		TRUE	TRUE	TRUE	TRUE	FALSE	FALSE	FALSE	FALSE	FALSE	FALSE	TRUE	TRUE	FALSE	FALSE	FALSE	TRUE	TRUE	FALSE	FALSE	FALSE	FALSE	TRUE	TRUE	FALSE	FALSE	FALSE	FALSE	TRUE	TRUE	TRUE	TRUE	FALSE	FALSE	TRUE	TRUE	FALSE	FALSE	TRUE	TRUE		FALSE	FALSE	FALSE	FALSE	TRUE	TRUE	59	63	80	65	80	58	405	Blue	Bipedal+Tail		Torrent		Rain Dish	Level 16	45	15	Monster	Water 1	20	2560	Medium Slow	"1,059,860"	1	3′03″	22.5	49.6	50	142	0	0	1	0	1	0	2	87.50%	12.50%	1	0.5	0.5	2	2	0.5	1	1	1	1	1	1	1	1	1	1	0.5	1	33-1|39-1|55-1|110-1|229-9|44-12|352-15|182-20|240-25|401-30|504-35|334-40|56-45|834-50	36-TM|182-TM|352-TM|886-TM|263-TM|196-TM|341-TM|374-TM|203-TM|240-TM|91-TM|280-TM|428-TM|34-TM|8-TM|214-TM|156-TM|164-TM|334-TM|710-TM|57-TM|861-TM|270-TM|58-TM|56-TM|59-TM|518-TM|851-TM|114-TM|360-TM|264-TM|311-TM|812-TM|38-TM|250-TM|330-TM			
9		GMAX Blastoise	Shellfish Pokémon	Water																																	TRUE	TRUE	TRUE	TRUE	TRUE	TRUE										79	83	100	85	105	78	530	Blue	Bipedal+Tail		Torrent		Rain Dish	GMAX Factor	3	1			20	2560	Medium Slow	"1,059,860"	25	82'	110.5	243.6	50	0	0	0	0	0	0	0	0	87.50%	12.50%	1	0.5	0.5	2	2	0.5	1	1	1	1	1	1	1	1	1	1	0.5	1					
9	9	Blastoise	Shellfish Pokémon	Water		TRUE	TRUE	TRUE	TRUE	FALSE	FALSE	FALSE	FALSE	FALSE	FALSE	TRUE	TRUE	FALSE	FALSE	FALSE	TRUE	TRUE	FALSE	FALSE	FALSE	FALSE	TRUE	TRUE	FALSE	FALSE	FALSE	FALSE	TRUE	TRUE	TRUE	TRUE	FALSE	FALSE	TRUE	TRUE	FALSE	FALSE	TRUE	TRUE		FALSE	FALSE	FALSE	FALSE	TRUE	TRUE	79	83	100	85	105	78	530	Blue	Bipedal+Tail		Torrent		Rain Dish	Level 36	45	15	Monster	Water 1	20	2560	Medium Slow	"1,059,860"	1.6	5′03″	85.5	188.5	50	265	0	0	0	0	3	0	3	87.50%	12.50%	1	0.5	0.5	2	2	0.5	1	1	1	1	1	1	1	1	1	1	0.5	1	33-1|39-1|55-1|110-1|229-9|44-12|352-15|182-20|240-25|401-30|504-35|334-42|56-49|834-56	36-TM|184-TM|182-TM|352-TM|886-TM|263-TM|196-TM|341-TM|317-TM|374-TM|419-TM|203-TM|240-TM|91-TM|280-TM|428-TM|34-TM|8-TM|214-TM|156-TM|157-TM|776-TM|430-TM|399-TM|164-TM|334-TM|242-TM|710-TM|396-TM|406-TM|57-TM|861-TM|270-TM|58-TM|56-TM|59-TM|518-TM|89-TM|416-TM|308-TM|411-TM|63-TM|851-TM|46-TM|114-TM|479-TM|360-TM|264-TM|311-TM|812-TM|38-TM|250-TM|330-TM		430-EV	
9		Mega Blastoise	Shellfish Pokémon	Water																							TRUE	TRUE	FALSE	FALSE	TRUE	TRUE	TRUE	TRUE	TRUE	TRUE																79	103	120	135	115	78	630	Blue	Bipedal+Tail		Mega Launcher			Blastoisite		0			20	2560	Medium Slow	"1,059,860"	1.6	5′03″	101.1	222.9	50	315	0	0	0	0	3	0	3	87.50%	12.50%	1	0.5	0.5	2	2	0.5	1	1	1	1	1	1	1	1	1	1	0.5	1					
10	10	Caterpie	Worm Pokémon	Bug		TRUE	TRUE	TRUE	TRUE	TRUE	TRUE	TRUE	FALSE	FALSE	FALSE	TRUE	TRUE	TRUE	TRUE	TRUE	TRUE	TRUE	FALSE	TRUE	FALSE	TRUE	TRUE	TRUE	FALSE	FALSE	TRUE	TRUE	TRUE	TRUE	TRUE	TRUE	TRUE	TRUE	FALSE	FALSE	FALSE	FALSE	TRUE	TRUE								45	30	35	20	20	45	195	Green	Insectoid		Shield Dust		Run Away		255	85	Bug		15	1920	Medium Fast	"1,000,000"	0.3	1′00″	2.9	6.4	50	39	1	0	0	0	0	0	1	50%	50%	1	2	1	1	0.5	1	0.5	1	0.5	2	1	1	2	1	1	1	1	1					
11	11	Metapod	Cocoon Pokémon	Bug		TRUE	TRUE	TRUE	TRUE	TRUE	TRUE	TRUE	FALSE	FALSE	FALSE	TRUE	TRUE	TRUE	TRUE	TRUE	TRUE	TRUE	FALSE	TRUE	FALSE	TRUE	TRUE	TRUE	FALSE	FALSE	TRUE	TRUE	TRUE	TRUE	TRUE	TRUE	TRUE	TRUE	FALSE	FALSE	FALSE	FALSE	TRUE	TRUE								50	20	55	25	25	30	205	Green	Serpentine		Shed Skin			Level 7	120	40	Bug		15	1920	Medium Fast	"1,000,000"	0.7	2′04″	9.9	21.8	50	72	0	0	2	0	0	0	2	50%	50%	1	2	1	1	0.5	1	0.5	1	0.5	2	1	1	2	1	1	1	1	1					
12		GMAX Butterfree	Butterfly Pokémon	Bug	Flying																																TRUE	TRUE	TRUE	TRUE	TRUE	TRUE										60	45	50	90	80	70	395	White	2+ Pair of Wings		Compound Eyes		Tinted Lens	GMAX Factor	3	1			15	1920	Medium Fast	"1,000,000"	17	"55'9"""	???	???	50	0	0	0	0	0	0	0	0	50%	50%	1	2	1	2	0.25	2	0.25	1	0	2	1	0.5	4	1	1	1	1	1					
12	12	Butterfree	Butterfly Pokémon	Bug	Flying	TRUE	TRUE	TRUE	TRUE	TRUE	TRUE	TRUE	FALSE	FALSE	FALSE	TRUE	TRUE	TRUE	TRUE	TRUE	TRUE	TRUE	FALSE	TRUE	FALSE	TRUE	TRUE	TRUE	FALSE	FALSE	TRUE	TRUE	TRUE	TRUE	TRUE	TRUE	TRUE	TRUE	FALSE	FALSE	FALSE	FALSE	TRUE	TRUE								60	45	50	90	80	70	395	White	2+ Pair of Wings		Compound Eyes		Tinted Lens	Level 10	45	15	Bug		15	1920	Medium Fast	"1,000,000"	1.1	3′07″	32	70.5	50	198	0	0	0	2	1	0	3	50%	50%	1	2	1	2	0.25	2	0.25	1	0	2	1	0.5	4	1	1	1	1	1					
13	13	Weedle	Hairy Bug Pokémon	Bug	Poison	TRUE	TRUE	TRUE	FALSE	TRUE	TRUE	TRUE	FALSE	FALSE	FALSE	TRUE	TRUE	TRUE	TRUE	TRUE	TRUE	TRUE	TRUE	FALSE	TRUE	FALSE	TRUE	TRUE	TRUE	TRUE	FALSE	FALSE	TRUE	TRUE	TRUE	TRUE							TRUE	TRUE								40	35	30	20	20	50	195	Brown	Insectoid		Shield Dust		Run Away		255	85	Bug		15	1920	Medium Fast	"1,000,000"	0.3	1′00″	3.2	7.1	50	39	0	0	0	0	0	1	1	50%	50%	1	2	1	1	0.25	1	0.25	0.5	1	2	2	0.5	2	1	1	1	1	0.5					
14	14	Kakuna	Cocoon Pokémon	Bug	Poison	TRUE	TRUE	TRUE	FALSE	TRUE	TRUE	TRUE	FALSE	FALSE	FALSE	TRUE	TRUE	TRUE	TRUE	TRUE	TRUE	TRUE	TRUE	FALSE	TRUE	FALSE	TRUE	TRUE	TRUE	TRUE	FALSE	FALSE	TRUE	TRUE	TRUE	TRUE							TRUE	TRUE								45	25	50	25	25	35	205	Yellow	Serpentine		Shed Skin			Level 7	120	40	Bug		15	1920	Medium Fast	"1,000,000"	0.6	2′00″	10	22	50	72	0	0	2	0	0	0	2	50%	50%	1	2	1	1	0.25	1	0.25	0.5	1	2	2	0.5	2	1	1	1	1	0.5					
15	15	Beedrill	Poison Bee Pokémon	Bug	Poison	TRUE	TRUE	TRUE	FALSE	TRUE	TRUE	TRUE	FALSE	FALSE	FALSE	TRUE	TRUE	TRUE	TRUE	TRUE	TRUE	TRUE	TRUE	FALSE	TRUE	FALSE	TRUE	TRUE	TRUE	TRUE	FALSE	FALSE	TRUE	TRUE	TRUE	TRUE							TRUE	TRUE								65	90	40	45	80	75	395	Yellow	2+ Pair of Wings		Swarm		Sniper	Level 10	45	15	Bug		15	1920	Medium Fast	"1,000,000"	1	3′03″	29.5	65	50	198	0	2	0	0	1	0	3	50%	50%	1	2	1	1	0.25	1	0.25	0.5	1	2	2	0.5	2	1	1	1	1	0.5					
15		Mega Beedrill	Poison Bee Pokémon	Bug	Poison																								TRUE	TRUE	FALSE	FALSE	TRUE	TRUE	TRUE	TRUE																65	150	40	15	80	145	495	Yellow	2+ Pair of Wings		Adaptability			Beedrillite		0			15	1920	Medium Fast	"1,000,000"	1.4	4′07″	40.5	89.3	50	248	0	2	0	0	1	0	3	50%	50%	1	2	1	1	0.25	1	0.25	0.5	1	2	2	0.5	2	1	1	1	1	0.5					
16	16	Pidgey	Tiny Bird Pokémon	Normal	Flying	TRUE	TRUE	TRUE	TRUE	TRUE	TRUE	TRUE	FALSE	FALSE	FALSE	TRUE	TRUE	TRUE	TRUE	TRUE	TRUE	TRUE	TRUE	TRUE	FALSE	FALSE	TRUE	TRUE	TRUE	TRUE	FALSE	FALSE	TRUE	TRUE	TRUE	TRUE							TRUE	TRUE								40	45	40	35	35	56	251	Brown	1 Pair of Wings		Keen Eye	Tangled Feet	Big Pecks		255	85	Flying		15	1920	Medium Slow	"1,059,860"	0.3	1′00″	1.8	4	50	50	0	0	0	0	0	1	1	50%	50%	1	1	1	2	0.5	2	1	1	0	1	1	0.5	2	0	1	1	1	1					
17	17	Pidgeotto	Bird Pokémon	Normal	Flying	TRUE	TRUE	TRUE	TRUE	TRUE	TRUE	TRUE	FALSE	FALSE	FALSE	TRUE	TRUE	TRUE	TRUE	TRUE	TRUE	TRUE	TRUE	TRUE	FALSE	FALSE	TRUE	TRUE	TRUE	TRUE	FALSE	FALSE	TRUE	TRUE	TRUE	TRUE							TRUE	TRUE								63	60	55	50	50	71	349	Brown	1 Pair of Wings		Keen Eye	Tangled Feet	Big Pecks	Level 18	120	40	Flying		15	1920	Medium Slow	"1,059,860"	1.1	3′07″	30	66.1	50	122	0	0	0	0	0	2	2	50%	50%	1	1	1	2	0.5	2	1	1	0	1	1	0.5	2	0	1	1	1	1					
18	18	Pidgeot	Bird Pokémon	Normal	Flying	TRUE	TRUE	TRUE	TRUE	TRUE	TRUE	TRUE	FALSE	FALSE	FALSE	TRUE	TRUE	TRUE	TRUE	TRUE	TRUE	TRUE	TRUE	TRUE	FALSE	FALSE	TRUE	TRUE	TRUE	TRUE	FALSE	FALSE	TRUE	TRUE	TRUE	TRUE							TRUE	TRUE								83	80	75	70	70	101	479	Brown	1 Pair of Wings		Keen Eye	Tangled Feet	Big Pecks	Level 36	45	15	Flying		15	1920	Medium Slow	"1,059,860"	1.5	4′11″	39.5	87.1	50	240	0	0	0	0	0	3	3	50%	50%	1	1	1	2	0.5	2	1	1	0	1	1	0.5	2	0	1	1	1	1					
18		Mega Pidgeot	Bird Pokémon	Normal	Flying																								TRUE	TRUE	FALSE	FALSE	TRUE	TRUE	TRUE	TRUE																83	80	80	135	80	121	579	Brown	1 Pair of Wings		No Guard					0			15	1920	Medium Slow	"1,059,860"	2.2	7′03″	50.5	111.3	50	290	0	0	0	0	0	3	3	50%	50%	1	1	1	2	0.5	2	1	1	0	1	1	0.5	2	0	1	1	1	1					
19	19	Rattata	Mouse Pokémon	Normal		TRUE	TRUE	TRUE	TRUE	TRUE	TRUE	TRUE	FALSE	FALSE	FALSE	TRUE	TRUE	TRUE	TRUE	TRUE	TRUE	TRUE	TRUE	TRUE	TRUE	TRUE	FALSE	FALSE	TRUE	TRUE	FALSE	FALSE	FALSE	FALSE	TRUE	TRUE							TRUE	TRUE								30	56	35	25	35	72	253	Purple	Quadruped		Run Away	Guts	Hustle		255	85	Field		15	1920	Medium Fast	"1,000,000"	0.3	1′00″	3.5	7.7	50	51	0	0	0	0	0	1	1	50%	50%	1	1	1	1	1	1	2	1	1	1	1	1	1	0	1	1	1	1					
19		Alolan Rattata	Mouse Pokémon	Dark	Normal																										TRUE	TRUE	TRUE	TRUE	TRUE	TRUE																30	56	35	25	35	72	253	Black	Quadruped		Gluttony	Hustle	Thick Fat		255	85	Field		15	1920	Medium Fast	"1,000,000"	0.3	1′00″	3.8	8.4	50	51	0	0	0	0	0	1	1	50%	50%	1	1	1	1	1	1	4	1	1	1	0	2	1	0	1	0.5	1	2					
20	20	Raticate	Mouse Pokémon	Normal		TRUE	TRUE	TRUE	TRUE	TRUE	TRUE	TRUE	FALSE	FALSE	FALSE	TRUE	TRUE	TRUE	TRUE	TRUE	TRUE	TRUE	TRUE	TRUE	TRUE	TRUE	FALSE	FALSE	TRUE	TRUE	FALSE	FALSE	FALSE	FALSE	TRUE	TRUE							TRUE	TRUE								55	81	60	50	70	97	413	Brown	Quadruped		Run Away	Guts	Hustle	Level 20	127	42.33	Field		15	1920	Medium Fast	"1,000,000"	0.7	2′04″	18.5	40.8	50	145	0	0	0	0	0	2	2	50%	50%	1	1	1	1	1	1	2	1	1	1	1	1	1	0	1	1	1	1					
20		Alolan Raticate	Mouse Pokémon	Dark	Normal																										TRUE	TRUE	TRUE	TRUE	TRUE	TRUE																75	71	70	40	80	77	413	Black	Quadruped		Gluttony	Hustle	Thick Fat	Level 20 during nighttime	127	42.33	Field		15	1920	Medium Fast	"1,000,000"	0.7	2′04″	25.5	56.2	50	145	0	0	0	0	0	2	2	50%	50%	1	1	1	1	1	1	4	1	1	1	0	2	1	0	1	0.5	1	2					
21	21	Spearow	Tiny Bird Pokémon	Normal	Flying	TRUE	TRUE	TRUE	TRUE	TRUE	TRUE	TRUE	FALSE	FALSE	FALSE	TRUE	TRUE	TRUE	TRUE	TRUE	TRUE	TRUE	TRUE	TRUE	TRUE	TRUE	TRUE	TRUE	FALSE	FALSE	TRUE	TRUE	TRUE	TRUE	TRUE	TRUE							TRUE	TRUE								40	60	30	31	31	70	262	Brown	1 Pair of Wings		Keen Eye		Sniper		255	85	Flying		15	1920	Medium Fast	"1,000,000"	0.3	1′00″	2	4.4	50	52	0	0	0	0	0	1	1	50%	50%	1	1	1	2	0.5	2	1	1	0	1	1	0.5	2	0	1	1	1	1					
22	22	Fearow	Beak Pokémon	Normal	Flying	TRUE	TRUE	TRUE	TRUE	TRUE	TRUE	TRUE	FALSE	FALSE	FALSE	TRUE	TRUE	TRUE	TRUE	TRUE	TRUE	TRUE	TRUE	TRUE	TRUE	TRUE	TRUE	TRUE	FALSE	FALSE	TRUE	TRUE	TRUE	TRUE	TRUE	TRUE							TRUE	TRUE								65	90	65	61	61	100	442	Brown	1 Pair of Wings		Keen Eye		Sniper	Level 20	90	30	Flying		15	1920	Medium Fast	"1,000,000"	1.2	3′11″	38	83.8	50	155	0	0	0	0	0	2	2	50%	50%	1	1	1	2	0.5	2	1	1	0	1	1	0.5	2	0	1	1	1	1					
23	23	Ekans	Snake Pokémon	Poison		TRUE	FALSE	FALSE	FALSE	TRUE	TRUE	TRUE	FALSE	FALSE	FALSE	TRUE	FALSE	TRUE	TRUE	TRUE	TRUE	TRUE	FALSE	FALSE	FALSE	FALSE	TRUE	TRUE	FALSE	FALSE	FALSE	FALSE	TRUE	TRUE	FALSE	TRUE							TRUE	TRUE		FALSE	FALSE	TRUE	TRUE	FALSE	FALSE	35	60	44	40	54	55	288	Purple	Serpentine		Intimidate	Shed Skin	Unnerve		255	85	Field	Dragon	20	2560	Medium Fast	"1,000,000"	2	6′07″	6.9	15.2	50	58	0	1	0	0	0	0	1	50%	50%	1	1	1	1	0.5	1	0.5	0.5	2	1	2	0.5	1	1	1	1	1	0.5	43-1|35-1|40-4|44-9|137-12|103-17|51-20|255-25|254-25|256-25|491-28|188-33|380-36|562-38|114-41|489-44|441-49	36-TM|189-TM|184-TM|182-TM|424-TM|491-TM|168-TM|885-TM|263-TM|342-TM|555-TM|341-TM|317-TM|474-TM|203-TM|241-TM|240-TM|91-TM|706-TM|214-TM|402-TM|398-TM|156-TM|157-TM|390-TM|399-TM|141-TM|441-TM|164-TM|242-TM|202-TM|188-TM|89-TM|851-TM|114-TM|92-TM|180-TM|282-TM|808-TM|799-TM|38-TM|482-TM|806-TM	305-EM|342-EM|184-EM|180-EM|389-EM|415-EM		
24	24	Arbok	Cobra Pokémon	Poison		TRUE	FALSE	FALSE	FALSE	TRUE	TRUE	TRUE	FALSE	FALSE	FALSE	TRUE	FALSE	TRUE	TRUE	TRUE	TRUE	TRUE	FALSE	FALSE	FALSE	FALSE	TRUE	TRUE	FALSE	FALSE	FALSE	FALSE	TRUE	TRUE	FALSE	TRUE							TRUE	TRUE		FALSE	FALSE	TRUE	TRUE	FALSE	FALSE	60	95	69	65	79	80	448	Purple	Serpentine		Intimidate	Shed Skin	Unnerve	Level 22	90	30	Field	Dragon	20	2560	Medium Fast	"1,000,000"	3.5	11′06″	65	143.3	50	157	0	2	0	0	0	0	2	50%	50%	1	1	1	1	0.5	1	0.5	0.5	2	1	2	0.5	1	1	1	1	1	0.5	44-1|424-1|423-1|43-1|40-1|422-1|35-1|137-12|103-17|51-20|255-27|254-27|256-27|491-32|188-39|380-44|562-48|114-51|489-56|441-63	36-TM|189-TM|184-TM|182-TM|424-TM|422-TM|423-TM|491-TM|168-TM|885-TM|263-TM|342-TM|523-TM|555-TM|341-TM|317-TM|525-TM|474-TM|203-TM|241-TM|240-TM|91-TM|706-TM|34-TM|214-TM|402-TM|398-TM|707-TM|156-TM|157-TM|390-TM|399-TM|141-TM|441-TM|164-TM|242-TM|202-TM|188-TM|89-TM|416-TM|63-TM|851-TM|114-TM|92-TM|180-TM|282-TM|808-TM|799-TM|220-TM|38-TM|482-TM|806-TM|675-TM|784-TM		242-EV	
25		GMAX Pikachu	Mouse Pokémon	Electric																																	TRUE	TRUE	TRUE	TRUE	TRUE	TRUE										35	55	40	50	50	90	320	Yellow	Quadruped		Static		Lightning Rod	GMAX Factor	3	1			10	1280	Medium Fast	"1,000,000"	21	"68'11"""	???	???	50	0	0	0	0	0	0	0	0	50%	50%	1	1	1	0.5	1	1	1	1	2	0.5	1	1	1	1	1	1	0.5	1					
25	25	Pikachu	Mouse Pokémon	Electric		TRUE	TRUE	TRUE	TRUE	TRUE	TRUE	TRUE	TRUE	TRUE	TRUE	TRUE	TRUE	TRUE	TRUE	TRUE	TRUE	TRUE	FALSE	FALSE	FALSE	FALSE	TRUE	TRUE	TRUE	TRUE	TRUE	TRUE	TRUE	TRUE	TRUE	TRUE	TRUE	TRUE	TRUE	TRUE	FALSE	FALSE	TRUE	TRUE	TRUE	TRUE	TRUE	TRUE	TRUE	FALSE	FALSE	35	55	40	50	50	90	320	Yellow	Quadruped		Static		Lightning Rod	High Friendship	190	63.33	Field	Fairy	10	1280	Medium Fast	"1,000,000"	0.4	1′04″	6	13.2	50	112	0	0	0	0	0	2	2	50%	50%	1	1	1	0.5	1	1	1	1	2	0.5	1	1	1	1	1	1	0.5	1	204-1|45-1|417-1|609-1|589-1|98-1|186-1|39-1|84-1|86-4|104-8|486-12|364-16|209-20|97-24|231-28|435-32|85-36|113-40|87-44	36-TM|204-TM|313-TM|97-TM|182-TM|168-TM|574-TM|885-TM|451-TM|263-TM|129-TM|577-TM|374-TM|203-TM|521-TM|240-TM|91-TM|280-TM|34-TM|9-TM|214-TM|486-TM|115-TM|113-TM|447-TM|86-TM|156-TM|598-TM|164-TM|227-TM|57-TM|85-TM|583-TM|270-TM|179-TM|604-TM|417-TM|528-TM|87-TM|851-TM|268-TM|282-TM|264-TM|283-TM|527-TM|914-TM|918-TM	268-EM|574-EM|252-EM|175-EM|217-EM|321-EM|273-EM		
25		Original Cap Pikachu	Mouse Pokémon	Electric																											FALSE	FALSE					FALSE	FALSE	FALSE	FALSE	FALSE	FALSE										35	55	40	50	50	90	320	Yellow	Quadruped		Static		Lightning Rod		190	63.33			10	1280	Fast	"800,000"	0.4	1′04″	6	13.2	50	112	0	0	0	0	0	2	2	50%	50%	1	1	1	0.5	1	1	1	1	2	0.5	1	1	1	1	1	1	0.5	1					
25		Hoenn Cap Pikachu	Mouse Pokémon	Electric																											FALSE	FALSE					FALSE	FALSE	FALSE	FALSE	FALSE	FALSE										35	55	40	50	50	90	320	Yellow	Quadruped		Static		Lightning Rod		190	63.33			10	1280	Fast	"800,000"	0.4	1′04″	6	13.2	50	112	0	0	0	0	0	2	2	50%	50%	1	1	1	0.5	1	1	1	1	2	0.5	1	1	1	1	1	1	0.5	1					
25		Sinnoh Cap Pikachu	Mouse Pokémon	Electric																											FALSE	FALSE					FALSE	FALSE	FALSE	FALSE	FALSE	FALSE										35	55	40	50	50	90	320	Yellow	Quadruped		Static		Lightning Rod		190	63.33			10	1280	Fast	"800,000"	0.4	1′04″	6	13.2	50	112	0	0	0	0	0	2	2	50%	50%	1	1	1	0.5	1	1	1	1	2	0.5	1	1	1	1	1	1	0.5	1					
25		Unova Cap Pikachu	Mouse Pokémon	Electric																											FALSE	FALSE					FALSE	FALSE	FALSE	FALSE	FALSE	FALSE										35	55	40	50	50	90	320	Yellow	Quadruped		Static		Lightning Rod		190	63.33			10	1280	Fast	"800,000"	0.4	1′04″	6	13.2	50	112	0	0	0	0	0	2	2	50%	50%	1	1	1	0.5	1	1	1	1	2	0.5	1	1	1	1	1	1	0.5	1					
25		Kalos Cap Pikachu	Mouse Pokémon	Electric																											FALSE	FALSE					FALSE	FALSE	FALSE	FALSE	FALSE	FALSE										35	55	40	50	50	90	320	Yellow	Quadruped		Static		Lightning Rod		190	63.33			10	1280	Fast	"800,000"	0.4	1′04″	6	13.2	50	112	0	0	0	0	0	2	2	50%	50%	1	1	1	0.5	1	1	1	1	2	0.5	1	1	1	1	1	1	0.5	1					
25		Alola Cap Pikachu	Mouse Pokémon	Electric																											FALSE	FALSE					FALSE	FALSE	FALSE	FALSE	FALSE	FALSE										35	55	40	50	50	90	320	Yellow	Quadruped		Static		Lightning Rod		190	63.33			10	1280	Fast	"800,000"	0.4	1′04″	6	13.2	50	112	0	0	0	0	0	2	2	50%	50%	1	1	1	0.5	1	1	1	1	2	0.5	1	1	1	1	1	1	0.5	1					
25		Partner Cap Pikachu	Mouse Pokémon	Electric																											FALSE	FALSE					FALSE	FALSE	FALSE	FALSE	FALSE	FALSE										35	55	40	50	50	90	320	Yellow	Quadruped		Static		Lightning Rod		190	63.33			10	1280	Fast	"800,000"	0.4	1′04″	6	13.2	50	112	0	0	0	0	0	2	2	50%	50%	1	1	1	0.5	1	1	1	1	2	0.5	1	1	1	1	1	1	0.5	1					
25		World Cap Pikachu	Mouse Pokémon	Electric																																	FALSE	FALSE	FALSE	FALSE	FALSE	FALSE										35	55	40	50	50	90	320	Yellow	Quadruped		Static		Lightning Rod		190	63.33			10	1280	Fast	"800,000"	0.4	1′04″	6	13.2	50	112	0	0	0	0	0	2	2	50%	50%	1	1	1	0.5	1	1	1	1	2	0.5	1	1	1	1	1	1	0.5	1					
26	26	Raichu	Mouse Pokémon	Electric		TRUE	TRUE	TRUE	FALSE	TRUE	TRUE	TRUE	TRUE	TRUE	TRUE	TRUE	TRUE	TRUE	TRUE	TRUE	TRUE	TRUE	FALSE	FALSE	FALSE	FALSE	TRUE	TRUE	TRUE	TRUE	FALSE	FALSE	FALSE	FALSE	TRUE	TRUE	TRUE	TRUE	TRUE	TRUE	FALSE	FALSE	TRUE	TRUE	TRUE	TRUE	TRUE	TRUE	TRUE	FALSE	FALSE	60	90	55	90	80	110	485	Yellow	Bipedal+Tail		Static		Lightning Rod	Thunder Stone	75	25	Field	Fairy	10	1280	Medium Fast	"1,000,000"	0.8	2′07″	30	66.1	50	243	0	0	0	0	0	3	3	50%	50%	1	1	1	0.5	1	1	1	1	2	0.5	1	1	1	1	1	1	0.5	1	97-1|204-1|435-1|104-1|486-1|364-1|45-1|231-1|113-1|417-1|609-1|589-1|98-1|209-1|186-1|39-1|87-1|84-1|86-1|85-5	36-TM|204-TM|313-TM|97-TM|182-TM|168-TM|574-TM|885-TM|451-TM|263-TM|129-TM|577-TM|374-TM|203-TM|521-TM|240-TM|91-TM|280-TM|34-TM|9-TM|214-TM|486-TM|115-TM|113-TM|447-TM|86-TM|156-TM|598-TM|164-TM|227-TM|57-TM|85-TM|583-TM|270-TM|179-TM|604-TM|417-TM|528-TM|416-TM|411-TM|63-TM|87-TM|851-TM|268-TM|282-TM|264-TM|283-TM|527-TM|914-TM|918-TM	268-EM|574-EM|252-EM|175-EM|217-EM|321-EM|273-EM	9-EV	
26		Alolan Raichu	Mouse Pokémon	Electric	Psychic																										TRUE	TRUE	TRUE	TRUE	TRUE	TRUE	FALSE	FALSE	FALSE	FALSE	FALSE	FALSE				FALSE	FALSE	FALSE	FALSE	FALSE	FALSE	60	85	50	95	85	110	485	Brown	Bipedal+Tail		Surge Surfer			Thunder Stone in Alola	75	25	Field	Fairy	10	1280	Medium Fast	"1,000,000"	0.7	2′04″	21	46.3	50	243	0	0	0	0	0	3	3	50%	50%	1	1	1	0.5	1	1	0.5	1	2	0.5	0.5	2	1	2	1	2	0.5	1	97-1|204-1|435-1|104-1|486-1|364-1|45-1|231-1|113-1|417-1|609-1|589-1|98-1|209-1|186-1|39-1|87-1|84-1|86-1|85-5	36-TM|204-TM|313-TM|97-TM|182-TM|168-TM|885-TM|451-TM|263-TM|129-TM|577-TM|500-TM|374-TM|203-TM|521-TM|240-TM|473-TM|91-TM|280-TM|34-TM|9-TM|214-TM|486-TM|115-TM|113-TM|447-TM|86-TM|156-TM|598-TM|285-TM|164-TM|94-TM|227-TM|57-TM|85-TM|583-TM|347-TM|270-TM|179-TM|604-TM|678-TM|417-TM|528-TM|416-TM|411-TM|63-TM|87-TM|851-TM|268-TM|282-TM|264-TM|283-TM|527-TM|797-TM|914-TM|917-TM|918-TM	268-EM|574-EM|252-EM|175-EM|217-EM|321-EM|273-EM	94-EV	
27	27	Sandshrew	Mouse Pokémon	Ground		FALSE	TRUE	TRUE	TRUE	TRUE	TRUE	TRUE	TRUE	TRUE	TRUE	FALSE	TRUE	TRUE	TRUE	TRUE	TRUE	TRUE	TRUE	TRUE	TRUE	TRUE	TRUE	TRUE	TRUE	TRUE	FALSE	FALSE	FALSE	FALSE	TRUE	FALSE	FALSE	FALSE	TRUE	TRUE	FALSE	FALSE	TRUE	TRUE		FALSE	FALSE	TRUE	TRUE	FALSE	FALSE	50	75	85	20	30	40	300	Yellow	Bipedal+Tail		Sand Veil		Sand Rush		255	85	Field		20	2560	Medium Fast	"1,000,000"	0.6	2′00″	12	26.5	50	60	0	0	1	0	0	0	1	50%	50%	1	1	2	0	2	2	1	0.5	1	1	1	1	0.5	1	1	1	1	1	111-1|10-1|40-3|28-6|205-9|210-12|229-15|523-18|129-21|154-24|97-27|163-30|91-33|360-36|14-39|201-42|89-45	36-TM|97-TM|189-TM|182-TM|67-TM|168-TM|263-TM|332-TM|523-TM|232-TM|129-TM|341-TM|317-TM|374-TM|203-TM|241-TM|201-TM|91-TM|206-TM|280-TM|421-TM|34-TM|214-TM|398-TM|707-TM|156-TM|157-TM|14-TM|191-TM|141-TM|164-TM|404-TM|446-TM|133-TM|414-TM|89-TM|444-TM|851-TM|328-TM|479-TM|360-TM|282-TM|162-TM|667-TM|264-TM|38-TM|283-TM|815-TM|675-TM|174-TM	68-EM|175-EM|468-EM|232-EM|189-EM|400-EM		
27		Alolan Sandshrew	Mouse Pokémon	Ice	Steel																										FALSE	TRUE	TRUE	TRUE	TRUE	FALSE	FALSE	FALSE	FALSE	FALSE	FALSE	FALSE				FALSE	FALSE	FALSE	FALSE	FALSE	TRUE	50	75	90	10	35	40	300	White	Bipedal+Tail		Snow Cloak		Slush Rush		255	85	Field		20	2560	Medium Fast	"1,000,000"	0.7	2′04″	40	88.2	50	60	0	0	1	0	0	0	1	50%	50%	0.5	4	1	1	0.5	0.25	4	0	2	0.5	0.5	0.5	1	1	0.5	1	1	0.5	111-1|10-1|54-3|181-6|205-9|210-12|229-15|232-18|129-21|154-24|334-27|163-30|442-33|360-36|14-39|883-42|59-45	36-TM|182-TM|67-TM|168-TM|263-TM|332-TM|523-TM|232-TM|129-TM|196-TM|317-TM|374-TM|419-TM|203-TM|883-TM|91-TM|280-TM|421-TM|34-TM|8-TM|214-TM|398-TM|156-TM|157-TM|14-TM|430-TM|141-TM|442-TM|164-TM|334-TM|404-TM|446-TM|861-TM|133-TM|58-TM|59-TM|89-TM|796-TM|851-TM|360-TM|282-TM|162-TM|333-TM|264-TM|38-TM|283-TM|813-TM|675-TM|174-TM	68-EM|306-EM|174-EM|175-EM|468-EM|420-EM|243-EM|400-EM		
28	28	Sandslash	Mouse Pokémon	Ground		FALSE	TRUE	TRUE	TRUE	TRUE	TRUE	TRUE	TRUE	TRUE	TRUE	FALSE	TRUE	TRUE	TRUE	TRUE	TRUE	TRUE	TRUE	TRUE	TRUE	TRUE	TRUE	TRUE	TRUE	TRUE	FALSE	FALSE	FALSE	FALSE	TRUE	FALSE	FALSE	FALSE	TRUE	TRUE	FALSE	FALSE	TRUE	TRUE		FALSE	FALSE	TRUE	TRUE	FALSE	FALSE	75	100	110	45	55	65	450	Yellow	Bipedal+Tail		Sand Veil		Sand Rush	Level 22	90	30	Field		20	2560	Medium Fast	"1,000,000"	1	3′03″	29.5	65	50	158	0	0	2	0	0	0	2	50%	50%	1	1	2	0	2	2	1	0.5	1	1	1	1	0.5	1	1	1	1	1	306-1|111-1|40-1|28-1|10-1|205-9|210-12|229-15|523-18|129-21|154-26|328-31|163-36|91-41|360-46|14-51|201-56|89-61	36-TM|97-TM|189-TM|182-TM|67-TM|168-TM|263-TM|332-TM|523-TM|232-TM|129-TM|341-TM|317-TM|374-TM|203-TM|241-TM|201-TM|91-TM|206-TM|280-TM|421-TM|34-TM|214-TM|398-TM|707-TM|156-TM|157-TM|14-TM|191-TM|141-TM|441-TM|164-TM|404-TM|529-TM|446-TM|133-TM|414-TM|89-TM|444-TM|416-TM|411-TM|63-TM|851-TM|328-TM|479-TM|360-TM|282-TM|162-TM|667-TM|264-TM|38-TM|283-TM|815-TM|675-TM|174-TM			
28		Alolan Sandslash	Mouse Pokémon	Ice	Steel																										FALSE	TRUE	TRUE	TRUE	TRUE	FALSE	FALSE	FALSE	FALSE	FALSE	FALSE	FALSE				FALSE	FALSE	FALSE	FALSE	FALSE	TRUE	75	100	120	25	65	65	450	Blue	Bipedal+Tail		Snow Cloak		Slush Rush	Ice Stone	90	30	Field		20	2560	Medium Fast	"1,000,000"	1.2	3′11″	55	121.3	50	158	0	0	2	0	0	0	2	50%	50%	0.5	4	1	1	0.5	0.25	4	0	2	0.5	0.5	0.5	1	1	0.5	1	1	0.5	556-1|232-1|163-1|14-1	36-TM|97-TM|182-TM|67-TM|168-TM|263-TM|332-TM|523-TM|232-TM|129-TM|196-TM|317-TM|374-TM|419-TM|203-TM|883-TM|91-TM|206-TM|280-TM|421-TM|34-TM|8-TM|214-TM|398-TM|156-TM|157-TM|14-TM|191-TM|430-TM|141-TM|442-TM|164-TM|334-TM|404-TM|529-TM|446-TM|861-TM|133-TM|58-TM|59-TM|89-TM|416-TM|411-TM|63-TM|796-TM|851-TM|360-TM|282-TM|162-TM|333-TM|264-TM|38-TM|283-TM|813-TM|675-TM|174-TM		333-EV	59-R|111-R|210-R|154-R|360-R|334-R|442-R|368-R|54-R|181-R|229-R|205-R|10-R|883-R|129-R
29	29	Nidoran ♀	Poison Pin Pokémon	Poison		TRUE	TRUE	TRUE	TRUE	TRUE	TRUE	TRUE	FALSE	FALSE	FALSE	TRUE	TRUE	TRUE	TRUE	TRUE	TRUE	TRUE	TRUE	TRUE	TRUE	TRUE	TRUE	TRUE	FALSE	FALSE	FALSE	FALSE	FALSE	FALSE	TRUE	TRUE	FALSE	FALSE	FALSE	FALSE	TRUE	TRUE	TRUE	TRUE								55	47	52	40	40	41	275	Blue	Quadruped		Poison Point	Rivalry	Hustle		235	78.33	Monster	Field	20	2560	Medium Slow	"1,059,860"	0.4	1′04″	7	15.4	50	55	1	0	0	0	0	0	1	0%	100%	1	1	1	1	0.5	1	0.5	0.5	2	1	2	0.5	1	1	1	1	1	0.5					
30	30	Nidorina	Poison Pin Pokémon	Poison		TRUE	TRUE	TRUE	TRUE	TRUE	TRUE	TRUE	FALSE	FALSE	FALSE	TRUE	TRUE	TRUE	TRUE	TRUE	TRUE	TRUE	TRUE	TRUE	TRUE	TRUE	TRUE	TRUE	FALSE	FALSE	FALSE	FALSE	FALSE	FALSE	TRUE	TRUE	FALSE	FALSE	FALSE	FALSE	TRUE	TRUE	TRUE	TRUE								70	62	67	55	55	56	365	Blue	Quadruped		Poison Point	Rivalry	Hustle	Level 16	120	40	No Eggs Discovered		20	2560	Medium Slow	"1,059,860"	0.8	2′07″	20	44.1	50	128	2	0	0	0	0	0	2	0%	100%	1	1	1	1	0.5	1	0.5	0.5	2	1	2	0.5	1	1	1	1	1	0.5					
31	31	Nidoqueen	Drill Pokémon	Poison	Ground	TRUE	TRUE	TRUE	TRUE	TRUE	TRUE	TRUE	FALSE	FALSE	FALSE	TRUE	TRUE	TRUE	TRUE	TRUE	TRUE	TRUE	TRUE	TRUE	TRUE	TRUE	TRUE	TRUE	FALSE	FALSE	FALSE	FALSE	FALSE	FALSE	TRUE	TRUE	FALSE	FALSE	FALSE	FALSE	TRUE	TRUE	TRUE	TRUE								90	92	87	75	85	76	505	Blue	Bipedal+Tail		Poison Point	Rivalry	Sheer Force	Moon Stone	45	15	No Eggs Discovered		20	2560	Medium Slow	"1,059,860"	1.3	4′03″	60	132.3	50	253	3	0	0	0	0	0	3	0%	100%	1	1	2	0	1	2	0.5	0.25	2	1	2	0.5	0.5	1	1	1	1	0.5					
32	32	Nidoran ♂	Poison Pin Pokémon	Poison		TRUE	TRUE	TRUE	TRUE	TRUE	TRUE	TRUE	FALSE	FALSE	FALSE	TRUE	TRUE	TRUE	TRUE	TRUE	TRUE	TRUE	TRUE	TRUE	TRUE	TRUE	TRUE	TRUE	FALSE	FALSE	FALSE	FALSE	FALSE	FALSE	TRUE	TRUE	FALSE	FALSE	FALSE	FALSE	TRUE	TRUE	TRUE	TRUE								46	57	40	40	40	50	273	Purple	Quadruped		Poison Point	Rivalry	Hustle		235	78.33	Monster	Field	20	2560	Medium Slow	"1,059,860"	0.5	1′08″	9	19.8	50	55	0	1	0	0	0	0	1	100%	0%	1	1	1	1	0.5	1	0.5	0.5	2	1	2	0.5	1	1	1	1	1	0.5					
33	33	Nidorino	Poison Pin Pokémon	Poison		TRUE	TRUE	TRUE	TRUE	TRUE	TRUE	TRUE	FALSE	FALSE	FALSE	TRUE	TRUE	TRUE	TRUE	TRUE	TRUE	TRUE	TRUE	TRUE	TRUE	TRUE	TRUE	TRUE	FALSE	FALSE	FALSE	FALSE	FALSE	FALSE	TRUE	TRUE	FALSE	FALSE	FALSE	FALSE	TRUE	TRUE	TRUE	TRUE								61	72	57	55	55	65	365	Purple	Quadruped		Poison Point	Rivalry	Hustle	Level 16	120	40	Monster	Field	20	2560	Medium Slow	"1,059,860"	0.9	2′11″	19.5	43	50	128	0	2	0	0	0	0	2	100%	0%	1	1	1	1	0.5	1	0.5	0.5	2	1	2	0.5	1	1	1	1	1	0.5					
34	34	Nidoking	Drill Pokémon	Poison	Ground	TRUE	TRUE	TRUE	TRUE	TRUE	TRUE	TRUE	FALSE	FALSE	FALSE	TRUE	TRUE	TRUE	TRUE	TRUE	TRUE	TRUE	TRUE	TRUE	TRUE	TRUE	TRUE	TRUE	FALSE	FALSE	FALSE	FALSE	FALSE	FALSE	TRUE	TRUE	FALSE	FALSE	FALSE	FALSE	TRUE	TRUE	TRUE	TRUE								81	102	77	85	75	85	505	Purple	Bipedal+Tail		Poison Point	Rivalry	Sheer Force	Moon Stone	45	15	Monster	Field	20	2560	Medium Slow	"1,059,860"	1.4	4′07″	62	136.7	50	253	0	3	0	0	0	0	3	100%	0%	1	1	2	0	1	2	0.5	0.25	2	1	2	0.5	0.5	1	1	1	1	0.5					
35	35	Clefairy	Fairy Pokémon	Fairy		TRUE	TRUE	TRUE	TRUE	TRUE	TRUE	TRUE	FALSE	FALSE	FALSE	TRUE	TRUE	TRUE	TRUE	TRUE	TRUE	TRUE	TRUE	TRUE	TRUE	TRUE	TRUE	TRUE	TRUE	TRUE	TRUE	TRUE	TRUE	TRUE	TRUE	TRUE	TRUE	TRUE	FALSE	FALSE	TRUE	TRUE	TRUE	TRUE	TRUE	FALSE	FALSE	TRUE	TRUE	FALSE	FALSE	70	45	48	60	65	35	323	Pink	Bipedal+Tail		Cute Charm	Magic Guard	Friend Guard	High Friendship	150	50	Fairy		10	1280	Fast	"800,000"	0.6	2′00″	7.5	16.5	140	113	2	0	0	0	0	0	2	25%	75%	1	1	1	1	1	1	0.5	2	1	1	1	0.5	1	1	0	0.5	2	1	204-1|383-1|111-1|574-1|45-1|1-1|47-1|150-1|186-1|500-4|227-8|495-12|791-16|118-20|236-24|356-28|309-32|266-36|322-40|585-44|361-48	36-TM|204-TM|313-TM|182-TM|352-TM|60-TM|168-TM|574-TM|886-TM|451-TM|263-TM|129-TM|345-TM|196-TM|577-TM|500-TM|101-TM|374-TM|203-TM|241-TM|240-TM|473-TM|91-TM|280-TM|428-TM|34-TM|7-TM|9-TM|8-TM|214-TM|409-TM|115-TM|113-TM|605-TM|118-TM|447-TM|86-TM|156-TM|286-TM|285-TM|164-TM|271-TM|247-TM|446-TM|304-TM|94-TM|227-TM|53-TM|85-TM|583-TM|133-TM|347-TM|270-TM|226-TM|58-TM|581-TM|126-TM|59-TM|87-TM|76-TM|851-TM|356-TM|282-TM|253-TM|264-TM|814-TM|802-TM|244-TM|38-TM|283-TM|800-TM|914-TM			
36	36	Clefable	Fairy Pokémon	Fairy		TRUE	TRUE	TRUE	TRUE	TRUE	TRUE	TRUE	FALSE	FALSE	FALSE	TRUE	TRUE	TRUE	TRUE	TRUE	TRUE	TRUE	TRUE	TRUE	TRUE	TRUE	TRUE	TRUE	TRUE	TRUE	TRUE	TRUE	TRUE	TRUE	TRUE	TRUE	TRUE	TRUE	FALSE	FALSE	TRUE	TRUE	TRUE	TRUE	TRUE	FALSE	FALSE	TRUE	TRUE	FALSE	FALSE	95	70	73	95	90	60	483	Pink	Bipedal+Tail		Cute Charm	Magic Guard	Friend Guard	Moon Stone	25	8.33	Fairy		10	1280	Fast	"800,000"	1.3	4′03″	40	88.2	140	242	3	0	0	0	0	0	3	25%	75%	1	1	1	1	1	1	0.5	2	1	1	1	0.5	1	1	0	0.5	2	1	791-1|309-1|118-1|585-1	36-TM|204-TM|313-TM|182-TM|352-TM|60-TM|168-TM|574-TM|886-TM|451-TM|263-TM|129-TM|345-TM|196-TM|577-TM|500-TM|101-TM|374-TM|203-TM|241-TM|240-TM|473-TM|91-TM|280-TM|428-TM|34-TM|7-TM|9-TM|8-TM|214-TM|409-TM|115-TM|113-TM|605-TM|118-TM|447-TM|86-TM|156-TM|286-TM|285-TM|164-TM|271-TM|247-TM|446-TM|304-TM|94-TM|227-TM|53-TM|85-TM|583-TM|133-TM|347-TM|270-TM|226-TM|58-TM|581-TM|126-TM|59-TM|416-TM|411-TM|63-TM|87-TM|76-TM|851-TM|356-TM|282-TM|253-TM|264-TM|814-TM|802-TM|244-TM|38-TM|283-TM|248-TM|800-TM|914-TM			495-R|204-R|383-R|322-R|111-R|574-R|227-R|266-R|356-R|45-R|361-R|236-R|1-R|47-R|150-R|500-R|186-R
37	37	Vulpix	Fox Pokémon	Fire		FALSE	TRUE	FALSE	TRUE	FALSE	TRUE	FALSE	TRUE	TRUE	TRUE	FALSE	TRUE	TRUE	TRUE	TRUE	FALSE	TRUE	TRUE	TRUE	TRUE	TRUE	TRUE	TRUE	TRUE	TRUE	FALSE	FALSE	FALSE	FALSE	FALSE	TRUE	TRUE	TRUE	FALSE	FALSE	FALSE	FALSE	TRUE	TRUE	TRUE	FALSE	FALSE	TRUE	TRUE	FALSE	FALSE	38	41	40	50	65	65	299	Brown	Quadruped		Flash Fire		Drought		190	63.33	Field		20	2560	Medium Fast	"1,000,000"	0.6	2′00″	9.9	21.8	50	60	0	0	0	0	0	1	1	25%	75%	1	0.5	2	1	0.5	0.5	1	1	2	1	1	0.5	2	1	1	1	0.5	0.5	52-1|39-1|50-4|98-8|180-12|510-16|109-20|261-24|326-28|53-32|286-36|83-40|219-44|517-48|126-52	36-TM|204-TM|97-TM|182-TM|109-TM|83-TM|263-TM|506-TM|555-TM|129-TM|488-TM|203-TM|241-TM|91-TM|428-TM|492-TM|34-TM|214-TM|156-TM|286-TM|399-TM|164-TM|261-TM|257-TM|412-TM|227-TM|53-TM|270-TM|226-TM|417-TM|126-TM|315-TM|394-TM|851-TM|46-TM|180-TM|311-TM|807-TM|220-TM|244-TM|38-TM	608-EM|175-EM|488-EM|361-EM|336-EM|95-EM|262-EM|46-EM		
37		Alolan Vulpix	Fox Pokémon	Ice																											TRUE	FALSE	TRUE	TRUE	FALSE	TRUE	FALSE	FALSE	FALSE	FALSE	FALSE	FALSE			TRUE	FALSE	FALSE	FALSE	FALSE	TRUE	FALSE	38	41	40	50	65	65	299	White	Quadruped		Snow Cloak		Snow Warning		190	63.33	Field		20	2560	Medium Fast	"1,000,000"	0.6	2′00″	9.9	21.8	50	60	0	0	0	0	0	1	1	25%	75%	1	2	1	1	1	0.5	2	1	1	1	1	1	2	1	1	1	2	1	181-1|39-1|50-4|420-8|180-12|196-16|109-20|62-24|326-28|58-32|286-36|54-40|694-44|573-48|59-52	36-TM|204-TM|313-TM|97-TM|182-TM|109-TM|574-TM|886-TM|263-TM|506-TM|129-TM|196-TM|577-TM|500-TM|203-TM|240-TM|883-TM|91-TM|428-TM|492-TM|34-TM|214-TM|605-TM|156-TM|286-TM|399-TM|164-TM|227-TM|583-TM|270-TM|226-TM|58-TM|581-TM|417-TM|59-TM|851-TM|46-TM|180-TM|333-TM|311-TM|220-TM|244-TM|38-TM	608-EM|175-EM|336-EM|95-EM|585-EM|46-EM		
38	38	Ninetales	Fox Pokémon	Fire		FALSE	TRUE	FALSE	TRUE	FALSE	TRUE	FALSE	TRUE	TRUE	TRUE	FALSE	TRUE	TRUE	TRUE	TRUE	FALSE	TRUE	TRUE	TRUE	TRUE	TRUE	TRUE	TRUE	TRUE	TRUE	FALSE	FALSE	FALSE	FALSE	FALSE	TRUE	TRUE	TRUE	FALSE	FALSE	FALSE	FALSE	TRUE	TRUE	TRUE	FALSE	FALSE	TRUE	TRUE	FALSE	FALSE	73	76	75	81	100	100	505	Yellow	Quadruped		Flash Fire		Drought	Fire Stone	75	25	Field		20	2560	Medium Fast	"1,000,000"	1.1	3′07″	19.9	43.9	50	177	0	0	0	0	1	1	2	25%	75%	1	0.5	2	1	0.5	0.5	1	1	2	1	1	0.5	2	1	1	1	0.5	0.5	53-1|98-1|39-1	36-TM|204-TM|313-TM|97-TM|182-TM|109-TM|83-TM|263-TM|506-TM|555-TM|129-TM|488-TM|500-TM|101-TM|203-TM|241-TM|473-TM|91-TM|428-TM|492-TM|34-TM|214-TM|156-TM|286-TM|399-TM|164-TM|261-TM|247-TM|257-TM|412-TM|227-TM|53-TM|347-TM|270-TM|226-TM|417-TM|126-TM|416-TM|315-TM|63-TM|394-TM|76-TM|851-TM|46-TM|180-TM|311-TM|807-TM|220-TM|244-TM|38-TM|815-TM			109-R|50-R|52-R|326-R|126-R|83-R|286-R|510-R|517-R|417-R|219-R|180-R|261-R
38		Alolan Ninetales	Fox Pokémon	Ice	Fairy																										TRUE	FALSE	TRUE	TRUE	FALSE	TRUE	FALSE	FALSE	FALSE	FALSE	FALSE	FALSE			TRUE	FALSE	FALSE	FALSE	FALSE	TRUE	FALSE	73	67	75	81	100	109	505	Blue	Quadruped		Snow Cloak		Snow Warning	Ice Stone	75	25	Field		20	2560	Medium Fast	"1,000,000"	1.1	3′07″	19.9	43.9	50	177	0	0	0	0	0	2	2	25%	75%	1	2	1	1	1	0.5	1	2	1	1	1	0.5	2	1	0	0.5	4	1	59-1|196-1|286-1|39-1	36-TM|204-TM|313-TM|97-TM|182-TM|109-TM|574-TM|886-TM|263-TM|506-TM|129-TM|196-TM|577-TM|500-TM|419-TM|203-TM|240-TM|883-TM|473-TM|91-TM|428-TM|492-TM|34-TM|214-TM|605-TM|156-TM|286-TM|399-TM|164-TM|227-TM|583-TM|347-TM|270-TM|226-TM|58-TM|581-TM|417-TM|59-TM|416-TM|63-TM|851-TM|46-TM|180-TM|333-TM|311-TM|220-TM|244-TM|38-TM|813-TM		605-EV	62-R|694-R|109-R|50-R|326-R|573-R|58-R|420-R|54-R|417-R|181-R|180-R
39	39	Jigglypuff	Balloon Pokémon	Normal	Fairy	TRUE	TRUE	TRUE	TRUE	TRUE	TRUE	TRUE	TRUE	TRUE	TRUE	TRUE	TRUE	TRUE	TRUE	TRUE	TRUE	TRUE	TRUE	TRUE	TRUE	TRUE	TRUE	TRUE	TRUE	TRUE	TRUE	TRUE	TRUE	TRUE	TRUE	TRUE	FALSE	FALSE	TRUE	TRUE	FALSE	FALSE	TRUE	TRUE		TRUE	TRUE	FALSE	FALSE	FALSE	FALSE	115	45	20	45	25	20	270	Pink	Bipedal+Tailless		Cute Charm	Competitive	Friend Guard	High Friendship	170	56.67	Fairy		10	1280	Fast	"800,000"	0.5	1′08″	5.5	12.1	50	95	2	0	0	0	0	0	2	25%	75%	1	1	1	1	1	1	1	2	1	1	1	0.5	1	0	0	0.5	2	1	204-1|383-1|111-1|50-1|574-1|1-1|47-1|186-1|497-4|343-8|255-12|254-12|256-12|496-16|156-20|34-24|102-28|360-32|304-36|38-44	36-TM|204-TM|313-TM|182-TM|352-TM|168-TM|574-TM|885-TM|886-TM|263-TM|129-TM|345-TM|196-TM|577-TM|500-TM|374-TM|203-TM|241-TM|240-TM|201-TM|473-TM|91-TM|280-TM|428-TM|34-TM|7-TM|9-TM|8-TM|214-TM|409-TM|115-TM|113-TM|605-TM|118-TM|447-TM|86-TM|156-TM|269-TM|776-TM|399-TM|285-TM|164-TM|247-TM|446-TM|304-TM|412-TM|94-TM|227-TM|861-TM|53-TM|85-TM|583-TM|133-TM|347-TM|270-TM|226-TM|58-TM|581-TM|417-TM|126-TM|59-TM|528-TM|87-TM|76-TM|851-TM|356-TM|360-TM|282-TM|253-TM|264-TM|802-TM|220-TM|244-TM|38-TM|283-TM|914-TM|917-TM	343-EM|356-EM|505-EM|387-EM|195-EM|217-EM|205-EM|273-EM		
40	40	Wigglytuff	Balloon Pokémon	Normal	Fairy	TRUE	TRUE	TRUE	TRUE	TRUE	TRUE	TRUE	TRUE	TRUE	TRUE	TRUE	TRUE	TRUE	TRUE	TRUE	TRUE	TRUE	TRUE	TRUE	TRUE	TRUE	TRUE	TRUE	TRUE	TRUE	TRUE	TRUE	TRUE	TRUE	TRUE	TRUE	FALSE	FALSE	TRUE	TRUE	FALSE	FALSE	TRUE	TRUE		TRUE	TRUE	FALSE	FALSE	FALSE	FALSE	140	70	45	85	50	45	435	Pink	Bipedal+Tailless		Cute Charm	Competitive	Frisk	Moon Stone	50	16.67	Fairy		10	1280	Fast	"800,000"	1	3′03″	12	26.5	50	218	3	0	0	0	0	0	3	25%	75%	1	1	1	1	1	1	1	2	1	1	1	0.5	1	0	0	0.5	2	1	34-1|204-1|383-1|343-1|111-1|50-1|574-1|38-1|497-1|360-1|304-1|102-1|1-1|156-1|496-1|47-1|255-1|254-1|256-1|186-1|583-5	36-TM|204-TM|313-TM|182-TM|352-TM|168-TM|574-TM|885-TM|886-TM|263-TM|129-TM|345-TM|196-TM|577-TM|500-TM|374-TM|203-TM|241-TM|240-TM|201-TM|473-TM|91-TM|280-TM|428-TM|34-TM|7-TM|9-TM|8-TM|214-TM|409-TM|115-TM|113-TM|605-TM|118-TM|447-TM|86-TM|156-TM|269-TM|776-TM|399-TM|285-TM|164-TM|247-TM|446-TM|304-TM|412-TM|94-TM|227-TM|861-TM|53-TM|85-TM|583-TM|133-TM|347-TM|270-TM|226-TM|58-TM|581-TM|417-TM|126-TM|59-TM|528-TM|416-TM|411-TM|63-TM|87-TM|76-TM|851-TM|356-TM|360-TM|282-TM|253-TM|264-TM|802-TM|220-TM|244-TM|38-TM|283-TM|797-TM|914-TM|917-TM	343-EM|356-EM|505-EM|387-EM|195-EM|217-EM|205-EM|273-EM		
41	41	Zubat	Bat Pokémon	Poison	Flying	TRUE	TRUE	TRUE	TRUE	TRUE	TRUE	TRUE	TRUE	TRUE	TRUE	TRUE	TRUE	TRUE	TRUE	TRUE	TRUE	TRUE	TRUE	TRUE	TRUE	TRUE	TRUE	TRUE	TRUE	TRUE	TRUE	TRUE	TRUE	TRUE	TRUE	TRUE	FALSE	FALSE	FALSE	FALSE	TRUE	TRUE	TRUE	TRUE	TRUE							40	45	35	30	40	55	245	Purple	1 Pair of Wings		Inner Focus		Infiltrator		255	85	Flying		15	1920	Medium Fast	"1,000,000"	0.8	2′07″	7.5	16.5	50	49	0	0	0	0	0	1	1	50%	50%	1	1	1	2	0.25	2	0.25	0.5	0	1	2	0.25	2	1	1	1	1	0.5					
42	42	Golbat	Bat Pokémon	Poison	Flying	TRUE	TRUE	TRUE	TRUE	TRUE	TRUE	TRUE	TRUE	TRUE	TRUE	TRUE	TRUE	TRUE	TRUE	TRUE	TRUE	TRUE	TRUE	TRUE	TRUE	TRUE	TRUE	TRUE	TRUE	TRUE	TRUE	TRUE	TRUE	TRUE	TRUE	TRUE	FALSE	FALSE	FALSE	FALSE	TRUE	TRUE	TRUE	TRUE	TRUE							75	80	70	65	75	90	455	Purple	1 Pair of Wings		Inner Focus		Infiltrator	Level 22	90	30	Flying		15	1920	Medium Fast	"1,000,000"	1.6	5′03″	55	121.3	50	159	0	0	0	0	0	2	2	50%	50%	1	1	1	2	0.25	2	0.25	0.5	0	1	2	0.25	2	1	1	1	1	0.5					
43	43	Oddish	Weed Pokémon	Grass	Poison	TRUE	FALSE	TRUE	TRUE	TRUE	TRUE	TRUE	TRUE	TRUE	TRUE	TRUE	FALSE	TRUE	TRUE	TRUE	TRUE	TRUE	TRUE	TRUE	FALSE	FALSE	TRUE	TRUE	TRUE	TRUE	FALSE	FALSE	FALSE	FALSE	TRUE	FALSE	TRUE	TRUE	FALSE	FALSE	FALSE	FALSE	TRUE	TRUE		FALSE	FALSE	FALSE	FALSE	TRUE	TRUE	45	50	55	75	65	30	320	Blue	Head+Legs		Chlorophyll		Run Away		255	85	Grass		20	2560	Medium Slow	"1,059,860"	0.5	1′08″	5.4	11.9	50	64	0	0	0	1	0	0	1	50%	50%	1	2	0.5	0.5	0.25	2	0.5	1	1	2	2	1	1	1	1	1	1	0.5	71-1|74-1|51-4|230-8|72-12|77-14|78-16|79-18|202-20|92-24|585-28|580-32|236-36|80-40	204-TM|182-TM|491-TM|885-TM|263-TM|345-TM|474-TM|203-TM|241-TM|331-TM|214-TM|402-TM|447-TM|156-TM|14-TM|164-TM|202-TM|412-TM|270-TM|580-TM|188-TM|437-TM|76-TM|851-TM|92-TM|803-TM	495-EM|175-EM|275-EM|73-EM|75-EM|668-EM|235-EM|298-EM|321-EM		
44	44	Gloom	Weed Pokémon	Grass	Poison	TRUE	FALSE	TRUE	TRUE	TRUE	TRUE	TRUE	TRUE	TRUE	TRUE	TRUE	FALSE	TRUE	TRUE	TRUE	TRUE	TRUE	TRUE	TRUE	FALSE	FALSE	TRUE	TRUE	TRUE	TRUE	FALSE	FALSE	FALSE	FALSE	TRUE	FALSE	TRUE	TRUE	FALSE	FALSE	FALSE	FALSE	TRUE	TRUE		FALSE	FALSE	FALSE	FALSE	TRUE	TRUE	60	65	70	85	75	40	395	Blue	Bipedal+Tailless		Chlorophyll		Stench	Level 21	120	40	Grass		20	2560	Medium Slow	"1,059,860"	0.8	2′07″	8.6	19	50	138	0	0	0	2	0	0	2	50%	50%	1	2	0.5	0.5	0.25	2	0.5	1	1	2	2	1	1	1	1	1	1	0.5	71-1|51-1|74-1|230-1|72-12|77-14|78-16|79-18|202-20|92-26|585-32|580-38|236-44|80-50	204-TM|182-TM|491-TM|885-TM|263-TM|345-TM|474-TM|203-TM|241-TM|331-TM|214-TM|402-TM|447-TM|156-TM|14-TM|164-TM|202-TM|412-TM|270-TM|676-TM|580-TM|188-TM|437-TM|76-TM|851-TM|92-TM|803-TM|572-TM			
45	45	Vileplume	Flower Pokémon	Grass	Poison	TRUE	FALSE	TRUE	TRUE	TRUE	TRUE	TRUE	TRUE	TRUE	TRUE	TRUE	FALSE	TRUE	TRUE	TRUE	TRUE	TRUE	TRUE	TRUE	FALSE	FALSE	TRUE	TRUE	TRUE	TRUE	FALSE	FALSE	FALSE	FALSE	TRUE	FALSE	TRUE	TRUE	FALSE	FALSE	FALSE	FALSE	TRUE	TRUE		FALSE	FALSE	FALSE	FALSE	TRUE	TRUE	75	80	85	110	90	50	490	Red	Bipedal+Tailless		Chlorophyll		Effect Spore	Leaf Stone	45	15	Grass		20	2560	Medium Slow	"1,059,860"	1.2	3′11″	18.6	41	50	245	0	0	0	3	0	0	3	50%	50%	1	2	0.5	0.5	0.25	2	0.5	1	1	2	2	1	1	1	1	1	1	0.5	71-1|51-1|202-1|580-1|74-1|72-1|585-1|236-1|80-1|77-1|79-1|78-1|230-1|92-1	204-TM|182-TM|491-TM|885-TM|263-TM|345-TM|374-TM|474-TM|203-TM|241-TM|331-TM|34-TM|214-TM|402-TM|605-TM|447-TM|156-TM|14-TM|164-TM|202-TM|412-TM|270-TM|676-TM|580-TM|188-TM|416-TM|437-TM|63-TM|76-TM|851-TM|92-TM|669-TM|311-TM|803-TM|572-TM|482-TM		572-EV	
46	46	Paras	Mushroom Pokémon	Bug	Grass	TRUE	TRUE	TRUE	TRUE	TRUE	TRUE	TRUE	FALSE	FALSE	FALSE	TRUE	TRUE	TRUE	TRUE	TRUE	TRUE	TRUE	FALSE	TRUE	FALSE	FALSE	TRUE	TRUE	TRUE	TRUE	TRUE	TRUE	TRUE	TRUE	TRUE	TRUE							TRUE	TRUE	TRUE							35	70	55	45	55	25	285	Red	Insectoid		Effect Spore	Dry Skin	Damp		190	63.33	Bug	Grass	20	2560	Medium Fast	"1,000,000"	0.3	1′00″	5.4	11.9	50	57	0	1	0	0	0	0	1	50%	50%	1	4	0.5	0.5	0.25	2	0.5	2	0.25	4	1	2	2	1	1	1	1	1					
47	47	Parasect	Mushroom Pokémon	Bug	Grass	TRUE	TRUE	TRUE	TRUE	TRUE	TRUE	TRUE	FALSE	FALSE	FALSE	TRUE	TRUE	TRUE	TRUE	TRUE	TRUE	TRUE	FALSE	TRUE	FALSE	FALSE	TRUE	TRUE	TRUE	TRUE	TRUE	TRUE	TRUE	TRUE	TRUE	TRUE							TRUE	TRUE	TRUE							60	95	80	60	80	30	405	Red	Insectoid		Effect Spore	Dry Skin	Damp	Level 24	75	25	Bug	Grass	20	2560	Medium Fast	"1,000,000"	1	3′03″	29.5	65	50	142	0	2	1	0	0	0	3	50%	50%	1	4	0.5	0.5	0.25	2	0.5	2	0.25	4	1	2	2	1	1	1	1	1					
48	48	Venonat	Insect Pokémon	Bug	Poison	TRUE	TRUE	TRUE	TRUE	TRUE	TRUE	TRUE	FALSE	FALSE	FALSE	TRUE	TRUE	TRUE	TRUE	TRUE	TRUE	TRUE	TRUE	TRUE	TRUE	TRUE	TRUE	TRUE	TRUE	TRUE	FALSE	FALSE	FALSE	FALSE	TRUE	TRUE							TRUE	TRUE		TRUE	TRUE	FALSE	FALSE	TRUE	TRUE	60	55	50	40	55	45	305	Purple	Bipedal+Tailless		Compound Eyes	Tinted Lens	Run Away		190	63.33	Bug		20	2560	Medium Fast	"1,000,000"	1	3′03″	30	66.1	50	61	0	0	0	0	1	0	1	50%	50%	1	2	1	1	0.25	1	0.25	0.5	1	2	2	0.5	2	1	1	1	1	0.5	50-1|33-1|48-5|93-11|77-13|60-17|78-23|405-25|79-29|141-35|428-37|305-41|94-47	36-TM|97-TM|182-TM|491-TM|522-TM|60-TM|109-TM|168-TM|884-TM|263-TM|129-TM|101-TM|474-TM|203-TM|241-TM|428-TM|214-TM|156-TM|390-TM|141-TM|285-TM|164-TM|202-TM|412-TM|94-TM|226-TM|188-TM|405-TM|76-TM|851-TM|92-TM|450-TM|679-TM|283-TM|806-TM|917-TM	97-EM|226-EM|450-EM|234-EM|476-EM|103-EM|390-EM|474-EM		
49	49	Venomoth	Poison Moth Pokémon	Bug	Poison	TRUE	TRUE	TRUE	TRUE	TRUE	TRUE	TRUE	FALSE	FALSE	FALSE	TRUE	TRUE	TRUE	TRUE	TRUE	TRUE	TRUE	TRUE	TRUE	TRUE	TRUE	TRUE	TRUE	TRUE	TRUE	FALSE	FALSE	FALSE	FALSE	TRUE	TRUE							TRUE	TRUE		TRUE	TRUE	FALSE	FALSE	TRUE	TRUE	70	65	60	90	75	90	450	Purple	2+ Pair of Wings		Compound Eyes	Tinted Lens	Wonder Skin	Level 31	75	25	Bug		20	2560	Medium Fast	"1,000,000"	1.5	4′11″	12.5	27.6	50	158	0	0	0	1	0	1	2	50%	50%	1	2	1	1	0.25	1	0.25	0.5	1	2	2	0.5	2	1	1	1	1	0.5	50-1|483-1|48-1|33-1|93-11|77-13|60-17|78-23|405-25|79-29|141-37|428-41|305-47|94-55	36-TM|97-TM|182-TM|491-TM|512-TM|522-TM|60-TM|109-TM|168-TM|884-TM|263-TM|129-TM|314-TM|101-TM|474-TM|203-TM|241-TM|428-TM|369-TM|403-TM|214-TM|156-TM|390-TM|141-TM|285-TM|164-TM|202-TM|412-TM|94-TM|226-TM|188-TM|416-TM|405-TM|63-TM|76-TM|851-TM|92-TM|450-TM|679-TM|38-TM|283-TM|482-TM|806-TM|917-TM	97-EM|226-EM|450-EM|234-EM|476-EM|103-EM|390-EM|474-EM	403-EV	
50	50	Diglett	Mole Pokémon	Ground		TRUE	TRUE	TRUE	TRUE	TRUE	TRUE	TRUE	FALSE	FALSE	FALSE	TRUE	TRUE	TRUE	TRUE	TRUE	TRUE	TRUE	FALSE	FALSE	FALSE	FALSE	TRUE	TRUE	TRUE	TRUE	FALSE	FALSE	FALSE	FALSE	TRUE	TRUE	TRUE	TRUE	FALSE	FALSE	FALSE	FALSE	TRUE	TRUE		TRUE	TRUE	FALSE	FALSE	FALSE	FALSE	10	55	25	35	45	95	265	Brown	Head+Base		Sand Veil	Arena Trap	Sand Force		255	85	Field		20	2560	Medium Fast	"1,000,000"	0.2	0′08″	0.8	1.8	50	53	0	0	0	0	0	1	1	50%	50%	1	1	2	0	2	2	1	0.5	1	1	1	1	0.5	1	1	1	1	1	28-1|10-1|45-4|310-8|189-12|523-16|389-20|163-24|201-28|91-32|414-36|89-40|90-44	36-TM|204-TM|97-TM|189-TM|182-TM|168-TM|263-TM|523-TM|341-TM|317-TM|203-TM|241-TM|201-TM|91-TM|421-TM|492-TM|34-TM|214-TM|350-TM|707-TM|156-TM|157-TM|14-TM|164-TM|446-TM|270-TM|414-TM|179-TM|188-TM|89-TM|444-TM|851-TM|328-TM|479-TM|253-TM|38-TM|283-TM|815-TM|675-TM|174-TM	246-EM|515-EM|29-EM|468-EM|262-EM		
50		Alolan Diglett	Mole Pokémon	Ground	Steel																										TRUE	TRUE	TRUE	TRUE	TRUE	TRUE	FALSE	FALSE	FALSE	FALSE	FALSE	FALSE				FALSE	FALSE	FALSE	FALSE	TRUE	TRUE	10	55	30	35	45	90	265	Brown	Head+Base		Sand Veil	Tangling Hair	Sand Force		255	85	Field		20	2560	Medium Fast	"1,000,000"	0.2	0′08″	0.8	1.8	50	53	0	0	0	0	0	1	1	50%	50%	0.5	2	2	0	1	1	2	0	2	0.5	0.5	0.5	0.25	1	0.5	1	0.5	0.5	232-1|28-1|45-4|310-8|189-12|523-16|389-20|442-24|201-28|91-32|414-36|89-40|90-44	36-TM|204-TM|97-TM|189-TM|184-TM|182-TM|168-TM|263-TM|523-TM|232-TM|341-TM|317-TM|203-TM|241-TM|201-TM|91-TM|421-TM|492-TM|34-TM|214-TM|350-TM|707-TM|156-TM|157-TM|14-TM|430-TM|442-TM|164-TM|334-TM|446-TM|270-TM|414-TM|179-TM|188-TM|89-TM|444-TM|796-TM|851-TM|328-TM|479-TM|815-TM|319-TM	246-EM|515-EM|29-EM|468-EM|262-EM|319-EM|37-EM		
51	51	Dugtrio	Mole Pokémon	Ground		TRUE	TRUE	TRUE	TRUE	TRUE	TRUE	TRUE	FALSE	FALSE	FALSE	TRUE	TRUE	TRUE	TRUE	TRUE	TRUE	TRUE	FALSE	FALSE	FALSE	FALSE	TRUE	TRUE	TRUE	TRUE	FALSE	FALSE	FALSE	FALSE	TRUE	TRUE	TRUE	TRUE	FALSE	FALSE	FALSE	FALSE	TRUE	TRUE		TRUE	TRUE	FALSE	FALSE	FALSE	FALSE	35	100	50	50	70	120	425	Brown	Multiple Bodies		Sand Veil	Arena Trap	Sand Force	Level 26	50	16.67	Field		20	2560	Medium Fast	"1,000,000"	0.7	2′04″	33.3	73.4	50	149	0	0	0	0	0	2	2	50%	50%	1	1	2	0	2	2	1	0.5	1	1	1	1	0.5	1	1	1	1	1	310-1|45-1|400-1|28-1|10-1|161-1|189-12|523-16|389-20|163-24|201-30|91-36|414-42|89-48|90-54	36-TM|204-TM|97-TM|189-TM|182-TM|168-TM|263-TM|523-TM|341-TM|317-TM|203-TM|241-TM|201-TM|91-TM|421-TM|492-TM|34-TM|214-TM|350-TM|707-TM|156-TM|157-TM|14-TM|164-TM|446-TM|270-TM|414-TM|179-TM|188-TM|89-TM|444-TM|416-TM|63-TM|851-TM|328-TM|479-TM|253-TM|38-TM|283-TM|482-TM|815-TM|675-TM|174-TM	246-EM|515-EM|29-EM|468-EM|262-EM|-EM|-EM|-EM|-EM	328-EV	
51		Alolan Dugtrio	Mole Pokémon	Ground	Steel																										TRUE	TRUE	TRUE	TRUE	TRUE	TRUE	FALSE	FALSE	FALSE	FALSE	FALSE	FALSE				FALSE	FALSE	FALSE	FALSE	TRUE	TRUE	35	100	60	50	70	110	425	Brown	Multiple Bodies		Sand Veil	Tangling Hair	Sand Force	Level 26	50	16.67	Field		20	2560	Medium Fast	"1,000,000"	0.7	2′04″	66.6	146.8	50	149	0	2	0	0	0	0	2	50%	50%	0.5	2	2	0	1	1	2	0	2	0.5	0.5	0.5	0.25	1	0.5	1	0.5	0.5	310-1|45-1|232-1|400-1|28-1|161-1|189-12|523-16|389-20|442-24|201-30|91-36|414-42|89-48|90-54	36-TM|204-TM|97-TM|189-TM|184-TM|182-TM|168-TM|263-TM|523-TM|232-TM|341-TM|317-TM|203-TM|241-TM|201-TM|91-TM|421-TM|492-TM|34-TM|214-TM|350-TM|707-TM|156-TM|157-TM|14-TM|430-TM|442-TM|164-TM|334-TM|446-TM|270-TM|414-TM|179-TM|188-TM|89-TM|444-TM|416-TM|63-TM|796-TM|851-TM|328-TM|479-TM|253-TM|38-TM|283-TM|482-TM|815-TM|675-TM|319-TM|174-TM	246-EM|515-EM|29-EM|468-EM|262-EM|319-EM|37-EM	328-EV	
52		GMAX Meowth	Scratch Cat Pokémon	Normal																																	TRUE	TRUE	TRUE	TRUE	TRUE	TRUE										40	45	35	40	40	90	290	Yellow	Quadruped		Pickup	Technician	Unnerve	GMAX Factor	3	1			20	2560	Medium Fast	"1,000,000"	33	"108'3"""	???	???	50	0	0	0	0	0	0	0	0	50%	50%	1	1	1	1	1	1	2	1	1	1	1	1	1	0	1	1	1	1					
52	52	Meowth	Scratch Cat Pokémon	Normal		FALSE	TRUE	TRUE	FALSE	FALSE	TRUE	TRUE	FALSE	FALSE	TRUE	TRUE	TRUE	TRUE	TRUE	TRUE	FALSE	TRUE	FALSE	FALSE	TRUE	TRUE	FALSE	FALSE	TRUE	TRUE	FALSE	FALSE	FALSE	FALSE	FALSE	TRUE	TRUE	TRUE	TRUE	TRUE	FALSE	FALSE	TRUE	TRUE		TRUE	TRUE	FALSE	FALSE	FALSE	FALSE	40	45	35	40	40	90	290	Yellow	Quadruped		Pickup	Technician	Unnerve		255	85	Field		20	2560	Medium Fast	"1,000,000"	0.4	1′04″	4.2	9.3	50	58	0	0	0	0	0	1	1	50%	50%	1	1	1	1	1	1	2	1	1	1	1	1	1	0	1	1	1	1	252-1|45-1|364-4|10-8|6-12|44-16|269-20|372-24|154-29|103-32|163-36|417-40|583-44	36-TM|204-TM|313-TM|97-TM|182-TM|168-TM|885-TM|886-TM|263-TM|332-TM|555-TM|232-TM|129-TM|196-TM|203-TM|241-TM|240-TM|91-TM|206-TM|369-TM|421-TM|492-TM|34-TM|214-TM|402-TM|86-TM|156-TM|269-TM|399-TM|408-TM|441-TM|164-TM|247-TM|304-TM|85-TM|583-TM|133-TM|270-TM|417-TM|87-TM|851-TM|180-TM|282-TM|808-TM|220-TM|244-TM|38-TM|283-TM|675-TM	343-EM|175-EM|95-EM|387-EM|180-EM|39-EM		
52		Alolan Meowth	Scratch Cat Pokémon	Dark																											TRUE	TRUE	TRUE	TRUE	FALSE	TRUE	FALSE	FALSE	FALSE	FALSE	FALSE	FALSE				FALSE	FALSE	FALSE	FALSE	FALSE	FALSE	40	35	35	50	40	90	290	Blue	Quadruped		Pickup	Technician	Rattled		255	85	Field		20	2560	Medium Fast	"1,000,000"	0.4	1′04″	4.2	9.3	50	58	0	0	0	0	0	1	1	50%	50%	1	1	1	1	1	1	2	1	1	1	0	2	1	0.5	1	0.5	1	2	252-1|45-1|364-4|10-8|6-12|44-16|269-20|372-24|154-29|103-32|400-36|417-40|583-44	36-TM|204-TM|313-TM|97-TM|182-TM|109-TM|168-TM|885-TM|886-TM|263-TM|332-TM|555-TM|232-TM|129-TM|196-TM|203-TM|241-TM|240-TM|91-TM|369-TM|421-TM|492-TM|34-TM|214-TM|402-TM|86-TM|156-TM|269-TM|399-TM|408-TM|441-TM|164-TM|247-TM|304-TM|85-TM|583-TM|133-TM|270-TM|417-TM|87-TM|851-TM|180-TM|282-TM|808-TM|244-TM|38-TM|283-TM|675-TM|174-TM	343-EM|175-EM|260-EM|95-EM|575-EM|180-EM		
52		Galarian Meowth	Scratch Cat Pokémon	Steel																																	TRUE	TRUE	FALSE	FALSE	FALSE	FALSE				FALSE	FALSE	FALSE	FALSE	FALSE	FALSE	50	65	55	40	40	40	290	Brown	Bipedal+Tail		Pickup	Tough Claws	Unnerve		255	85	Field		20	2560	Medium Fast	"1,000,000"	0.4	1′04″	7.5	16.5	50	58	0	1	0	0	0	0	1	50%	50%	0.5	2	1	1	0.5	0.5	2	0	2	0.5	0.5	0.5	0.5	1	0.5	1	0.5	0.5	252-1|45-1|468-4|10-8|6-12|232-16|269-20|207-24|154-29|103-32|163-36|319-40|37-44	36-TM|204-TM|313-TM|182-TM|168-TM|885-TM|263-TM|332-TM|232-TM|374-TM|203-TM|241-TM|240-TM|91-TM|206-TM|280-TM|369-TM|421-TM|492-TM|34-TM|214-TM|402-TM|118-TM|156-TM|269-TM|14-TM|430-TM|399-TM|442-TM|441-TM|164-TM|334-TM|404-TM|242-TM|247-TM|446-TM|304-TM|85-TM|583-TM|133-TM|270-TM|417-TM|87-TM|796-TM|851-TM|180-TM|360-TM|282-TM|808-TM|38-TM|283-TM|675-TM|319-TM|174-TM	343-EM|174-EM|38-EM|175-EM|400-EM|180-EM		
53	53	Persian	Classy Cat Pokémon	Normal		FALSE	TRUE	TRUE	FALSE	FALSE	TRUE	TRUE	FALSE	FALSE	TRUE	TRUE	TRUE	TRUE	TRUE	TRUE	FALSE	TRUE	FALSE	FALSE	TRUE	TRUE	FALSE	FALSE	TRUE	TRUE	FALSE	FALSE	FALSE	FALSE	FALSE	TRUE	TRUE	TRUE	FALSE	FALSE	FALSE	FALSE	TRUE	TRUE		TRUE	TRUE	FALSE	FALSE	FALSE	FALSE	65	70	60	65	65	115	440	Yellow	Quadruped		Limber	Technician	Unnerve	Level 28	90	30	Field		20	2560	Medium Fast	"1,000,000"	1	3′03″	32	70.5	50	154	0	0	0	0	0	2	2	50%	50%	1	1	1	1	1	1	2	1	1	1	1	1	1	0	1	1	1	1	252-1|364-1|45-1|10-1|415-1|6-12|44-16|269-20|372-24|154-31|103-36|163-42|417-48|583-54	36-TM|204-TM|313-TM|97-TM|182-TM|168-TM|885-TM|886-TM|263-TM|332-TM|555-TM|232-TM|129-TM|196-TM|203-TM|241-TM|240-TM|91-TM|206-TM|369-TM|421-TM|492-TM|34-TM|214-TM|402-TM|86-TM|156-TM|269-TM|399-TM|408-TM|441-TM|164-TM|247-TM|304-TM|85-TM|583-TM|133-TM|270-TM|417-TM|416-TM|63-TM|87-TM|851-TM|46-TM|180-TM|282-TM|808-TM|220-TM|244-TM|38-TM|283-TM|806-TM|675-TM	343-EM|175-EM|95-EM|387-EM|180-EM|39-EM	408-EV	
53		Alolan Persian	Classy Cat Pokémon	Dark																															FALSE	TRUE	FALSE	FALSE	FALSE	FALSE	FALSE	FALSE				FALSE	FALSE	FALSE	FALSE	FALSE	FALSE	65	60	60	75	65	115	440	Blue	Quadruped		Fur Coat	Technician	Rattled	High Friendship	90	30	Field		20	2560	Medium Fast	"1,000,000"	1.1	3′07″	33	72.8	50	154	0	0	0	0	0	2	2	50%	50%	1	1	1	1	1	1	2	1	1	1	0	2	1	0.5	1	0.5	1	2	252-1|364-1|45-1|511-1|10-1|415-1|6-12|44-16|269-20|372-24|154-31|103-36|400-42|417-48|583-54	36-TM|204-TM|313-TM|97-TM|182-TM|109-TM|168-TM|885-TM|886-TM|263-TM|332-TM|555-TM|232-TM|129-TM|196-TM|203-TM|241-TM|240-TM|91-TM|369-TM|421-TM|492-TM|34-TM|214-TM|402-TM|86-TM|156-TM|269-TM|399-TM|408-TM|441-TM|164-TM|247-TM|304-TM|85-TM|583-TM|133-TM|270-TM|417-TM|416-TM|63-TM|87-TM|851-TM|46-TM|180-TM|479-TM|282-TM|807-TM|808-TM|244-TM|38-TM|283-TM|806-TM|675-TM|174-TM	343-EM|175-EM|260-EM|95-EM|575-EM|180-EM	408-EV	
54	54	Psyduck	Duck Pokémon	Water		TRUE	TRUE	TRUE	TRUE	TRUE	TRUE	TRUE	TRUE	TRUE	TRUE	TRUE	FALSE	TRUE	TRUE	TRUE	TRUE	TRUE	TRUE	TRUE	TRUE	TRUE	TRUE	TRUE	TRUE	TRUE	TRUE	TRUE	TRUE	TRUE	TRUE	TRUE	FALSE	FALSE	TRUE	TRUE	FALSE	FALSE	TRUE	TRUE	TRUE	TRUE	TRUE	FALSE	FALSE	FALSE	FALSE	50	52	48	65	50	55	320	Yellow	Bipedal+Tail		Damp	Cloud Nine	Swift Swim		190	63.33	Water 1	Field	20	2560	Medium Fast	"1,000,000"	0.8	2′07″	19.6	43.2	50	64	0	0	0	1	0	0	1	50%	50%	1	0.5	0.5	2	2	0.5	1	1	1	1	1	1	1	1	1	1	0.5	1	10-1|39-1|55-3|93-6|154-9|352-12|50-15|428-18|103-21|401-24|487-27|244-30|133-34|472-39	36-TM|182-TM|352-TM|67-TM|60-TM|109-TM|168-TM|885-TM|886-TM|263-TM|129-TM|196-TM|341-TM|490-TM|374-TM|203-TM|240-TM|473-TM|91-TM|280-TM|428-TM|421-TM|34-TM|8-TM|214-TM|113-TM|127-TM|118-TM|156-TM|269-TM|285-TM|164-TM|710-TM|94-TM|227-TM|57-TM|133-TM|347-TM|270-TM|58-TM|417-TM|56-TM|59-TM|851-TM|114-TM|282-TM|410-TM|264-TM|812-TM|244-TM|38-TM|283-TM|250-TM|330-TM|917-TM	499-EM|109-EM|238-EM|95-EM|60-EM|493-EM|281-EM		
55	55	Golduck	Duck Pokémon	Water		TRUE	TRUE	TRUE	TRUE	TRUE	TRUE	TRUE	TRUE	TRUE	TRUE	TRUE	FALSE	TRUE	TRUE	TRUE	TRUE	TRUE	TRUE	TRUE	TRUE	TRUE	TRUE	TRUE	TRUE	TRUE	TRUE	TRUE	TRUE	TRUE	TRUE	TRUE	FALSE	FALSE	TRUE	TRUE	FALSE	FALSE	TRUE	TRUE	TRUE	TRUE	TRUE	FALSE	FALSE	FALSE	FALSE	80	82	78	95	80	85	500	Blue	Bipedal+Tail		Damp	Cloud Nine	Swift Swim	Level 33	75	25	Water 1	Field	20	2560	Medium Fast	"1,000,000"	1.7	5′07″	76.6	168.9	50	175	0	0	0	2	0	0	2	50%	50%	1	0.5	0.5	2	2	0.5	1	1	1	1	1	1	1	1	1	1	0.5	1	453-1|93-1|10-1|39-1|55-1|154-9|352-12|50-15|428-18|103-21|401-24|487-27|244-30|133-36|56-40|472-45	36-TM|182-TM|352-TM|67-TM|60-TM|109-TM|168-TM|885-TM|886-TM|263-TM|129-TM|196-TM|341-TM|490-TM|374-TM|203-TM|240-TM|473-TM|91-TM|280-TM|428-TM|421-TM|34-TM|8-TM|214-TM|113-TM|127-TM|118-TM|447-TM|156-TM|269-TM|285-TM|408-TM|164-TM|710-TM|94-TM|227-TM|57-TM|133-TM|347-TM|270-TM|58-TM|417-TM|56-TM|59-TM|416-TM|411-TM|63-TM|851-TM|114-TM|282-TM|410-TM|264-TM|812-TM|244-TM|38-TM|283-TM|250-TM|330-TM|248-TM|917-TM	499-EM|109-EM|238-EM|95-EM|60-EM|493-EM|281-EM		
56	56	Mankey	Pig Monkey Pokémon	Fighting		TRUE	FALSE	FALSE	TRUE	TRUE	FALSE	FALSE	FALSE	FALSE	FALSE	TRUE	TRUE	TRUE	TRUE	TRUE	TRUE	FALSE	TRUE	TRUE	TRUE	TRUE	TRUE	TRUE	TRUE	TRUE	TRUE	TRUE	TRUE	TRUE	TRUE	FALSE							TRUE	TRUE		TRUE	TRUE	TRUE	TRUE	FALSE	FALSE	40	80	35	35	45	70	305	Brown	Bipedal+Tail		Vital Spirit	Anger Point	Defiant		190	63.33	Field		20	2560	Medium Fast	"1,000,000"	0.5	1′08″	28	61.7	50	61	0	1	0	0	0	0	1	50%	50%	1	1	1	1	1	1	1	1	1	2	2	0.5	0.5	1	1	0.5	1	2	343-1|116-1|43-1|10-1|154-5|67-8|69-12|207-17|238-22|372-26|37-29|370-33|103-36|707-40|200-44|515-48	36-TM|184-TM|182-TM|67-TM|512-TM|168-TM|263-TM|523-TM|129-TM|317-TM|490-TM|374-TM|203-TM|241-TM|240-TM|91-TM|280-TM|369-TM|421-TM|339-TM|34-TM|7-TM|9-TM|8-TM|214-TM|402-TM|409-TM|118-TM|398-TM|707-TM|156-TM|157-TM|269-TM|441-TM|164-TM|227-TM|85-TM|270-TM|179-TM|89-TM|444-TM|200-TM|315-TM|411-TM|370-TM|851-TM|180-TM|253-TM|264-TM|808-TM|38-TM|283-TM|675-TM|174-TM	251-EM|68-EM|174-EM|227-EM|400-EM|180-EM		
57	57	Primeape	Pig Monkey Pokémon	Fighting		TRUE	FALSE	FALSE	TRUE	TRUE	FALSE	FALSE	FALSE	FALSE	FALSE	TRUE	TRUE	TRUE	TRUE	TRUE	TRUE	FALSE	TRUE	TRUE	TRUE	TRUE	TRUE	TRUE	TRUE	TRUE	TRUE	TRUE	TRUE	TRUE	TRUE	FALSE							TRUE	TRUE		TRUE	TRUE	TRUE	TRUE	FALSE	FALSE	65	105	60	60	70	95	455	Brown	Bipedal+Tail		Vital Spirit	Anger Point	Defiant	Level 28	75	25	Field		20	2560	Medium Fast	"1,000,000"	1	3′03″	32	70.5	50	159	0	2	0	0	0	0	2	50%	50%	1	1	1	1	1	1	1	1	1	2	2	0.5	0.5	1	1	0.5	1	2	374-1|116-1|43-1|10-1|154-5|67-8|69-15|207-17|238-22|372-26|37-30|889-35|370-39|103-44|707-48|200-53|515-57	36-TM|184-TM|182-TM|67-TM|512-TM|168-TM|263-TM|523-TM|129-TM|317-TM|490-TM|374-TM|203-TM|241-TM|240-TM|91-TM|280-TM|369-TM|421-TM|339-TM|34-TM|7-TM|9-TM|8-TM|214-TM|402-TM|409-TM|118-TM|398-TM|707-TM|156-TM|157-TM|269-TM|441-TM|164-TM|446-TM|227-TM|85-TM|270-TM|179-TM|89-TM|444-TM|416-TM|200-TM|315-TM|411-TM|63-TM|87-TM|370-TM|851-TM|180-TM|479-TM|410-TM|253-TM|264-TM|808-TM|38-TM|283-TM|675-TM|174-TM	251-EM|68-EM|174-EM|227-EM|400-EM|180-EM		
58	58	Growlithe	Puppy Pokémon	Fire		TRUE	FALSE	TRUE	TRUE	TRUE	FALSE	TRUE	FALSE	FALSE	FALSE	TRUE	FALSE	TRUE	TRUE	TRUE	TRUE	FALSE	FALSE	FALSE	TRUE	TRUE	TRUE	TRUE	TRUE	TRUE	TRUE	TRUE	TRUE	TRUE	TRUE	FALSE	TRUE	TRUE	FALSE	FALSE	FALSE	FALSE	TRUE	TRUE		TRUE	TRUE	TRUE	TRUE	FALSE	FALSE	55	70	45	70	50	60	350	Brown	Quadruped		Intimidate	Flash Fire	Justified		190	63.33	Field		20	2560	Slow	"1,250,000"	0.7	2′04″	19	41.9	50	70	0	1	0	0	0	0	1	75%	25%	1	0.5	2	1	0.5	0.5	1	1	2	1	1	0.5	2	1	1	1	0.5	0.5	52-1|43-1|336-4|44-8|172-12|270-16|97-20|424-24|514-28|242-32|36-36|53-40|46-44|583-48|179-52|394-56	36-TM|204-TM|97-TM|184-TM|182-TM|424-TM|422-TM|168-TM|83-TM|263-TM|555-TM|129-TM|488-TM|203-TM|241-TM|91-TM|706-TM|34-TM|214-TM|156-TM|164-TM|261-TM|242-TM|257-TM|53-TM|583-TM|270-TM|179-TM|126-TM|528-TM|200-TM|315-TM|394-TM|370-TM|851-TM|46-TM|38-TM|915-TM|174-TM	343-EM|24-EM|38-EM|234-EM|833-EM|37-EM		
58		Hisuian Growlithe	Lookout Pokémon	Fire	Rock																																								TRUE	FALSE	FALSE	TRUE	TRUE	FALSE	FALSE	60	75	45	65	50	55	350	Brown	Quadruped		Intimidate	Flash Fire	Rock Head		190	63.33	Field		20	2560	Slow	"1,250,000"	0.8	2′07″	22.7	50	50	70	0	1	0	0	0	0	1	75%	25%	0.5	0.25	4	1	1	0.5	2	0.5	4	0.5	1	0.5	2	1	1	1	1	0.5	52-1|43-1|336-4|44-8|172-12|270-16|424-24|514-28|242-32|36-36|53-40|46-44|157-48|179-52|394-56	36-TM|97-TM|184-TM|182-TM|424-TM|422-TM|83-TM|263-TM|317-TM|488-TM|203-TM|241-TM|201-TM|684-TM|91-TM|706-TM|34-TM|214-TM|350-TM|156-TM|157-TM|408-TM|164-TM|261-TM|242-TM|446-TM|257-TM|53-TM|270-TM|179-TM|126-TM|528-TM|444-TM|200-TM|315-TM|394-TM|370-TM|851-TM|46-TM|479-TM|38-TM|915-TM|815-TM	343-EM|24-EM|38-EM|457-EM|234-EM|37-EM		
59	59	Arcanine	Legendary Pokémon	Fire		TRUE	FALSE	TRUE	TRUE	TRUE	FALSE	TRUE	FALSE	FALSE	FALSE	TRUE	FALSE	TRUE	TRUE	TRUE	TRUE	FALSE	FALSE	FALSE	TRUE	TRUE	TRUE	TRUE	TRUE	TRUE	TRUE	TRUE	TRUE	TRUE	TRUE	FALSE	TRUE	TRUE	FALSE	FALSE	FALSE	FALSE	TRUE	TRUE		TRUE	TRUE	FALSE	FALSE	FALSE	FALSE	90	110	80	100	80	95	555	Brown	Quadruped		Intimidate	Flash Fire	Justified	Fire Stone	75	25	Field		20	2560	Slow	"1,250,000"	1.9	6′03″	155	341.7	50	194	0	2	0	0	0	0	2	75%	25%	1	0.5	2	1	0.5	0.5	1	1	2	1	1	0.5	2	1	1	1	0.5	0.5	97-1|44-1|242-1|52-1|424-1|172-1|394-1|270-1|336-1|43-1|583-1|514-1|179-1|46-1|36-1|53-5	36-TM|204-TM|97-TM|184-TM|182-TM|424-TM|422-TM|168-TM|83-TM|263-TM|332-TM|523-TM|555-TM|129-TM|488-TM|203-TM|241-TM|91-TM|706-TM|34-TM|214-TM|156-TM|442-TM|164-TM|261-TM|242-TM|406-TM|304-TM|257-TM|53-TM|583-TM|270-TM|179-TM|126-TM|528-TM|416-TM|200-TM|315-TM|63-TM|394-TM|370-TM|76-TM|851-TM|46-TM|535-TM|38-TM|915-TM|815-TM|174-TM	343-EM|24-EM|38-EM|234-EM|833-EM|37-EM	245-EV	
59		Hisuian Arcanine	Legendary Pokémon	Fire	Rock																																								TRUE	FALSE	FALSE	FALSE	FALSE	FALSE	FALSE	95	115	80	95	80	90	555	Brown	Quadruped		Intimidate	Flash Fire	Rock Head	Fire Stone	75	25	Field		20	2560	Slow	"1,250,000"	2	6′07″	168	370.4	50	194	0	2	0	0	0	0	2	75%	25%	0.5	0.25	4	1	1	0.5	2	0.5	4	0.5	1	0.5	2	1	1	1	1	0.5	97-1|44-1|242-1|52-1|424-1|172-1|394-1|270-1|336-1|43-1|514-1|179-1|46-1|157-1|88-1|36-1|53-5|833-64	36-TM|97-TM|184-TM|182-TM|424-TM|422-TM|168-TM|83-TM|263-TM|332-TM|523-TM|555-TM|317-TM|488-TM|203-TM|241-TM|201-TM|684-TM|91-TM|706-TM|34-TM|214-TM|350-TM|156-TM|157-TM|442-TM|408-TM|164-TM|261-TM|242-TM|406-TM|446-TM|304-TM|257-TM|53-TM|270-TM|179-TM|126-TM|528-TM|444-TM|416-TM|200-TM|315-TM|63-TM|394-TM|370-TM|76-TM|851-TM|46-TM|479-TM|535-TM|38-TM|915-TM|815-TM	343-EM|24-EM|38-EM|457-EM|234-EM|37-EM	245-EV	
60	60	Poliwag	Tadpole Pokémon	Water		TRUE	TRUE	TRUE	TRUE	TRUE	TRUE	TRUE	FALSE	FALSE	FALSE	TRUE	TRUE	TRUE	TRUE	TRUE	TRUE	TRUE	TRUE	TRUE	TRUE	TRUE	TRUE	TRUE	FALSE	FALSE	TRUE	TRUE	TRUE	TRUE	TRUE	TRUE	FALSE	FALSE	TRUE	TRUE	FALSE	FALSE	TRUE	TRUE		FALSE	FALSE	TRUE	TRUE	FALSE	FALSE	40	50	40	40	40	90	300	Blue	Head+Legs		Water Absorb	Damp	Swift Swim		255	85	Water 1		20	2560	Medium Slow	"1,059,860"	0.6	2′00″	12.4	27.3	50	60	0	0	0	0	0	1	1	50%	50%	1	0.5	0.5	2	2	0.5	1	1	1	1	1	1	1	1	1	1	0.5	1	95-1|55-1|1-6|341-12|61-18|240-24|34-30|414-36|56-42|187-48|38-54	36-TM|189-TM|182-TM|352-TM|67-TM|168-TM|886-TM|263-TM|523-TM|129-TM|196-TM|341-TM|203-TM|240-TM|91-TM|34-TM|214-TM|127-TM|156-TM|164-TM|710-TM|94-TM|227-TM|57-TM|133-TM|270-TM|414-TM|58-TM|56-TM|59-TM|851-TM|114-TM|264-TM|311-TM|38-TM|283-TM|250-TM|330-TM	283-EM|54-EM|330-EM|150-EM|352-EM		
61	61	Poliwhirl	Tadpole Pokémon	Water		TRUE	TRUE	TRUE	TRUE	TRUE	TRUE	TRUE	FALSE	FALSE	FALSE	TRUE	TRUE	TRUE	TRUE	TRUE	TRUE	TRUE	TRUE	TRUE	TRUE	TRUE	TRUE	TRUE	FALSE	FALSE	TRUE	TRUE	TRUE	TRUE	TRUE	TRUE	FALSE	FALSE	TRUE	TRUE	FALSE	FALSE	TRUE	TRUE		FALSE	FALSE	TRUE	TRUE	FALSE	FALSE	65	65	65	50	50	90	385	Blue	Bipedal+Tailless		Water Absorb	Damp	Swift Swim	Level 25	120	40	Water 1		20	2560	Medium Slow	"1,059,860"	1	3′03″	20	44.1	50	135	0	0	0	0	0	2	2	50%	50%	1	0.5	0.5	2	2	0.5	1	1	1	1	1	1	1	1	1	1	0.5	1	95-1|341-1|1-1|55-1|61-18|240-24|34-32|414-40|56-48|187-56|38-66	36-TM|189-TM|182-TM|352-TM|67-TM|168-TM|886-TM|263-TM|523-TM|129-TM|196-TM|341-TM|490-TM|374-TM|203-TM|240-TM|91-TM|280-TM|34-TM|8-TM|214-TM|127-TM|118-TM|156-TM|164-TM|710-TM|94-TM|227-TM|57-TM|133-TM|270-TM|414-TM|58-TM|56-TM|59-TM|89-TM|851-TM|114-TM|264-TM|311-TM|244-TM|38-TM|283-TM|250-TM|330-TM			
62	62	Poliwrath	Tadpole Pokémon	Water	Fighting	TRUE	TRUE	TRUE	TRUE	TRUE	TRUE	TRUE	FALSE	FALSE	FALSE	TRUE	TRUE	TRUE	TRUE	TRUE	TRUE	TRUE	TRUE	TRUE	TRUE	TRUE	TRUE	TRUE	FALSE	FALSE	TRUE	TRUE	TRUE	TRUE	TRUE	TRUE	FALSE	FALSE	TRUE	TRUE	FALSE	FALSE	TRUE	TRUE		FALSE	FALSE	TRUE	TRUE	FALSE	FALSE	90	95	95	70	90	70	510	Blue	Bipedal+Tailless		Water Absorb	Damp	Swift Swim	Water Stone	45	15	Water 1		20	2560	Medium Slow	"1,059,860"	1.3	4′03″	54	119	50	255	0	0	3	0	0	0	3	50%	50%	1	0.5	0.5	2	2	0.5	1	1	1	2	2	0.5	0.5	1	1	0.5	0.5	2	34-1|61-1|95-1	36-TM|189-TM|184-TM|182-TM|352-TM|67-TM|168-TM|886-TM|263-TM|523-TM|129-TM|196-TM|341-TM|317-TM|490-TM|374-TM|203-TM|240-TM|91-TM|280-TM|339-TM|34-TM|8-TM|214-TM|409-TM|127-TM|118-TM|398-TM|156-TM|157-TM|269-TM|164-TM|710-TM|94-TM|227-TM|57-TM|133-TM|270-TM|226-TM|414-TM|179-TM|58-TM|56-TM|59-TM|89-TM|416-TM|411-TM|63-TM|370-TM|851-TM|114-TM|282-TM|410-TM|667-TM|264-TM|311-TM|244-TM|38-TM|283-TM|250-TM|330-TM|811-TM|675-TM|918-TM		223-EV	187-R|509-R|38-R|414-R|56-R|341-R|1-R|240-R|55-R
63	63	Abra	Psi Pokémon	Psychic		TRUE	TRUE	TRUE	TRUE	TRUE	TRUE	TRUE	TRUE	TRUE	TRUE	TRUE	TRUE	TRUE	TRUE	TRUE	TRUE	TRUE	TRUE	TRUE	TRUE	TRUE	TRUE	TRUE	TRUE	TRUE	TRUE	TRUE	TRUE	TRUE	TRUE	TRUE	FALSE	FALSE	TRUE	TRUE	FALSE	FALSE	TRUE	TRUE	TRUE							25	20	15	105	55	90	310	Brown	Bipedal+Tail		Synchronize	Inner Focus	Magic Guard		200	66.67	Human-Like		20	2560	Medium Slow	"1,059,860"	0.9	2′11″	19.5	43	50	62	0	0	0	1	0	0	1	75%	25%	1	1	1	1	1	1	0.5	1	1	1	0.5	2	1	2	1	2	1	1					
64	64	Kadabra	Psi Pokémon	Psychic		TRUE	TRUE	TRUE	TRUE	TRUE	TRUE	TRUE	TRUE	TRUE	TRUE	TRUE	TRUE	TRUE	TRUE	TRUE	TRUE	TRUE	TRUE	TRUE	TRUE	TRUE	TRUE	TRUE	TRUE	TRUE	TRUE	TRUE	TRUE	TRUE	TRUE	TRUE	FALSE	FALSE	TRUE	TRUE	FALSE	FALSE	TRUE	TRUE	TRUE							40	35	30	120	70	105	400	Brown	Bipedal+Tail		Synchronize	Inner Focus	Magic Guard	Level 16	100	33.33	Human-Like		20	2560	Medium Slow	"1,059,860"	1.3	4′03″	56.5	124.6	50	140	0	0	0	2	0	0	2	75%	25%	1	1	1	1	1	1	0.5	1	1	1	0.5	2	1	2	1	2	1	1					
65	65	Alakazam	Psi Pokémon	Psychic		TRUE	TRUE	TRUE	TRUE	TRUE	TRUE	TRUE	TRUE	TRUE	TRUE	TRUE	TRUE	TRUE	TRUE	TRUE	TRUE	TRUE	TRUE	TRUE	TRUE	TRUE	TRUE	TRUE	TRUE	TRUE	TRUE	TRUE	TRUE	TRUE	TRUE	TRUE	FALSE	FALSE	TRUE	TRUE	FALSE	FALSE	TRUE	TRUE	TRUE							55	50	45	135	95	120	500	Brown	Bipedal+Tailless		Synchronize	Inner Focus	Magic Guard	Trade	50	16.67	Human-Like		20	2560	Medium Slow	"1,059,860"	1.5	4′11″	48	105.8	50	250	0	0	0	3	0	0	3	75%	25%	1	1	1	1	1	1	0.5	1	1	1	0.5	2	1	2	1	2	1	1					
65		Mega Alakazam	Psi Pokémon	Psychic																							TRUE	TRUE	TRUE	TRUE	TRUE	TRUE	TRUE	TRUE	TRUE	TRUE																55	50	65	175	105	150	600	Brown	Bipedal+Tailless		Trace			Alakazamite		0			20	2560	Medium Slow	"1,059,860"	1.2	3′11″	48	105.8	50	300	0	0	0	3	0	0	3	75%	25%	1	1	1	1	1	1	0.5	1	1	1	0.5	2	1	2	1	2	1	1					
66	66	Machop	Superpower Pokémon	Fighting		TRUE	TRUE	TRUE	TRUE	TRUE	TRUE	TRUE	TRUE	TRUE	TRUE	TRUE	TRUE	TRUE	TRUE	TRUE	TRUE	TRUE	TRUE	TRUE	FALSE	FALSE	TRUE	TRUE	TRUE	TRUE	TRUE	TRUE	TRUE	TRUE	TRUE	TRUE	TRUE	TRUE	FALSE	FALSE	FALSE	FALSE	TRUE	TRUE	TRUE							70	80	50	35	35	35	305	Gray	Bipedal+Tail		Guts	No Guard	Steadfast		180	60	Human-Like		20	2560	Medium Slow	"1,059,860"	0.8	2′07″	19.5	43	50	61	0	1	0	0	0	0	1	75%	25%	1	1	1	1	1	1	1	1	1	2	2	0.5	0.5	1	1	0.5	1	2					
67	67	Machoke	Superpower Pokémon	Fighting		TRUE	TRUE	TRUE	TRUE	TRUE	TRUE	TRUE	TRUE	TRUE	TRUE	TRUE	TRUE	TRUE	TRUE	TRUE	TRUE	TRUE	TRUE	TRUE	FALSE	FALSE	TRUE	TRUE	TRUE	TRUE	TRUE	TRUE	TRUE	TRUE	TRUE	TRUE	TRUE	TRUE	FALSE	FALSE	FALSE	FALSE	TRUE	TRUE	TRUE							80	100	70	50	60	45	405	Gray	Bipedal+Tailless		Guts	No Guard	Steadfast	Level 28	90	30	Human-Like		20	2560	Medium Slow	"1,059,860"	1.5	4′11″	70.5	155.4	50	142	0	2	0	0	0	0	2	75%	25%	1	1	1	1	1	1	1	1	1	2	2	0.5	0.5	1	1	0.5	1	2					
68		GMAX Machamp	Superpower Pokémon	Fighting																																	TRUE	TRUE	TRUE	TRUE	TRUE	TRUE										90	130	80	65	85	55	505	Gray	Bipedal+Tailless		Guts	No Guard	Steadfast	GMAX Factor	3	1			20	2560	Medium Slow	"1,059,860"	25	82'	???	???	50	0	0	0	0	0	0	0	0	75%	25%	1	1	1	1	1	1	1	1	1	2	2	0.5	0.5	1	1	0.5	1	2					
68	68	Machamp	Superpower Pokémon	Fighting		TRUE	TRUE	TRUE	TRUE	TRUE	TRUE	TRUE	TRUE	TRUE	TRUE	TRUE	TRUE	TRUE	TRUE	TRUE	TRUE	TRUE	TRUE	TRUE	FALSE	FALSE	TRUE	TRUE	TRUE	TRUE	TRUE	TRUE	TRUE	TRUE	TRUE	TRUE	TRUE	TRUE	FALSE	FALSE	FALSE	FALSE	TRUE	TRUE	TRUE							90	130	80	65	85	55	505	Gray	Bipedal+Tailless		Guts	No Guard	Steadfast	Trade	45	15	Human-Like		20	2560	Medium Slow	"1,059,860"	1.6	5′03″	130	286.6	50	253	0	3	0	0	0	0	3	75%	25%	1	1	1	1	1	1	1	1	1	2	2	0.5	0.5	1	1	0.5	1	2					
69	69	Bellsprout	Flower Pokémon	Grass	Poison	FALSE	TRUE	FALSE	TRUE	TRUE	TRUE	TRUE	FALSE	FALSE	FALSE	FALSE	TRUE	TRUE	TRUE	TRUE	TRUE	TRUE	TRUE	TRUE	FALSE	FALSE	TRUE	TRUE	FALSE	FALSE	TRUE	TRUE	FALSE	FALSE	FALSE	TRUE							TRUE	TRUE		FALSE	FALSE	TRUE	TRUE	FALSE	FALSE	50	75	35	70	30	40	300	Green	Bipedal+Tailless		Chlorophyll		Gluttony		255	85	Grass		20	2560	Medium Slow	"1,059,860"	0.7	2′04″	4	8.8	50	60	0	1	0	0	0	0	1	50%	50%	1	2	0.5	0.5	0.25	2	0.5	1	1	2	2	1	1	1	1	1	1	0.5	22-1|74-7|35-11|79-13|77-15|78-17|51-23|282-27|230-29|380-35|75-39|398-41|21-47|438-52	182-TM|491-TM|168-TM|885-TM|884-TM|263-TM|345-TM|474-TM|203-TM|241-TM|331-TM|214-TM|402-TM|115-TM|447-TM|398-TM|156-TM|14-TM|141-TM|164-TM|202-TM|412-TM|227-TM|580-TM|188-TM|437-TM|76-TM|851-TM|92-TM|282-TM|679-TM|311-TM|803-TM|482-TM	499-EM|275-EM|668-EM|389-EM|235-EM|321-EM|388-EM		
70	70	Weepinbell	Flycatcher Pokémon	Grass	Poison	FALSE	TRUE	FALSE	TRUE	TRUE	TRUE	TRUE	FALSE	FALSE	FALSE	FALSE	TRUE	TRUE	TRUE	TRUE	TRUE	TRUE	TRUE	TRUE	FALSE	FALSE	TRUE	TRUE	FALSE	FALSE	TRUE	TRUE	FALSE	FALSE	FALSE	TRUE							TRUE	TRUE		FALSE	FALSE	TRUE	TRUE	FALSE	FALSE	65	90	50	85	45	55	390	Green	Head+Base		Chlorophyll		Gluttony	Level 21	120	40	Grass		20	2560	Medium Slow	"1,059,860"	1	3′03″	6.4	14.1	50	137	0	2	0	0	0	0	2	50%	50%	1	2	0.5	0.5	0.25	2	0.5	1	1	2	2	1	1	1	1	1	1	0.5	74-1|22-1|35-1|79-13|77-15|78-17|51-24|282-29|230-32|380-39|75-44|398-47|21-54|438-58	182-TM|491-TM|168-TM|885-TM|884-TM|263-TM|129-TM|345-TM|474-TM|203-TM|241-TM|331-TM|34-TM|214-TM|402-TM|115-TM|447-TM|398-TM|156-TM|14-TM|141-TM|164-TM|202-TM|412-TM|227-TM|580-TM|188-TM|437-TM|76-TM|851-TM|92-TM|282-TM|450-TM|679-TM|311-TM|803-TM|482-TM			
71	71	Victreebell	Flycatcher Pokémon	Grass	Poison	FALSE	TRUE	FALSE	TRUE	TRUE	TRUE	TRUE	FALSE	FALSE	FALSE	FALSE	TRUE	TRUE	TRUE	TRUE	TRUE	TRUE	TRUE	TRUE	FALSE	FALSE	TRUE	TRUE	FALSE	FALSE	TRUE	TRUE	FALSE	FALSE	FALSE	TRUE							TRUE	TRUE		FALSE	FALSE	TRUE	TRUE	FALSE	FALSE	80	105	65	100	70	70	490	Green	Head+Base		Chlorophyll		Gluttony	Leaf Stone	45	15	Grass		20	2560	Medium Slow	"1,059,860"	1.7	5′07″	15.5	34.2	50	245	0	3	0	0	0	0	3	50%	50%	1	2	0.5	0.5	0.25	2	0.5	1	1	2	2	1	1	1	1	1	1	0.5	75-1|79-1|230-1|22-1|348-44	184-TM|182-TM|491-TM|168-TM|885-TM|884-TM|263-TM|129-TM|345-TM|474-TM|203-TM|241-TM|331-TM|34-TM|214-TM|402-TM|115-TM|447-TM|398-TM|156-TM|14-TM|141-TM|164-TM|202-TM|412-TM|227-TM|580-TM|188-TM|416-TM|437-TM|63-TM|76-TM|851-TM|92-TM|282-TM|450-TM|679-TM|311-TM|803-TM|482-TM		437-EV	380-R|438-R|255-R|254-R|256-R
72	72	Tentacool	Jellyfish Pokémon	Water	Poison	TRUE	TRUE	TRUE	TRUE	TRUE	TRUE	TRUE	TRUE	TRUE	TRUE	TRUE	TRUE	TRUE	TRUE	TRUE	TRUE	TRUE	FALSE	FALSE	FALSE	FALSE	TRUE	TRUE	TRUE	TRUE	TRUE	TRUE	TRUE	TRUE	TRUE	TRUE	FALSE	FALSE	TRUE	TRUE	FALSE	FALSE	TRUE	TRUE	TRUE	FALSE	FALSE	FALSE	FALSE	TRUE	TRUE	40	40	35	50	100	70	335	Blue	Tentacles		Clear Body	Liquid Ooze	Rain Dish		190	63.33	Water 3		20	2560	Slow	"1,250,000"	0.9	2′11″	45.5	100.3	50	67	0	0	0	0	1	0	1	50%	50%	1	0.5	0.5	2	1	0.5	0.5	0.5	2	1	2	0.5	1	1	1	1	0.5	0.5	40-1|55-1|51-4|35-8|48-12|352-16|103-20|61-24|506-28|151-32|398-36|57-40|482-44|56-48	182-TM|352-TM|491-TM|109-TM|168-TM|884-TM|886-TM|263-TM|506-TM|129-TM|196-TM|341-TM|474-TM|203-TM|240-TM|214-TM|605-TM|398-TM|156-TM|14-TM|390-TM|441-TM|164-TM|710-TM|202-TM|57-TM|58-TM|56-TM|59-TM|188-TM|851-TM|114-TM|92-TM|282-TM|812-TM|250-TM|330-TM|482-TM|675-TM	367-EM|392-EM|62-EM|109-EM|114-EM|282-EM|243-EM|229-EM|321-EM		
73	73	Tentacruel	Jellyfish Pokémon	Water	Poison	TRUE	TRUE	TRUE	TRUE	TRUE	TRUE	TRUE	TRUE	TRUE	TRUE	TRUE	TRUE	TRUE	TRUE	TRUE	TRUE	TRUE	FALSE	FALSE	FALSE	FALSE	TRUE	TRUE	TRUE	TRUE	TRUE	TRUE	TRUE	TRUE	TRUE	TRUE	FALSE	FALSE	TRUE	TRUE	FALSE	FALSE	TRUE	TRUE	TRUE	FALSE	FALSE	FALSE	FALSE	TRUE	TRUE	80	70	65	80	120	100	515	Blue	Tentacles		Clear Body	Liquid Ooze	Rain Dish	Level 30	60	20	Water 3		20	2560	Slow	"1,250,000"	1.6	5′03″	55	121.3	50	180	0	0	0	0	2	0	2	50%	50%	1	0.5	0.5	2	1	0.5	0.5	0.5	2	1	2	0.5	1	1	1	1	0.5	0.5	51-1|40-1|513-1|55-1|35-1|48-12|352-16|103-20|61-24|506-28|151-34|398-40|57-46|482-52|56-58	184-TM|182-TM|352-TM|491-TM|109-TM|168-TM|884-TM|886-TM|263-TM|506-TM|129-TM|196-TM|341-TM|474-TM|203-TM|240-TM|214-TM|605-TM|398-TM|156-TM|14-TM|390-TM|441-TM|164-TM|710-TM|202-TM|57-TM|58-TM|56-TM|59-TM|188-TM|416-TM|63-TM|851-TM|114-TM|92-TM|282-TM|311-TM|812-TM|250-TM|330-TM|482-TM|806-TM|675-TM			
74	74	Geodude	Rock Pokémon	Rock	Ground	TRUE	TRUE	TRUE	TRUE	TRUE	TRUE	TRUE	TRUE	TRUE	TRUE	TRUE	TRUE	TRUE	TRUE	TRUE	TRUE	TRUE	TRUE	TRUE	FALSE	FALSE	TRUE	TRUE	TRUE	TRUE	FALSE	FALSE	FALSE	FALSE	TRUE	TRUE							TRUE	TRUE	TRUE	FALSE	FALSE	TRUE	TRUE	FALSE	FALSE	40	80	100	30	30	20	300	Brown	Head+Arms		Rock Head	Sturdy	Sand Veil		255	85	Mineral		15	1920	Medium Slow	"1,059,860"	0.4	1′04″	20	44.1	50	60	0	0	1	0	0	0	1	50%	50%	0.5	0.5	4	0	4	2	2	0.25	2	0.5	1	1	0.5	1	1	1	2	1	111-1|33-1|397-6|205-10|523-12|88-16|479-18|120-24|446-28|350-30|89-34|153-36|38-40|444-42	5-TM|36-TM|189-TM|184-TM|182-TM|263-TM|523-TM|341-TM|317-TM|374-TM|203-TM|241-TM|201-TM|91-TM|280-TM|34-TM|7-TM|9-TM|214-TM|350-TM|118-TM|707-TM|156-TM|157-TM|164-TM|334-TM|446-TM|53-TM|414-TM|126-TM|89-TM|444-TM|851-TM|479-TM|360-TM|667-TM|264-TM|38-TM|174-TM	335-EM|174-EM|223-EM|175-EM|359-EM|5-EM|469-EM		
74		Alolan Geodude	Rock Pokémon	Rock	Electric																										TRUE	TRUE	TRUE	TRUE	TRUE	TRUE										FALSE	FALSE	FALSE	FALSE	TRUE	TRUE	40	80	100	30	30	20	300	Gray	Head+Arms		Magnet Pull	Sturdy	Galvanize		255	85	Mineral		15	1920	Medium Slow	"1,059,860"	0.4	1′04″	20.3	44.8	50	60	0	0	1	0	0	0	1	50%	50%	0.5	0.5	2	0.5	2	1	2	0.5	4	0.25	1	1	1	1	1	1	1	1	111-1|33-1|268-4|397-6|205-10|209-12|88-16|479-18|9-22|120-24|446-28|350-30|435-34|153-36|38-40|444-42	36-TM|189-TM|182-TM|451-TM|263-TM|523-TM|341-TM|317-TM|374-TM|203-TM|521-TM|241-TM|201-TM|91-TM|280-TM|34-TM|7-TM|9-TM|214-TM|350-TM|86-TM|156-TM|157-TM|164-TM|334-TM|446-TM|53-TM|85-TM|414-TM|126-TM|528-TM|89-TM|444-TM|87-TM|851-TM|268-TM|479-TM|360-TM|667-TM|264-TM|38-TM|916-TM|527-TM|174-TM	335-EM|68-EM|174-EM|203-EM|175-EM|103-EM|469-EM|192-EM		
75	75	Graveler	Rock Pokémon	Rock	Ground	TRUE	TRUE	TRUE	TRUE	TRUE	TRUE	TRUE	TRUE	TRUE	TRUE	TRUE	TRUE	TRUE	TRUE	TRUE	TRUE	TRUE	TRUE	TRUE	FALSE	FALSE	TRUE	TRUE	TRUE	TRUE	FALSE	FALSE	FALSE	FALSE	TRUE	TRUE							TRUE	TRUE	TRUE	FALSE	FALSE	TRUE	TRUE	FALSE	FALSE	55	95	115	45	45	35	390	Brown	Bipedal+Tailless		Rock Head	Sturdy	Sand Veil	Level 25	120	40	Mineral		15	1920	Medium Slow	"1,059,860"	1	3′03″	105	231.5	50	137	0	0	2	0	0	0	2	50%	50%	0.5	0.5	4	0	4	2	2	0.25	2	0.5	1	1	0.5	1	1	1	2	1	111-1|397-1|33-1|205-10|523-12|88-16|479-18|120-24|446-30|350-34|89-40|153-44|38-50|444-54	36-TM|189-TM|184-TM|182-TM|263-TM|523-TM|341-TM|317-TM|374-TM|203-TM|241-TM|201-TM|91-TM|280-TM|34-TM|7-TM|9-TM|214-TM|350-TM|118-TM|707-TM|156-TM|157-TM|776-TM|442-TM|164-TM|334-TM|446-TM|484-TM|53-TM|414-TM|126-TM|89-TM|444-TM|411-TM|851-TM|479-TM|360-TM|667-TM|264-TM|38-TM|174-TM|912-TM			
75		Alolan Graveler	Rock Pokémon	Rock	Electric																										TRUE	TRUE	TRUE	TRUE	TRUE	TRUE										FALSE	FALSE	FALSE	FALSE	TRUE	TRUE	55	95	115	45	45	35	390	Gray	Bipedal+Tailless		Magnet Pull	Sturdy	Galvanize	Level 25	120	40	Mineral		15	1920	Medium Slow	"1,059,860"	1	3′03″	110	242.5	50	137	0	0	2	0	0	0	2	50%	50%	0.5	0.5	2	0.5	2	1	2	0.5	4	0.25	1	1	1	1	1	1	1	1	268-1|111-1|397-1|33-1|205-10|209-12|88-16|479-18|9-22|120-24|446-30|350-34|435-40|153-44|38-50|444-54	36-TM|189-TM|184-TM|182-TM|451-TM|263-TM|523-TM|341-TM|317-TM|374-TM|203-TM|521-TM|241-TM|201-TM|91-TM|280-TM|34-TM|7-TM|9-TM|214-TM|350-TM|118-TM|86-TM|707-TM|156-TM|157-TM|164-TM|334-TM|446-TM|53-TM|85-TM|414-TM|604-TM|126-TM|528-TM|89-TM|444-TM|411-TM|87-TM|851-TM|268-TM|479-TM|360-TM|667-TM|264-TM|38-TM|916-TM|527-TM|174-TM|912-TM			
76	76	Golem	Megaton Pokémon	Rock	Ground	TRUE	TRUE	TRUE	TRUE	TRUE	TRUE	TRUE	TRUE	TRUE	TRUE	TRUE	TRUE	TRUE	TRUE	TRUE	TRUE	TRUE	TRUE	TRUE	FALSE	FALSE	TRUE	TRUE	TRUE	TRUE	FALSE	FALSE	FALSE	FALSE	TRUE	TRUE							TRUE	TRUE	TRUE	FALSE	FALSE	TRUE	TRUE	FALSE	FALSE	80	120	130	55	65	45	495	Brown	Bipedal+Tailless		Rock Head	Sturdy	Sand Veil	Trade	45	15	Mineral		15	1920	Medium Slow	"1,059,860"	1.4	4′07″	300	661.4	50	248	0	0	3	0	0	0	3	50%	50%	0.5	0.5	4	0	4	2	2	0.25	2	0.5	1	1	0.5	1	1	1	2	1	111-1|484-1|397-1|33-1|88-16|479-18|523-22|120-24|446-30|350-34|89-40|153-44|38-50|444-54	36-TM|189-TM|184-TM|182-TM|263-TM|523-TM|341-TM|317-TM|374-TM|203-TM|241-TM|201-TM|91-TM|280-TM|34-TM|7-TM|9-TM|214-TM|350-TM|118-TM|707-TM|156-TM|157-TM|776-TM|442-TM|164-TM|334-TM|446-TM|484-TM|53-TM|414-TM|126-TM|89-TM|444-TM|416-TM|411-TM|63-TM|851-TM|46-TM|479-TM|360-TM|667-TM|264-TM|38-TM|174-TM|912-TM			
76		Alolan Golem	Megaton Pokémon	Rock	Electric																										TRUE	TRUE	TRUE	TRUE	TRUE	TRUE										FALSE	FALSE	FALSE	FALSE	TRUE	TRUE	80	120	130	55	65	45	495	Gray	Bipedal+Tailless		Magnet Pull	Sturdy	Galvanize	Trade	45	15	Mineral		15	1920	Medium Slow	"1,059,860"	1.7	5′07″	316	696.7	50	248	0	0	3	0	0	0	3	50%	50%	0.5	0.5	2	0.5	2	1	2	0.5	4	0.25	1	1	1	1	1	1	1	1	268-1|111-1|484-1|397-1|33-1|209-12|88-16|479-18|9-22|120-24|446-30|350-34|435-40|153-44|38-50|444-54	36-TM|189-TM|184-TM|182-TM|451-TM|263-TM|523-TM|341-TM|317-TM|374-TM|203-TM|521-TM|241-TM|201-TM|91-TM|280-TM|34-TM|7-TM|9-TM|214-TM|350-TM|118-TM|86-TM|707-TM|156-TM|157-TM|776-TM|442-TM|164-TM|334-TM|446-TM|484-TM|53-TM|85-TM|414-TM|604-TM|126-TM|528-TM|89-TM|444-TM|416-TM|411-TM|63-TM|87-TM|851-TM|46-TM|268-TM|479-TM|360-TM|264-TM|38-TM|916-TM|527-TM|800-TM|174-TM|912-TM			
77	77	Ponyta	Fire Horse Pokémon	Fire		TRUE	TRUE	TRUE	TRUE	TRUE	TRUE	TRUE	FALSE	FALSE	FALSE	TRUE	TRUE	TRUE	TRUE	TRUE	TRUE	TRUE	TRUE	TRUE	FALSE	FALSE	TRUE	TRUE	TRUE	TRUE	FALSE	FALSE	FALSE	FALSE	TRUE	TRUE	FALSE	FALSE	TRUE	TRUE	FALSE	FALSE	TRUE	TRUE	TRUE							50	85	55	65	65	90	410	Yellow	Quadruped		Run Away	Flash Fire	Flame Body		190	63.33	Field		20	2560	Medium Fast	"1,000,000"	1	3′03″	30	66.1	50	82	0	0	0	0	0	1	1	50%	50%	1	0.5	2	1	0.5	0.5	1	1	2	1	1	0.5	2	1	1	1	0.5	0.5					
77		Galarian Ponyta	One Horn Pokémon	Psychic																																	FALSE	TRUE	FALSE	FALSE	FALSE	TRUE			FALSE							50	85	55	65	65	90	410	White	Quadruped		Run Away	Pastel Veil	Anticipation		190	63.33	Field		20	2560	Medium Fast	"1,000,000"	0.8	2′07″	24	52.9	50	82	0	0	0	0	0	1	1	50%	50%	1	1	1	1	1	1	0.5	1	1	1	0.5	2	1	2	1	2	1	1					
78	78	Rapidash	Fire Horse Pokémon	Fire		TRUE	TRUE	TRUE	TRUE	TRUE	TRUE	TRUE	FALSE	FALSE	FALSE	TRUE	TRUE	TRUE	TRUE	TRUE	TRUE	TRUE	TRUE	TRUE	FALSE	FALSE	TRUE	TRUE	TRUE	TRUE	FALSE	FALSE	FALSE	FALSE	TRUE	TRUE	FALSE	FALSE	TRUE	TRUE	FALSE	FALSE	TRUE	TRUE	TRUE							65	100	70	80	80	105	500	Yellow	Quadruped		Run Away	Flash Fire	Flame Body	Level 40	60	20	Field		20	2560	Medium Fast	"1,000,000"	1.7	5′07″	95	209.4	50	175	0	0	0	0	0	2	2	50%	50%	1	0.5	2	1	0.5	0.5	1	1	2	1	1	0.5	2	1	1	1	0.5	0.5					
78		Galarian Rapidash	One Horn Pokémon	Psychic	Fairy																																FALSE	TRUE	FALSE	FALSE	FALSE	TRUE			FALSE							65	100	70	80	80	105	500	White	Quadruped		Run Away	Pastel Veil	Anticipation	Level 40	60	20	Field		20	2560	Medium Fast	"1,000,000"	1.7	5′07″	80	176.4	50	175	0	0	0	0	0	2	2	50%	50%	1	1	1	1	1	1	0.25	2	1	1	0.5	1	1	2	0	1	2	1					
79	79	Slowpoke	Dopey Pokémon	Water	Psychic	TRUE	TRUE	TRUE	TRUE	TRUE	TRUE	TRUE	FALSE	FALSE	FALSE	FALSE	TRUE	FALSE	TRUE	TRUE	TRUE	TRUE	TRUE	TRUE	TRUE	TRUE	TRUE	TRUE	TRUE	TRUE	TRUE	TRUE	TRUE	TRUE	TRUE	TRUE	FALSE	FALSE	FALSE	FALSE	FALSE	FALSE	TRUE	TRUE		TRUE	TRUE	FALSE	FALSE	FALSE	FALSE	90	65	65	40	40	15	315	Pink	Quadruped		Oblivious	Own Tempo	Regenerator		190	63.33	Monster	Water 1	20	2560	Medium Fast	"1,000,000"	1.2	3′11″	36	79.4	50	63	1	0	0	0	0	0	1	50%	50%	1	0.5	0.5	2	2	0.5	0.5	1	1	1	0.5	2	1	2	1	2	0.5	1	174-1|33-1|45-3|55-6|281-9|93-12|50-15|352-18|29-21|428-24|133-27|57-30|303-33|94-36|244-39|240-42|505-45	36-TM|182-TM|352-TM|60-TM|886-TM|263-TM|523-TM|129-TM|196-TM|341-TM|500-TM|419-TM|203-TM|241-TM|240-TM|883-TM|473-TM|91-TM|428-TM|492-TM|34-TM|214-TM|113-TM|127-TM|447-TM|86-TM|156-TM|286-TM|285-TM|164-TM|271-TM|710-TM|247-TM|94-TM|57-TM|53-TM|133-TM|347-TM|270-TM|58-TM|678-TM|126-TM|56-TM|59-TM|89-TM|433-TM|851-TM|311-TM|244-TM|250-TM|797-TM|174-TM	562-EM|187-EM|335-EM|23-EM		
79		Galarian Slowpoke	Dopey Pokémon	Psychic																																	FALSE	FALSE	TRUE	TRUE	FALSE	FALSE				FALSE	FALSE	FALSE	FALSE	TRUE	TRUE	90	65	65	40	40	15	315	Pink	Quadruped		Gluttony	Own Tempo	Regenerator		190	63.33	Monster	Water 1	20	2560	Medium Fast	"1,000,000"	1.2	3′11″	36	79.4	50	63	1	0	0	0	0	0	1	50%	50%	1	1	1	1	1	1	0.5	1	1	1	0.5	2	1	2	1	2	1	1	174-1|33-1|45-3|51-6|281-9|93-12|50-15|352-18|29-21|428-24|133-27|57-30|303-33|94-36|244-39|240-42|505-45	36-TM|182-TM|352-TM|60-TM|886-TM|263-TM|523-TM|129-TM|196-TM|341-TM|500-TM|419-TM|203-TM|241-TM|240-TM|883-TM|473-TM|91-TM|428-TM|492-TM|34-TM|214-TM|113-TM|127-TM|447-TM|86-TM|156-TM|286-TM|285-TM|164-TM|271-TM|710-TM|247-TM|94-TM|57-TM|53-TM|133-TM|347-TM|270-TM|58-TM|678-TM|126-TM|56-TM|59-TM|89-TM|433-TM|851-TM|311-TM|244-TM|250-TM|797-TM|174-TM	562-EM|187-EM|335-EM|23-EM		
80	80	Slowbro	Hermit Crab Pokémon	Water	Psychic	TRUE	TRUE	TRUE	TRUE	TRUE	TRUE	TRUE	FALSE	FALSE	FALSE	FALSE	TRUE	FALSE	TRUE	TRUE	TRUE	TRUE	TRUE	TRUE	TRUE	TRUE	TRUE	TRUE	TRUE	TRUE	TRUE	TRUE	TRUE	TRUE	TRUE	TRUE	FALSE	FALSE	FALSE	FALSE	FALSE	FALSE	TRUE	TRUE		TRUE	TRUE	FALSE	FALSE	FALSE	FALSE	95	75	110	100	80	30	490	Pink	Bipedal+Tail		Oblivious	Own Tempo	Regenerator	Level 37	75	25	Monster	Water 1	20	2560	Medium Fast	"1,000,000"	1.6	5′03″	78.5	173.1	50	172	0	0	2	0	0	0	2	50%	50%	1	0.5	0.5	2	2	0.5	0.5	1	1	1	0.5	2	1	2	1	2	0.5	1	174-1|45-1|33-1|55-1|110-1|281-9|93-12|50-15|352-18|29-21|428-24|133-27|57-30|303-33|94-36|244-41|240-46|505-51	36-TM|182-TM|352-TM|60-TM|886-TM|263-TM|523-TM|129-TM|196-TM|341-TM|500-TM|374-TM|419-TM|203-TM|241-TM|240-TM|883-TM|473-TM|91-TM|280-TM|428-TM|492-TM|34-TM|8-TM|214-TM|409-TM|113-TM|127-TM|118-TM|447-TM|86-TM|156-TM|776-TM|286-TM|285-TM|164-TM|334-TM|271-TM|710-TM|247-TM|94-TM|57-TM|53-TM|133-TM|347-TM|270-TM|58-TM|678-TM|417-TM|126-TM|56-TM|59-TM|89-TM|416-TM|411-TM|433-TM|63-TM|851-TM|503-TM|264-TM|311-TM|244-TM|250-TM|330-TM|248-TM|797-TM|174-TM|917-TM	562-EM|187-EM|335-EM|23-EM		248-R
80		Galarian Slowbro	Hermit Crab Pokémon	Poison	Psychic																																FALSE	FALSE	TRUE	TRUE	FALSE	FALSE				FALSE	FALSE	FALSE	FALSE	TRUE	TRUE	95	100	95	100	70	30	490	Pink	Bipedal+Tail		Quick Draw	Own Tempo	Regenerator	Galarcia Cuff	75	25	Monster	Water 1	20	2560	Medium Fast	"1,000,000"	1.6	5′03″	70.5	155.4	50	172	0	2	0	0	0	0	2	50%	50%	1	1	1	1	0.5	1	0.25	0.5	2	1	1	1	1	2	1	2	1	0.5	51-1|174-1|45-1|33-1|110-1|281-9|93-12|50-15|352-18|29-21|428-24|133-27|57-30|303-33|94-36|244-39|240-42|505-45	36-TM|184-TM|182-TM|423-TM|352-TM|491-TM|60-TM|886-TM|263-TM|523-TM|129-TM|196-TM|341-TM|500-TM|374-TM|474-TM|419-TM|203-TM|241-TM|240-TM|201-TM|883-TM|473-TM|91-TM|280-TM|428-TM|492-TM|34-TM|8-TM|214-TM|409-TM|113-TM|350-TM|127-TM|118-TM|447-TM|86-TM|398-TM|156-TM|776-TM|286-TM|285-TM|408-TM|441-TM|164-TM|334-TM|271-TM|710-TM|247-TM|94-TM|57-TM|53-TM|133-TM|347-TM|270-TM|58-TM|678-TM|417-TM|126-TM|56-TM|59-TM|188-TM|89-TM|416-TM|411-TM|433-TM|63-TM|851-TM|114-TM|92-TM|479-TM|311-TM|244-TM|38-TM|250-TM|330-TM|482-TM|797-TM|174-TM	562-EM|187-EM|335-EM|23-EM	801-EV	248-R
80		Mega Slowbro	Hermit Crab Pokémon	Water	Psychic																								TRUE	TRUE	TRUE	TRUE	TRUE	TRUE	TRUE	TRUE																95	75	180	130	80	30	590	Pink	Head+Arms		Shell Armor			Slowbronite		0			20	2560	Medium Fast	"1,000,000"	2	6′07″	120	264.6	50	207	0	0	2	0	0	0	2	50%	50%	1	0.5	0.5	2	2	0.5	0.5	1	1	1	0.5	2	1	2	1	2	0.5	1					
81	81	Magnemite	Magnet Pokémon	Electric	Steel	TRUE	TRUE	TRUE	TRUE	TRUE	TRUE	TRUE	TRUE	TRUE	TRUE	TRUE	TRUE	TRUE	TRUE	TRUE	TRUE	TRUE	TRUE	TRUE	TRUE	TRUE	TRUE	TRUE	TRUE	TRUE	TRUE	TRUE	TRUE	TRUE	TRUE	TRUE	FALSE	FALSE	TRUE	TRUE	FALSE	FALSE	TRUE	TRUE	TRUE	TRUE	TRUE	FALSE	FALSE	TRUE	TRUE	25	35	70	95	55	45	325	Gray	Head+Arms		Magnet Pull	Sturdy	Analytic		190	63.33	Mineral		20	2560	Medium Fast	"1,000,000"	0.3	1′00″	6	13.2	50	65	0	0	0	1	0	0	1	Unknown		0.5	2	1	0.5	0.5	0.5	2	0	4	0.25	0.5	0.5	0.5	1	0.5	1	0.25	0.5	33-1|84-1|48-4|86-8|486-12|360-16|209-20|103-24|393-28|430-32|435-36|319-40|113-44|199-48|192-52	36-TM|182-TM|109-TM|451-TM|263-TM|129-TM|203-TM|521-TM|241-TM|240-TM|201-TM|214-TM|486-TM|115-TM|113-TM|86-TM|156-TM|430-TM|598-TM|442-TM|164-TM|334-TM|484-TM|85-TM|270-TM|604-TM|528-TM|87-TM|796-TM|851-TM|268-TM|356-TM|360-TM|527-TM|319-TM	527-EM|153-EM		
82	82	Magneton	Magnet Pokémon	Electric	Steel	TRUE	TRUE	TRUE	TRUE	TRUE	TRUE	TRUE	TRUE	TRUE	TRUE	TRUE	TRUE	TRUE	TRUE	TRUE	TRUE	TRUE	TRUE	TRUE	TRUE	TRUE	TRUE	TRUE	TRUE	TRUE	TRUE	TRUE	TRUE	TRUE	TRUE	TRUE	FALSE	FALSE	TRUE	TRUE	FALSE	FALSE	TRUE	TRUE	TRUE	TRUE	TRUE	FALSE	FALSE	TRUE	TRUE	50	60	95	120	70	70	465	Gray	Multiple Bodies		Magnet Pull	Sturdy	Analytic	Level 30	60	20	Mineral		20	2560	Medium Fast	"1,000,000"	1	3′03″	60	132.3	50	163	0	0	0	2	0	0	2	Unknown		0.5	2	1	0.5	0.5	0.5	2	0	4	0.25	0.5	0.5	0.5	1	0.5	1	0.25	0.5	604-1|48-1|33-1|84-1|86-1|486-12|360-16|209-20|103-24|393-28|430-34|435-40|319-46|113-52|199-58|192-64	36-TM|182-TM|109-TM|451-TM|263-TM|129-TM|203-TM|521-TM|241-TM|240-TM|201-TM|214-TM|486-TM|115-TM|113-TM|86-TM|156-TM|430-TM|598-TM|442-TM|164-TM|334-TM|484-TM|85-TM|270-TM|604-TM|528-TM|63-TM|87-TM|796-TM|851-TM|268-TM|356-TM|360-TM|527-TM|319-TM	527-EM|153-EM	161-EV	
83	83	Farfetch'd	Wild Duck Pokémon	Normal	Flying	TRUE	TRUE	TRUE	TRUE	TRUE	TRUE	TRUE	FALSE	FALSE	FALSE	TRUE	TRUE	TRUE	TRUE	TRUE	TRUE	TRUE	TRUE	TRUE	TRUE	TRUE	TRUE	TRUE	FALSE	FALSE	FALSE	FALSE	FALSE	FALSE	TRUE	TRUE	FALSE	FALSE	TRUE	TRUE	FALSE	FALSE	TRUE	TRUE								52	90	55	58	62	60	377	Brown	1 Pair of Wings		Keen Eye	Inner Focus	Defiant		45	15	Flying	Field	20	2560	Medium Fast	"1,000,000"	0.8	2′07″	15	33.1	50	132	0	1	0	0	0	0	1	50%	50%	1	1	1	2	0.5	2	1	1	0	1	1	0.5	2	0	1	1	1	1					
83		Galarian Farfetch'd	Wild Duck Pokémon	Fighting																																	TRUE	FALSE	FALSE	FALSE	FALSE	FALSE										52	95	55	58	62	55	377	Brown	1 Pair of Wings		Steadfast		Scrappy		45	15	Flying	Field	20	2560	Medium Fast	"1,000,000"	0.8	2′07″	42	92.6	50	132	0	1	0	0	0	0	1	50%	50%	1	1	1	1	1	1	1	1	1	2	2	0.5	0.5	1	1	0.5	1	2					
84	84	Doduo	Twin Bird Pokémon	Normal	Flying	TRUE	TRUE	TRUE	TRUE	TRUE	TRUE	TRUE	TRUE	TRUE	TRUE	TRUE	TRUE	TRUE	TRUE	TRUE	TRUE	TRUE	TRUE	TRUE	TRUE	TRUE	TRUE	TRUE	TRUE	TRUE	FALSE	FALSE	FALSE	FALSE	TRUE	TRUE							TRUE	TRUE		FALSE	FALSE	FALSE	FALSE	TRUE	TRUE	35	85	45	35	35	75	310	Brown	Head+Legs		Run Away	Early Bird	Tangled Feet		190	63.33	Flying		20	2560	Medium Fast	"1,000,000"	1.4	4′07″	39.2	86.4	50	62	0	1	0	0	0	0	1	50%	50%	1	1	1	2	0.5	2	1	1	0	1	1	0.5	2	0	1	1	1	1	45-1|64-1|98-5|31-9|365-14|458-19|97-23|253-27|367-30|14-33|65-36|283-39|37-43	36-TM|97-TM|189-TM|182-TM|67-TM|512-TM|168-TM|263-TM|332-TM|129-TM|203-TM|241-TM|240-TM|34-TM|214-TM|156-TM|14-TM|164-TM|366-TM|270-TM|226-TM|413-TM|851-TM|282-TM|679-TM|253-TM|38-TM|283-TM|297-TM|675-TM	372-EM|175-EM|143-EM|18-EM		
85	85	Dodrio	Triple Bird Pokémon	Normal	Flying	TRUE	TRUE	TRUE	TRUE	TRUE	TRUE	TRUE	TRUE	TRUE	TRUE	TRUE	TRUE	TRUE	TRUE	TRUE	TRUE	TRUE	TRUE	TRUE	TRUE	TRUE	TRUE	TRUE	TRUE	TRUE	FALSE	FALSE	FALSE	FALSE	TRUE	TRUE							TRUE	TRUE		FALSE	FALSE	FALSE	FALSE	TRUE	TRUE	60	110	70	60	60	110	470	Brown	Head+Legs		Run Away	Early Bird	Tangled Feet	Level 31	45	15	Flying		20	2560	Medium Fast	"1,000,000"	1.8	5′11″	85.2	187.8	50	165	0	2	0	0	0	0	2	50%	50%	1	1	1	2	0.5	2	1	1	0	1	1	0.5	2	0	1	1	1	1	45-1|64-1|98-1|31-12|365-15|458-19|97-23|253-26|367-30|14-34|65-38|283-43|37-50	36-TM|97-TM|189-TM|184-TM|182-TM|67-TM|512-TM|168-TM|885-TM|884-TM|263-TM|332-TM|129-TM|203-TM|241-TM|240-TM|34-TM|214-TM|707-TM|156-TM|269-TM|14-TM|19-TM|164-TM|529-TM|366-TM|270-TM|226-TM|416-TM|63-TM|413-TM|851-TM|282-TM|679-TM|253-TM|38-TM|283-TM|297-TM|675-TM		161-EV	
86	86	Seel	Sea Lion Pokémon	Water		TRUE	TRUE	TRUE	TRUE	TRUE	TRUE	TRUE	FALSE	FALSE	FALSE	TRUE	TRUE	TRUE	FALSE	TRUE	TRUE	TRUE	TRUE	TRUE	TRUE	TRUE	TRUE	TRUE	TRUE	TRUE	FALSE	FALSE	TRUE	TRUE	TRUE	TRUE							TRUE	TRUE		FALSE	FALSE	FALSE	FALSE	TRUE	TRUE	65	45	55	45	70	45	325	White	Fins		Thick Fat	Hydration	Ice Body		190	63.33	Water 1	Field	20	2560	Medium Fast	"1,000,000"	1.1	3′07″	90	198.4	50	65	0	0	0	0	1	0	1	50%	50%	1	0.5	0.5	2	2	0.5	1	1	1	1	1	1	1	1	1	1	0.5	1	29-1|45-3|204-7|196-11|227-13|420-17|156-21|392-23|62-27|453-31|362-33|36-37|291-41|401-43|58-47|219-51|883-53	36-TM|204-TM|182-TM|352-TM|168-TM|886-TM|263-TM|196-TM|374-TM|419-TM|203-TM|240-TM|883-TM|684-TM|34-TM|214-TM|127-TM|156-TM|164-TM|529-TM|227-TM|57-TM|861-TM|270-TM|58-TM|56-TM|59-TM|851-TM|114-TM|333-TM|253-TM|311-TM|812-TM|38-TM|250-TM|330-TM|813-TM|174-TM	562-EM|50-EM|494-EM|252-EM|32-EM|122-EM|195-EM|255-EM|254-EM|256-EM		
87	87	Dewgong	Sea Lion Pokémon	Water	Ice	TRUE	TRUE	TRUE	TRUE	TRUE	TRUE	TRUE	FALSE	FALSE	FALSE	TRUE	TRUE	TRUE	FALSE	TRUE	TRUE	TRUE	TRUE	TRUE	TRUE	TRUE	TRUE	TRUE	TRUE	TRUE	FALSE	FALSE	TRUE	TRUE	TRUE	TRUE							TRUE	TRUE		FALSE	FALSE	FALSE	FALSE	TRUE	TRUE	90	70	80	70	95	70	475	White	Fins		Thick Fat	Hydration	Ice Body	Level 34	75	25	Water 1	Field	20	2560	Medium Fast	"1,000,000"	1.7	5′07″	120	264.6	50	166	0	0	0	0	2	0	2	50%	50%	1	1	0.5	2	2	0.25	2	1	1	1	1	1	2	1	1	1	1	1	45-1|29-1|196-1|227-13|420-17|156-21|392-23|62-27|453-31|362-33|36-39|291-45|401-49|58-55|219-61|883-65	36-TM|204-TM|182-TM|352-TM|168-TM|886-TM|263-TM|196-TM|374-TM|419-TM|203-TM|240-TM|883-TM|684-TM|34-TM|214-TM|127-TM|156-TM|164-TM|529-TM|710-TM|227-TM|57-TM|861-TM|583-TM|270-TM|58-TM|56-TM|59-TM|416-TM|63-TM|851-TM|114-TM|282-TM|333-TM|253-TM|311-TM|812-TM|38-TM|283-TM|250-TM|330-TM|813-TM|174-TM|914-TM		329-EV	
88	88	Grimer	Sludge Pokémon	Poison		TRUE	TRUE	TRUE	TRUE	TRUE	TRUE	TRUE	TRUE	TRUE	TRUE	TRUE	TRUE	TRUE	TRUE	TRUE	TRUE	TRUE	FALSE	FALSE	TRUE	TRUE	TRUE	TRUE	TRUE	TRUE	FALSE	FALSE	FALSE	FALSE	TRUE	FALSE							TRUE	TRUE		TRUE	TRUE	FALSE	FALSE	FALSE	FALSE	80	80	50	40	50	25	325	Purple	Head+Arms		Stench	Sticky Hold	Poison Touch		190	63.33	Amorphous		20	2560	Medium Fast	"1,000,000"	0.9	2′11″	30	66.1	50	65	1	0	0	0	0	0	1	50%	50%	1	1	1	1	0.5	1	0.5	0.5	2	1	2	0.5	1	1	1	1	1	0.5	139-1|1-1|106-4|189-7|50-12|124-15|341-18|107-21|92-26|188-29|482-32|103-37|441-40|151-43|562-46|262-48	36-TM|189-TM|184-TM|182-TM|491-TM|109-TM|168-TM|263-TM|506-TM|341-TM|317-TM|374-TM|474-TM|203-TM|241-TM|240-TM|201-TM|91-TM|428-TM|34-TM|7-TM|9-TM|8-TM|214-TM|409-TM|118-TM|398-TM|156-TM|157-TM|269-TM|286-TM|441-TM|164-TM|202-TM|247-TM|53-TM|85-TM|270-TM|126-TM|188-TM|87-TM|851-TM|114-TM|92-TM|220-TM|482-TM|174-TM	491-EM|174-EM|114-EM|212-EM|325-EM|425-EM|255-EM|254-EM|256-EM		
88		Alolan Grimer	Sludge Pokémon	Poison	Dark																										TRUE	TRUE	TRUE	TRUE	TRUE	FALSE										FALSE	FALSE	FALSE	FALSE	TRUE	TRUE	80	80	50	40	50	25	325	Green	Head+Arms		Poison Touch	Gluttony	Power of Alchemy		190	63.33	Amorphous		20	2560	Medium Fast	"1,000,000"	0.7	2′04″	42	92.6	50	65	1	0	0	0	0	0	1	50%	50%	1	1	1	1	0.5	1	1	0.5	2	1	0	1	1	0.5	1	0.5	1	1	139-1|1-1|106-4|44-7|50-12|491-15|305-18|107-21|92-26|282-29|242-32|103-37|441-40|151-43|562-46|262-48	36-TM|189-TM|184-TM|182-TM|491-TM|168-TM|263-TM|506-TM|555-TM|129-TM|341-TM|317-TM|374-TM|474-TM|203-TM|241-TM|240-TM|201-TM|91-TM|280-TM|428-TM|34-TM|7-TM|9-TM|8-TM|214-TM|409-TM|118-TM|398-TM|156-TM|157-TM|269-TM|286-TM|399-TM|441-TM|164-TM|242-TM|202-TM|247-TM|53-TM|85-TM|270-TM|126-TM|188-TM|444-TM|416-TM|63-TM|87-TM|851-TM|92-TM|180-TM|282-TM|220-TM|482-TM|174-TM	372-EM|499-EM|174-EM|212-EM|278-EM|425-EM|255-EM|180-EM|254-EM|256-EM		
89	89	Muk	Sludge Pokémon	Poison		TRUE	TRUE	TRUE	TRUE	TRUE	TRUE	TRUE	TRUE	TRUE	TRUE	TRUE	TRUE	TRUE	TRUE	TRUE	TRUE	TRUE	FALSE	FALSE	TRUE	TRUE	TRUE	TRUE	TRUE	TRUE	FALSE	FALSE	FALSE	FALSE	TRUE	FALSE							TRUE	TRUE		TRUE	TRUE	FALSE	FALSE	FALSE	FALSE	105	105	75	65	100	50	500	Purple	Head+Arms		Stench	Sticky Hold	Poison Touch	Level 38	75	25	Amorphous		20	2560	Medium Fast	"1,000,000"	1.2	3′11″	30	66.1	50	175	1	1	0	0	0	0	2	50%	50%	1	1	1	1	0.5	1	0.5	0.5	2	1	2	0.5	1	1	1	1	1	0.5	106-1|189-1|139-1|1-1|50-12|124-15|341-18|107-21|92-26|188-29|482-32|103-37|441-40|151-46|562-52|262-57	36-TM|189-TM|184-TM|182-TM|491-TM|109-TM|168-TM|263-TM|506-TM|129-TM|341-TM|317-TM|374-TM|474-TM|203-TM|241-TM|240-TM|201-TM|91-TM|280-TM|428-TM|34-TM|7-TM|9-TM|8-TM|214-TM|409-TM|118-TM|398-TM|156-TM|157-TM|269-TM|390-TM|286-TM|399-TM|441-TM|164-TM|202-TM|247-TM|53-TM|85-TM|270-TM|126-TM|188-TM|416-TM|411-TM|63-TM|87-TM|851-TM|114-TM|92-TM|180-TM|282-TM|679-TM|264-TM|808-TM|220-TM|482-TM|174-TM	491-EM|174-EM|114-EM|212-EM|325-EM|425-EM|255-EM|254-EM|256-EM		
89		Alolan Muk	Sludge Pokémon	Poison	Dark																										TRUE	TRUE	TRUE	TRUE	TRUE	FALSE										FALSE	FALSE	FALSE	FALSE	TRUE	TRUE	105	105	75	65	100	50	500	Green	Head+Arms		Poison Touch	Gluttony	Power of Alchemy	Level 38	75	25	Amorphous		20	2560	Medium Fast	"1,000,000"	1	3′03″	52	114.6	50	175	1	1	0	0	0	0	2	50%	50%	1	1	1	1	0.5	1	1	0.5	2	1	0	1	1	0.5	1	0.5	1	1	44-1|106-1|139-1|1-1|50-12|491-15|305-18|107-21|92-26|282-29|242-32|103-37|441-40|151-46|562-52|262-57	36-TM|189-TM|184-TM|182-TM|491-TM|168-TM|263-TM|506-TM|555-TM|129-TM|341-TM|317-TM|374-TM|474-TM|203-TM|241-TM|240-TM|201-TM|91-TM|280-TM|428-TM|34-TM|7-TM|9-TM|8-TM|214-TM|409-TM|118-TM|398-TM|156-TM|157-TM|269-TM|286-TM|399-TM|441-TM|164-TM|242-TM|202-TM|247-TM|53-TM|85-TM|270-TM|126-TM|188-TM|444-TM|416-TM|411-TM|63-TM|87-TM|851-TM|114-TM|92-TM|180-TM|282-TM|264-TM|808-TM|220-TM|482-TM|174-TM			
90	90	Shellder	Bivalve Pokémon	Water		TRUE	TRUE	TRUE	TRUE	TRUE	TRUE	TRUE	FALSE	FALSE	FALSE	TRUE	FALSE	TRUE	TRUE	TRUE	TRUE	TRUE	TRUE	TRUE	TRUE	TRUE	FALSE	TRUE	FALSE	FALSE	TRUE	TRUE	TRUE	TRUE	TRUE	TRUE	TRUE	TRUE	TRUE	TRUE	FALSE	FALSE	TRUE	TRUE		TRUE	TRUE	FALSE	FALSE	FALSE	FALSE	30	65	100	45	25	40	305	Purple	Head		Shell Armor	Skill Link	Overcoat		190	63.33	Water 3		20	2560	Slow	"1,250,000"	0.3	1′00″	4	8.8	50	61	0	0	1	0	0	0	1	50%	50%	1	0.5	0.5	2	2	0.5	1	1	1	1	1	1	1	1	1	1	0.5	1	33-1|55-1|110-4|420-8|43-12|250-16|48-20|62-24|182-28|534-32|334-36|58-40|504-44|56-48	36-TM|182-TM|352-TM|886-TM|263-TM|129-TM|196-TM|341-TM|419-TM|203-TM|240-TM|883-TM|214-TM|350-TM|127-TM|156-TM|191-TM|390-TM|164-TM|334-TM|710-TM|57-TM|861-TM|270-TM|58-TM|56-TM|59-TM|851-TM|333-TM|250-TM	392-EM|61-EM|791-EM|352-EM		
91	91	Cloyster	Bivalve Pokémon	Water	Ice	TRUE	TRUE	TRUE	TRUE	TRUE	TRUE	TRUE	FALSE	FALSE	FALSE	TRUE	FALSE	TRUE	TRUE	TRUE	TRUE	TRUE	TRUE	TRUE	TRUE	TRUE	FALSE	TRUE	FALSE	FALSE	TRUE	TRUE	TRUE	TRUE	TRUE	TRUE	TRUE	TRUE	TRUE	TRUE	FALSE	FALSE	TRUE	TRUE		TRUE	TRUE	FALSE	FALSE	FALSE	FALSE	50	95	180	85	45	70	525	Purple	Head		Shell Armor	Skill Link	Overcoat	Water Stone	60	20	Water 3		20	2560	Slow	"1,250,000"	1.5	4′11″	132.5	292.1	50	184	0	0	2	0	0	0	2	50%	50%	1	1	0.5	2	2	0.25	2	1	1	1	1	1	2	1	1	1	1	1	62-1|56-1|58-1|420-1|556-1|334-1|43-1|182-1|504-1|191-1|48-1|33-1|390-1|55-1|250-1|110-1|534-5	36-TM|184-TM|182-TM|352-TM|886-TM|263-TM|129-TM|196-TM|341-TM|419-TM|203-TM|240-TM|883-TM|684-TM|34-TM|214-TM|113-TM|350-TM|127-TM|398-TM|156-TM|191-TM|390-TM|164-TM|334-TM|529-TM|710-TM|57-TM|861-TM|270-TM|58-TM|56-TM|59-TM|416-TM|63-TM|851-TM|333-TM|311-TM|250-TM	392-EM|61-EM|791-EM|352-EM	333-EV	
92	92	Gastly	Gas Pokémon	Ghost	Poison	TRUE	TRUE	TRUE	TRUE	TRUE	TRUE	TRUE	FALSE	FALSE	FALSE	TRUE	TRUE	TRUE	TRUE	TRUE	TRUE	TRUE	TRUE	TRUE	FALSE	FALSE	TRUE	TRUE	FALSE	FALSE	TRUE	TRUE	TRUE	TRUE	TRUE	TRUE	TRUE	TRUE	FALSE	FALSE	FALSE	FALSE	TRUE	TRUE	TRUE	TRUE	TRUE	TRUE	TRUE	FALSE	FALSE	30	35	30	100	35	80	310	Purple	Head		Levitate				190	63.33	Amorphous		20	2560	Medium Slow	"1,059,860"	1.3	4′03″	0.1	0.2	50	62	0	0	0	1	0	0	1	50%	50%	0	1	1	1	0.5	1	0	0.25	2	1	2	0.25	1	2	1	2	1	0.5	109-1|122-1|95-4|212-8|371-12|180-16|174-20|506-24|101-28|389-32|399-36|247-40|194-44|138-48	184-TM|182-TM|491-TM|109-TM|168-TM|263-TM|506-TM|196-TM|101-TM|474-TM|203-TM|241-TM|240-TM|492-TM|7-TM|9-TM|8-TM|214-TM|605-TM|398-TM|156-TM|269-TM|286-TM|399-TM|285-TM|441-TM|164-TM|261-TM|271-TM|202-TM|247-TM|412-TM|94-TM|85-TM|417-TM|188-TM|433-TM|87-TM|851-TM|114-TM|92-TM|180-TM|809-TM|220-TM|244-TM|482-TM|806-TM|174-TM	310-EM|499-EM|50-EM|114-EM|195-EM|513-EM|123-EM|92-EM		
93	93	Haunter	Gas Pokémon	Ghost	Poison	TRUE	TRUE	TRUE	TRUE	TRUE	TRUE	TRUE	FALSE	FALSE	FALSE	TRUE	TRUE	TRUE	TRUE	TRUE	TRUE	TRUE	TRUE	TRUE	FALSE	FALSE	TRUE	TRUE	FALSE	FALSE	TRUE	TRUE	TRUE	TRUE	TRUE	TRUE	TRUE	TRUE	FALSE	FALSE	FALSE	FALSE	TRUE	TRUE	TRUE	TRUE	TRUE	TRUE	TRUE	FALSE	FALSE	45	50	45	115	55	95	405	Purple	Head+Arms		Levitate			Level 25	90	30	Amorphous		20	2560	Medium Slow	"1,059,860"	1.6	5′03″	0.1	0.2	50	142	0	0	0	2	0	0	2	50%	50%	0	1	1	1	0.5	1	0	0.25	2	1	2	0.25	1	2	1	2	1	0.5	109-1|95-1|122-1|212-1|371-12|180-16|174-20|506-24|101-30|389-36|399-42|247-48|194-54|138-60	184-TM|182-TM|491-TM|109-TM|168-TM|263-TM|506-TM|196-TM|101-TM|374-TM|474-TM|203-TM|241-TM|240-TM|421-TM|492-TM|7-TM|9-TM|8-TM|214-TM|605-TM|118-TM|398-TM|156-TM|269-TM|390-TM|286-TM|399-TM|285-TM|441-TM|164-TM|261-TM|271-TM|202-TM|247-TM|412-TM|94-TM|227-TM|85-TM|417-TM|188-TM|566-TM|411-TM|433-TM|87-TM|851-TM|114-TM|92-TM|180-TM|809-TM|220-TM|244-TM|482-TM|806-TM|174-TM	310-EM|499-EM|50-EM|114-EM|195-EM|513-EM|123-EM|92-EM	325-EV	
94		GMAX Gengar	Shadow Pokémon	Ghost	Poison																																TRUE	TRUE	TRUE	TRUE	TRUE	TRUE										60	65	60	130	75	110	500	Purple	Bipedal+Tail		Cursed Body			GMAX Factor	3	1			20	2560	Medium Slow	"1,059,860"	20	"65'7"""	???	???	50	0	0	0	0	0	0	0	0	50%	50%	0	1	1	1	0.5	1	0	0.25	2	1	2	0.25	1	2	1	2	1	0.5					
94	94	Gengar	Shadow Pokémon	Ghost	Poison	TRUE	TRUE	TRUE	TRUE	TRUE	TRUE	TRUE	FALSE	FALSE	FALSE	TRUE	TRUE	TRUE	TRUE	TRUE	TRUE	TRUE	TRUE	TRUE	FALSE	FALSE	TRUE	TRUE	FALSE	FALSE	TRUE	TRUE	TRUE	TRUE	TRUE	TRUE	TRUE	TRUE	FALSE	FALSE	FALSE	FALSE	TRUE	TRUE	TRUE	TRUE	TRUE	TRUE	TRUE	FALSE	FALSE	60	65	60	130	75	110	500	Purple	Bipedal+Tail		Cursed Body			Trade	45	15	Amorphous		20	2560	Medium Slow	"1,059,860"	1.5	4′11″	40.5	89.3	50	250	0	0	0	3	0	0	3	50%	50%	0	1	1	1	0.5	1	0	0.25	2	1	2	0.25	1	2	1	2	1	0.5	109-1|95-1|122-1|212-1|195-1|513-1|325-1|371-12|180-16|174-20|506-24|101-30|389-36|399-42|247-48|194-54|138-60	184-TM|182-TM|491-TM|109-TM|168-TM|263-TM|506-TM|196-TM|101-TM|374-TM|474-TM|203-TM|241-TM|240-TM|280-TM|421-TM|492-TM|34-TM|7-TM|9-TM|8-TM|214-TM|409-TM|605-TM|118-TM|86-TM|398-TM|156-TM|269-TM|390-TM|286-TM|399-TM|285-TM|441-TM|164-TM|261-TM|271-TM|202-TM|247-TM|412-TM|94-TM|227-TM|85-TM|417-TM|188-TM|566-TM|416-TM|411-TM|433-TM|63-TM|87-TM|851-TM|114-TM|92-TM|180-TM|282-TM|264-TM|809-TM|220-TM|244-TM|482-TM|806-TM|174-TM|917-TM	310-EM|499-EM|50-EM|114-EM|195-EM|513-EM|123-EM|92-EM		
94		Mega Gengar	Shadow Pokémon	Ghost	Poison																						TRUE	TRUE	FALSE	FALSE	TRUE	TRUE	TRUE	TRUE	TRUE	TRUE																60	65	80	170	95	130	600	Purple	Bipedal+Tail		Shadow Tag					0			20	2560	Medium Slow	"1,059,860"	1.4	4′07″	40.5	89.3	50	300	0	0	0	3	0	0	3	50%	50%	0	1	1	1	0.5	1	0	0.25	2	1	2	0.25	1	2	1	2	1	0.5					
95	95	Onix	Rock Snake Pokémon	Rock	Ground	TRUE	TRUE	TRUE	TRUE	TRUE	TRUE	TRUE	FALSE	FALSE	FALSE	TRUE	TRUE	TRUE	TRUE	TRUE	TRUE	TRUE	TRUE	TRUE	TRUE	TRUE	TRUE	TRUE	TRUE	TRUE	FALSE	FALSE	TRUE	TRUE	TRUE	TRUE	TRUE	TRUE	FALSE	FALSE	FALSE	FALSE	TRUE	TRUE	TRUE							35	45	160	30	45	70	385	Gray	Serpentine		Rock Head	Sturdy	Weak Armor		45	15	Mineral		25	3200	Medium Fast	"1,000,000"	8.8	28′10″	210	463	50	77	0	0	1	0	0	0	1	50%	50%	0.5	0.5	4	0	4	2	2	0.25	2	0.5	1	1	0.5	1	1	1	2	1					
96	96	Drowzee	Hypnosis Pokémon	Psychic		TRUE	TRUE	TRUE	TRUE	TRUE	TRUE	TRUE	FALSE	FALSE	FALSE	TRUE	TRUE	TRUE	TRUE	TRUE	TRUE	TRUE	FALSE	FALSE	TRUE	TRUE	TRUE	TRUE	TRUE	TRUE	TRUE	TRUE	TRUE	TRUE	TRUE	TRUE							TRUE	TRUE		TRUE	TRUE	FALSE	FALSE	FALSE	FALSE	60	48	45	43	90	42	328	Yellow	Bipedal+Tailless		Insomnia	Forewarn	Inner Focus		190	63.33	Human-Like		20	2560	Medium Fast	"1,000,000"	1	3′03″	32.4	71.4	50	66	0	0	0	0	1	0	1	50%	50%	1	1	1	1	1	1	0.5	1	1	1	0.5	2	1	2	1	2	1	1	95-1|1-1|50-5|93-9|29-13|139-17|60-21|244-25|428-29|207-33|94-37|417-41|473-45|248-49	36-TM|182-TM|67-TM|60-TM|168-TM|885-TM|263-TM|129-TM|577-TM|490-TM|500-TM|101-TM|374-TM|203-TM|241-TM|240-TM|473-TM|280-TM|428-TM|492-TM|34-TM|7-TM|9-TM|8-TM|214-TM|409-TM|115-TM|113-TM|605-TM|118-TM|447-TM|86-TM|156-TM|269-TM|286-TM|285-TM|164-TM|271-TM|247-TM|94-TM|227-TM|347-TM|270-TM|678-TM|417-TM|411-TM|433-TM|851-TM|114-TM|92-TM|282-TM|264-TM|244-TM|38-TM|283-TM|248-TM|797-TM|174-TM|917-TM	7-EM|260-EM|385-EM|8-EM|471-EM|427-EM|272-EM|9-EM		
97	97	Hypno	Hypnosis Pokémon	Psychic		TRUE	TRUE	TRUE	TRUE	TRUE	TRUE	TRUE	FALSE	FALSE	FALSE	TRUE	TRUE	TRUE	TRUE	TRUE	TRUE	TRUE	FALSE	FALSE	TRUE	TRUE	TRUE	TRUE	TRUE	TRUE	TRUE	TRUE	TRUE	TRUE	TRUE	TRUE							TRUE	TRUE		TRUE	TRUE	FALSE	FALSE	FALSE	FALSE	85	73	70	73	115	67	483	Yellow	Bipedal+Tailless		Insomnia	Forewarn	Inner Focus	Level 26	75	25	Human-Like		20	2560	Medium Fast	"1,000,000"	1.6	5′03″	75.6	166.7	50	169	0	0	0	0	2	0	2	50%	50%	1	1	1	1	1	1	0.5	1	1	1	0.5	2	1	2	1	2	1	1	93-1|50-1|95-1|1-1|415-1|29-13|139-17|60-21|244-25|428-32|207-37|94-42|417-47|473-51|248-56	36-TM|184-TM|182-TM|67-TM|60-TM|109-TM|168-TM|885-TM|263-TM|506-TM|129-TM|577-TM|490-TM|500-TM|101-TM|374-TM|203-TM|241-TM|240-TM|473-TM|280-TM|428-TM|492-TM|34-TM|7-TM|9-TM|8-TM|214-TM|409-TM|115-TM|113-TM|605-TM|118-TM|447-TM|86-TM|156-TM|269-TM|776-TM|286-TM|285-TM|164-TM|271-TM|247-TM|94-TM|227-TM|347-TM|270-TM|226-TM|678-TM|417-TM|416-TM|411-TM|433-TM|63-TM|851-TM|114-TM|92-TM|282-TM|264-TM|244-TM|38-TM|283-TM|248-TM|797-TM|174-TM|917-TM	7-EM|260-EM|385-EM|8-EM|471-EM|427-EM|272-EM|9-EM		
98	98	Krabby	River Crab Pokémon	Water		TRUE	TRUE	TRUE	TRUE	TRUE	TRUE	TRUE	FALSE	FALSE	FALSE	TRUE	TRUE	TRUE	TRUE	TRUE	TRUE	TRUE	TRUE	TRUE	TRUE	TRUE	TRUE	TRUE	TRUE	TRUE	FALSE	FALSE	FALSE	FALSE	TRUE	TRUE	TRUE	TRUE	TRUE	TRUE	FALSE	FALSE	TRUE	TRUE								30	105	90	25	25	50	325	Red	Insectoid		Hyper Cutter	Shell Armor	Sheer Force		225	75	Water 3		20	2560	Medium Fast	"1,000,000"	0.4	1′04″	6.5	14.3	50	65	0	1	0	0	0	0	1	50%	50%	1	0.5	0.5	2	2	0.5	1	1	1	1	1	1	1	1	1	1	0.5	1					
99		GMAX Kingler	Pincer Pokémon	Water																																	TRUE	TRUE	TRUE	TRUE	TRUE	TRUE										55	130	115	50	50	75	475	Red	Insectoid		Hyper Cutter	Shell Armor	Sheer Force	GMAX Factor	3	1					Medium Fast	"1,000,000"	19	"62'4"""	???	???	50	0	0	0	0	0	0	0	0	50%	50%	1	0.5	0.5	2	2	0.5	1	1	1	1	1	1	1	1	1	1	0.5	1					
99	99	Kingler	Pincer Pokémon	Water		TRUE	TRUE	TRUE	TRUE	TRUE	TRUE	TRUE	FALSE	FALSE	FALSE	TRUE	TRUE	TRUE	TRUE	TRUE	TRUE	TRUE	TRUE	TRUE	TRUE	TRUE	TRUE	TRUE	TRUE	TRUE	FALSE	FALSE	FALSE	FALSE	TRUE	TRUE	TRUE	TRUE	TRUE	TRUE	FALSE	FALSE	TRUE	TRUE								55	130	115	50	50	75	475	Red	Insectoid		Hyper Cutter	Shell Armor	Sheer Force	Level 28	60	20	Water 3		20	2560	Medium Fast	"1,000,000"	1.3	4′03″	60	132.3	50	166	0	2	0	0	0	0	2	50%	50%	1	0.5	0.5	2	2	0.5	1	1	1	1	1	1	1	1	1	1	0.5	1					
100	100	Voltorb	Ball Pokémon	Electric		TRUE	TRUE	TRUE	TRUE	TRUE	TRUE	TRUE	TRUE	TRUE	TRUE	TRUE	TRUE	TRUE	TRUE	TRUE	TRUE	TRUE	FALSE	FALSE	FALSE	FALSE	TRUE	TRUE	TRUE	TRUE	FALSE	FALSE	TRUE	TRUE	TRUE	TRUE							TRUE	TRUE		TRUE	TRUE	FALSE	FALSE	FALSE	FALSE	40	30	50	55	55	100	330	Red	Head		Soundproof	Static	Aftermath		190	63.33	Mineral		20	2560	Medium Fast	"1,000,000"	0.5	1′08″	10.4	22.9	50	66	0	0	0	0	0	1	1	Unknown		1	1	1	0.5	1	1	1	1	2	0.5	1	1	1	1	1	1	0.5	1	268-1|33-1|84-4|598-6|209-9|205-11|103-13|451-16|129-20|486-22|120-26|113-29|393-34|435-37|153-41|360-46|243-50	36-TM|97-TM|182-TM|168-TM|451-TM|263-TM|129-TM|203-TM|521-TM|240-TM|492-TM|214-TM|486-TM|113-TM|86-TM|156-TM|269-TM|598-TM|164-TM|85-TM|270-TM|604-TM|528-TM|87-TM|851-TM|268-TM|360-TM|38-TM|527-TM|319-TM	319-EM|278-EM		
100		Hisuian Voltorb	Sphere Pokémon	Electric	Grass																																								TRUE	FALSE	FALSE	FALSE	FALSE	FALSE	FALSE	40	30	50	55	55	100	330	Red	Head		Soundproof	Static	Aftermath		190	63.33	Mineral		20	2560	Medium Fast	"1,000,000"	0.5	1′08″	13	28.7	50	66	0	0	0	0	0	1	1	Unknown		1	2	0.5	0.25	0.5	2	1	2	1	1	1	2	1	1	1	1	0.5	1	268-1|33-1|84-4|78-6|331-9|205-11|103-13|451-16|129-20|486-22|120-26|412-29|435-34|402-34|153-41|360-46|580-50	36-TM|97-TM|182-TM|168-TM|451-TM|263-TM|129-TM|203-TM|521-TM|240-TM|331-TM|492-TM|214-TM|402-TM|486-TM|115-TM|447-TM|86-TM|156-TM|269-TM|164-TM|202-TM|412-TM|85-TM|604-TM|580-TM|528-TM|437-TM|87-TM|76-TM|851-TM|268-TM|360-TM|803-TM|38-TM|527-TM	73-EM|278-EM|388-EM		
101	101	Electrode	Ball Pokémon	Electric		TRUE	TRUE	TRUE	TRUE	TRUE	TRUE	TRUE	TRUE	TRUE	TRUE	TRUE	TRUE	TRUE	TRUE	TRUE	TRUE	TRUE	FALSE	FALSE	FALSE	FALSE	TRUE	TRUE	TRUE	TRUE	FALSE	FALSE	TRUE	TRUE	TRUE	TRUE							TRUE	TRUE		TRUE	TRUE	FALSE	FALSE	FALSE	FALSE	60	50	70	80	80	150	490	Red	Head		Soundproof	Static	Aftermath	Level 30	60	20	Mineral		20	2560	Medium Fast	"1,000,000"	1.2	3′11″	66.6	146.8	50	172	0	0	0	0	0	2	2	Unknown		1	1	1	0.5	1	1	1	1	2	0.5	1	1	1	1	1	1	0.5	1	268-1|598-1|602-1|33-1|84-1|209-9|205-11|103-13|451-16|129-20|486-22|120-26|113-29|393-36|435-41|153-47|360-54|243-58	36-TM|97-TM|184-TM|182-TM|168-TM|451-TM|263-TM|129-TM|203-TM|521-TM|240-TM|492-TM|214-TM|486-TM|113-TM|86-TM|156-TM|269-TM|598-TM|164-TM|85-TM|270-TM|604-TM|528-TM|416-TM|63-TM|87-TM|851-TM|268-TM|360-TM|38-TM|916-TM|527-TM|319-TM|174-TM	319-EM|278-EM		
101		Hisuian Electrode	Sphere Pokémon	Electric	Grass																																								TRUE	FALSE	FALSE	FALSE	FALSE	FALSE	FALSE	60	50	70	80	80	150	490	Red	Head		Soundproof	Static	Aftermath	Leaf Stone	60	20	Mineral		20	2560	Medium Fast	"1,000,000"	1.2	3′11″	71	156.5	50	172	0	0	0	0	0	2	2	Unknown		1	2	0.5	0.25	0.5	2	1	2	1	1	1	2	1	1	1	1	0.5	1	268-1|33-1|84-4|78-6|331-9|205-11|103-13|451-16|129-20|486-22|120-26|412-29|435-34|402-34|153-41|360-46|580-50	36-TM|97-TM|184-TM|182-TM|168-TM|451-TM|263-TM|129-TM|203-TM|521-TM|240-TM|331-TM|492-TM|214-TM|402-TM|486-TM|115-TM|447-TM|86-TM|156-TM|269-TM|164-TM|202-TM|412-TM|85-TM|604-TM|580-TM|528-TM|416-TM|437-TM|63-TM|87-TM|76-TM|851-TM|268-TM|360-TM|803-TM|38-TM|916-TM|527-TM|174-TM	73-EM|278-EM|388-EM	835-EV	
102	102	Exeggcute	Egg Pokémon	Grass	Psychic	TRUE	TRUE	TRUE	TRUE	TRUE	TRUE	TRUE	FALSE	FALSE	FALSE	TRUE	TRUE	TRUE	TRUE	TRUE	TRUE	TRUE	TRUE	TRUE	FALSE	FALSE	TRUE	TRUE	FALSE	FALSE	TRUE	TRUE	TRUE	TRUE	TRUE	TRUE	FALSE	FALSE	TRUE	TRUE	FALSE	FALSE	TRUE	TRUE		FALSE	FALSE	FALSE	FALSE	TRUE	TRUE	60	40	80	60	45	40	325	Pink	Multiple Bodies		Chlorophyll		Harvest		90	30	Grass		20	2560	Slow	"1,250,000"	0.4	1′04″	2.5	5.5	50	65	0	0	1	0	0	0	1	50%	50%	1	2	0.5	0.5	0.5	2	0.5	2	0.5	2	0.5	4	1	2	1	2	1	1	71-1|95-1|115-5|73-10|72-15|93-20|235-25|331-30|202-35|326-40|253-45|388-50|76-55	182-TM|60-TM|168-TM|263-TM|500-TM|203-TM|241-TM|473-TM|331-TM|428-TM|214-TM|402-TM|115-TM|113-TM|447-TM|156-TM|14-TM|286-TM|285-TM|164-TM|271-TM|202-TM|412-TM|94-TM|270-TM|580-TM|188-TM|437-TM|76-TM|851-TM|253-TM|803-TM|244-TM|174-TM|917-TM	246-EM|335-EM|174-EM|275-EM|236-EM|77-EM|79-EM|78-EM		
103	103	Exeggutor	Coconut Pokémon	Grass	Psychic	TRUE	TRUE	TRUE	TRUE	TRUE	TRUE	TRUE	FALSE	FALSE	FALSE	TRUE	TRUE	TRUE	TRUE	TRUE	TRUE	TRUE	TRUE	TRUE	FALSE	FALSE	TRUE	TRUE	FALSE	FALSE	FALSE	FALSE	FALSE	FALSE	TRUE	TRUE	FALSE	FALSE	TRUE	TRUE	FALSE	FALSE	TRUE	TRUE		FALSE	FALSE	FALSE	FALSE	TRUE	TRUE	95	95	85	125	75	55	530	Yellow	Head+Legs		Chlorophyll		Harvest	Leaf Stone	45	15	Grass		20	2560	Slow	"1,250,000"	2	6′07″	120	264.6	50	186	0	0	0	2	0	0	2	50%	50%	1	2	0.5	0.5	0.5	2	0.5	2	0.5	2	0.5	4	1	2	1	2	1	1	71-1|331-1|93-1|326-1|202-1|95-1|437-1|73-1|72-1|473-1|115-1|402-1|76-1|235-1|253-1|452-1|388-1	36-TM|182-TM|67-TM|60-TM|168-TM|263-TM|523-TM|345-TM|500-TM|203-TM|241-TM|473-TM|331-TM|428-TM|34-TM|214-TM|402-TM|115-TM|113-TM|447-TM|707-TM|156-TM|14-TM|286-TM|285-TM|164-TM|271-TM|202-TM|412-TM|94-TM|347-TM|270-TM|580-TM|678-TM|188-TM|89-TM|416-TM|437-TM|433-TM|63-TM|76-TM|851-TM|356-TM|253-TM|803-TM|244-TM|38-TM|248-TM|797-TM|174-TM|917-TM		23-EV	74-R
103		Alolan Exeggutor	Coconut Pokémon	Grass	Dragon																										TRUE	TRUE	TRUE	TRUE	TRUE	TRUE	FALSE	FALSE	TRUE	TRUE	FALSE	FALSE				FALSE	FALSE	FALSE	FALSE	TRUE	TRUE	95	105	85	125	75	45	530	Yellow	Head+Legs		Frisk		Harvest	Leaf Stone in Alola	45	15	Grass		20	2560	Slow	"1,250,000"	10.9	35′09″	415.6	916.2	50	186	0	0	0	2	0	0	2	50%	50%	1	1	0.25	0.25	0.25	4	1	2	0.5	2	1	2	1	1	2	1	1	2	71-1|331-1|93-1|326-1|202-1|95-1|437-1|73-1|72-1|473-1|115-1|402-1|76-1|235-1|253-1|452-1|388-1	36-TM|182-TM|67-TM|60-TM|168-TM|885-TM|263-TM|523-TM|345-TM|500-TM|525-TM|203-TM|241-TM|473-TM|331-TM|280-TM|428-TM|34-TM|214-TM|402-TM|115-TM|113-TM|447-TM|707-TM|156-TM|14-TM|286-TM|285-TM|442-TM|164-TM|271-TM|202-TM|406-TM|412-TM|94-TM|53-TM|347-TM|270-TM|580-TM|678-TM|188-TM|89-TM|416-TM|200-TM|437-TM|433-TM|63-TM|76-TM|434-TM|851-TM|356-TM|282-TM|253-TM|803-TM|244-TM|38-TM|784-TM|174-TM|913-TM|917-TM		692-EV	
104	104	Cubone	Lonely Pokémon	Ground		TRUE	TRUE	TRUE	TRUE	TRUE	TRUE	TRUE	FALSE	FALSE	FALSE	TRUE	TRUE	TRUE	TRUE	TRUE	TRUE	TRUE	TRUE	TRUE	FALSE	FALSE	TRUE	TRUE	FALSE	FALSE	TRUE	TRUE	TRUE	TRUE	TRUE	TRUE	FALSE	FALSE	TRUE	TRUE	FALSE	FALSE	TRUE	TRUE								50	50	95	40	50	35	320	Brown	Bipedal+Tail		Rock Head	Lightning Rod	Battle Armor		190	63.33	Monster		20	2560	Medium Fast	"1,000,000"	0.4	1′04″	6.5	14.3	50	64	0	0	1	0	0	0	1	50%	50%	1	1	2	0	2	2	1	0.5	1	1	1	1	0.5	1	1	1	1	1					
105	105	Marowak	Bone Keeper Pokémon	Ground		TRUE	TRUE	TRUE	TRUE	TRUE	TRUE	TRUE	FALSE	FALSE	FALSE	TRUE	TRUE	TRUE	TRUE	TRUE	TRUE	TRUE	TRUE	TRUE	FALSE	FALSE	TRUE	TRUE	FALSE	FALSE	FALSE	FALSE	FALSE	FALSE	TRUE	TRUE	FALSE	FALSE	TRUE	TRUE	FALSE	FALSE	TRUE	TRUE								60	80	110	50	80	45	425	Brown	Bipedal+Tail		Rock Head	Lightning Rod	Battle Armor	Level 28	75	25	Monster		20	2560	Medium Fast	"1,000,000"	1	3′03″	45	99.2	50	149	0	0	2	0	0	0	2	50%	50%	1	1	2	0	2	2	1	0.5	1	1	1	1	0.5	1	1	1	1	1					
105		Alolan Marowak	Bone Keeper Pokémon	Fire	Ghost																										TRUE	TRUE	TRUE	TRUE	TRUE	TRUE	FALSE	FALSE	TRUE	TRUE	FALSE	FALSE										60	80	110	50	80	45	425	Purple	Bipedal+Tail		Cursed Body	Lightning Rod	Rock Head	Level 28 during nighttime	75	25	Monster		20	2560	Medium Fast	"1,000,000"	1	3′03″	34	75	50	149	0	0	2	0	0	0	2	50%	50%	0	0.5	2	1	0.5	0.5	0	0.5	2	1	1	0.25	2	2	1	2	0.5	0.5					
106	106	Hitmonlee	Kicking Pokémon	Fighting		TRUE	TRUE	TRUE	TRUE	TRUE	TRUE	TRUE	FALSE	FALSE	FALSE	TRUE	TRUE	TRUE	TRUE	TRUE	TRUE	TRUE	TRUE	TRUE	FALSE	FALSE	TRUE	TRUE	TRUE	TRUE	FALSE	FALSE	FALSE	FALSE	TRUE	TRUE	TRUE	TRUE	FALSE	FALSE	FALSE	FALSE	TRUE	TRUE		FALSE	FALSE	FALSE	FALSE	TRUE	TRUE	50	120	53	35	110	87	455	Brown	Bipedal+Tailless		Limber	Reckless	Unburden	Level 20 if Attack > Defense	45	15	Human-Like		25	3200	Medium Fast	"1,000,000"	1.5	4′11″	49.8	109.8	50	159	0	2	0	0	0	0	2	100%	0%	1	1	1	1	1	1	1	1	1	2	2	0.5	0.5	1	1	0.5	1	2	252-1|116-1|270-1|490-1|33-1|24-4|67-8|203-12|389-16|469-21|299-24|364-28|25-32|370-36|179-40|136-44|853-50	36-TM|189-TM|184-TM|182-TM|67-TM|168-TM|263-TM|523-TM|129-TM|317-TM|490-TM|374-TM|203-TM|241-TM|240-TM|280-TM|339-TM|34-TM|214-TM|118-TM|398-TM|707-TM|156-TM|157-TM|269-TM|14-TM|164-TM|396-TM|270-TM|226-TM|179-TM|89-TM|444-TM|416-TM|411-TM|370-TM|851-TM|282-TM|410-TM|679-TM|253-TM|38-TM|283-TM|811-TM|675-TM|918-TM		280-EV	
107	107	Hitmonchan	Punching Pokémon	Fighting		TRUE	TRUE	TRUE	TRUE	TRUE	TRUE	TRUE	FALSE	FALSE	FALSE	TRUE	TRUE	TRUE	TRUE	TRUE	TRUE	TRUE	TRUE	TRUE	FALSE	FALSE	TRUE	TRUE	TRUE	TRUE	FALSE	FALSE	FALSE	FALSE	TRUE	TRUE	TRUE	TRUE	FALSE	FALSE	FALSE	FALSE	TRUE	TRUE		FALSE	FALSE	FALSE	FALSE	TRUE	TRUE	50	105	79	35	110	76	455	Brown	Bipedal+Tailless		Limber	Iron Fist	Inner Focus	Level 20 if Attack < Defense	45	15	Human-Like		25	3200	Medium Fast	"1,000,000"	1.4	4′07″	50.2	110.7	50	159	0	0	0	0	2	0	2	100%	0%	1	1	1	1	1	1	1	1	1	2	2	0.5	0.5	1	1	0.5	1	2	252-1|364-1|116-1|270-1|33-1|183-4|410-8|197-12|418-16|501-21|7-24|8-24|9-24|97-28|5-32|370-36|68-40|264-44	5-TM|36-TM|97-TM|189-TM|184-TM|182-TM|67-TM|168-TM|885-TM|263-TM|523-TM|129-TM|317-TM|490-TM|374-TM|203-TM|241-TM|240-TM|280-TM|339-TM|34-TM|7-TM|9-TM|8-TM|214-TM|409-TM|118-TM|398-TM|156-TM|157-TM|269-TM|14-TM|164-TM|396-TM|227-TM|270-TM|226-TM|179-TM|89-TM|444-TM|416-TM|411-TM|370-TM|851-TM|282-TM|410-TM|253-TM|264-TM|38-TM|283-TM|811-TM|675-TM|918-TM		409-EV	
108	108	Lickitung	Licking Pokémon	Normal		TRUE	TRUE	TRUE	TRUE	TRUE	TRUE	TRUE	FALSE	FALSE	FALSE	TRUE	TRUE	TRUE	TRUE	TRUE	TRUE	TRUE	TRUE	TRUE	TRUE	TRUE	TRUE	TRUE	FALSE	FALSE	FALSE	FALSE	TRUE	TRUE	TRUE	TRUE	FALSE	FALSE	TRUE	TRUE	FALSE	FALSE	TRUE	TRUE	TRUE							90	55	75	60	75	30	385	Pink	Bipedal+Tail		Own Tempo	Oblivious	Cloud Nine		45	15	Monster		20	2560	Medium Fast	"1,000,000"	1.2	3′11″	65.5	144.4	50	77	2	0	0	0	0	0	2	50%	50%	1	1	1	1	1	1	2	1	1	1	1	1	1	0	1	1	1	1					
109	109	Koffing	Poison Gas Pokémon	Poison		TRUE	TRUE	TRUE	FALSE	TRUE	TRUE	TRUE	TRUE	TRUE	TRUE	TRUE	TRUE	TRUE	TRUE	TRUE	TRUE	TRUE	FALSE	FALSE	TRUE	TRUE	FALSE	FALSE	TRUE	TRUE	FALSE	FALSE	FALSE	FALSE	FALSE	TRUE	TRUE	TRUE	FALSE	FALSE	FALSE	FALSE	TRUE	TRUE		FALSE	FALSE	TRUE	TRUE	FALSE	FALSE	40	65	95	60	45	35	340	Purple	Head		Levitate	Neutralizing Gas	Stench		190	63.33	Amorphous		20	2560	Medium Fast	"1,000,000"	0.6	2′00″	1	2.2	50	68	0	0	1	0	0	0	1	50%	50%	1	1	1	1	0.5	1	0.5	0.5	2	1	2	0.5	1	1	1	1	1	0.5	139-1|33-1|123-4|108-8|499-12|372-16|124-20|114-24|120-28|188-32|92-36|562-40|153-44|262-48|194-52	36-TM|184-TM|182-TM|491-TM|60-TM|168-TM|263-TM|474-TM|203-TM|241-TM|240-TM|34-TM|214-TM|156-TM|269-TM|390-TM|399-TM|441-TM|164-TM|261-TM|247-TM|53-TM|85-TM|126-TM|188-TM|87-TM|851-TM|114-TM|92-TM|180-TM|360-TM|220-TM|482-TM|174-TM	174-EM|220-EM|255-EM|180-EM|254-EM|256-EM		
110	110	Weezing	Poison Gas Pokémon	Poison		TRUE	TRUE	TRUE	FALSE	TRUE	TRUE	TRUE	TRUE	TRUE	TRUE	TRUE	TRUE	TRUE	TRUE	TRUE	TRUE	TRUE	FALSE	FALSE	TRUE	TRUE	FALSE	FALSE	TRUE	TRUE	FALSE	FALSE	FALSE	FALSE	FALSE	TRUE	FALSE	FALSE	TRUE	TRUE	FALSE	FALSE	TRUE	TRUE		FALSE	FALSE	TRUE	TRUE	FALSE	FALSE	65	90	120	85	70	60	490	Purple	Multiple Bodies		Levitate	Neutralizing Gas	Stench	Level 35	60	20	Amorphous		20	2560	Medium Fast	"1,000,000"	1.2	3′11″	9.5	20.9	50	172	0	0	2	0	0	0	2	50%	50%	1	1	1	1	0.5	1	0.5	0.5	2	1	2	0.5	1	1	1	1	1	0.5	257-1|139-1|123-1|108-1|33-1|499-12|372-16|124-20|114-24|120-28|188-32|92-38|562-44|153-50|262-56|194-62	36-TM|184-TM|182-TM|491-TM|60-TM|168-TM|263-TM|474-TM|203-TM|241-TM|240-TM|34-TM|214-TM|156-TM|269-TM|390-TM|399-TM|441-TM|164-TM|261-TM|247-TM|257-TM|53-TM|85-TM|126-TM|188-TM|416-TM|63-TM|87-TM|851-TM|114-TM|92-TM|180-TM|360-TM|220-TM|482-TM|174-TM		458-EV	
110		Galarian Weezing	Poison Gas Pokémon	Poison	Fairy																																TRUE	TRUE	FALSE	FALSE	FALSE	FALSE				FALSE	FALSE	FALSE	FALSE	FALSE	FALSE	65	90	120	85	70	60	490	Gray	Multiple Bodies		Levitate	Neutralizing Gas	Misty Surge	Level 35 in Galar	60	20	Amorphous		20	2560	Medium Fast	"1,000,000"	3	9′10″	16	35.3	50	172	0	0	2	0	0	0	2	50%	50%	1	1	1	1	0.5	1	0.25	1	2	1	2	0.25	1	1	0	0.5	2	0.5	597-1|432-1|114-1|257-1|139-1|123-1|108-1|790-1|33-1|499-12|372-16|124-20|584-24|120-28|188-32|92-38|562-44|153-50|262-56|194-62|581-68	36-TM|184-TM|182-TM|491-TM|60-TM|168-TM|263-TM|474-TM|203-TM|241-TM|240-TM|34-TM|214-TM|605-TM|156-TM|269-TM|390-TM|399-TM|441-TM|164-TM|261-TM|247-TM|257-TM|53-TM|85-TM|583-TM|581-TM|126-TM|188-TM|416-TM|315-TM|63-TM|87-TM|851-TM|114-TM|92-TM|180-TM|360-TM|802-TM|220-TM|38-TM|482-TM|174-TM		458-EV	
111	111	Rhyhorn	Spikes Pokémon	Ground	Rock	TRUE	TRUE	TRUE	TRUE	TRUE	TRUE	TRUE	TRUE	TRUE	TRUE	TRUE	TRUE	TRUE	TRUE	TRUE	TRUE	TRUE	TRUE	TRUE	TRUE	TRUE	TRUE	TRUE	TRUE	TRUE	TRUE	TRUE	TRUE	TRUE	TRUE	TRUE	TRUE	TRUE	TRUE	TRUE	FALSE	FALSE	TRUE	TRUE	TRUE	FALSE	FALSE	FALSE	FALSE	TRUE	TRUE	80	85	95	30	30	25	345	Gray	Quadruped		Lightning Rod	Rock Head	Reckless		120	40	Monster	Field	20	2560	Slow	"1,250,000"	1	3′03″	115	253.5	50	69	0	0	1	0	0	0	1	50%	50%	0.5	0.5	4	0	4	2	2	0.25	2	0.5	1	1	0.5	1	1	1	2	1	33-1|39-1|479-5|523-10|30-15|184-20|23-25|350-30|529-35|36-40|89-45|444-50|224-55|32-60	36-TM|189-TM|184-TM|182-TM|424-TM|422-TM|423-TM|168-TM|263-TM|523-TM|196-TM|341-TM|317-TM|203-TM|241-TM|240-TM|201-TM|684-TM|91-TM|34-TM|214-TM|350-TM|398-TM|707-TM|156-TM|157-TM|14-TM|776-TM|164-TM|529-TM|242-TM|406-TM|446-TM|484-TM|53-TM|85-TM|414-TM|179-TM|58-TM|126-TM|59-TM|89-TM|444-TM|87-TM|851-TM|46-TM|479-TM|667-TM|253-TM|38-TM|283-TM|916-TM|815-TM|174-TM	68-EM|174-EM|407-EM|470-EM|368-EM|397-EM		
112	112	Rhydon	Drill Pokémon	Ground	Rock	TRUE	TRUE	TRUE	TRUE	TRUE	TRUE	TRUE	TRUE	TRUE	TRUE	TRUE	TRUE	TRUE	TRUE	TRUE	TRUE	TRUE	TRUE	TRUE	TRUE	TRUE	TRUE	TRUE	TRUE	TRUE	TRUE	TRUE	TRUE	TRUE	TRUE	TRUE	TRUE	TRUE	TRUE	TRUE	FALSE	FALSE	TRUE	TRUE	TRUE	FALSE	FALSE	FALSE	FALSE	TRUE	TRUE	105	130	120	45	45	40	485	Gray	Bipedal+Tail		Lightning Rod	Rock Head	Reckless	Level 42	60	20	Monster	Field	20	2560	Slow	"1,250,000"	1.9	6′03″	120	264.6	50	170	0	2	0	0	0	0	2	50%	50%	0.5	0.5	4	0	4	2	2	0.25	2	0.5	1	1	0.5	1	1	1	2	1	523-1|479-1|33-1|39-1|30-15|184-20|23-25|350-30|529-35|36-40|89-47|444-54|224-61|32-68	36-TM|189-TM|184-TM|182-TM|424-TM|422-TM|423-TM|168-TM|263-TM|523-TM|196-TM|341-TM|317-TM|374-TM|419-TM|203-TM|241-TM|240-TM|201-TM|684-TM|91-TM|280-TM|421-TM|34-TM|7-TM|9-TM|8-TM|214-TM|350-TM|398-TM|707-TM|156-TM|157-TM|14-TM|776-TM|164-TM|334-TM|529-TM|242-TM|406-TM|446-TM|484-TM|57-TM|53-TM|85-TM|270-TM|414-TM|179-TM|58-TM|126-TM|56-TM|59-TM|89-TM|444-TM|416-TM|200-TM|411-TM|63-TM|87-TM|851-TM|46-TM|479-TM|667-TM|535-TM|253-TM|264-TM|38-TM|283-TM|916-TM|815-TM|800-TM|784-TM|174-TM		359-EV	
113	113	Chansey	Egg Pokémon	Normal		TRUE	TRUE	TRUE	TRUE	TRUE	TRUE	TRUE	FALSE	FALSE	FALSE	TRUE	TRUE	TRUE	TRUE	TRUE	TRUE	TRUE	TRUE	TRUE	TRUE	TRUE	TRUE	TRUE	TRUE	TRUE	TRUE	TRUE	TRUE	TRUE	TRUE	TRUE	FALSE	FALSE	TRUE	TRUE	FALSE	FALSE	TRUE	TRUE	TRUE	TRUE	TRUE	FALSE	FALSE	TRUE	TRUE	250	5	5	35	105	50	450	Pink	Bipedal+Tail		Natural Cure	Serene Grace	Healer	Oval Stone in daytime	30	10	Fairy		40	5120	Fast	"800,000"	1.1	3′07″	34.6	76.3	140	395	2	0	0	0	0	0	2	0%	100%	1	1	1	1	1	1	2	1	1	1	1	1	1	0	1	1	1	1	204-1|383-1|343-1|111-1|574-1|1-1|186-1|39-4|497-8|791-12|47-16|374-20|36-24|505-28|270-32|113-36|38-40|135-44|387-48|361-52	36-TM|204-TM|182-TM|352-TM|168-TM|574-TM|885-TM|886-TM|263-TM|523-TM|129-TM|196-TM|317-TM|500-TM|374-TM|203-TM|241-TM|240-TM|201-TM|883-TM|280-TM|428-TM|34-TM|7-TM|9-TM|8-TM|214-TM|409-TM|113-TM|605-TM|118-TM|447-TM|86-TM|707-TM|156-TM|157-TM|285-TM|164-TM|247-TM|446-TM|304-TM|94-TM|53-TM|85-TM|347-TM|270-TM|58-TM|604-TM|126-TM|59-TM|528-TM|89-TM|416-TM|411-TM|63-TM|87-TM|76-TM|851-TM|356-TM|38-TM|283-TM	356-EM|215-EM|217-EM|69-EM		
114	114	Tangela	Vine Pokémon	Grass		TRUE	TRUE	TRUE	TRUE	TRUE	TRUE	TRUE	FALSE	FALSE	FALSE	TRUE	TRUE	FALSE	FALSE	TRUE	TRUE	TRUE	TRUE	TRUE	TRUE	TRUE	TRUE	TRUE	TRUE	TRUE	FALSE	FALSE	FALSE	FALSE	TRUE	TRUE	FALSE	FALSE	TRUE	TRUE	FALSE	FALSE	TRUE	TRUE	TRUE							65	55	115	100	40	60	435	Blue	Head+Legs		Chlorophyll	Leaf Guard	Regenerator		45	15	Grass		20	2560	Medium Fast	"1,000,000"	1	3′03″	35	77.2	50	87	0	0	1	0	0	0	1	50%	50%	1	2	0.5	0.5	0.5	2	1	2	0.5	2	1	2	1	1	1	1	1	1					
115	115	Kangaskhan	Parent Pokémon	Normal		TRUE	TRUE	TRUE	TRUE	TRUE	TRUE	TRUE	FALSE	FALSE	FALSE	TRUE	TRUE	TRUE	TRUE	TRUE	TRUE	TRUE	TRUE	TRUE	FALSE	FALSE	TRUE	TRUE	FALSE	FALSE	TRUE	TRUE	TRUE	TRUE	TRUE	TRUE	FALSE	FALSE	TRUE	TRUE	FALSE	FALSE	TRUE	TRUE								105	95	80	40	80	90	490	Brown	Bipedal+Tail		Early Bird	Scrappy	Inner Focus		45	15	Monster		20	2560	Medium Fast	"1,000,000"	2.2	7′03″	80	176.4	50	172	2	0	0	0	0	0	2	0%	100%	1	1	1	1	1	1	2	1	1	1	1	1	1	0	1	1	1	1					
115		Mega Kangaskhan	Parent Pokémon	Normal																							TRUE	TRUE	FALSE	FALSE	TRUE	TRUE	TRUE	TRUE	TRUE	TRUE																105	125	100	60	100	100	590	Brown	Bipedal+Tail		Parental Bond			Kangaskhanite		0			20	2560	Medium Fast	"1,000,000"	2.2	7′03″	100	220.5	50	207	2	0	0	0	0	0	2	0%	100%	1	1	1	1	1	1	2	1	1	1	1	1	1	0	1	1	1	1					
116	116	Horsea	Dragon Pokémon	Water		TRUE	TRUE	TRUE	TRUE	TRUE	TRUE	TRUE	TRUE	TRUE	TRUE	TRUE	TRUE	TRUE	TRUE	TRUE	TRUE	TRUE	TRUE	TRUE	TRUE	TRUE	TRUE	TRUE	TRUE	TRUE	TRUE	TRUE	TRUE	TRUE	TRUE	TRUE	FALSE	FALSE	TRUE	TRUE	FALSE	FALSE	TRUE	TRUE		FALSE	FALSE	FALSE	FALSE	TRUE	TRUE	30	40	70	70	25	60	295	Blue	Head+Base		Swift Swim	Sniper	Damp		225	75	Water 1	Dragon	20	2560	Medium Fast	"1,000,000"	0.4	1′04″	8	17.6	50	59	0	0	0	1	0	0	1	50%	50%	1	0.5	0.5	2	2	0.5	1	1	1	1	1	1	1	1	1	1	0.5	1	43-1|55-1|108-5|239-10|116-15|225-20|61-25|97-30|352-35|406-40|56-45|349-50|240-55	97-TM|182-TM|352-TM|886-TM|263-TM|129-TM|196-TM|203-TM|240-TM|214-TM|127-TM|156-TM|430-TM|349-TM|164-TM|710-TM|406-TM|57-TM|58-TM|56-TM|59-TM|200-TM|851-TM|311-TM|812-TM|799-TM|250-TM|330-TM	62-EM|499-EM|50-EM|175-EM|150-EM		
117	117	Seadra	Dragon Pokémon	Water		TRUE	TRUE	TRUE	TRUE	TRUE	TRUE	TRUE	TRUE	TRUE	TRUE	TRUE	TRUE	TRUE	TRUE	TRUE	TRUE	TRUE	TRUE	TRUE	TRUE	TRUE	TRUE	TRUE	TRUE	TRUE	TRUE	TRUE	TRUE	TRUE	TRUE	TRUE	FALSE	FALSE	TRUE	TRUE	FALSE	FALSE	TRUE	TRUE		FALSE	FALSE	FALSE	FALSE	TRUE	TRUE	55	65	95	95	45	85	440	Blue	Head+Base		Poison Point	Sniper	Damp	Level 32	75	25	Water 1	Dragon	20	2560	Medium Fast	"1,000,000"	1.2	3′11″	25	55.1	50	154	0	0	1	1	0	0	2	50%	50%	1	0.5	0.5	2	2	0.5	1	1	1	1	1	1	1	1	1	1	0.5	1	43-1|108-1|239-1|55-1|116-15|225-20|61-25|97-30|352-37|406-44|56-51|349-58|240-65	97-TM|184-TM|182-TM|352-TM|886-TM|263-TM|129-TM|196-TM|203-TM|240-TM|883-TM|214-TM|127-TM|156-TM|430-TM|349-TM|164-TM|710-TM|406-TM|57-TM|58-TM|56-TM|59-TM|416-TM|200-TM|63-TM|851-TM|311-TM|812-TM|799-TM|250-TM|330-TM			
118	118	Goldeen	Goldfish Pokémon	Water		TRUE	TRUE	TRUE	TRUE	TRUE	TRUE	TRUE	TRUE	TRUE	TRUE	TRUE	TRUE	TRUE	TRUE	TRUE	TRUE	TRUE	TRUE	TRUE	TRUE	TRUE	TRUE	TRUE	TRUE	TRUE	TRUE	TRUE	TRUE	TRUE	TRUE	TRUE	TRUE	TRUE	TRUE	TRUE	FALSE	FALSE	TRUE	TRUE								45	67	60	35	50	63	320	Red	Fins		Swift Swim	Water Veil	Lightning Rod		225	75	Water 2		20	2560	Medium Fast	"1,000,000"	0.6	2′00″	15	33.1	50	64	0	1	0	0	0	0	1	50%	50%	1	0.5	0.5	2	2	0.5	1	1	1	1	1	1	1	1	1	1	0.5	1					
119	119	Seaking	Goldfish Pokémon	Water		TRUE	TRUE	TRUE	TRUE	TRUE	TRUE	TRUE	TRUE	TRUE	TRUE	TRUE	TRUE	TRUE	TRUE	TRUE	TRUE	TRUE	TRUE	TRUE	TRUE	TRUE	TRUE	TRUE	TRUE	TRUE	TRUE	TRUE	TRUE	TRUE	TRUE	TRUE	TRUE	TRUE	TRUE	TRUE	FALSE	FALSE	TRUE	TRUE								80	92	65	65	80	68	450	Red	Fins		Swift Swim	Water Veil	Lightning Rod	Level 33	60	20	Water 2		20	2560	Medium Fast	"1,000,000"	1.3	4′03″	39	86	50	158	0	2	0	0	0	0	2	50%	50%	1	0.5	0.5	2	2	0.5	1	1	1	1	1	1	1	1	1	1	0.5	1					
120	120	Staryu	Star Shape Pokémon	Water		TRUE	TRUE	TRUE	TRUE	TRUE	TRUE	TRUE	TRUE	TRUE	TRUE	FALSE	TRUE	TRUE	TRUE	TRUE	TRUE	TRUE	TRUE	TRUE	TRUE	TRUE	TRUE	FALSE	TRUE	TRUE	TRUE	TRUE	TRUE	TRUE	TRUE	TRUE	FALSE	FALSE	TRUE	TRUE	FALSE	FALSE	TRUE	TRUE								30	45	55	70	55	85	340	Brown	Head+Base		Illuminate	Natural Cure	Analytic		225	75	Water 3		20	2560	Slow	"1,250,000"	0.8	2′07″	34.5	76.1	50	68	0	0	0	0	0	1	1	Unknown		1	0.5	0.5	2	2	0.5	1	1	1	1	1	1	1	1	1	1	0.5	1					
121	121	Starmie	Mysterious Pokémon	Water	Psychic	TRUE	TRUE	TRUE	TRUE	TRUE	TRUE	TRUE	TRUE	TRUE	TRUE	FALSE	TRUE	TRUE	TRUE	TRUE	TRUE	TRUE	TRUE	TRUE	TRUE	TRUE	TRUE	FALSE	TRUE	TRUE	TRUE	TRUE	TRUE	TRUE	TRUE	TRUE	FALSE	FALSE	TRUE	TRUE	FALSE	FALSE	TRUE	TRUE								60	75	85	100	85	115	520	Purple	Head+Base		Illuminate	Natural Cure	Analytic	Water Stone	60	20	Water 3		20	2560	Slow	"1,250,000"	1.1	3′07″	80	176.4	50	182	0	0	0	0	0	2	2	Unknown		1	0.5	0.5	2	2	0.5	0.5	1	1	1	0.5	2	1	2	1	2	0.5	1					
122	122	Mr. Mime	Barrier Pokémon	Psychic	Fairy	TRUE	TRUE	TRUE	TRUE	TRUE	TRUE	TRUE	FALSE	FALSE	FALSE	TRUE	TRUE	TRUE	TRUE	TRUE	TRUE	TRUE	FALSE	FALSE	FALSE	TRUE	TRUE	TRUE	FALSE	FALSE	FALSE	FALSE	TRUE	TRUE	TRUE	TRUE	TRUE	TRUE	TRUE	TRUE	FALSE	FALSE	TRUE	TRUE	TRUE							40	45	65	100	120	90	460	Pink	Bipedal+Tailless		Soundproof	Filter	Technician	Learn Mimic	45	15	Human-Like		25	3200	Medium Fast	"1,000,000"	1.3	4′03″	54.5	120.2	50	161	0	0	0	0	2	0	2	50%	50%	1	1	1	1	1	1	0.25	2	1	1	0.5	1	1	2	0	1	2	1					
122		Galarian Mr. Mime	Dance Pokémon	Ice	Psychic																																TRUE	TRUE	FALSE	FALSE	TRUE	TRUE										50	65	65	90	90	100	460	White	Bipedal+Tailless		Vital Spirit	Screen Cleaner	Ice Body	Learn Mimic in Galar	45	15	Human-Like		25	3200	Medium Fast	"1,000,000"	1.4	4′07″	56.8	125.2	50	161	0	0	0	0	0	2	2	50%	50%	1	2	1	1	1	0.5	1	1	1	1	0.5	2	2	2	1	2	2	1					
123	123	Scyther	Mantis Pokémon	Bug	Flying	TRUE	FALSE	TRUE	TRUE	TRUE	TRUE	TRUE	FALSE	FALSE	FALSE	TRUE	FALSE	TRUE	FALSE	TRUE	TRUE	TRUE	FALSE	FALSE	FALSE	FALSE	TRUE	TRUE	FALSE	FALSE	TRUE	TRUE	TRUE	TRUE	TRUE	FALSE	FALSE	FALSE	TRUE	TRUE	FALSE	FALSE	TRUE	TRUE	TRUE	TRUE	TRUE	FALSE	FALSE	TRUE	TRUE	70	110	80	55	80	105	500	Green	2+ Pair of Wings		Swarm	Technician	Steadfast		45	15	Bug		25	3200	Medium Fast	"1,000,000"	1.5	4′11″	56	123.5	50	100	0	1	0	0	0	0	1	50%	50%	1	2	1	2	0.25	2	0.25	1	0	2	1	0.5	4	1	1	1	1	1	43-1|98-1|210-4|206-8|17-12|104-16|458-20|163-24|116-28|97-32|403-36|404-40|14-44	36-TM|97-TM|184-TM|182-TM|512-TM|522-TM|168-TM|885-TM|884-TM|263-TM|332-TM|129-TM|314-TM|203-TM|241-TM|240-TM|206-TM|280-TM|369-TM|403-TM|214-TM|113-TM|156-TM|14-TM|164-TM|404-TM|366-TM|270-TM|226-TM|179-TM|416-TM|405-TM|63-TM|370-TM|851-TM|450-TM|410-TM|679-TM|814-TM|806-TM	68-EM|432-EM|364-EM|400-EM|501-EM		
124	124	Jynx	Human Shape Pokémon	Ice	Psychic	TRUE	TRUE	TRUE	FALSE	TRUE	TRUE	TRUE	FALSE	FALSE	FALSE	TRUE	TRUE	TRUE	TRUE	TRUE	TRUE	TRUE	TRUE	TRUE	FALSE	FALSE	TRUE	TRUE	FALSE	FALSE	FALSE	FALSE	TRUE	TRUE	TRUE	TRUE	FALSE	FALSE	FALSE	FALSE	TRUE	TRUE	TRUE	TRUE								65	50	35	115	95	95	455	Red	Bipedal+Tailless		Oblivious	Forewarn	Dry Skin	Level 30	45	15	Human-Like		25	3200	Medium Fast	"1,000,000"	1.4	4′07″	40.6	89.5	50	159	0	0	0	2	0	0	2	0%	100%	1	2	1	1	1	0.5	1	1	1	1	0.5	2	2	2	1	2	2	1					
125	125	Electabuzz	Electric Pokémon	Electric		TRUE	FALSE	FALSE	FALSE	TRUE	TRUE	TRUE	FALSE	FALSE	FALSE	TRUE	FALSE	TRUE	TRUE	TRUE	TRUE	TRUE	TRUE	TRUE	FALSE	TRUE	TRUE	TRUE	TRUE	TRUE	TRUE	TRUE	TRUE	TRUE	TRUE	TRUE	FALSE	FALSE	FALSE	FALSE	TRUE	TRUE	TRUE	TRUE	TRUE	FALSE	FALSE	FALSE	FALSE	TRUE	TRUE	65	83	57	95	85	105	490	Yellow	Bipedal+Tail		Static		Vital Spirit	Level 30	45	15	Human-Like		25	3200	Medium Fast	"1,000,000"	1.1	3′07″	30	66.1	50	172	0	0	0	0	0	2	2	75%	25%	1	1	1	0.5	1	1	1	1	2	0.5	1	1	1	1	1	1	0.5	1	268-1|43-1|98-1|84-1|129-12|351-16|86-20|103-24|9-28|435-34|67-40|85-46|113-52|87-58|416-64	36-TM|182-TM|67-TM|168-TM|885-TM|451-TM|263-TM|129-TM|490-TM|374-TM|203-TM|521-TM|240-TM|280-TM|339-TM|34-TM|7-TM|9-TM|8-TM|214-TM|486-TM|113-TM|118-TM|86-TM|156-TM|269-TM|598-TM|164-TM|94-TM|85-TM|270-TM|604-TM|528-TM|416-TM|411-TM|63-TM|87-TM|851-TM|268-TM|282-TM|253-TM|264-TM|38-TM|916-TM|527-TM|319-TM			
126	126	Magmar	Spitfire Pokémon	Fire		FALSE	TRUE	FALSE	FALSE	TRUE	TRUE	TRUE	FALSE	FALSE	FALSE	FALSE	TRUE	TRUE	TRUE	TRUE	TRUE	TRUE	TRUE	TRUE	TRUE	FALSE	TRUE	TRUE	TRUE	TRUE	TRUE	TRUE	TRUE	TRUE	TRUE	TRUE	FALSE	FALSE	FALSE	FALSE	TRUE	TRUE	TRUE	TRUE	TRUE	FALSE	FALSE	FALSE	FALSE	TRUE	TRUE	65	95	57	100	85	93	495	Red	Bipedal+Tail		Flame Body		Vital Spirit	Level 30	45	15	Human-Like		25	3200	Medium Fast	"1,000,000"	1.3	4′03″	44.5	98.1	50	173	0	0	0	2	0	0	2	75%	25%	1	0.5	2	1	0.5	0.5	1	1	2	1	1	0.5	2	1	1	1	0.5	0.5	52-1|43-1|123-1|108-1|499-12|172-16|109-20|184-24|7-28|436-34|67-40|53-46|241-52|126-58|63-64	36-TM|184-TM|182-TM|67-TM|491-TM|109-TM|168-TM|83-TM|263-TM|488-TM|490-TM|374-TM|203-TM|241-TM|280-TM|34-TM|7-TM|9-TM|214-TM|118-TM|398-TM|156-TM|269-TM|164-TM|261-TM|257-TM|94-TM|53-TM|270-TM|126-TM|416-TM|315-TM|411-TM|63-TM|394-TM|851-TM|46-TM|282-TM|535-TM|253-TM|264-TM|807-TM|38-TM|915-TM|815-TM|174-TM			
127	127	Pinsir	Stag Beetle Pokémon	Bug		FALSE	TRUE	TRUE	TRUE	TRUE	TRUE	TRUE	TRUE	TRUE	TRUE	FALSE	TRUE	FALSE	TRUE	TRUE	TRUE	TRUE	TRUE	TRUE	FALSE	TRUE	TRUE	FALSE	TRUE	TRUE	TRUE	TRUE	TRUE	TRUE	FALSE	TRUE	FALSE	FALSE	TRUE	TRUE	FALSE	FALSE	TRUE	TRUE								65	125	100	55	70	85	500	Brown	Bipedal+Tailless		Hyper Cutter	Mold Breaker	Moxie		45	15	Bug		25	3200	Slow	"1,250,000"	1.5	4′11″	55	121.3	50	175	0	2	0	0	0	0	2	50%	50%	1	2	1	1	0.5	1	0.5	1	0.5	2	1	1	2	1	1	1	1	1					
127		Mega Pinsir	Stag Beetle Pokémon	Bug	Flying																						TRUE	TRUE	TRUE	TRUE	TRUE	TRUE	TRUE	TRUE	TRUE	TRUE																65	155	120	65	90	105	600	Brown	2+ Pair of Wings		Aerilate			Pinsirite		0			25	3200	Slow	"1,250,000"	1.7	5′07″	59	130.1	50	210	0	2	0	0	0	0	2	50%	50%	1	2	1	2	0.25	2	0.25	1	0	2	1	0.5	4	1	1	1	1	1					
128	128	Tauros	Wild Bull Pokémon	Normal		TRUE	TRUE	TRUE	TRUE	TRUE	TRUE	TRUE	FALSE	FALSE	FALSE	TRUE	TRUE	TRUE	TRUE	TRUE	TRUE	TRUE	FALSE	FALSE	FALSE	FALSE	TRUE	TRUE	FALSE	FALSE	TRUE	TRUE	TRUE	TRUE	TRUE	TRUE	FALSE	FALSE	TRUE	TRUE	FALSE	FALSE	TRUE	TRUE		FALSE	FALSE	FALSE	FALSE	TRUE	TRUE	75	100	95	40	70	110	490	Brown	Quadruped		Intimidate	Anger Point	Sheer Force		45	15	Field		20	2560	Slow	"1,250,000"	1.4	4′07″	88.4	194.9	50	172	0	1	0	0	0	1	2	100%	0%	1	1	1	1	1	1	2	1	1	1	1	1	1	0	1	1	1	1	33-1|39-1|526-5|371-10|372-15|30-20|184-25|428-30|873-35|156-40|207-45|37-50|38-55|416-60	36-TM|184-TM|182-TM|168-TM|885-TM|263-TM|523-TM|196-TM|317-TM|203-TM|241-TM|240-TM|201-TM|684-TM|91-TM|428-TM|34-TM|214-TM|707-TM|156-TM|157-TM|442-TM|164-TM|247-TM|57-TM|53-TM|85-TM|270-TM|179-TM|58-TM|126-TM|59-TM|528-TM|89-TM|444-TM|416-TM|200-TM|63-TM|87-TM|370-TM|76-TM|851-TM|667-TM|808-TM|38-TM|283-TM|675-TM|174-TM	174-EM|283-EM		
128		Paldean Tauros	Wild Bull Pokémon	Fighting																																										TRUE	TRUE	FALSE	FALSE	FALSE	FALSE	75	110	105	30	70	100	490	Black	Quadruped		Intimidate	Anger Point	Cud Chew		45	15	Field		20	2560	Slow	"1,250,000"	1.4	4′07″	115	253.5	50	172	0	2	0	0	0	0	2	100%	0%	1	1	1	1	1	1	1	1	1	2	2	0.5	0.5	1	1	0.5	1	2	33-1|39-1|526-5|24-10|372-15|29-20|184-25|428-30|873-35|156-40|207-45|37-50|38-55|370-60	36-TM|184-TM|182-TM|168-TM|885-TM|263-TM|523-TM|317-TM|203-TM|241-TM|240-TM|201-TM|684-TM|91-TM|428-TM|339-TM|34-TM|214-TM|707-TM|156-TM|157-TM|776-TM|442-TM|164-TM|529-TM|57-TM|179-TM|528-TM|89-TM|444-TM|416-TM|200-TM|63-TM|370-TM|851-TM|667-TM|808-TM|38-TM|283-TM|675-TM|174-TM	174-EM|283-EM		
128		Paldean Tauros Blaze	Wild Bull Pokémon	Fighting	Fire																																									TRUE	FALSE	FALSE	FALSE	FALSE	FALSE	75	110	105	30	70	100	490	Black	Quadruped		Intimidate	Anger Point	Cud Chew		45	15	Field		20	2560	Slow	"1,250,000"	1.4	4′07″	85	187.4	50	172	0	2	0	0	0	0	2	100%	0%	1	0.5	2	1	0.5	0.5	1	1	2	2	2	0.25	1	1	1	0.5	0.5	1	33-1|39-1|526-5|24-10|488-15|29-20|184-25|428-30|873-35|156-40|207-45|37-50|394-55|370-60	36-TM|184-TM|182-TM|168-TM|885-TM|83-TM|263-TM|523-TM|317-TM|488-TM|203-TM|241-TM|240-TM|201-TM|684-TM|91-TM|428-TM|339-TM|34-TM|214-TM|707-TM|156-TM|157-TM|776-TM|442-TM|164-TM|529-TM|261-TM|53-TM|179-TM|126-TM|528-TM|89-TM|444-TM|416-TM|200-TM|315-TM|63-TM|-TM|370-TM|851-TM|667-TM|808-TM|38-TM|283-TM|915-TM|174-TM	174-EM|283-EM		
128		Paldean Tauros Aqua	Wild Bull Pokémon	Fighting	Water																																									FALSE	TRUE	FALSE	FALSE	FALSE	FALSE	75	110	105	30	70	100	490	Black	Quadruped		Intimidate	Anger Point	Cud Chew		45	15	Field		20	2560	Slow	"1,250,000"	1.4	4′07″	110	242.5	50	172	0	2	0	0	0	0	2	100%	0%	1	0.5	0.5	2	2	0.5	1	1	1	2	2	0.5	0.5	1	1	0.5	0.5	2	33-1|39-1|526-5|24-10|453-15|29-20|184-25|428-30|873-35|156-40|207-45|37-50|834-55|370-60	36-TM|184-TM|182-TM|352-TM|168-TM|885-TM|886-TM|263-TM|523-TM|317-TM|203-TM|240-TM|201-TM|684-TM|91-TM|-TM|339-TM|34-TM|214-TM|707-TM|156-TM|157-TM|776-TM|442-TM|164-TM|529-TM|710-TM|57-TM|179-TM|56-TM|528-TM|89-TM|444-TM|416-TM|200-TM|63-TM|370-TM|851-TM|667-TM|808-TM|38-TM|283-TM|250-TM|675-TM|174-TM	174-EM|283-EM		
129	129	Magikarp	Fish Pokémon	Water		TRUE	TRUE	TRUE	TRUE	TRUE	TRUE	TRUE	TRUE	TRUE	TRUE	TRUE	TRUE	TRUE	TRUE	TRUE	TRUE	TRUE	TRUE	TRUE	TRUE	TRUE	TRUE	TRUE	TRUE	TRUE	TRUE	TRUE	TRUE	TRUE	TRUE	TRUE	TRUE	TRUE	TRUE	TRUE	TRUE	TRUE	TRUE	TRUE	TRUE	TRUE	TRUE	TRUE	TRUE	FALSE	FALSE	20	10	55	15	20	80	200	Red	Fins		Swift Swim		Rattled		255	85	Water 2	Dragon	5	640	Slow	"1,250,000"	0.9	2′11″	10	22	50	40	0	0	0	0	0	1	1	50%	50%	1	0.5	0.5	2	2	0.5	1	1	1	1	1	1	1	1	1	1	0.5	1	150-1|33-15|175-25				
130	130	Gyarados	Atrocious Pokémon	Water	Flying	TRUE	TRUE	TRUE	TRUE	TRUE	TRUE	TRUE	TRUE	TRUE	TRUE	TRUE	TRUE	TRUE	TRUE	TRUE	TRUE	TRUE	TRUE	TRUE	TRUE	TRUE	TRUE	TRUE	TRUE	TRUE	TRUE	TRUE	TRUE	TRUE	TRUE	TRUE	TRUE	TRUE	TRUE	TRUE	TRUE	TRUE	TRUE	TRUE	TRUE	TRUE	TRUE	TRUE	TRUE	FALSE	FALSE	95	125	79	60	100	81	540	Blue	Serpentine		Intimidate		Moxie	Level 20	45	15	Water 2	Dragon	5	640	Slow	"1,250,000"	6.5	21′04″	235	518.1	50	189	0	2	0	0	0	0	2	50%	50%	1	0.5	0.5	4	1	1	0.5	1	0	1	1	0.5	2	1	1	1	0.5	1	175-1|43-1|150-1|33-1|239-1|250-4|423-8|362-12|184-16|127-21|242-24|240-28|401-32|349-36|56-40|542-44|37-48|63-52	36-TM|184-TM|182-TM|423-TM|352-TM|886-TM|263-TM|523-TM|196-TM|525-TM|419-TM|203-TM|241-TM|240-TM|201-TM|34-TM|214-TM|127-TM|86-TM|156-TM|269-TM|399-TM|442-TM|349-TM|164-TM|242-TM|406-TM|57-TM|53-TM|85-TM|270-TM|58-TM|126-TM|56-TM|59-TM|89-TM|444-TM|416-TM|200-TM|542-TM|63-TM|87-TM|851-TM|46-TM|180-TM|503-TM|808-TM|799-TM|38-TM|283-TM|915-TM|250-TM|330-TM|913-TM		44-EV	
130		Mega Gyarados	Atrocious Pokémon	Water	Dark																						TRUE	TRUE	TRUE	TRUE	TRUE	TRUE	TRUE	TRUE	TRUE	TRUE																90	155	109	70	130	81	635	Blue	Serpentine		Mold Breaker			Gyaradosite		0			5	640	Slow	"1,250,000"	6.5	21′04″	305	672.4	50	224	0	2	0	0	0	0	2	50%	50%	1	0.5	0.5	2	2	0.5	2	1	1	1	0	2	1	0.5	1	0.5	0.5	2					
131		GMAX Lapras	Transport Pokémon	Water	Ice																																TRUE	TRUE	TRUE	TRUE	TRUE	TRUE										130	85	80	85	95	60	535	Blue	Fins		Water Absorb	Shell Armor	Hydration	GMAX Factor	3	1					Slow	"1,250,000"	24	"78'9"""	???	???	50	0	0	0	0	0	0	0	0	50%	50%	1	1	0.5	2	2	0.25	2	1	1	1	1	1	2	1	1	1	1	1					
131	131	Lapras	Transport Pokémon	Water	Ice	TRUE	TRUE	TRUE	TRUE	TRUE	TRUE	TRUE	FALSE	FALSE	FALSE	TRUE	TRUE	TRUE	TRUE	TRUE	TRUE	TRUE	TRUE	TRUE	TRUE	TRUE	TRUE	TRUE	FALSE	FALSE	TRUE	TRUE	TRUE	TRUE	TRUE	TRUE	TRUE	TRUE	FALSE	FALSE	TRUE	TRUE	TRUE	TRUE		FALSE	FALSE	FALSE	FALSE	TRUE	TRUE	130	85	80	85	95	60	535	Blue	Fins		Water Absorb	Shell Armor	Hydration		45	15	Monster	Water 1	40	5120	Slow	"1,250,000"	2.5	8′02″	220	485	50	187	2	0	0	0	0	0	2	50%	50%	1	1	0.5	2	2	0.25	2	1	1	1	1	1	2	1	1	1	1	1	45-1|55-1|47-5|54-10|791-15|420-20|109-25|352-30|362-35|34-40|58-45|240-50|56-55|195-60|329-65	36-TM|204-TM|182-TM|352-TM|109-TM|574-TM|886-TM|263-TM|523-TM|196-TM|419-TM|203-TM|240-TM|883-TM|684-TM|428-TM|34-TM|214-TM|115-TM|127-TM|156-TM|776-TM|442-TM|349-TM|164-TM|529-TM|710-TM|406-TM|304-TM|94-TM|57-TM|85-TM|270-TM|58-TM|56-TM|59-TM|89-TM|416-TM|200-TM|63-TM|87-TM|851-TM|114-TM|333-TM|311-TM|38-TM|250-TM|330-TM|174-TM|913-TM|914-TM|917-TM	246-EM|174-EM|90-EM|573-EM|32-EM|664-EM|321-EM		
132	132	Ditto	Transform Pokémon	Normal		TRUE	TRUE	TRUE	TRUE	TRUE	TRUE	TRUE	FALSE	FALSE	TRUE	TRUE	TRUE	TRUE	TRUE	TRUE	TRUE	TRUE	TRUE	TRUE	TRUE	TRUE	TRUE	TRUE	TRUE	TRUE	TRUE	TRUE	TRUE	TRUE	TRUE	TRUE	TRUE	TRUE	TRUE	TRUE	FALSE	FALSE	TRUE	TRUE		TRUE	TRUE	FALSE	FALSE	FALSE	FALSE	48	48	48	48	48	48	288	Purple	Head		Limber		Imposter		35	11.67	Ditto		20	2560	Medium Fast	"1,000,000"	0.3	1′00″	4	8.8	50	101	1	0	0	0	0	0	1	Unknown		1	1	1	1	1	1	2	1	1	1	1	1	1	0	1	1	1	1	144-1				
133		GMAX Eevee	Evolution Pokémon	Normal																																	TRUE	TRUE	TRUE	TRUE	TRUE	TRUE										55	55	50	45	65	55	325	Brown	Quadruped		Run Away	Adaptability	Anticipation	GMAX Factor	3	1					Medium Fast	"1,000,000"	18	"59'1"""	???	???	50	0	0	0	0	0	0	0	0	87.50%	12.50%	1	1	1	1	1	1	2	1	1	1	1	1	1	0	1	1	1	1					
133	133	Eevee	Evolution Pokémon	Normal		TRUE	TRUE	TRUE	TRUE	TRUE	TRUE	TRUE	FALSE	FALSE	FALSE	TRUE	TRUE	TRUE	TRUE	TRUE	TRUE	TRUE	FALSE	FALSE	TRUE	TRUE	TRUE	TRUE	TRUE	TRUE	TRUE	TRUE	TRUE	TRUE	TRUE	TRUE	TRUE	TRUE	FALSE	FALSE	TRUE	TRUE	TRUE	TRUE	TRUE	TRUE	TRUE	FALSE	FALSE	FALSE	FALSE	55	55	50	45	65	55	325	Brown	Quadruped		Run Away	Adaptability	Anticipation		45	15	Field		35	4480	Medium Fast	"1,000,000"	0.3	1′00″	6.5	14.3	50	65	0	0	0	0	1	0	1	87.50%	12.50%	1	1	1	1	1	1	2	1	1	1	1	1	1	0	1	1	1	1	343-1|45-1|270-1|33-1|39-1|28-5|98-10|608-15|129-20|44-25|383-30|226-35|36-40|204-45|38-50|387-55	36-TM|204-TM|313-TM|189-TM|182-TM|885-TM|263-TM|129-TM|500-TM|203-TM|241-TM|240-TM|91-TM|34-TM|214-TM|156-TM|164-TM|247-TM|304-TM|347-TM|270-TM|226-TM|851-TM|46-TM|311-TM|38-TM|174-TM|914-TM	174-EM|197-EM|24-EM|175-EM|189-EM|321-EM|273-EM|281-EM		
134	134	Vaporeon	Bubble Jet Pokémon	Water		TRUE	TRUE	TRUE	TRUE	TRUE	TRUE	TRUE	FALSE	FALSE	FALSE	TRUE	TRUE	TRUE	TRUE	TRUE	TRUE	TRUE	FALSE	FALSE	TRUE	TRUE	TRUE	TRUE	TRUE	TRUE	TRUE	TRUE	TRUE	TRUE	TRUE	TRUE	TRUE	TRUE	FALSE	FALSE	TRUE	TRUE	TRUE	TRUE	TRUE	TRUE	TRUE	FALSE	FALSE	FALSE	FALSE	130	65	60	110	95	65	525	Blue	Quadruped		Water Absorb		Hydration	Water Stone	45	15	Field		35	4480	Medium Fast	"1,000,000"	1	3′03″	29	63.9	50	184	2	0	0	0	0	0	2	87.50%	12.50%	1	0.5	0.5	2	2	0.5	1	1	1	1	1	1	1	1	1	1	0.5	1	226-1|44-1|204-1|383-1|343-1|38-1|45-1|270-1|129-1|33-1|39-1|36-1|28-5|98-10|608-15|114-20|352-25|62-30|392-35|330-40|151-45|56-50|387-55	36-TM|204-TM|313-TM|189-TM|182-TM|352-TM|885-TM|886-TM|263-TM|129-TM|196-TM|500-TM|203-TM|241-TM|240-TM|91-TM|34-TM|214-TM|127-TM|156-TM|164-TM|710-TM|247-TM|304-TM|57-TM|347-TM|270-TM|226-TM|58-TM|56-TM|59-TM|416-TM|63-TM|851-TM|46-TM|114-TM|503-TM|311-TM|812-TM|38-TM|250-TM|330-TM|174-TM|914-TM	174-EM|197-EM|24-EM|175-EM|189-EM|321-EM|273-EM|281-EM	55-EV	
135	135	Jolteon	Lightning Pokémon	Electric		TRUE	TRUE	TRUE	TRUE	TRUE	TRUE	TRUE	FALSE	FALSE	FALSE	TRUE	TRUE	TRUE	TRUE	TRUE	TRUE	TRUE	FALSE	FALSE	TRUE	TRUE	TRUE	TRUE	TRUE	TRUE	TRUE	TRUE	TRUE	TRUE	TRUE	TRUE	TRUE	TRUE	FALSE	FALSE	TRUE	TRUE	TRUE	TRUE	TRUE	TRUE	TRUE	FALSE	FALSE	FALSE	FALSE	65	65	60	110	95	130	525	Yellow	Quadruped		Volt Absorb		Quick Feet	Thunder Stone	45	15	Field		35	4480	Medium Fast	"1,000,000"	0.8	2′07″	24.5	54	50	184	0	0	0	0	0	2	2	87.50%	12.50%	1	1	1	0.5	1	1	1	1	2	0.5	1	1	1	1	1	1	0.5	1	226-1|44-1|204-1|383-1|343-1|38-1|45-1|270-1|129-1|33-1|39-1|36-1|28-5|98-10|608-15|86-20|24-25|422-30|42-35|435-40|97-45|87-50|387-55	36-TM|204-TM|313-TM|97-TM|189-TM|182-TM|422-TM|885-TM|263-TM|129-TM|500-TM|203-TM|521-TM|241-TM|240-TM|91-TM|206-TM|34-TM|214-TM|486-TM|113-TM|86-TM|156-TM|598-TM|164-TM|247-TM|304-TM|85-TM|347-TM|270-TM|226-TM|604-TM|528-TM|416-TM|63-TM|87-TM|851-TM|46-TM|268-TM|311-TM|38-TM|527-TM|319-TM|174-TM|914-TM	174-EM|197-EM|24-EM|175-EM|189-EM|321-EM|273-EM|281-EM	84-EV	
136	136	Flareon	Flame Pokémon	Fire		TRUE	TRUE	TRUE	TRUE	TRUE	TRUE	TRUE	FALSE	FALSE	FALSE	TRUE	TRUE	TRUE	TRUE	TRUE	TRUE	TRUE	FALSE	FALSE	TRUE	TRUE	TRUE	TRUE	TRUE	TRUE	TRUE	TRUE	TRUE	TRUE	TRUE	TRUE	TRUE	TRUE	FALSE	FALSE	TRUE	TRUE	TRUE	TRUE	TRUE	TRUE	TRUE	FALSE	FALSE	FALSE	FALSE	65	130	60	95	110	65	525	Red	Quadruped		Flash Fire		Guts	Fire Stone	45	15	Field		35	4480	Medium Fast	"1,000,000"	0.9	2′11″	25	55.1	50	184	0	2	0	0	0	0	2	87.50%	12.50%	1	0.5	2	1	0.5	0.5	1	1	2	1	1	0.5	2	1	1	1	0.5	0.5	226-1|204-1|383-1|343-1|38-1|45-1|270-1|129-1|33-1|39-1|36-1|28-5|98-10|608-15|123-20|44-25|424-30|83-35|436-40|184-45|394-50|387-55	36-TM|204-TM|313-TM|189-TM|184-TM|182-TM|424-TM|885-TM|83-TM|263-TM|129-TM|488-TM|500-TM|203-TM|241-TM|240-TM|91-TM|34-TM|214-TM|156-TM|164-TM|261-TM|247-TM|304-TM|257-TM|53-TM|347-TM|270-TM|226-TM|126-TM|416-TM|315-TM|63-TM|394-TM|851-TM|46-TM|311-TM|807-TM|38-TM|283-TM|915-TM|815-TM|174-TM|914-TM	174-EM|197-EM|24-EM|175-EM|189-EM|321-EM|273-EM|281-EM	52-EV	
137	137	Porygon	Virtual Pokémon	Normal		TRUE	TRUE	TRUE	TRUE	TRUE	TRUE	TRUE	FALSE	FALSE	FALSE	TRUE	TRUE	TRUE	TRUE	TRUE	TRUE	TRUE	TRUE	TRUE	FALSE	FALSE	FALSE	FALSE	TRUE	TRUE	TRUE	TRUE	TRUE	TRUE	TRUE	TRUE	FALSE	FALSE	TRUE	TRUE	FALSE	FALSE	TRUE	TRUE	TRUE	FALSE	FALSE	FALSE	FALSE	TRUE	TRUE	65	60	70	85	75	40	395	Pink	Head+Legs		Trace	Download	Analytic		45	15	Mineral		20	2560	Medium Fast	"1,000,000"	0.8	2′07″	36.5	80.5	50	79	0	0	0	1	0	0	1	Unknown		1	1	1	1	1	1	2	1	1	1	1	1	1	0	1	1	1	1	160-1|33-1|278-5|393-10|84-15|60-20|176-25|97-30|105-35|435-40|161-45|38-50|199-55|192-60	36-TM|97-TM|182-TM|60-TM|168-TM|451-TM|263-TM|129-TM|196-TM|203-TM|241-TM|240-TM|473-TM|428-TM|492-TM|214-TM|86-TM|156-TM|598-TM|164-TM|271-TM|247-TM|94-TM|85-TM|58-TM|59-TM|416-TM|433-TM|63-TM|87-TM|76-TM|851-TM|268-TM|356-TM|38-TM|527-TM			
138	138	Omanyte	Spiral Pokémon	Rock	Water	TRUE	TRUE	TRUE	TRUE	FALSE	FALSE	FALSE	FALSE	FALSE	FALSE	TRUE	TRUE	TRUE	TRUE	TRUE	TRUE	TRUE	TRUE	TRUE	TRUE	TRUE	FALSE	TRUE	TRUE	TRUE	FALSE	FALSE	TRUE	TRUE	TRUE	TRUE	FALSE	FALSE	FALSE	FALSE	TRUE	FALSE	TRUE	TRUE								35	40	100	90	55	35	355	Blue	Tentacles		Swift Swim	Shell Armor	Weak Armor		45	15	Water 1	Water 3	30	3840	Medium Fast	"1,000,000"	0.4	1′04″	7.5	16.5	50	71	0	0	1	0	0	0	1	87.50%	12.50%	0.5	0.25	1	2	4	0.5	2	0.5	2	0.5	1	1	1	1	1	1	1	1					
139	139	Omastar	Spiral Pokémon	Rock	Water	TRUE	TRUE	TRUE	TRUE	FALSE	FALSE	FALSE	FALSE	FALSE	FALSE	TRUE	TRUE	TRUE	TRUE	TRUE	TRUE	TRUE	TRUE	TRUE	TRUE	TRUE	FALSE	TRUE	TRUE	TRUE	FALSE	FALSE	TRUE	TRUE	TRUE	TRUE	FALSE	FALSE	FALSE	FALSE	TRUE	FALSE	TRUE	TRUE								70	60	125	115	70	55	495	Blue	Tentacles		Swift Swim	Shell Armor	Weak Armor	Level 40	45	15	Water 1	Water 3	30	3840	Medium Fast	"1,000,000"	1	3′03″	35	77.2	50	173	0	0	2	0	0	0	2	87.50%	12.50%	0.5	0.25	1	2	4	0.5	2	0.5	2	0.5	1	1	1	1	1	1	1	1					
140	140	Kabuto	Shellfish Pokémon	Rock	Water	TRUE	TRUE	TRUE	TRUE	FALSE	FALSE	FALSE	FALSE	FALSE	FALSE	TRUE	TRUE	TRUE	TRUE	TRUE	TRUE	TRUE	TRUE	TRUE	TRUE	TRUE	FALSE	TRUE	TRUE	TRUE	FALSE	FALSE	TRUE	TRUE	TRUE	TRUE	FALSE	FALSE	FALSE	FALSE	FALSE	TRUE	TRUE	TRUE								30	80	90	55	45	55	355	Brown	Insectoid		Swift Swim	Battle Armor	Weak Armor		45	15	Water 1	Water 3	30	3840	Medium Fast	"1,000,000"	0.5	1′08″	11.5	25.4	50	71	0	0	1	0	0	0	1	87.50%	12.50%	0.5	0.25	1	2	4	0.5	2	0.5	2	0.5	1	1	1	1	1	1	1	1					
141	141	Kabutops	Shellfish Pokémon	Rock	Water	TRUE	TRUE	TRUE	TRUE	FALSE	FALSE	FALSE	FALSE	FALSE	FALSE	TRUE	TRUE	TRUE	TRUE	TRUE	TRUE	TRUE	TRUE	TRUE	TRUE	TRUE	FALSE	TRUE	TRUE	TRUE	FALSE	FALSE	TRUE	TRUE	TRUE	TRUE	FALSE	FALSE	FALSE	FALSE	FALSE	TRUE	TRUE	TRUE								60	115	105	65	70	80	495	Brown	Bipedal+Tail		Swift Swim	Battle Armor	Weak Armor	Level 40	45	15	Water 1	Water 3	30	3840	Medium Fast	"1,000,000"	1.3	4′03″	40.5	89.3	50	173	0	2	0	0	0	0	2	87.50%	12.50%	0.5	0.25	1	2	4	0.5	2	0.5	2	0.5	1	1	1	1	1	1	1	1					
142	142	Aerodactyl	Fossil Pokémon	Rock	Flying	TRUE	TRUE	TRUE	TRUE	FALSE	FALSE	FALSE	FALSE	FALSE	FALSE	TRUE	TRUE	TRUE	TRUE	TRUE	TRUE	TRUE	TRUE	TRUE	TRUE	TRUE	TRUE	TRUE	TRUE	TRUE	TRUE	TRUE	TRUE	TRUE	TRUE	TRUE	FALSE	FALSE	FALSE	FALSE	TRUE	TRUE	TRUE	TRUE								80	105	65	60	75	130	515	Purple	1 Pair of Wings		Rock Head	Pressure	Unnerve		45	15	Flying		35	4480	Slow	"1,250,000"	1.8	5′11″	59	130.1	50	180	0	0	0	0	0	2	2	87.50%	12.50%	0.5	0.5	2	2	1	2	1	0.5	0	0.5	1	0.5	2	1	1	1	2	1					
142		Mega Aerodactyl	Fossil Pokémon	Rock	Flying																						TRUE	TRUE	TRUE	TRUE	TRUE	TRUE	TRUE	TRUE	TRUE	TRUE																80	135	85	70	95	150	615	Purple	1 Pair of Wings		Tough Claws			Aerodactylite		0			40	5120	Slow	"1,250,000"	2.1	6′11″	79	174.2	50	215	0	0	0	0	0	2	2	87.50%	12.50%	0.5	0.5	2	2	1	2	1	0.5	0	0.5	1	0.5	2	1	1	1	2	1					
143		GMAX Snorlax	Sleeping Pokémon	Normal																																	TRUE	TRUE	TRUE	TRUE	TRUE	TRUE										160	110	65	65	110	30	540	Black	Bipedal+Tailless		Immunity	Thick Fat	Gluttony	GMAX Factor	3	1					Slow	"1,250,000"	35	"114'10"""	???	???	50	0	0	0	0	0	0	0	0	87.50%	12.50%	1	1	1	1	1	1	2	1	1	1	1	1	1	0	1	1	1	1					
143	143	Snorlax	Sleeping Pokémon	Normal		TRUE	TRUE	TRUE	TRUE	TRUE	TRUE	TRUE	FALSE	FALSE	FALSE	TRUE	TRUE	TRUE	TRUE	TRUE	TRUE	TRUE	TRUE	TRUE	TRUE	TRUE	TRUE	TRUE	FALSE	FALSE	TRUE	TRUE	TRUE	TRUE	TRUE	TRUE	TRUE	TRUE	FALSE	FALSE	TRUE	TRUE	TRUE	TRUE	TRUE	FALSE	FALSE	TRUE	TRUE	FALSE	FALSE	160	110	65	65	110	30	540	Black	Bipedal+Tailless		Immunity	Thick Fat	Gluttony	High Friendship	25	8.33	Monster		80	10240	Slow	"1,250,000"	2.1	6′11″	460	1014.1	50	189	2	0	0	0	0	0	2	87.50%	12.50%	1	1	1	1	1	1	2	1	1	1	1	1	1	0	1	1	1	1	335-1|343-1|111-1|175-1|374-1|387-1|122-1|118-1|278-1|103-1|254-1|256-1|33-1|281-12|44-16|156-20|214-20|173-20|242-24|34-28|484-32|133-36|667-40|359-44|187-48|562-52|416-56	36-TM|204-TM|189-TM|182-TM|885-TM|886-TM|263-TM|523-TM|196-TM|317-TM|374-TM|203-TM|241-TM|240-TM|201-TM|91-TM|280-TM|428-TM|34-TM|7-TM|9-TM|8-TM|214-TM|402-TM|118-TM|707-TM|156-TM|157-TM|776-TM|442-TM|441-TM|164-TM|242-TM|247-TM|304-TM|484-TM|227-TM|57-TM|53-TM|85-TM|133-TM|270-TM|58-TM|126-TM|59-TM|528-TM|89-TM|416-TM|200-TM|411-TM|63-TM|87-TM|76-TM|851-TM|479-TM|667-TM|535-TM|253-TM|264-TM|38-TM|916-TM|174-TM|912-TM			
144	144	Articuno	Freeze Pokémon	Ice	Flying	TRUE	TRUE	TRUE	TRUE	FALSE	FALSE	FALSE	FALSE	FALSE	FALSE	TRUE	TRUE	TRUE	TRUE	TRUE	TRUE	TRUE	FALSE	FALSE	FALSE	FALSE	TRUE	TRUE	FALSE	FALSE	FALSE	FALSE	TRUE	TRUE	TRUE	TRUE	FALSE	FALSE	FALSE	FALSE	TRUE	TRUE	TRUE	TRUE		FALSE	FALSE	FALSE	FALSE	TRUE	TRUE	90	85	100	95	125	85	580	Blue	1 Pair of Wings		Pressure		Snow Cloak		3	1	No Eggs Discovered		80	10240	Slow	"1,250,000"	1.7	5′07″	55.4	122.1	35	290	0	0	0	0	3	0	3	Unknown		1	2	1	2	0.5	1	1	1	0	1	1	0.5	4	1	1	1	2	1	16-1|54-1|181-5|115-10|420-15|97-20|246-25|366-30|573-35|355-40|58-45|883-50|542-55|114-60|59-65|329-70	36-TM|97-TM|182-TM|352-TM|263-TM|332-TM|129-TM|196-TM|314-TM|419-TM|203-TM|241-TM|240-TM|201-TM|883-TM|369-TM|403-TM|214-TM|115-TM|113-TM|156-TM|19-TM|164-TM|366-TM|861-TM|270-TM|58-TM|59-TM|416-TM|542-TM|63-TM|413-TM|851-TM|46-TM|114-TM|333-TM|311-TM|814-TM|38-TM|813-TM|297-TM			
144		Galarian Articuno	Cruel Pokémon	Psychic	Flying																																FALSE	FALSE	FALSE	FALSE	TRUE	TRUE				FALSE	FALSE	FALSE	FALSE	FALSE	FALSE	90	85	85	125	100	95	580	Purple	1 Pair of Wings		Competitive				3	1	No Eggs Discovered		80	10240	Slow	"1,250,000"	1.7	5′07″	50.9	112.2	35	290	0	0	0	3	0	0	3	Unknown		1	1	1	2	0.5	2	0.25	1	0	1	0.5	1	2	2	1	2	1	1	16-1|93-5|115-10|95-15|97-20|246-25|366-30|427-35|105-40|821-45|138-50|542-55|104-60|248-65|433-70	36-TM|97-TM|184-TM|182-TM|60-TM|263-TM|129-TM|314-TM|500-TM|203-TM|241-TM|240-TM|883-TM|473-TM|369-TM|403-TM|214-TM|115-TM|113-TM|156-TM|286-TM|19-TM|285-TM|164-TM|271-TM|366-TM|247-TM|304-TM|94-TM|347-TM|270-TM|416-TM|542-TM|433-TM|63-TM|413-TM|851-TM|814-TM|248-TM|797-TM|917-TM			
145	145	Zapdos	Electric Pokémon	Electric	Flying	TRUE	TRUE	TRUE	TRUE	FALSE	FALSE	FALSE	FALSE	FALSE	FALSE	TRUE	TRUE	TRUE	TRUE	TRUE	TRUE	TRUE	FALSE	FALSE	FALSE	FALSE	TRUE	TRUE	FALSE	FALSE	FALSE	FALSE	TRUE	TRUE	TRUE	TRUE	FALSE	FALSE	FALSE	FALSE	TRUE	TRUE	TRUE	TRUE		FALSE	FALSE	FALSE	FALSE	TRUE	TRUE	90	90	85	125	90	100	580	Yellow	1 Pair of Wings		Pressure		Static		3	1	No Eggs Discovered		80	10240	Slow	"1,250,000"	1.6	5′03″	52.6	116	35	290	0	0	0	3	0	0	3	Unknown		1	1	1	1	0.5	2	0.5	1	0	0.5	1	0.5	2	1	1	1	0.5	1	64-1|86-1|84-5|113-10|365-15|97-20|246-25|268-30|65-35|355-40|435-45|240-50|87-55|197-60|602-65|192-70	36-TM|97-TM|182-TM|512-TM|263-TM|332-TM|129-TM|314-TM|203-TM|521-TM|241-TM|240-TM|201-TM|369-TM|214-TM|486-TM|113-TM|86-TM|156-TM|598-TM|19-TM|164-TM|366-TM|257-TM|85-TM|270-TM|226-TM|604-TM|528-TM|416-TM|542-TM|63-TM|413-TM|87-TM|851-TM|268-TM|311-TM|814-TM|916-TM|319-TM			
145		Galarian Zapdos	Good Walker Pokémon	Fighting	Flying																																FALSE	FALSE	FALSE	FALSE	TRUE	TRUE				FALSE	FALSE	FALSE	FALSE	FALSE	FALSE	90	125	90	85	90	100	580	Yellow	1 Pair of Wings		Defiant				3	1	No Eggs Discovered		80	10240	Slow	"1,250,000"	1.6	5′03″	58.2	128.3	35	290	0	3	0	0	0	0	3	Unknown		1	1	1	2	0.5	2	0.5	1	0	2	2	0.25	1	1	1	0.5	1	2	116-1|64-1|249-5|113-10|365-15|97-20|246-25|280-30|65-35|501-40|823-45|339-50|68-55|197-60|370-65|179-70	36-TM|97-TM|184-TM|182-TM|67-TM|512-TM|885-TM|263-TM|332-TM|129-TM|490-TM|203-TM|241-TM|240-TM|201-TM|280-TM|369-TM|339-TM|214-TM|113-TM|707-TM|156-TM|269-TM|19-TM|164-TM|366-TM|270-TM|179-TM|416-TM|542-TM|63-TM|413-TM|370-TM|851-TM|282-TM|814-TM|38-TM|283-TM|811-TM|675-TM			
146	146	Moltres	Flame Pokémon	Fire	Flying	TRUE	TRUE	TRUE	TRUE	FALSE	FALSE	FALSE	FALSE	FALSE	FALSE	TRUE	TRUE	TRUE	TRUE	TRUE	TRUE	TRUE	FALSE	FALSE	FALSE	FALSE	TRUE	TRUE	FALSE	FALSE	FALSE	FALSE	TRUE	TRUE	TRUE	TRUE	FALSE	FALSE	FALSE	FALSE	TRUE	TRUE	TRUE	TRUE		FALSE	FALSE	FALSE	FALSE	TRUE	TRUE	90	100	90	125	85	90	580	Yellow	1 Pair of Wings		Pressure		Flame Body		3	1	No Eggs Discovered		80	10240	Slow	"1,250,000"	2	6′07″	60	132.3	35	290	0	0	0	3	0	0	3	Unknown		1	0.5	2	2	0.25	1	0.5	1	0	1	1	0.25	4	1	1	1	0.5	0.5	16-1|43-1|52-5|219-10|17-15|97-20|246-25|510-30|403-35|355-40|257-45|241-50|542-55|203-60|315-65|143-70	36-TM|97-TM|182-TM|512-TM|83-TM|263-TM|332-TM|129-TM|488-TM|314-TM|203-TM|241-TM|240-TM|201-TM|369-TM|403-TM|214-TM|156-TM|19-TM|164-TM|261-TM|366-TM|257-TM|53-TM|270-TM|126-TM|416-TM|315-TM|542-TM|63-TM|413-TM|394-TM|76-TM|851-TM|46-TM|311-TM|807-TM|814-TM|38-TM|915-TM|815-TM			
146		Galarian Moltres	Evil Pokémon	Dark	Flying																																FALSE	FALSE	FALSE	FALSE	TRUE	TRUE				FALSE	FALSE	FALSE	FALSE	FALSE	FALSE	90	85	90	100	125	90	580	Red	1 Pair of Wings		Berserk				3	1	No Eggs Discovered		80	10240	Slow	"1,250,000"	2	6′07″	66	145.5	35	290	0	0	0	0	3	0	3	Unknown		1	1	1	2	0.5	2	1	1	0	1	0	1	2	0.5	1	0.5	1	2	16-1|43-1|371-5|219-10|17-15|97-20|246-25|389-30|403-35|495-40|822-45|417-50|542-55|203-60|262-65|143-70	36-TM|97-TM|184-TM|182-TM|512-TM|168-TM|263-TM|332-TM|506-TM|555-TM|129-TM|203-TM|241-TM|240-TM|201-TM|369-TM|492-TM|403-TM|214-TM|156-TM|269-TM|286-TM|399-TM|19-TM|164-TM|366-TM|247-TM|304-TM|270-TM|417-TM|416-TM|542-TM|63-TM|413-TM|851-TM|180-TM|814-TM|808-TM|220-TM			
147	147	Dratini	Dragon Pokémon	Dragon		TRUE	TRUE	TRUE	TRUE	TRUE	TRUE	TRUE	FALSE	FALSE	FALSE	TRUE	TRUE	TRUE	TRUE	TRUE	TRUE	TRUE	TRUE	TRUE	TRUE	TRUE	TRUE	TRUE	FALSE	FALSE	TRUE	TRUE	TRUE	TRUE	TRUE	TRUE	FALSE	FALSE	FALSE	FALSE	TRUE	TRUE	TRUE	TRUE		TRUE	TRUE	FALSE	FALSE	FALSE	FALSE	41	64	45	50	50	50	300	Blue	Serpentine		Shed Skin		Marvel Scale		45	15	Water 1	Dragon	40	5120	Slow	"1,250,000"	1.8	5′11″	3.3	7.3	35	60	0	1	0	0	0	0	1	50%	50%	1	0.5	0.5	0.5	0.5	2	1	1	1	1	1	1	1	1	2	1	1	2	43-1|35-1|239-5|86-10|525-15|97-20|21-25|401-31|407-35|219-40|240-45|349-50|200-55|63-60	36-TM|97-TM|182-TM|352-TM|886-TM|83-TM|263-TM|129-TM|196-TM|525-TM|203-TM|241-TM|240-TM|34-TM|214-TM|113-TM|127-TM|86-TM|156-TM|442-TM|349-TM|164-TM|406-TM|57-TM|53-TM|85-TM|270-TM|58-TM|126-TM|56-TM|59-TM|416-TM|200-TM|63-TM|87-TM|434-TM|851-TM|114-TM|799-TM|784-TM|913-TM	453-EM|225-EM|245-EM|54-EM|48-EM|352-EM		
148	148	Dragonair	Dragon Pokémon	Dragon		TRUE	TRUE	TRUE	TRUE	TRUE	TRUE	TRUE	FALSE	FALSE	FALSE	TRUE	TRUE	TRUE	TRUE	TRUE	TRUE	TRUE	TRUE	TRUE	TRUE	TRUE	TRUE	TRUE	FALSE	FALSE	TRUE	TRUE	TRUE	TRUE	TRUE	TRUE	FALSE	FALSE	FALSE	FALSE	TRUE	TRUE	TRUE	TRUE		TRUE	TRUE	FALSE	FALSE	FALSE	FALSE	61	84	65	70	70	70	420	Blue	Serpentine		Shed Skin		Marvel Scale	Level 30	45	15	Water 1	Dragon	40	5120	Slow	"1,250,000"	4	13′01″	16.5	36.4	35	147	0	2	0	0	0	0	2	50%	50%	1	0.5	0.5	0.5	0.5	2	1	1	1	1	1	1	1	1	2	1	1	2	43-1|86-1|239-1|35-1|525-15|97-20|21-25|401-33|407-39|219-46|240-53|349-60|200-67|63-74	36-TM|97-TM|182-TM|352-TM|886-TM|83-TM|263-TM|129-TM|196-TM|525-TM|203-TM|241-TM|240-TM|34-TM|214-TM|113-TM|127-TM|86-TM|156-TM|442-TM|349-TM|164-TM|406-TM|57-TM|53-TM|85-TM|270-TM|58-TM|126-TM|56-TM|59-TM|416-TM|200-TM|63-TM|87-TM|434-TM|851-TM|114-TM|311-TM|799-TM|784-TM|913-TM	453-EM|225-EM|245-EM|54-EM|48-EM|352-EM		
149	149	Dragonite	Dragon Pokémon	Dragon	Flying	TRUE	TRUE	TRUE	TRUE	TRUE	TRUE	TRUE	FALSE	FALSE	FALSE	TRUE	TRUE	TRUE	TRUE	TRUE	TRUE	TRUE	TRUE	TRUE	TRUE	TRUE	TRUE	TRUE	FALSE	FALSE	TRUE	TRUE	TRUE	TRUE	TRUE	TRUE	FALSE	FALSE	FALSE	FALSE	TRUE	TRUE	TRUE	TRUE		TRUE	TRUE	FALSE	FALSE	FALSE	FALSE	91	134	95	100	100	80	600	Brown	Bipedal+Tail		Inner Focus		Multiscale	Level 55	45	15	Water 1	Dragon	40	5120	Slow	"1,250,000"	2.2	7′03″	210	463	35	300	0	3	0	0	0	0	3	50%	50%	1	0.5	0.5	1	0.25	4	0.5	1	0	1	1	0.5	2	1	2	1	1	2	245-1|7-1|43-1|355-1|9-1|86-1|239-1|17-1|35-1|525-15|97-20|21-25|401-33|407-39|200-41|219-46|240-53|349-62|63-80	36-TM|97-TM|184-TM|182-TM|352-TM|67-TM|886-TM|83-TM|263-TM|332-TM|523-TM|129-TM|196-TM|317-TM|314-TM|374-TM|525-TM|203-TM|241-TM|240-TM|201-TM|883-TM|280-TM|403-TM|34-TM|7-TM|9-TM|8-TM|214-TM|113-TM|127-TM|337-TM|118-TM|86-TM|707-TM|156-TM|157-TM|776-TM|19-TM|442-TM|349-TM|164-TM|366-TM|406-TM|257-TM|227-TM|57-TM|861-TM|53-TM|85-TM|270-TM|58-TM|126-TM|56-TM|59-TM|89-TM|444-TM|416-TM|200-TM|411-TM|542-TM|63-TM|87-TM|434-TM|851-TM|46-TM|114-TM|264-TM|311-TM|799-TM|784-TM|913-TM	453-EM|225-EM|245-EM|54-EM|48-EM|352-EM	542-EV	
150	150	Mewtwo	Genetic Pokémon	Psychic		TRUE	TRUE	TRUE	TRUE	FALSE	FALSE	FALSE	FALSE	FALSE	FALSE	TRUE	TRUE	FALSE	FALSE	FALSE	TRUE	TRUE	FALSE	FALSE	FALSE	FALSE	TRUE	TRUE	FALSE	FALSE	FALSE	FALSE	TRUE	TRUE	TRUE	TRUE	FALSE	FALSE	FALSE	FALSE	TRUE	TRUE	TRUE	TRUE		FALSE	FALSE	FALSE	FALSE	FALSE	FALSE	106	110	90	154	90	130	680	Purple	Bipedal+Tail		Pressure		Unnerve		3	1	No Eggs Discovered		120	15360	Slow	"1,250,000"	2	6′07″	122	269	0	340	0	0	0	3	0	0	3	Unknown		1	1	1	1	1	1	0.5	1	1	1	0.5	2	1	2	1	2	1	1	93-1|50-1|791-1|129-1|246-8|427-16|219-24|133-32|396-40|94-48|385-56|384-56|54-64|540-72|105-80|248-88	36-TM|97-TM|184-TM|182-TM|67-TM|60-TM|109-TM|885-TM|886-TM|263-TM|523-TM|506-TM|129-TM|196-TM|317-TM|490-TM|500-TM|101-TM|374-TM|419-TM|203-TM|241-TM|240-TM|201-TM|473-TM|280-TM|428-TM|492-TM|339-TM|34-TM|7-TM|9-TM|8-TM|214-TM|486-TM|409-TM|115-TM|113-TM|118-TM|447-TM|86-TM|398-TM|707-TM|156-TM|157-TM|269-TM|286-TM|399-TM|285-TM|408-TM|164-TM|261-TM|271-TM|396-TM|247-TM|412-TM|94-TM|53-TM|85-TM|133-TM|347-TM|270-TM|414-TM|179-TM|58-TM|678-TM|417-TM|126-TM|59-TM|89-TM|444-TM|416-TM|411-TM|542-TM|433-TM|63-TM|87-TM|76-TM|851-TM|180-TM|356-TM|282-TM|264-TM|311-TM|808-TM|244-TM|38-TM|248-TM|797-TM|174-TM|917-TM			
150		Mega Mewtwo X	Genetic Pokémon	Psychic	Fighting																						TRUE	FALSE	FALSE	FALSE	FALSE	FALSE	TRUE	TRUE	TRUE	TRUE																106	190	100	154	100	130	780	Purple	Bipedal+Tail		Steadfast			Mewtwonite X		0			120	15360	Slow	"1,250,000"	2.3	7′07″	127	280	0	390	0	0	0	3	0	0	3	Unknown		1	1	1	1	1	1	0.5	1	1	2	1	1	0.5	2	1	1	1	2					
150		Mega Mewtwo Y	Genetic Pokémon	Psychic																							FALSE	TRUE	FALSE	FALSE	FALSE	FALSE	TRUE	TRUE	TRUE	TRUE																106	150	70	194	120	140	780	Purple	Bipedal+Tail		Insomnia			Mewtwonite Y		0			120	15360	Slow	"1,250,000"	1.5	4′11″	33	72.8	0	390	0	0	0	3	0	0	3	Unknown		1	1	1	1	1	1	0.5	1	1	1	0.5	2	1	2	1	2	1	1					
151	151	Mew	New Species Pokémon	Psychic		FALSE	FALSE	FALSE	FALSE	FALSE	FALSE	FALSE	FALSE	FALSE	FALSE	FALSE	FALSE	FALSE	FALSE	FALSE	FALSE	FALSE	FALSE	FALSE	FALSE	FALSE	FALSE	FALSE	FALSE	FALSE	FALSE	FALSE	FALSE	FALSE	FALSE	FALSE	FALSE	FALSE	FALSE	FALSE	FALSE	FALSE	TRUE	TRUE		FALSE	FALSE	FALSE	FALSE	FALSE	FALSE	100	100	100	100	100	100	600	Pink	Bipedal+Tail		Synchronize				45	15	No Eggs Discovered		120	15360	Medium Slow	"1,059,860"	0.4	1′04″	4	8.8	100	300	3	0	0	0	0	0	3	Unknown		1	1	1	1	1	1	0.5	1	1	1	0.5	2	1	2	1	2	1	1	1-1|513-1|133-10|226-20|246-30|791-40|417-50|118-60|286-70|144-80|396-90|94-100	36-TM|204-TM|313-TM|97-TM|189-TM|184-TM|182-TM|424-TM|422-TM|423-TM|352-TM|67-TM|491-TM|512-TM|522-TM|60-TM|109-TM|168-TM|574-TM|885-TM|884-TM|886-TM|451-TM|83-TM|263-TM|342-TM|332-TM|523-TM|506-TM|555-TM|232-TM|129-TM|345-TM|196-TM|341-TM|317-TM|577-TM|488-TM|490-TM|314-TM|500-TM|101-TM|374-TM|525-TM|474-TM|419-TM|203-TM|521-TM|241-TM|240-TM|201-TM|883-TM|684-TM|473-TM|91-TM|331-TM|206-TM|280-TM|428-TM|369-TM|421-TM|492-TM|706-TM|339-TM|403-TM|34-TM|7-TM|9-TM|8-TM|214-TM|402-TM|486-TM|409-TM|115-TM|113-TM|350-TM|127-TM|337-TM|605-TM|118-TM|447-TM|86-TM|398-TM|707-TM|156-TM|157-TM|269-TM|14-TM|776-TM|191-TM|390-TM|286-TM|430-TM|399-TM|141-TM|598-TM|19-TM|285-TM|442-TM|349-TM|408-TM|441-TM|164-TM|334-TM|404-TM|529-TM|261-TM|242-TM|271-TM|710-TM|202-TM|396-TM|366-TM|247-TM|406-TM|446-TM|304-TM|257-TM|412-TM|94-TM|484-TM|227-TM|57-TM|861-TM|53-TM|85-TM|583-TM|133-TM|347-TM|270-TM|676-TM|226-TM|414-TM|179-TM|58-TM|604-TM|580-TM|678-TM|581-TM|417-TM|126-TM|56-TM|59-TM|519-TM|518-TM|520-TM|528-TM|188-TM|89-TM|444-TM|566-TM|416-TM|307-TM|308-TM|338-TM|200-TM|315-TM|411-TM|437-TM|542-TM|433-TM|405-TM|63-TM|413-TM|394-TM|87-TM|370-TM|76-TM|434-TM|796-TM|851-TM|46-TM|268-TM|114-TM|92-TM|328-TM|180-TM|356-TM|479-TM|360-TM|282-TM|450-TM|162-TM|410-TM|679-TM|667-TM|333-TM|503-TM|535-TM|669-TM|253-TM|264-TM|311-TM|803-TM|807-TM|812-TM|814-TM|809-TM|808-TM|799-TM|802-TM|220-TM|244-TM|38-TM|283-TM|572-TM|915-TM|250-TM|330-TM|916-TM|527-TM|813-TM|811-TM|482-TM|815-TM|297-TM|248-TM|797-TM|806-TM|800-TM|675-TM|784-TM|319-TM|174-TM|912-TM|913-TM|914-TM|917-TM|918-TM			
152	152	Chikorita	Leaf Pokémon	Grass						TRUE	TRUE	TRUE	FALSE	FALSE	FALSE	FALSE	FALSE	FALSE	FALSE	FALSE	TRUE	TRUE	FALSE	FALSE	FALSE	FALSE	FALSE	FALSE	TRUE	TRUE	TRUE	TRUE	FALSE	FALSE									TRUE	TRUE		FALSE	FALSE	FALSE	FALSE	TRUE	TRUE	45	49	65	49	65	45	318	Green	Quadruped		Overgrow		Leaf Guard		45	15	Monster	Grass	20	2560	Medium Slow	"1,059,860"	0.9	2′11″	6.4	14.1	50	64	0	0	0	0	1	0	1	87.50%	12.50%	1	2	0.5	0.5	0.5	2	1	2	0.5	2	1	2	1	1	1	1	1	1	45-1|33-1|75-6|77-9|235-12|115-17|345-20|73-23|230-28|113-31|34-34|219-39|202-42|76-45	36-TM|204-TM|313-TM|189-TM|182-TM|885-TM|263-TM|345-TM|203-TM|241-TM|331-TM|34-TM|214-TM|402-TM|115-TM|113-TM|447-TM|156-TM|14-TM|164-TM|202-TM|412-TM|227-TM|270-TM|580-TM|520-TM|437-TM|76-TM|851-TM|669-TM|803-TM|38-TM|174-TM	246-EM|68-EM|175-EM|505-EM|275-EM|22-EM		
153	153	Bayleef	Leaf Pokémon	Grass						TRUE	TRUE	TRUE	FALSE	FALSE	FALSE	FALSE	FALSE	FALSE	FALSE	FALSE	TRUE	TRUE	FALSE	FALSE	FALSE	FALSE	FALSE	FALSE	TRUE	TRUE	TRUE	TRUE	FALSE	FALSE									TRUE	TRUE		FALSE	FALSE	FALSE	FALSE	TRUE	TRUE	60	62	80	63	80	60	405	Green	Quadruped		Overgrow		Leaf Guard	Level 16	45	15	Monster	Grass	20	2560	Medium Slow	"1,059,860"	1.2	3′11″	15.8	34.8	50	142	0	0	1	0	1	0	2	87.50%	12.50%	1	2	0.5	0.5	0.5	2	1	2	0.5	2	1	2	1	1	1	1	1	1	45-1|77-1|75-1|33-1|235-12|115-18|345-22|73-26|230-32|113-36|34-40|219-46|202-50|76-54	36-TM|204-TM|313-TM|189-TM|182-TM|885-TM|263-TM|345-TM|203-TM|241-TM|331-TM|34-TM|214-TM|402-TM|115-TM|113-TM|447-TM|707-TM|156-TM|14-TM|164-TM|202-TM|412-TM|227-TM|270-TM|580-TM|520-TM|437-TM|76-TM|851-TM|282-TM|669-TM|803-TM|38-TM|174-TM			
154	154	Meganium	Herb Pokémon	Grass						TRUE	TRUE	TRUE	FALSE	FALSE	FALSE	FALSE	FALSE	FALSE	FALSE	FALSE	TRUE	TRUE	FALSE	FALSE	FALSE	FALSE	FALSE	FALSE	TRUE	TRUE	TRUE	TRUE	FALSE	FALSE									TRUE	TRUE		FALSE	FALSE	FALSE	FALSE	TRUE	TRUE	80	82	100	83	100	80	525	Green	Quadruped		Overgrow		Leaf Guard	Level 32	45	15	Monster	Grass	20	2560	Medium Slow	"1,059,860"	1.8	5′11″	100.5	221.6	50	263	0	0	1	0	2	0	3	87.50%	12.50%	1	2	0.5	0.5	0.5	2	1	2	0.5	2	1	2	1	1	1	1	1	1	45-1|572-1|77-1|75-1|33-1|235-12|115-18|345-22|73-26|230-34|113-40|34-46|219-54|202-60|76-65	36-TM|204-TM|313-TM|189-TM|182-TM|885-TM|263-TM|523-TM|345-TM|525-TM|203-TM|241-TM|331-TM|428-TM|34-TM|214-TM|402-TM|115-TM|113-TM|447-TM|707-TM|156-TM|14-TM|776-TM|164-TM|202-TM|412-TM|227-TM|270-TM|580-TM|520-TM|89-TM|416-TM|338-TM|200-TM|437-TM|63-TM|76-TM|851-TM|282-TM|669-TM|311-TM|803-TM|38-TM|283-TM|572-TM|174-TM		80-EV	
155	155	Cyndaquil	Fire Mouse Pokémon	Fire						TRUE	TRUE	TRUE	FALSE	FALSE	FALSE	FALSE	FALSE	FALSE	FALSE	FALSE	TRUE	TRUE	FALSE	FALSE	FALSE	FALSE	FALSE	FALSE	TRUE	TRUE	TRUE	TRUE	FALSE	FALSE									TRUE	TRUE	TRUE	FALSE	FALSE	FALSE	FALSE	TRUE	TRUE	39	52	43	60	50	65	309	Yellow	Bipedal+Tailless		Blaze		Flash Fire		45	15	Field		20	2560	Medium Slow	"1,059,860"	0.5	1′08″	7.9	17.4	50	62	0	0	0	0	0	1	1	87.50%	12.50%	1	0.5	2	1	0.5	0.5	1	1	2	1	1	0.5	2	1	1	1	0.5	0.5	43-1|33-1|108-6|52-10|98-13|172-19|111-22|488-28|129-31|436-37|53-40|517-46|205-49|38-55|315-58|284-64	36-TM|182-TM|424-TM|83-TM|263-TM|332-TM|129-TM|488-TM|203-TM|241-TM|91-TM|428-TM|34-TM|214-TM|156-TM|442-TM|164-TM|261-TM|257-TM|53-TM|583-TM|179-TM|126-TM|519-TM|528-TM|315-TM|394-TM|851-TM|46-TM|807-TM|38-TM|915-TM|174-TM	343-EM|174-EM|24-EM|326-EM|336-EM|179-EM		
156	156	Quilava	Volcano Pokémon	Fire						TRUE	TRUE	TRUE	FALSE	FALSE	FALSE	FALSE	FALSE	FALSE	FALSE	FALSE	TRUE	TRUE	FALSE	FALSE	FALSE	FALSE	FALSE	FALSE	TRUE	TRUE	TRUE	TRUE	FALSE	FALSE									TRUE	TRUE	TRUE	FALSE	FALSE	FALSE	FALSE	TRUE	TRUE	58	64	58	80	65	80	405	Yellow	Quadruped		Blaze		Flash Fire	Level 14	45	15	Field		20	2560	Medium Slow	"1,059,860"	0.9	2′11″	19	41.9	50	142	0	0	0	1	0	1	2	87.50%	12.50%	1	0.5	2	1	0.5	0.5	1	1	2	1	1	0.5	2	1	1	1	0.5	0.5	43-1|108-1|33-1|52-10|98-13|172-20|111-24|129-31|488-35|436-42|53-46|517-53|205-57|38-64|315-68|284-75	36-TM|182-TM|424-TM|83-TM|263-TM|332-TM|129-TM|488-TM|203-TM|241-TM|91-TM|280-TM|428-TM|34-TM|214-TM|156-TM|442-TM|164-TM|261-TM|257-TM|53-TM|583-TM|179-TM|126-TM|519-TM|528-TM|315-TM|394-TM|851-TM|46-TM|807-TM|38-TM|283-TM|915-TM|174-TM	343-EM|174-EM|24-EM|326-EM|336-EM|179-EM		
157	157	Typhlosion	Volcano Pokémon	Fire						TRUE	TRUE	TRUE	FALSE	FALSE	FALSE	FALSE	FALSE	FALSE	FALSE	FALSE	TRUE	TRUE	FALSE	FALSE	FALSE	FALSE	FALSE	FALSE	TRUE	TRUE	TRUE	TRUE	FALSE	FALSE									TRUE	TRUE		FALSE	FALSE	FALSE	FALSE	TRUE	TRUE	78	84	78	109	85	100	534	Yellow	Quadruped		Blaze		Flash Fire	Level 36	45	15	Field		20	2560	Medium Slow	"1,059,860"	1.7	5′07″	79.5	175.3	50	267	0	0	0	3	0	0	3	87.50%	12.50%	1	0.5	2	1	0.5	0.5	1	1	2	1	1	0.5	2	1	1	1	0.5	0.5	38-1|52-1|284-1|360-1|43-1|108-1|33-1|98-13|172-20|111-24|129-31|488-35|436-43|53-48|517-56|205-61|315-74	36-TM|182-TM|424-TM|67-TM|83-TM|263-TM|332-TM|523-TM|129-TM|317-TM|488-TM|374-TM|203-TM|241-TM|91-TM|280-TM|428-TM|421-TM|34-TM|7-TM|9-TM|214-TM|707-TM|156-TM|157-TM|442-TM|164-TM|261-TM|247-TM|257-TM|53-TM|583-TM|270-TM|179-TM|126-TM|519-TM|528-TM|89-TM|416-TM|307-TM|315-TM|411-TM|63-TM|394-TM|76-TM|851-TM|46-TM|360-TM|264-TM|807-TM|38-TM|283-TM|915-TM|815-TM|675-TM|174-TM	343-EM|174-EM|24-EM|326-EM|336-EM|179-EM		
157		Hisuian Typhlosion	Ghost Flame Pokémon	Fire	Ghost																																								TRUE	FALSE	FALSE	FALSE	FALSE	FALSE	FALSE	73	84	78	119	85	95	534	Yellow	Quadruped		Blaze		Frisk	Level 36 in Hisui	45	15	Field		20	2560	Medium Slow	"1,059,860"	1.6	5′03″	69.8	153.9	50	267	0	0	0	3	0	0	3	87.50%	12.50%	0	0.5	2	1	0.5	0.5	0	0.5	2	1	1	0.25	2	2	1	2	0.5	0.5	38-1|52-1|284-1|360-1|43-1|108-1|33-1|98-13|172-20|111-24|129-31|488-35|436-43|53-48|517-56|205-61|315-74	36-TM|182-TM|424-TM|67-TM|109-TM|83-TM|263-TM|332-TM|523-TM|506-TM|129-TM|488-TM|101-TM|203-TM|241-TM|91-TM|280-TM|428-TM|421-TM|34-TM|7-TM|9-TM|214-TM|707-TM|156-TM|157-TM|442-TM|164-TM|261-TM|247-TM|257-TM|53-TM|583-TM|347-TM|179-TM|126-TM|519-TM|528-TM|89-TM|416-TM|307-TM|315-TM|411-TM|63-TM|394-TM|76-TM|851-TM|46-TM|180-TM|360-TM|264-TM|807-TM|809-TM|38-TM|283-TM|915-TM|174-TM	343-EM|174-EM|24-EM|326-EM|336-EM|179-EM	844-EV	
158	158	Totodile	Big Jaw Pokémon	Water						TRUE	TRUE	TRUE	FALSE	FALSE	FALSE	FALSE	FALSE	FALSE	FALSE	FALSE	TRUE	TRUE	FALSE	FALSE	FALSE	FALSE	FALSE	FALSE	TRUE	TRUE	TRUE	TRUE	FALSE	FALSE									TRUE	TRUE		FALSE	FALSE	FALSE	FALSE	TRUE	TRUE	50	65	64	44	48	43	314	Blue	Bipedal+Tail		Torrent		Sheer Force		45	15	Monster	Water 1	20	2560	Medium Slow	"1,059,860"	0.6	2′00″	9.5	20.9	50	63	0	1	0	0	0	0	1	87.50%	12.50%	1	0.5	0.5	2	2	0.5	1	1	1	1	1	1	1	1	1	1	0.5	1	43-1|10-1|55-6|44-9|184-13|423-19|175-22|242-27|163-30|103-33|37-37|401-41|276-45|56-50	36-TM|313-TM|189-TM|184-TM|182-TM|423-TM|352-TM|67-TM|168-TM|885-TM|886-TM|263-TM|332-TM|232-TM|196-TM|317-TM|374-TM|203-TM|240-TM|91-TM|280-TM|421-TM|8-TM|214-TM|127-TM|337-TM|156-TM|157-TM|14-TM|349-TM|164-TM|242-TM|710-TM|57-TM|58-TM|56-TM|59-TM|518-TM|851-TM|180-TM|253-TM|264-TM|812-TM|38-TM|283-TM|250-TM|330-TM|784-TM|174-TM	246-EM|453-EM|335-EM|68-EM|260-EM		
159	159	Croconaw	Big Jaw Pokémon	Water						TRUE	TRUE	TRUE	FALSE	FALSE	FALSE	FALSE	FALSE	FALSE	FALSE	FALSE	TRUE	TRUE	FALSE	FALSE	FALSE	FALSE	FALSE	FALSE	TRUE	TRUE	TRUE	TRUE	FALSE	FALSE									TRUE	TRUE		FALSE	FALSE	FALSE	FALSE	TRUE	TRUE	65	80	80	59	63	58	405	Blue	Bipedal+Tail		Torrent		Sheer Force	Level 18	45	15	Monster	Water 1	20	2560	Medium Slow	"1,059,860"	1.1	3′07″	25	55.1	50	142	0	1	1	0	0	0	2	87.50%	12.50%	1	0.5	0.5	2	2	0.5	1	1	1	1	1	1	1	1	1	1	0.5	1	43-1|10-1|55-1|44-13|184-15|423-21|175-24|242-30|163-34|103-37|37-42|401-47|276-50|56-55	36-TM|313-TM|189-TM|184-TM|182-TM|423-TM|352-TM|67-TM|168-TM|885-TM|886-TM|263-TM|332-TM|232-TM|196-TM|317-TM|374-TM|203-TM|240-TM|91-TM|280-TM|421-TM|706-TM|8-TM|214-TM|127-TM|337-TM|156-TM|157-TM|14-TM|349-TM|164-TM|242-TM|710-TM|57-TM|58-TM|56-TM|59-TM|518-TM|851-TM|46-TM|180-TM|253-TM|264-TM|812-TM|38-TM|283-TM|250-TM|330-TM|784-TM|174-TM			
160	160	Feraligatr	Big Jaw Pokémon	Water						TRUE	TRUE	TRUE	FALSE	FALSE	FALSE	FALSE	FALSE	FALSE	FALSE	FALSE	TRUE	TRUE	FALSE	FALSE	FALSE	FALSE	FALSE	FALSE	TRUE	TRUE	TRUE	TRUE	FALSE	FALSE									TRUE	TRUE		FALSE	FALSE	FALSE	FALSE	TRUE	TRUE	85	105	100	79	83	78	530	Blue	Bipedal+Tail		Torrent		Sheer Force	Level 30	45	15	Monster	Water 1	20	2560	Medium Slow	"1,059,860"	2.3	7′07″	88.8	195.8	50	265	0	2	1	0	0	0	3	87.50%	12.50%	1	0.5	0.5	2	2	0.5	1	1	1	1	1	1	1	1	1	1	0.5	1	97-1|43-1|10-1|55-1|44-13|184-15|423-21|175-24|242-32|163-37|103-44|37-51|401-59|276-65|56-70	36-TM|313-TM|97-TM|189-TM|184-TM|182-TM|423-TM|352-TM|67-TM|168-TM|885-TM|886-TM|263-TM|332-TM|523-TM|555-TM|232-TM|196-TM|317-TM|374-TM|525-TM|419-TM|203-TM|240-TM|91-TM|280-TM|421-TM|706-TM|34-TM|8-TM|214-TM|127-TM|337-TM|707-TM|156-TM|157-TM|14-TM|349-TM|164-TM|242-TM|710-TM|57-TM|270-TM|58-TM|56-TM|59-TM|518-TM|89-TM|416-TM|308-TM|200-TM|411-TM|63-TM|851-TM|46-TM|180-TM|253-TM|264-TM|812-TM|808-TM|799-TM|38-TM|283-TM|250-TM|330-TM|784-TM|174-TM			
161	161	Sentret	Scout Pokémon	Normal						TRUE	TRUE	TRUE	FALSE	FALSE	FALSE	TRUE	TRUE	TRUE	TRUE	TRUE	TRUE	TRUE	TRUE	TRUE	TRUE	TRUE	TRUE	TRUE	FALSE	FALSE	FALSE	FALSE	FALSE	FALSE									TRUE	TRUE		FALSE	FALSE	TRUE	TRUE	FALSE	FALSE	35	46	34	35	45	20	215	Brown	Quadruped		Run Away	Keen Eye	Frisk		255	85	Field		15	1920	Medium Fast	"1,000,000"	0.8	2′07″	6	13.2	50	43	0	1	0	0	0	0	1	50%	50%	1	1	1	1	1	1	2	1	1	1	1	1	1	0	1	1	1	1	10-1|111-4|98-7|154-13|270-16|266-19|21-25|156-28|389-31|133-36|226-39|38-42|304-47	36-TM|204-TM|182-TM|352-TM|168-TM|885-TM|886-TM|451-TM|263-TM|129-TM|374-TM|203-TM|241-TM|240-TM|91-TM|280-TM|369-TM|421-TM|34-TM|7-TM|9-TM|8-TM|214-TM|402-TM|447-TM|156-TM|164-TM|271-TM|247-TM|304-TM|57-TM|53-TM|85-TM|583-TM|133-TM|270-TM|226-TM|179-TM|58-TM|59-TM|87-TM|76-TM|851-TM|282-TM|162-TM|253-TM|264-TM|38-TM|283-TM	608-EM|116-EM|387-EM|179-EM|163-EM|882-EM|-EM		
162	162	Furret	Long Body Pokémon	Normal						TRUE	TRUE	TRUE	FALSE	FALSE	FALSE	TRUE	TRUE	TRUE	TRUE	TRUE	TRUE	TRUE	TRUE	TRUE	TRUE	TRUE	TRUE	TRUE	FALSE	FALSE	FALSE	FALSE	FALSE	FALSE									TRUE	TRUE		FALSE	FALSE	TRUE	TRUE	FALSE	FALSE	85	76	64	45	55	90	415	Brown	Quadruped		Run Away	Keen Eye	Frisk	Level 15	90	30	Field		15	1920	Medium Fast	"1,000,000"	1.8	5′11″	32.5	71.7	50	145	0	0	0	0	0	2	2	50%	50%	1	1	1	1	1	1	2	1	1	1	1	1	1	0	1	1	1	1	489-1|111-1|98-1|10-1|154-13|270-17|266-21|21-28|156-32|389-36|133-42|226-46|38-50|304-56	36-TM|204-TM|97-TM|182-TM|352-TM|168-TM|885-TM|886-TM|451-TM|263-TM|129-TM|374-TM|203-TM|241-TM|240-TM|91-TM|280-TM|428-TM|369-TM|421-TM|34-TM|7-TM|9-TM|8-TM|214-TM|402-TM|447-TM|156-TM|164-TM|271-TM|247-TM|304-TM|57-TM|53-TM|85-TM|583-TM|133-TM|270-TM|226-TM|179-TM|58-TM|59-TM|416-TM|411-TM|63-TM|87-TM|76-TM|851-TM|282-TM|162-TM|253-TM|264-TM|38-TM|283-TM		97-EV	
163	163	Hoothoot	Owl Pokémon	Normal	Flying					TRUE	TRUE	TRUE	FALSE	FALSE	TRUE	FALSE	FALSE	TRUE	TRUE	TRUE	TRUE	TRUE	TRUE	TRUE	TRUE	TRUE	TRUE	TRUE	FALSE	FALSE	FALSE	FALSE	TRUE	TRUE			TRUE	TRUE	FALSE	FALSE	FALSE	FALSE	TRUE	TRUE		FALSE	FALSE	TRUE	TRUE	FALSE	FALSE	60	30	30	36	56	50	262	Brown	1 Pair of Wings		Insomnia	Keen Eye	Tinted Lens		255	85	Flying		15	1920	Medium Fast	"1,000,000"	0.7	2′04″	21.2	46.7	50	52	1	0	0	0	0	0	1	50%	50%	1	1	1	2	0.5	2	1	1	0	1	1	0.5	2	0	1	1	1	1	45-1|64-1|33-3|497-6|93-9|115-12|432-15|403-18|326-21|36-24|253-27|355-30|585-33|95-36|138-39	36-TM|97-TM|182-TM|512-TM|60-TM|109-TM|168-TM|263-TM|332-TM|129-TM|314-TM|500-TM|101-TM|203-TM|241-TM|240-TM|428-TM|403-TM|214-TM|115-TM|156-TM|286-TM|19-TM|285-TM|164-TM|366-TM|247-TM|304-TM|257-TM|94-TM|133-TM|347-TM|417-TM|542-TM|413-TM|851-TM|114-TM|180-TM|253-TM|814-TM|244-TM|297-TM	297-EM|101-EM|48-EM|18-EM|17-EM		
164	164	Noctowl	Owl Pokémon	Normal	Flying					TRUE	TRUE	TRUE	FALSE	FALSE	TRUE	FALSE	FALSE	TRUE	TRUE	TRUE	TRUE	TRUE	TRUE	TRUE	TRUE	TRUE	TRUE	TRUE	FALSE	FALSE	FALSE	FALSE	TRUE	TRUE			TRUE	TRUE	FALSE	FALSE	FALSE	FALSE	TRUE	TRUE		FALSE	FALSE	TRUE	TRUE	FALSE	FALSE	100	50	50	86	96	70	452	Brown	1 Pair of Wings		Insomnia	Keen Eye	Tinted Lens	Level 20	90	30	Flying		15	1920	Medium Fast	"1,000,000"	1.6	5′03″	40.8	89.9	50	158	2	0	0	0	0	0	2	50%	50%	1	1	1	2	0.5	2	1	1	0	1	1	0.5	2	0	1	1	1	1	497-1|45-1|64-1|143-1|33-1|93-9|115-12|432-15|403-18|326-23|36-28|253-33|355-38|585-43|95-48|138-53	36-TM|97-TM|184-TM|182-TM|512-TM|60-TM|109-TM|168-TM|263-TM|332-TM|129-TM|314-TM|500-TM|101-TM|203-TM|241-TM|240-TM|428-TM|403-TM|34-TM|214-TM|115-TM|156-TM|286-TM|19-TM|285-TM|164-TM|366-TM|247-TM|304-TM|257-TM|94-TM|133-TM|347-TM|417-TM|416-TM|542-TM|63-TM|413-TM|851-TM|114-TM|180-TM|253-TM|814-TM|244-TM|38-TM|297-TM|248-TM|174-TM|917-TM			
165	165	Ledyba	Five Star Pokémon	Bug	Flying					FALSE	TRUE	TRUE	FALSE	FALSE	TRUE	TRUE	TRUE	TRUE	TRUE	TRUE	FALSE	TRUE	TRUE	TRUE	FALSE	TRUE	TRUE	TRUE	FALSE	FALSE	TRUE	TRUE	TRUE	TRUE									TRUE	TRUE								40	20	30	40	80	55	265	Red	1 Pair of Wings		Swarm	Early Bird	Rattled		255	85	Bug		15	1920	Fast	"800,000"	1	3′03″	10.8	23.8	50	53	0	0	0	0	1	0	1	50%	50%	1	2	1	2	0.25	2	0.25	1	0	2	1	0.5	4	1	1	1	1	1					
166	166	Ledian	Five Star Pokémon	Bug	Flying					FALSE	TRUE	TRUE	FALSE	FALSE	TRUE	TRUE	TRUE	TRUE	TRUE	TRUE	TRUE	TRUE	TRUE	TRUE	FALSE	TRUE	TRUE	TRUE	FALSE	FALSE	TRUE	TRUE	TRUE	TRUE									TRUE	TRUE								55	35	50	55	110	85	390	Red	1 Pair of Wings		Swarm	Early Bird	Iron Fist	Level 18	90	30	Bug		15	1920	Fast	"800,000"	1.4	4′07″	35.6	78.5	50	137	0	0	0	0	2	0	2	50%	50%	1	2	1	2	0.25	2	0.25	1	0	2	1	0.5	4	1	1	1	1	1					
167	167	Spinarak	String Spit Pokémon	Bug	Poison					TRUE	FALSE	TRUE	FALSE	FALSE	TRUE	TRUE	TRUE	TRUE	TRUE	TRUE	TRUE	FALSE	TRUE	TRUE	TRUE	FALSE	TRUE	TRUE	TRUE	TRUE	TRUE	TRUE	TRUE	TRUE									TRUE	TRUE		FALSE	FALSE	TRUE	TRUE	FALSE	FALSE	40	60	40	40	40	30	250	Green	Insectoid		Swarm	Insomnia	Sniper		255	85	Bug		15	1920	Fast	"800,000"	0.5	1′08″	8.5	18.7	50	50	0	1	0	0	0	0	1	50%	50%	1	2	1	1	0.25	1	0.25	0.5	1	2	2	0.5	2	1	1	1	1	0.5	40-1|81-1|71-5|611-8|184-12|101-15|425-19|154-22|389-26|97-29|42-33|94-36|398-40|440-44|564-47|672-51	97-TM|184-TM|182-TM|491-TM|522-TM|168-TM|885-TM|884-TM|263-TM|506-TM|101-TM|474-TM|203-TM|241-TM|91-TM|492-TM|214-TM|398-TM|156-TM|390-TM|141-TM|164-TM|404-TM|202-TM|94-TM|226-TM|188-TM|405-TM|76-TM|851-TM|92-TM|180-TM|282-TM|450-TM|679-TM|527-TM|482-TM|806-TM	50-EM|679-EM|224-EM|400-EM|476-EM		
168	168	Ariados	Long Leg Pokémon	Bug	Poison					TRUE	FALSE	TRUE	FALSE	FALSE	TRUE	TRUE	TRUE	TRUE	TRUE	TRUE	TRUE	FALSE	TRUE	TRUE	TRUE	FALSE	TRUE	TRUE	TRUE	TRUE	TRUE	TRUE	TRUE	TRUE									TRUE	TRUE		FALSE	FALSE	TRUE	TRUE	FALSE	FALSE	70	90	70	60	70	40	400	Red	Insectoid		Swarm	Insomnia	Sniper	Level 22	90	30	Bug		15	1920	Fast	"800,000"	1.1	3′07″	33.5	73.9	50	140	0	2	0	0	0	0	2	50%	50%	1	2	1	1	0.25	1	0.25	0.5	1	2	2	0.5	2	1	1	1	1	0.5	71-1|450-1|565-1|116-1|40-1|81-1|611-8|184-12|101-15|425-19|154-23|389-28|97-31|42-35|94-41|398-46|440-50|564-54|672-59	97-TM|184-TM|182-TM|491-TM|522-TM|168-TM|885-TM|884-TM|263-TM|506-TM|101-TM|474-TM|203-TM|241-TM|684-TM|91-TM|492-TM|214-TM|398-TM|156-TM|14-TM|390-TM|141-TM|164-TM|404-TM|202-TM|94-TM|226-TM|188-TM|416-TM|405-TM|63-TM|76-TM|851-TM|92-TM|180-TM|282-TM|450-TM|679-TM|527-TM|482-TM|806-TM|675-TM		14-EV	
169	169	Crobat	Bat Pokémon	Poison	Flying					TRUE	TRUE	TRUE	TRUE	TRUE	TRUE	TRUE	TRUE	TRUE	TRUE	TRUE	TRUE	TRUE	TRUE	TRUE	TRUE	TRUE	TRUE	TRUE	TRUE	TRUE	TRUE	TRUE	TRUE	TRUE			FALSE	FALSE	FALSE	FALSE	TRUE	TRUE	TRUE	TRUE	TRUE							85	90	80	70	80	130	535	Purple	2+ Pair of Wings		Inner Focus		Infiltrator	High Friendship	90	30	Flying		15	1920	Medium Fast	"1,000,000"	1.8	5′11″	75	165.3	50	268	0	0	0	0	0	3	3	50%	50%	1	1	1	2	0.25	2	0.25	0.5	0	1	2	0.25	2	1	1	1	1	0.5					
170	170	Chinchou	Angler Pokémon	Water	Electric					TRUE	TRUE	TRUE	TRUE	TRUE	TRUE	FALSE	FALSE	TRUE	TRUE	TRUE	TRUE	TRUE	TRUE	TRUE	TRUE	TRUE	TRUE	TRUE	TRUE	TRUE	TRUE	TRUE	TRUE	TRUE			TRUE	TRUE	TRUE	TRUE	FALSE	FALSE	TRUE	TRUE		FALSE	FALSE	FALSE	FALSE	TRUE	TRUE	75	38	38	56	56	67	330	Blue	Fins		Volt Absorb	Illuminate	Water Absorb		190	63.33	Water 2		20	2560	Slow	"1,250,000"	0.5	1′08″	12	26.5	50	66	1	0	0	0	0	0	1	50%	50%	1	0.5	0.5	1	2	0.5	1	1	2	0.5	1	1	1	1	1	1	0.25	1	48-1|55-1|486-4|86-8|61-12|109-16|209-20|268-24|435-28|392-32|175-36|36-40|56-44	36-TM|97-TM|182-TM|352-TM|60-TM|109-TM|886-TM|451-TM|263-TM|196-TM|203-TM|521-TM|240-TM|214-TM|486-TM|127-TM|605-TM|86-TM|156-TM|598-TM|164-TM|710-TM|57-TM|85-TM|133-TM|58-TM|604-TM|56-TM|59-TM|528-TM|87-TM|851-TM|268-TM|503-TM|812-TM|38-TM|250-TM|330-TM|527-TM|174-TM	54-EM|60-EM|487-EM|389-EM|352-EM		
171	171	Lanturn	Light Pokémon	Water	Electric					TRUE	TRUE	TRUE	TRUE	TRUE	TRUE	FALSE	FALSE	TRUE	TRUE	TRUE	TRUE	TRUE	TRUE	TRUE	TRUE	TRUE	TRUE	TRUE	TRUE	TRUE	TRUE	TRUE	TRUE	TRUE			TRUE	TRUE	TRUE	TRUE	FALSE	FALSE	TRUE	TRUE		FALSE	FALSE	FALSE	FALSE	TRUE	TRUE	125	58	58	76	76	67	460	Blue	Fins		Volt Absorb	Illuminate	Water Absorb	Level 27	75	25	Water 2		20	2560	Slow	"1,250,000"	1.2	3′11″	22.5	49.6	50	161	2	0	0	0	0	0	2	50%	50%	1	0.5	0.5	1	2	0.5	1	1	2	0.5	1	1	1	1	1	1	0.25	1	598-1|486-1|48-1|86-1|55-1|61-12|109-16|209-20|268-24|435-30|392-36|175-42|36-48|56-54	36-TM|97-TM|182-TM|352-TM|60-TM|109-TM|886-TM|451-TM|263-TM|196-TM|203-TM|521-TM|240-TM|214-TM|486-TM|127-TM|605-TM|86-TM|156-TM|598-TM|164-TM|710-TM|57-TM|85-TM|133-TM|58-TM|604-TM|56-TM|59-TM|528-TM|416-TM|63-TM|87-TM|851-TM|268-TM|503-TM|812-TM|38-TM|250-TM|330-TM|527-TM|174-TM		255-EV|254-EV|256-EV	
172	172	Pichu	Tiny Mouse Pokémon	Electric						TRUE	TRUE	TRUE	TRUE	TRUE	TRUE	TRUE	TRUE	TRUE	TRUE	TRUE	TRUE	TRUE	FALSE	FALSE	FALSE	FALSE	TRUE	TRUE	TRUE	TRUE	TRUE	TRUE	TRUE	TRUE			TRUE	TRUE	TRUE	TRUE	FALSE	FALSE	TRUE	TRUE	TRUE	TRUE	TRUE	TRUE	TRUE	FALSE	FALSE	20	40	15	35	35	60	205	Yellow	Quadruped		Static		Lightning Rod		190	63.33	No Eggs Discovered		10	1280	Medium Fast	"1,000,000"	0.3	1′00″	2	4.4	50	41	0	0	0	0	0	1	1	50%	50%	1	1	1	0.5	1	1	1	1	2	0.5	1	1	1	1	1	1	0.5	1	39-1|84-1|589-4|186-8|609-12|417-16|204-20	36-TM|204-TM|182-TM|574-TM|885-TM|263-TM|129-TM|374-TM|203-TM|521-TM|240-TM|34-TM|9-TM|214-TM|486-TM|115-TM|113-TM|447-TM|86-TM|156-TM|164-TM|227-TM|57-TM|85-TM|583-TM|270-TM|179-TM|604-TM|417-TM|528-TM|87-TM|851-TM|268-TM|527-TM	268-EM|574-EM|252-EM|175-EM|217-EM|321-EM|273-EM		
173	173	Cleffa	Star Shape Pokémon	Fairy						TRUE	TRUE	TRUE	FALSE	FALSE	FALSE	TRUE	TRUE	TRUE	TRUE	TRUE	TRUE	TRUE	TRUE	TRUE	TRUE	TRUE	TRUE	TRUE	TRUE	TRUE	TRUE	TRUE	TRUE	TRUE			TRUE	TRUE	FALSE	FALSE	TRUE	TRUE	TRUE	TRUE	TRUE	FALSE	FALSE	TRUE	TRUE	FALSE	FALSE	50	25	28	45	55	15	218	Pink	Bipedal+Tail		Cute Charm	Magic Guard	Friend Guard		150	50	No Eggs Discovered		10	1280	Fast	"800,000"	0.3	1′00″	3	6.6	140	44	0	0	0	0	1	0	1	25%	75%	1	1	1	1	1	1	0.5	2	1	1	1	0.5	1	1	0	0.5	2	1	383-1|1-1|150-1|47-4|186-8|574-12|227-16|204-20	204-TM|313-TM|182-TM|352-TM|60-TM|574-TM|886-TM|263-TM|129-TM|345-TM|196-TM|577-TM|500-TM|374-TM|203-TM|241-TM|240-TM|473-TM|91-TM|428-TM|34-TM|214-TM|115-TM|113-TM|605-TM|118-TM|447-TM|86-TM|156-TM|164-TM|271-TM|247-TM|304-TM|94-TM|227-TM|53-TM|583-TM|133-TM|347-TM|270-TM|581-TM|126-TM|76-TM|851-TM|356-TM|253-TM|283-TM|914-TM	505-EM|217-EM|321-EM|273-EM		
174	174	Igglybuff	Balloon Pokémon	Normal	Fairy					TRUE	TRUE	TRUE	TRUE	TRUE	TRUE	TRUE	TRUE	TRUE	TRUE	TRUE	TRUE	TRUE	TRUE	TRUE	TRUE	TRUE	TRUE	TRUE	TRUE	TRUE	TRUE	TRUE	TRUE	TRUE			FALSE	FALSE	TRUE	TRUE	FALSE	FALSE	TRUE	TRUE		TRUE	TRUE	FALSE	FALSE	FALSE	FALSE	90	30	15	40	20	15	210	Pink	Bipedal+Tailless		Cute Charm	Competitive	Friend Guard		170	56.67	No Eggs Discovered		10	1280	Fast	"800,000"	0.3	1′00″	1	2.2	50	42	1	0	0	0	0	0	1	25%	75%	1	1	1	1	1	1	1	2	1	1	1	0.5	1	0	0	0.5	2	1	383-1|1-1|47-1|111-4|186-8|574-12|50-16|204-20	36-TM|204-TM|313-TM|182-TM|574-TM|885-TM|263-TM|129-TM|196-TM|577-TM|374-TM|203-TM|241-TM|240-TM|91-TM|34-TM|214-TM|115-TM|113-TM|605-TM|447-TM|86-TM|156-TM|164-TM|247-TM|304-TM|94-TM|227-TM|53-TM|583-TM|270-TM|581-TM|126-TM|528-TM|76-TM|851-TM|356-TM|220-TM|244-TM|38-TM|283-TM|914-TM	343-EM|356-EM|505-EM|387-EM|195-EM|217-EM|205-EM|273-EM		
175	175	Togepi	Spike Ball Pokémon	Fairy						TRUE	TRUE	TRUE	FALSE	FALSE	FALSE	TRUE	TRUE	TRUE	TRUE	TRUE	TRUE	TRUE	TRUE	TRUE	TRUE	TRUE	TRUE	TRUE	TRUE	TRUE	TRUE	TRUE	FALSE	FALSE			TRUE	TRUE	FALSE	FALSE	FALSE	FALSE	TRUE	TRUE	TRUE							35	20	65	40	65	20	245	White	Bipedal+Tailless		Hustle	Serene Grace	Super Luck		190	63.33	No Eggs Discovered		10	1280	Fast	"800,000"	0.3	1′00″	1.5	3.3	50	49	0	0	0	0	1	0	1	87.50%	12.50%	1	1	1	1	1	1	0.5	2	1	1	1	0.5	1	1	0	0.5	2	1					
176	176	Togetic	Happiness Pokémon	Fairy	Flying					TRUE	TRUE	TRUE	FALSE	FALSE	FALSE	TRUE	TRUE	TRUE	TRUE	TRUE	TRUE	TRUE	TRUE	TRUE	TRUE	TRUE	TRUE	TRUE	TRUE	TRUE	TRUE	TRUE	FALSE	FALSE			TRUE	TRUE	FALSE	FALSE	FALSE	FALSE	TRUE	TRUE	TRUE							55	40	85	80	105	40	405	White	Bipedal+Tailless		Hustle	Serene Grace	Super Luck	High Friendship	75	25	Flying	Fairy	10	1280	Fast	"800,000"	0.6	2′00″	3.2	7.1	50	142	0	0	0	0	2	0	2	87.50%	12.50%	1	1	1	2	0.5	2	0.25	2	0	1	1	0.25	2	1	0	0.5	2	1					
177	177	Natu	Tiny Bird Pokémon	Psychic	Flying					TRUE	TRUE	TRUE	TRUE	TRUE	TRUE	TRUE	TRUE	TRUE	TRUE	TRUE	TRUE	TRUE	FALSE	FALSE	TRUE	TRUE	TRUE	TRUE	TRUE	TRUE	FALSE	FALSE	TRUE	TRUE			TRUE	TRUE	FALSE	FALSE	FALSE	FALSE	TRUE	TRUE								40	50	45	70	45	70	320	Green	1 Pair of Wings		Synchronize	Early Bird	Magic Bounce		190	63.33	Flying		20	2560	Medium Fast	"1,000,000"	0.2	0′08″	2	4.4	50	64	0	0	0	1	0	0	1	50%	50%	1	1	1	2	0.5	2	0.25	1	0	1	0.5	1	2	2	1	2	1	1					
178	178	Xatu	Mystic Pokémon	Psychic	Flying					TRUE	TRUE	TRUE	TRUE	TRUE	TRUE	TRUE	TRUE	TRUE	TRUE	TRUE	TRUE	TRUE	FALSE	FALSE	TRUE	TRUE	TRUE	TRUE	TRUE	TRUE	FALSE	FALSE	TRUE	TRUE			TRUE	TRUE	FALSE	FALSE	FALSE	FALSE	TRUE	TRUE								65	75	70	95	70	95	470	Green	1 Pair of Wings		Synchronize	Early Bird	Magic Bounce	Level 25	75	25	Flying		20	2560	Medium Fast	"1,000,000"	1.5	4′11″	15	33.1	50	165	0	0	0	1	0	1	2	50%	50%	1	1	1	2	0.5	2	0.25	1	0	1	0.5	1	2	2	1	2	1	1					
179	179	Mareep	Wool Pokémon	Electric						TRUE	TRUE	FALSE	FALSE	FALSE	TRUE	TRUE	TRUE	TRUE	TRUE	TRUE	TRUE	TRUE	TRUE	TRUE	TRUE	TRUE	TRUE	TRUE	FALSE	FALSE	FALSE	FALSE	TRUE	TRUE									TRUE	TRUE		TRUE	TRUE	FALSE	FALSE	FALSE	FALSE	55	40	40	65	45	35	280	White	Quadruped		Static		Plus		235	78.33	Monster	Field	20	2560	Medium Slow	"1,059,860"	0.6	2′00″	7.8	17.2	50	56	0	0	0	1	0	0	1	50%	50%	1	1	1	0.5	1	1	1	1	2	0.5	1	1	1	1	1	1	0.5	1	45-1|33-1|86-4|84-8|178-11|268-15|36-18|486-22|109-25|408-29|435-32|538-36|605-39|113-43|87-46	36-TM|97-TM|182-TM|109-TM|885-TM|451-TM|263-TM|203-TM|521-TM|241-TM|240-TM|91-TM|34-TM|214-TM|486-TM|115-TM|113-TM|605-TM|86-TM|156-TM|598-TM|408-TM|164-TM|85-TM|270-TM|604-TM|528-TM|87-TM|851-TM|268-TM|38-TM|283-TM|527-TM	495-EM|97-EM|598-EM|604-EM|527-EM|260-EM		
180	180	Flaaffy	Wool Pokémon	Electric						TRUE	TRUE	FALSE	FALSE	FALSE	TRUE	FALSE	FALSE	TRUE	TRUE	TRUE	TRUE	TRUE	TRUE	TRUE	TRUE	TRUE	TRUE	TRUE	FALSE	FALSE	FALSE	FALSE	TRUE	TRUE									TRUE	TRUE		TRUE	TRUE	FALSE	FALSE	FALSE	FALSE	70	55	55	80	60	45	365	Pink	Bipedal+Tail		Static		Plus	Level 15	120	40	Monster	Field	20	2560	Medium Slow	"1,059,860"	0.8	2′07″	13.3	29.3	50	128	0	0	0	2	0	0	2	50%	50%	1	1	1	0.5	1	1	1	1	2	0.5	1	1	1	1	1	1	0.5	1	45-1|33-1|84-6|86-9|178-11|268-16|36-20|486-25|109-29|408-34|435-38|538-43|605-47|113-52|87-56	36-TM|97-TM|182-TM|67-TM|109-TM|885-TM|451-TM|263-TM|129-TM|374-TM|203-TM|521-TM|241-TM|240-TM|91-TM|280-TM|34-TM|7-TM|9-TM|8-TM|214-TM|486-TM|115-TM|113-TM|605-TM|86-TM|156-TM|598-TM|408-TM|164-TM|85-TM|270-TM|604-TM|528-TM|87-TM|851-TM|46-TM|268-TM|264-TM|38-TM|283-TM|527-TM	495-EM|97-EM|598-EM|604-EM|527-EM|260-EM		
181	181	Ampharos	Light Pokémon	Electric						TRUE	TRUE	FALSE	FALSE	FALSE	TRUE	FALSE	FALSE	TRUE	TRUE	TRUE	TRUE	TRUE	TRUE	TRUE	TRUE	TRUE	TRUE	TRUE	FALSE	FALSE	FALSE	FALSE	TRUE	TRUE									TRUE	TRUE		TRUE	TRUE	FALSE	FALSE	FALSE	FALSE	90	75	85	115	90	55	510	Yellow	Bipedal+Tail		Static		Plus	Level 30	45	15	Monster	Field	20	2560	Medium Slow	"1,059,860"	1.4	4′07″	61.5	135.6	50	255	0	0	0	3	0	0	3	50%	50%	1	1	1	0.5	1	1	1	1	2	0.5	1	1	1	1	1	1	0.5	1	406-1|7-1|45-1|602-1|33-1|84-1|86-1|192-1|178-11|268-16|36-20|486-25|109-29|408-35|435-40|538-46|605-51|113-57|87-62	36-TM|97-TM|182-TM|67-TM|109-TM|885-TM|451-TM|263-TM|523-TM|129-TM|374-TM|525-TM|203-TM|521-TM|241-TM|240-TM|91-TM|280-TM|34-TM|7-TM|9-TM|8-TM|214-TM|486-TM|115-TM|113-TM|605-TM|86-TM|707-TM|156-TM|598-TM|408-TM|164-TM|406-TM|85-TM|270-TM|604-TM|528-TM|416-TM|200-TM|411-TM|63-TM|87-TM|851-TM|46-TM|268-TM|264-TM|38-TM|283-TM|916-TM|527-TM|800-TM|784-TM|913-TM	495-EM|97-EM|598-EM|604-EM|527-EM|260-EM	9-EV	
181		Mega Ampharos	Light Pokémon	Electric	Dragon																						TRUE	TRUE	FALSE	FALSE	FALSE	FALSE	TRUE	TRUE																		90	95	105	165	110	45	610	Yellow	Bipedal+Tail		Mold Breaker			Ampharosite		0			20	2560	Medium Slow	"1,059,860"	1.4	4′07″	61.5	135.6	50	305	0	0	0	3	0	0	3	50%	50%	1	0.5	0.5	0.25	0.5	2	1	1	2	0.5	1	1	1	1	2	1	0.5	2					
182	182	Bellossom	Flower Pokémon	Grass						TRUE	TRUE	TRUE	TRUE	TRUE	TRUE	TRUE	FALSE	TRUE	TRUE	TRUE	TRUE	TRUE	TRUE	TRUE	FALSE	FALSE	TRUE	TRUE	TRUE	TRUE	FALSE	FALSE	FALSE	FALSE			TRUE	TRUE	FALSE	FALSE	FALSE	FALSE	TRUE	TRUE		FALSE	FALSE	FALSE	FALSE	TRUE	TRUE	75	80	95	90	100	50	490	Green	Bipedal+Tailless		Chlorophyll		Healer	Sun Stone	45	15	Grass		20	2560	Medium Slow	"1,059,860"	0.4	1′04″	5.8	12.8	50	245	0	0	0	0	3	0	3	50%	50%	1	2	0.5	0.5	0.5	2	1	2	0.5	2	1	2	1	1	1	1	1	1	71-1|51-1|202-1|580-1|74-1|72-1|585-1|236-1|80-1|77-1|483-1|79-1|78-1|230-1|92-1	204-TM|182-TM|491-TM|885-TM|263-TM|345-TM|374-TM|474-TM|203-TM|241-TM|331-TM|214-TM|402-TM|409-TM|605-TM|447-TM|156-TM|14-TM|164-TM|202-TM|412-TM|227-TM|583-TM|270-TM|676-TM|226-TM|580-TM|188-TM|416-TM|437-TM|63-TM|76-TM|851-TM|92-TM|669-TM|253-TM|311-TM|803-TM|283-TM|572-TM|813-TM		572-EV	
183	183	Marill	Aqua Mouse Pokémon	Water	Fairy					TRUE	TRUE	TRUE	TRUE	TRUE	TRUE	FALSE	TRUE	TRUE	TRUE	TRUE	TRUE	TRUE	TRUE	TRUE	TRUE	TRUE	TRUE	TRUE	TRUE	TRUE	TRUE	TRUE	FALSE	FALSE			FALSE	FALSE	TRUE	TRUE	FALSE	FALSE	TRUE	TRUE		TRUE	TRUE	FALSE	FALSE	FALSE	FALSE	70	20	50	20	50	40	250	Blue	Bipedal+Tail		Thick Fat	Huge Power	Sap Sipper	High Friendship	190	63.33	Water 1	Fairy	10	1280	Fast	"800,000"	0.4	1′04″	8.5	18.7	50	88	2	0	0	0	0	0	2	50%	50%	1	0.5	0.5	2	2	0.5	0.5	2	1	1	1	0.5	1	1	0	0.5	1	1	111-1|270-1|205-1|33-1|39-1|55-1|61-6|204-9|21-12|340-15|401-19|583-21|392-24|240-27|56-30|38-33|276-36	36-TM|204-TM|313-TM|189-TM|182-TM|352-TM|574-TM|885-TM|886-TM|263-TM|523-TM|129-TM|196-TM|341-TM|577-TM|374-TM|203-TM|240-TM|883-TM|91-TM|280-TM|34-TM|8-TM|214-TM|113-TM|127-TM|118-TM|447-TM|156-TM|164-TM|710-TM|304-TM|227-TM|57-TM|861-TM|583-TM|133-TM|270-TM|58-TM|581-TM|56-TM|59-TM|851-TM|282-TM|264-TM|802-TM|38-TM|250-TM|330-TM|914-TM	453-EM|187-EM|383-EM|195-EM|217-EM|47-EM|487-EM|48-EM|321-EM		
184	184	Azumarill	Aqua Rabbit Pokémon	Water	Fairy					TRUE	TRUE	TRUE	TRUE	TRUE	TRUE	FALSE	TRUE	TRUE	TRUE	TRUE	TRUE	TRUE	TRUE	TRUE	TRUE	TRUE	TRUE	TRUE	TRUE	TRUE	TRUE	TRUE	FALSE	FALSE			FALSE	FALSE	TRUE	TRUE	FALSE	FALSE	TRUE	TRUE		TRUE	TRUE	FALSE	FALSE	FALSE	FALSE	100	50	80	60	80	50	420	Blue	Bipedal+Tail		Thick Fat	Huge Power	Sap Sipper	Level 18	75	25	Water 1	Fairy	10	1280	Fast	"800,000"	0.8	2′07″	28.5	62.8	50	210	3	0	0	0	0	0	3	50%	50%	1	0.5	0.5	2	2	0.5	0.5	2	1	1	1	0.5	1	1	0	0.5	1	1	150-1|39-1|55-1|270-3|61-6|204-9|21-12|340-15	36-TM|204-TM|313-TM|189-TM|182-TM|263-TM|196-TM|341-TM|577-TM|203-TM|240-TM|34-TM|214-TM|113-TM|127-TM|156-TM|164-TM|304-TM|227-TM|57-TM|270-TM|58-TM|59-TM|851-TM|914-TM	453-EM|187-EM|383-EM|195-EM|217-EM|47-EM|487-EM|48-EM|321-EM		
185	185	Sudowoodo	Imitation Pokémon	Rock						TRUE	TRUE	TRUE	FALSE	FALSE	TRUE	FALSE	FALSE	TRUE	TRUE	TRUE	TRUE	TRUE	FALSE	FALSE	TRUE	FALSE	TRUE	TRUE	FALSE	FALSE	TRUE	TRUE	TRUE	TRUE			TRUE	TRUE	FALSE	FALSE	FALSE	FALSE	TRUE	TRUE	TRUE	TRUE	TRUE	TRUE	TRUE	FALSE	FALSE	70	100	115	30	65	30	410	Brown	Bipedal+Tailless		Sturdy	Rock Head	Rattled	Learn Mimic	65	21.67	Mineral		20	2560	Medium Fast	"1,000,000"	1.2	3′11″	38	83.8	50	144	0	0	2	0	0	0	2	50%	50%	0.5	0.5	2	1	2	1	2	0.5	2	0.5	1	1	1	1	1	1	2	1	383-1|313-1|175-1|359-1|88-1|444-1|452-1|335-12|102-16|317-20|715-24|389-28|157-32|67-36|68-40|38-44|457-48	36-TM|313-TM|189-TM|182-TM|67-TM|168-TM|885-TM|263-TM|523-TM|341-TM|317-TM|490-TM|374-TM|203-TM|241-TM|201-TM|91-TM|280-TM|492-TM|34-TM|7-TM|9-TM|8-TM|214-TM|409-TM|350-TM|447-TM|707-TM|156-TM|157-TM|269-TM|776-TM|191-TM|408-TM|164-TM|334-TM|446-TM|347-TM|270-TM|414-TM|89-TM|444-TM|416-TM|63-TM|851-TM|328-TM|479-TM|667-TM|264-TM|244-TM|38-TM|283-TM|800-TM|174-TM	174-EM|111-EM|106-EM|29-EM|397-EM|205-EM	21-EV	
186	186	Politoed	Frog Pokémon	Water						TRUE	TRUE	TRUE	FALSE	FALSE	FALSE	TRUE	TRUE	TRUE	TRUE	TRUE	TRUE	TRUE	TRUE	TRUE	TRUE	TRUE	TRUE	TRUE	FALSE	FALSE	TRUE	TRUE	TRUE	TRUE			FALSE	FALSE	TRUE	TRUE	FALSE	FALSE	TRUE	TRUE		FALSE	FALSE	TRUE	TRUE	FALSE	FALSE	90	75	75	90	100	70	500	Green	Bipedal+Tailless		Water Absorb	Damp	Drizzle	trade holding King's Rock	45	15	Water 1		20	2560	Medium Slow	"1,059,860"	1.1	3′07″	33.9	74.7	50	250	0	0	0	0	3	0	3	50%	50%	1	0.5	0.5	2	2	0.5	1	1	1	1	1	1	1	1	1	1	0.5	1	187-1|56-1|1-1|240-1	36-TM|189-TM|182-TM|352-TM|67-TM|168-TM|886-TM|263-TM|523-TM|129-TM|196-TM|341-TM|490-TM|374-TM|203-TM|240-TM|91-TM|280-TM|34-TM|8-TM|214-TM|127-TM|118-TM|156-TM|164-TM|710-TM|304-TM|94-TM|227-TM|57-TM|133-TM|270-TM|414-TM|58-TM|56-TM|59-TM|89-TM|416-TM|411-TM|63-TM|851-TM|114-TM|264-TM|311-TM|244-TM|38-TM|283-TM|250-TM|330-TM		340-EV	34-R|61-R|38-R|414-R|304-R|95-R|341-R|195-R|207-R|55-R
187	187	Hoppip	Cottonweed Pokémon	Grass	Flying					TRUE	TRUE	TRUE	FALSE	FALSE	FALSE	TRUE	TRUE	TRUE	TRUE	TRUE	TRUE	TRUE	TRUE	TRUE	TRUE	TRUE	TRUE	TRUE	FALSE	FALSE	FALSE	FALSE	FALSE	FALSE									TRUE	TRUE		TRUE	TRUE	FALSE	FALSE	FALSE	FALSE	35	35	40	35	55	50	250	Pink	Bipedal+Tail		Chlorophyll	Leaf Guard	Infiltrator		255	85	Fairy	Grass	20	2560	Medium Slow	"1,059,860"	0.4	1′04″	0.5	1.1	50	50	0	0	0	0	1	0	1	50%	50%	1	2	0.5	1	0.25	4	0.5	2	0	2	1	1	2	1	1	1	1	1	150-1|33-1|39-4|71-6|584-8|77-10|79-10|78-10|331-12|235-15|73-19|72-22|512-24|178-27|369-29|202-32|340-35|262-38	36-TM|204-TM|182-TM|512-TM|168-TM|885-TM|263-TM|332-TM|345-TM|374-TM|203-TM|241-TM|240-TM|331-TM|369-TM|214-TM|402-TM|115-TM|113-TM|605-TM|447-TM|156-TM|14-TM|164-TM|202-TM|366-TM|412-TM|227-TM|270-TM|676-TM|226-TM|580-TM|437-TM|76-TM|851-TM|679-TM|38-TM	538-EM|227-EM|580-EM|476-EM|402-EM|668-EM|415-EM|388-EM		
188	188	Skiploom	Cottonweed Pokémon	Grass	Flying					TRUE	TRUE	TRUE	FALSE	FALSE	FALSE	TRUE	TRUE	TRUE	TRUE	TRUE	TRUE	TRUE	TRUE	TRUE	TRUE	TRUE	TRUE	TRUE	FALSE	FALSE	FALSE	FALSE	FALSE	FALSE									TRUE	TRUE		TRUE	TRUE	FALSE	FALSE	FALSE	FALSE	55	45	50	45	65	80	340	Green	Bipedal+Tail		Chlorophyll	Leaf Guard	Infiltrator	Level 18	120	40	Fairy	Grass	20	2560	Medium Slow	"1,059,860"	0.6	2′00″	1	2.2	50	119	0	0	0	0	0	2	2	50%	50%	1	2	0.5	1	0.25	4	0.5	2	0	2	1	1	2	1	1	1	1	1	71-1|150-1|235-1|39-1|33-8|584-10|77-12|79-12|78-12|331-15|73-20|72-24|512-28|178-31|369-34|202-37|340-41|262-44	36-TM|204-TM|182-TM|512-TM|168-TM|885-TM|263-TM|332-TM|345-TM|374-TM|203-TM|241-TM|240-TM|331-TM|369-TM|214-TM|402-TM|115-TM|113-TM|605-TM|447-TM|156-TM|14-TM|164-TM|202-TM|366-TM|412-TM|227-TM|270-TM|676-TM|226-TM|580-TM|437-TM|76-TM|851-TM|679-TM|38-TM|283-TM	538-EM|227-EM|580-EM|476-EM|402-EM|668-EM|415-EM|388-EM		
189	189	Jumpluff	Cottonweed Pokémon	Grass	Flying					TRUE	TRUE	TRUE	FALSE	FALSE	FALSE	TRUE	TRUE	TRUE	TRUE	TRUE	TRUE	TRUE	TRUE	TRUE	TRUE	TRUE	TRUE	TRUE	FALSE	FALSE	FALSE	FALSE	FALSE	FALSE									TRUE	TRUE		TRUE	TRUE	FALSE	FALSE	FALSE	FALSE	75	55	70	55	95	110	460	Blue	Bipedal+Tail		Chlorophyll	Leaf Guard	Infiltrator	Level 27	45	15	Fairy	Grass	20	2560	Medium Slow	"1,059,860"	0.8	2′07″	3	6.6	50	230	0	0	0	0	0	3	3	50%	50%	1	2	0.5	1	0.25	4	0.5	2	0	2	1	1	2	1	1	1	1	1	71-1|150-1|235-1|39-1|33-8|584-10|77-12|79-12|78-12|331-15|73-20|72-24|512-30|178-35|369-39|202-43|340-49|262-55	36-TM|204-TM|182-TM|512-TM|168-TM|885-TM|263-TM|332-TM|345-TM|374-TM|203-TM|241-TM|240-TM|331-TM|369-TM|214-TM|402-TM|115-TM|113-TM|605-TM|447-TM|156-TM|14-TM|164-TM|202-TM|366-TM|412-TM|227-TM|270-TM|676-TM|226-TM|580-TM|416-TM|437-TM|63-TM|76-TM|851-TM|679-TM|38-TM|283-TM	538-EM|227-EM|580-EM|476-EM|402-EM|668-EM|415-EM|388-EM		
190	190	Aipom	Long Tail Pokémon	Normal						TRUE	TRUE	TRUE	FALSE	FALSE	TRUE	TRUE	TRUE	TRUE	TRUE	TRUE	TRUE	TRUE	FALSE	FALSE	TRUE	TRUE	TRUE	TRUE	TRUE	TRUE	FALSE	FALSE	TRUE	TRUE									TRUE	TRUE	TRUE	FALSE	FALSE	FALSE	TRUE	FALSE	FALSE	55	70	55	40	55	85	360	Purple	Bipedal+Tail		Run Away	Pickup	Skill Link		45	15	Field		20	2560	Fast	"800,000"	0.8	2′07″	11.5	25.4	50	72	0	0	0	0	0	1	1	50%	50%	1	1	1	1	1	1	2	1	1	1	1	1	1	0	1	1	1	1	10-1|39-1|28-4|310-8|226-11|321-15|154-18|129-22|103-25|97-29|458-32|374-36|417-39|387-43	36-TM|97-TM|189-TM|182-TM|352-TM|67-TM|512-TM|168-TM|885-TM|886-TM|263-TM|332-TM|129-TM|341-TM|490-TM|374-TM|203-TM|241-TM|240-TM|91-TM|280-TM|369-TM|421-TM|492-TM|7-TM|9-TM|8-TM|214-TM|402-TM|118-TM|447-TM|86-TM|156-TM|269-TM|441-TM|164-TM|247-TM|85-TM|270-TM|226-TM|417-TM|87-TM|76-TM|851-TM|180-TM|479-TM|282-TM|264-TM|38-TM|283-TM|675-TM|918-TM	251-EM|340-EM|68-EM|343-EM|252-EM|231-EM|501-EM|21-EM|415-EM		
191	191	Sunkern	Seed Pokémon	Grass						TRUE	TRUE	TRUE	FALSE	FALSE	TRUE	FALSE	FALSE	TRUE	TRUE	TRUE	TRUE	TRUE	TRUE	TRUE	TRUE	TRUE	TRUE	TRUE	TRUE	TRUE	FALSE	FALSE	FALSE	FALSE									TRUE	TRUE		TRUE	TRUE	FALSE	FALSE	FALSE	FALSE	30	30	30	30	30	30	180	Yellow	Head		Chlorophyll	Solar Power	Early Bird		235	78.33	Grass		20	2560	Medium Slow	"1,059,860"	0.3	1′00″	1.8	4	50	36	0	0	0	1	0	0	1	50%	50%	1	2	0.5	0.5	0.5	2	1	2	0.5	2	1	2	1	1	1	1	1	1	74-1|33-1|71-7|72-10|75-16|388-19|202-22|283-25|235-28|76-31|38-34|241-36|402-39	36-TM|182-TM|885-TM|263-TM|345-TM|203-TM|241-TM|240-TM|331-TM|214-TM|402-TM|113-TM|447-TM|156-TM|164-TM|202-TM|412-TM|227-TM|270-TM|414-TM|580-TM|437-TM|76-TM|851-TM|311-TM|38-TM|283-TM|174-TM	174-EM|227-EM|580-EM|275-EM|73-EM|234-EM		
192	192	Sunflora	Sun Pokémon	Grass						TRUE	TRUE	TRUE	FALSE	FALSE	TRUE	FALSE	FALSE	TRUE	TRUE	TRUE	TRUE	TRUE	TRUE	TRUE	TRUE	TRUE	TRUE	TRUE	TRUE	TRUE	FALSE	FALSE	FALSE	FALSE									TRUE	TRUE		TRUE	TRUE	FALSE	FALSE	FALSE	FALSE	75	75	55	105	85	30	425	Yellow	Bipedal+Tailless		Chlorophyll	Solar Power	Early Bird	Sun Stone	120	40	Grass		20	2560	Medium Slow	"1,059,860"	0.8	2′07″	8.5	18.7	50	149	0	0	0	2	0	0	2	50%	50%	1	2	0.5	0.5	0.5	2	1	2	0.5	2	1	2	1	1	1	1	1	1	74-1|1-1|33-1|275-4|71-7|72-10|73-13|75-16|388-19|202-22|331-25|80-28|76-31|38-34|241-39|437-43|572-50	36-TM|182-TM|885-TM|263-TM|345-TM|203-TM|241-TM|240-TM|331-TM|214-TM|402-TM|113-TM|605-TM|447-TM|156-TM|14-TM|164-TM|202-TM|412-TM|227-TM|270-TM|414-TM|580-TM|188-TM|416-TM|437-TM|63-TM|76-TM|851-TM|311-TM|803-TM|38-TM|283-TM|572-TM|174-TM	174-EM|227-EM|580-EM|275-EM|73-EM|234-EM		
193	193	Yanma	Clear Wing Pokémon	Bug	Flying					TRUE	TRUE	TRUE	FALSE	FALSE	FALSE	TRUE	TRUE	TRUE	TRUE	TRUE	TRUE	TRUE	TRUE	TRUE	TRUE	TRUE	TRUE	TRUE	FALSE	FALSE	FALSE	FALSE	TRUE	TRUE									TRUE	TRUE	TRUE	FALSE	FALSE	TRUE	TRUE	FALSE	FALSE	65	65	45	75	45	95	390	Red	2+ Pair of Wings		Speed Boost	Compound Eyes	Frisk		75	25	Bug		20	2560	Medium Fast	"1,000,000"	1.2	3′11″	38	83.8	50	78	0	0	0	0	0	1	1	50%	50%	1	2	1	2	0.25	2	0.25	1	0	2	1	0.5	4	1	1	1	1	1	33-1|98-6|104-11|314-14|197-17|48-22|253-27|450-30|246-33|95-38|17-43|103-46|369-49|403-54|405-57	36-TM|182-TM|522-TM|168-TM|884-TM|263-TM|332-TM|129-TM|314-TM|203-TM|241-TM|369-TM|403-TM|214-TM|156-TM|14-TM|141-TM|164-TM|202-TM|366-TM|247-TM|94-TM|179-TM|405-TM|76-TM|851-TM|450-TM|679-TM|253-TM|244-TM|38-TM|806-TM|917-TM	38-EM|364-EM|18-EM		
194	194	Wooper	Water Fish Pokémon	Water	Ground					TRUE	TRUE	TRUE	FALSE	FALSE	TRUE	TRUE	FALSE	TRUE	TRUE	TRUE	TRUE	TRUE	FALSE	FALSE	TRUE	TRUE	TRUE	TRUE	FALSE	FALSE	FALSE	FALSE	TRUE	TRUE			TRUE	TRUE	TRUE	TRUE	FALSE	FALSE	TRUE	TRUE		TRUE	TRUE	TRUE	TRUE	FALSE	FALSE	55	45	45	25	25	15	210	Blue	Head+Legs		Damp	Water Absorb	Unaware		255	85	Water 1	Field	20	2560	Medium Fast	"1,000,000"	0.4	1′04″	8.5	18.7	50	42	1	0	0	0	0	0	1	50%	50%	1	0.5	1	0	4	1	1	0.5	1	1	1	1	0.5	1	1	1	0.5	1	39-1|55-1|240-4|341-8|114-12|54-12|21-16|281-21|401-24|330-28|133-32|92-36|89-40	36-TM|189-TM|182-TM|352-TM|491-TM|885-TM|886-TM|263-TM|523-TM|196-TM|341-TM|317-TM|419-TM|203-TM|240-TM|201-TM|883-TM|91-TM|34-TM|214-TM|127-TM|707-TM|156-TM|157-TM|191-TM|164-TM|710-TM|446-TM|227-TM|57-TM|133-TM|270-TM|414-TM|58-TM|56-TM|59-TM|188-TM|89-TM|444-TM|851-TM|114-TM|92-TM|38-TM|250-TM|330-TM|482-TM|174-TM	491-EM|495-EM|246-EM|68-EM|174-EM|24-EM|105-EM|255-EM|254-EM|256-EM		
194		Paldean Wooper	Poison Fish Pokémon	Poison	Ground																																									TRUE	TRUE	FALSE	FALSE	FALSE	FALSE	55	45	45	25	25	15	210	Brown	Head+Legs		Poison Point	Water Absorb	Unaware		255	85	Water 1	Field	20	2560	Medium Fast	"1,000,000"	0.4	1′04″	11	24.3	50	42	1	0	0	0	0	0	1	50%	50%	1	1	2	0	1	2	0.5	0.25	2	1	2	0.5	0.5	1	1	1	1	0.5	39-1|341-1|33-4|342-8|390-12|21-16|281-21|398-24|482-28|133-32|92-36|89-40	36-TM|189-TM|182-TM|67-TM|352-TM|491-TM|885-TM|886-TM|263-TM|342-TM|523-TM|341-TM|317-TM|474-TM|203-TM|240-TM|201-TM|91-TM|34-TM|214-TM|127-TM|398-TM|707-TM|156-TM|157-TM|776-TM|191-TM|390-TM|441-TM|164-TM|710-TM|446-TM|57-TM|133-TM|270-TM|414-TM|56-TM|188-TM|89-TM|444-TM|851-TM|114-TM|92-TM|38-TM|482-TM|174-TM	491-EM|495-EM|246-EM|68-EM|174-EM|24-EM|105-EM|255-EM|254-EM|256-EM|54-EM|114-EM		
195	195	Quagsire	Water Fish Pokémon	Water	Ground					TRUE	TRUE	TRUE	FALSE	FALSE	TRUE	TRUE	FALSE	TRUE	TRUE	TRUE	TRUE	TRUE	FALSE	FALSE	TRUE	TRUE	TRUE	TRUE	FALSE	FALSE	FALSE	FALSE	TRUE	TRUE			TRUE	TRUE	TRUE	TRUE	FALSE	FALSE	TRUE	TRUE		TRUE	TRUE	TRUE	TRUE	FALSE	FALSE	95	85	85	65	65	35	430	Blue	Bipedal+Tail		Damp	Water Absorb	Unaware	Level 20	90	30	Water 1	Field	20	2560	Medium Fast	"1,000,000"	1.4	4′07″	75	165.3	50	151	2	0	0	0	0	0	2	50%	50%	1	0.5	1	0	4	1	1	0.5	1	1	1	1	0.5	1	1	1	0.5	1	341-1|240-1|39-1|55-1|114-12|54-12|21-16|281-23|401-28|330-34|133-40|92-46|89-52	36-TM|189-TM|182-TM|352-TM|491-TM|168-TM|885-TM|886-TM|263-TM|523-TM|196-TM|341-TM|317-TM|374-TM|419-TM|203-TM|240-TM|201-TM|883-TM|91-TM|280-TM|34-TM|8-TM|214-TM|409-TM|127-TM|707-TM|156-TM|157-TM|776-TM|191-TM|390-TM|598-TM|164-TM|710-TM|446-TM|227-TM|57-TM|133-TM|270-TM|414-TM|58-TM|56-TM|59-TM|188-TM|89-TM|444-TM|416-TM|411-TM|63-TM|851-TM|114-TM|92-TM|667-TM|264-TM|38-TM|250-TM|330-TM|482-TM|174-TM	491-EM|495-EM|246-EM|68-EM|174-EM|24-EM|105-EM|255-EM|254-EM|256-EM		
196	196	Espeon	Sun Pokémon	Psychic						TRUE	TRUE	TRUE	FALSE	FALSE	FALSE	FALSE	FALSE	TRUE	TRUE	TRUE	TRUE	TRUE	FALSE	FALSE	TRUE	TRUE	TRUE	TRUE	TRUE	TRUE	TRUE	TRUE	TRUE	TRUE			TRUE	TRUE	FALSE	FALSE	TRUE	TRUE	TRUE	TRUE	TRUE	TRUE	TRUE	FALSE	FALSE	FALSE	FALSE	65	65	60	130	95	110	525	Purple	Quadruped		Synchronize		Magic Bounce	High friendship during daytime	45	15	Field		35	4480	Medium Fast	"1,000,000"	0.9	2′11″	26.5	58.4	50	184	0	0	0	2	0	0	2	87.50%	12.50%	1	1	1	1	1	1	0.5	1	1	1	0.5	2	1	2	1	2	1	1	226-1|44-1|204-1|383-1|343-1|38-1|45-1|270-1|33-1|39-1|36-1|28-5|98-10|608-15|129-20|60-25|234-30|384-35|94-40|244-45|248-50|387-55	36-TM|204-TM|313-TM|189-TM|182-TM|60-TM|109-TM|885-TM|263-TM|129-TM|345-TM|577-TM|500-TM|203-TM|241-TM|240-TM|473-TM|91-TM|428-TM|706-TM|34-TM|214-TM|115-TM|113-TM|605-TM|447-TM|86-TM|156-TM|286-TM|285-TM|408-TM|164-TM|271-TM|247-TM|304-TM|94-TM|347-TM|270-TM|226-TM|678-TM|416-TM|433-TM|63-TM|851-TM|46-TM|356-TM|311-TM|244-TM|38-TM|248-TM|797-TM|174-TM|914-TM|917-TM	174-EM|197-EM|24-EM|175-EM|189-EM|321-EM|273-EM|281-EM	93-EV	
197	197	Umbreon	Moonlight Pokémon	Dark						TRUE	TRUE	TRUE	FALSE	FALSE	FALSE	FALSE	FALSE	TRUE	TRUE	TRUE	TRUE	TRUE	FALSE	FALSE	TRUE	TRUE	TRUE	TRUE	TRUE	TRUE	TRUE	TRUE	TRUE	TRUE			TRUE	TRUE	FALSE	FALSE	TRUE	TRUE	TRUE	TRUE	TRUE	TRUE	TRUE	FALSE	FALSE	FALSE	FALSE	95	65	110	60	130	65	525	Black	Quadruped		Synchronize		Inner Focus	High friendship during nighttime	45	15	Field		35	4480	Medium Fast	"1,000,000"	1	3′03″	27	59.5	35	184	0	0	0	0	2	0	2	87.50%	12.50%	1	1	1	1	1	1	2	1	1	1	0	2	1	0.5	1	0.5	1	2	226-1|44-1|204-1|383-1|343-1|38-1|45-1|270-1|129-1|33-1|39-1|36-1|28-5|98-10|608-15|109-20|372-25|236-30|385-35|399-40|103-45|212-50|387-55	36-TM|204-TM|313-TM|189-TM|184-TM|182-TM|109-TM|168-TM|885-TM|263-TM|555-TM|129-TM|500-TM|203-TM|241-TM|240-TM|91-TM|492-TM|34-TM|214-TM|115-TM|113-TM|86-TM|156-TM|269-TM|399-TM|285-TM|164-TM|242-TM|247-TM|304-TM|94-TM|347-TM|270-TM|226-TM|416-TM|63-TM|851-TM|46-TM|92-TM|180-TM|311-TM|808-TM|244-TM|38-TM|675-TM|174-TM|914-TM	174-EM|197-EM|24-EM|175-EM|189-EM|321-EM|273-EM|281-EM	555-EV	
198	198	Murkrow	Darkness Pokémon	Dark	Flying					TRUE	TRUE	TRUE	FALSE	FALSE	FALSE	TRUE	FALSE	TRUE	FALSE	FALSE	TRUE	TRUE	TRUE	FALSE	TRUE	TRUE	TRUE	TRUE	TRUE	TRUE	TRUE	TRUE	TRUE	TRUE									TRUE	TRUE	TRUE	TRUE	TRUE	FALSE	FALSE	FALSE	FALSE	60	85	42	85	42	91	405	Black	1 Pair of Wings		Insomnia	Super Luck	Prankster		30	10	Flying		20	2560	Medium Slow	"1,059,860"	0.5	1′08″	2.1	4.6	35	81	0	0	0	0	0	1	1	50%	50%	1	1	1	2	0.5	2	1	1	0	1	0	1	2	0.5	1	0.5	1	2	310-1|64-1|16-5|114-11|17-15|101-21|372-25|269-31|212-35|492-40|389-50|259-55|511-60	36-TM|189-TM|184-TM|182-TM|512-TM|109-TM|168-TM|263-TM|332-TM|506-TM|555-TM|196-TM|314-TM|101-TM|203-TM|241-TM|240-TM|369-TM|492-TM|403-TM|214-TM|86-TM|156-TM|269-TM|399-TM|19-TM|164-TM|366-TM|247-TM|257-TM|94-TM|347-TM|417-TM|416-TM|542-TM|63-TM|413-TM|851-TM|114-TM|180-TM|253-TM|814-TM|808-TM|38-TM|297-TM|917-TM	413-EM|109-EM|65-EM|297-EM|260-EM|195-EM|103-EM|143-EM|18-EM		
199	199	Slowking	Royal Pokémon	Water	Psychic					TRUE	TRUE	TRUE	FALSE	FALSE	FALSE	FALSE	TRUE	FALSE	TRUE	TRUE	TRUE	TRUE	TRUE	TRUE	TRUE	TRUE	TRUE	TRUE	TRUE	TRUE	TRUE	TRUE	TRUE	TRUE			FALSE	FALSE	TRUE	TRUE	FALSE	FALSE	TRUE	TRUE		TRUE	TRUE	FALSE	FALSE	FALSE	FALSE	95	75	80	100	110	30	490	Pink	Bipedal+Tail		Oblivious	Own Tempo	Regenerator	Trade holding King's Rock	70	23.33	Monster	Water 1	20	2560	Medium Fast	"1,000,000"	2	6′07″	79.5	175.3	50	172	0	0	0	0	2	0	2	50%	50%	1	0.5	0.5	2	2	0.5	0.5	1	1	1	0.5	2	1	2	1	2	0.5	1	174-1|45-1|417-1|408-1|207-1|33-1|55-1|281-9|93-12|50-15|352-18|29-21|133-27|57-30|303-33|94-36|244-39|240-42|505-45	36-TM|182-TM|352-TM|60-TM|886-TM|263-TM|523-TM|129-TM|196-TM|341-TM|317-TM|500-TM|374-TM|419-TM|203-TM|241-TM|240-TM|883-TM|473-TM|91-TM|280-TM|428-TM|492-TM|34-TM|7-TM|9-TM|8-TM|214-TM|409-TM|115-TM|113-TM|127-TM|118-TM|447-TM|86-TM|156-TM|157-TM|286-TM|285-TM|408-TM|164-TM|334-TM|271-TM|710-TM|247-TM|94-TM|57-TM|53-TM|133-TM|347-TM|270-TM|58-TM|678-TM|417-TM|126-TM|56-TM|59-TM|89-TM|416-TM|411-TM|433-TM|63-TM|851-TM|503-TM|264-TM|311-TM|244-TM|250-TM|330-TM|248-TM|797-TM|174-TM|917-TM	562-EM|187-EM|335-EM|23-EM		881-R|248-R
199		Galarian Slowking	Shaman Pokémon	Poison	Psychic																																FALSE	FALSE	FALSE	FALSE	FALSE	FALSE				FALSE	FALSE	FALSE	FALSE	TRUE	TRUE	95	65	80	110	110	30	490	Pink	Bipedal+Tail		Curious Medicine	Own Tempo	Regenerator	Galarcia Wreath	70	23.33	Monster	Water 1	20	2560	Medium Fast	"1,000,000"	1.8	5′11″	79.5	175.3	50	172	0	0	0	0	2	0	2	50%	50%	1	1	1	1	0.5	1	0.25	0.5	2	1	1	1	1	2	1	2	1	0.5	51-1|174-1|45-1|417-1|408-1|207-1|33-1|281-9|93-12|50-15|352-18|29-21|428-24|133-27|57-30|303-33|94-36|244-39|240-42|505-45	36-TM|184-TM|182-TM|352-TM|491-TM|60-TM|886-TM|263-TM|523-TM|506-TM|555-TM|129-TM|196-TM|341-TM|490-TM|500-TM|374-TM|474-TM|419-TM|203-TM|241-TM|240-TM|883-TM|473-TM|91-TM|280-TM|428-TM|492-TM|34-TM|7-TM|9-TM|214-TM|409-TM|113-TM|127-TM|118-TM|447-TM|86-TM|398-TM|707-TM|156-TM|269-TM|390-TM|286-TM|285-TM|408-TM|441-TM|164-TM|334-TM|271-TM|710-TM|247-TM|94-TM|57-TM|53-TM|133-TM|347-TM|270-TM|58-TM|678-TM|417-TM|126-TM|56-TM|59-TM|188-TM|89-TM|416-TM|411-TM|433-TM|63-TM|851-TM|92-TM|311-TM|244-TM|250-TM|330-TM|482-TM|248-TM|797-TM|174-TM|917-TM	562-EM|187-EM|335-EM|23-EM	826-EV	881-R|248-R|92-R
200	200	Misdreavus	Screech Pokémon	Ghost						TRUE	TRUE	TRUE	FALSE	FALSE	FALSE	FALSE	TRUE	FALSE	TRUE	FALSE	TRUE	TRUE	FALSE	TRUE	FALSE	FALSE	FALSE	FALSE	TRUE	TRUE	TRUE	TRUE	TRUE	TRUE									TRUE	TRUE	TRUE	FALSE	TRUE	FALSE	FALSE	FALSE	FALSE	60	60	60	85	85	85	435	Gray	Head		Levitate				45	15	Amorphous		25	3200	Fast	"800,000"	0.7	2′04″	1	2.2	35	87	0	0	0	0	1	0	1	50%	50%	0	1	1	1	1	1	0	0.5	1	1	1	0.5	1	2	1	2	1	1	93-1|45-1|310-10|109-14|212-19|506-23|60-28|220-32|371-37|247-41|195-46|408-50	204-TM|313-TM|184-TM|182-TM|60-TM|109-TM|168-TM|451-TM|263-TM|506-TM|129-TM|345-TM|196-TM|577-TM|500-TM|101-TM|203-TM|241-TM|240-TM|883-TM|473-TM|492-TM|214-TM|605-TM|447-TM|86-TM|156-TM|269-TM|286-TM|399-TM|285-TM|408-TM|164-TM|261-TM|271-TM|247-TM|304-TM|412-TM|94-TM|85-TM|347-TM|270-TM|417-TM|566-TM|416-TM|433-TM|63-TM|87-TM|851-TM|180-TM|807-TM|809-TM|220-TM|244-TM|248-TM|174-TM|917-TM	174-EM|194-EM|286-EM|262-EM|103-EM|425-EM|180-EM|389-EM|472-EM		
201	201	Unown A	Symbol Pokémon	Psychic						TRUE	TRUE	TRUE	FALSE	FALSE	FALSE	TRUE	TRUE	TRUE	TRUE	TRUE	TRUE	TRUE	FALSE	FALSE	FALSE	FALSE	FALSE	FALSE	TRUE	TRUE	FALSE	FALSE	FALSE	FALSE									TRUE	TRUE	TRUE							48	72	48	72	48	48	336	Black	Head		Levitate				225	75			40	5120	Medium Fast	"1,000,000"	0.5	1′08″	5	11	50	118	0	1	0	1	0	0	2	Unknown		1	1	1	1	1	1	0.5	1	1	1	0.5	2	1	2	1	2	1	1					
201		Unown B	Symbol Pokémon	Psychic						TRUE	TRUE	TRUE	FALSE	FALSE	FALSE	TRUE	TRUE	TRUE	TRUE	TRUE	TRUE	TRUE	FALSE	FALSE	FALSE	FALSE	FALSE	FALSE	TRUE	TRUE	FALSE	FALSE	FALSE	FALSE									TRUE	TRUE	TRUE							48	72	48	72	48	48	336	Black	Head		Levitate				225	75			40	5120	Medium Fast	"1,000,000"	0.5	1′08″	5	11	50	118	0	1	0	1	0	0	2	Unknown		1	1	1	1	1	1	0.5	1	1	1	0.5	2	1	2	1	2	1	1					
201		Unown C	Symbol Pokémon	Psychic						TRUE	TRUE	TRUE	FALSE	FALSE	FALSE	TRUE	TRUE	TRUE	TRUE	TRUE	TRUE	TRUE	FALSE	FALSE	FALSE	FALSE	FALSE	FALSE	TRUE	TRUE	FALSE	FALSE	FALSE	FALSE									TRUE	TRUE	TRUE							48	72	48	72	48	48	336	Black	Head		Levitate				225	75			40	5120	Medium Fast	"1,000,000"	0.5	1′08″	5	11	50	118	0	1	0	1	0	0	2	Unknown		1	1	1	1	1	1	0.5	1	1	1	0.5	2	1	2	1	2	1	1					
201		Unown D	Symbol Pokémon	Psychic						TRUE	TRUE	TRUE	FALSE	FALSE	FALSE	TRUE	TRUE	TRUE	TRUE	TRUE	TRUE	TRUE	FALSE	FALSE	FALSE	FALSE	FALSE	FALSE	TRUE	TRUE	FALSE	FALSE	FALSE	FALSE									TRUE	TRUE	TRUE							48	72	48	72	48	48	336	Black	Head		Levitate				225	75			40	5120	Medium Fast	"1,000,000"	0.5	1′08″	5	11	50	118	0	1	0	1	0	0	2	Unknown		1	1	1	1	1	1	0.5	1	1	1	0.5	2	1	2	1	2	1	1					
201		Unown E	Symbol Pokémon	Psychic						TRUE	TRUE	TRUE	FALSE	FALSE	FALSE	TRUE	TRUE	TRUE	TRUE	TRUE	TRUE	TRUE	FALSE	FALSE	FALSE	FALSE	FALSE	FALSE	TRUE	TRUE	FALSE	FALSE	FALSE	FALSE									TRUE	TRUE	TRUE							48	72	48	72	48	48	336	Black	Head		Levitate				225	75			40	5120	Medium Fast	"1,000,000"	0.5	1′08″	5	11	50	118	0	1	0	1	0	0	2	Unknown		1	1	1	1	1	1	0.5	1	1	1	0.5	2	1	2	1	2	1	1					
201		Unown F	Symbol Pokémon	Psychic						TRUE	TRUE	TRUE	FALSE	FALSE	FALSE	TRUE	TRUE	TRUE	TRUE	TRUE	TRUE	TRUE	FALSE	FALSE	FALSE	FALSE	FALSE	FALSE	TRUE	TRUE	FALSE	FALSE	FALSE	FALSE									TRUE	TRUE	TRUE							48	72	48	72	48	48	336	Black	Head		Levitate				225	75			40	5120	Medium Fast	"1,000,000"	0.5	1′08″	5	11	50	118	0	1	0	1	0	0	2	Unknown		1	1	1	1	1	1	0.5	1	1	1	0.5	2	1	2	1	2	1	1					
201		Unown G	Symbol Pokémon	Psychic						TRUE	TRUE	TRUE	FALSE	FALSE	FALSE	TRUE	TRUE	TRUE	TRUE	TRUE	TRUE	TRUE	FALSE	FALSE	FALSE	FALSE	FALSE	FALSE	TRUE	TRUE	FALSE	FALSE	FALSE	FALSE									TRUE	TRUE	TRUE							48	72	48	72	48	48	336	Black	Head		Levitate				225	75			40	5120	Medium Fast	"1,000,000"	0.5	1′08″	5	11	50	118	0	1	0	1	0	0	2	Unknown		1	1	1	1	1	1	0.5	1	1	1	0.5	2	1	2	1	2	1	1					
201		Unown H	Symbol Pokémon	Psychic						TRUE	TRUE	TRUE	FALSE	FALSE	FALSE	TRUE	TRUE	TRUE	TRUE	TRUE	TRUE	TRUE	FALSE	FALSE	FALSE	FALSE	FALSE	FALSE	TRUE	TRUE	FALSE	FALSE	FALSE	FALSE									TRUE	TRUE	TRUE							48	72	48	72	48	48	336	Black	Head		Levitate				225	75			40	5120	Medium Fast	"1,000,000"	0.5	1′08″	5	11	50	118	0	1	0	1	0	0	2	Unknown		1	1	1	1	1	1	0.5	1	1	1	0.5	2	1	2	1	2	1	1					
201		Unown I	Symbol Pokémon	Psychic						TRUE	TRUE	TRUE	FALSE	FALSE	FALSE	TRUE	TRUE	TRUE	TRUE	TRUE	TRUE	TRUE	FALSE	FALSE	FALSE	FALSE	FALSE	FALSE	TRUE	TRUE	FALSE	FALSE	FALSE	FALSE									TRUE	TRUE	TRUE							48	72	48	72	48	48	336	Black	Head		Levitate				225	75			40	5120	Medium Fast	"1,000,000"	0.5	1′08″	5	11	50	118	0	1	0	1	0	0	2	Unknown		1	1	1	1	1	1	0.5	1	1	1	0.5	2	1	2	1	2	1	1					
201		Unown J	Symbol Pokémon	Psychic						TRUE	TRUE	TRUE	FALSE	FALSE	FALSE	TRUE	TRUE	TRUE	TRUE	TRUE	TRUE	TRUE	FALSE	FALSE	FALSE	FALSE	FALSE	FALSE	TRUE	TRUE	FALSE	FALSE	FALSE	FALSE									TRUE	TRUE	TRUE							48	72	48	72	48	48	336	Black	Head		Levitate				225	75			40	5120	Medium Fast	"1,000,000"	0.5	1′08″	5	11	50	118	0	1	0	1	0	0	2	Unknown		1	1	1	1	1	1	0.5	1	1	1	0.5	2	1	2	1	2	1	1					
201		Unown K	Symbol Pokémon	Psychic						TRUE	TRUE	TRUE	FALSE	FALSE	FALSE	TRUE	TRUE	TRUE	TRUE	TRUE	TRUE	TRUE	FALSE	FALSE	FALSE	FALSE	FALSE	FALSE	TRUE	TRUE	FALSE	FALSE	FALSE	FALSE									TRUE	TRUE	TRUE							48	72	48	72	48	48	336	Black	Head		Levitate				225	75			40	5120	Medium Fast	"1,000,000"	0.5	1′08″	5	11	50	118	0	1	0	1	0	0	2	Unknown		1	1	1	1	1	1	0.5	1	1	1	0.5	2	1	2	1	2	1	1					
201		Unown L	Symbol Pokémon	Psychic						TRUE	TRUE	TRUE	FALSE	FALSE	FALSE	TRUE	TRUE	TRUE	TRUE	TRUE	TRUE	TRUE	FALSE	FALSE	FALSE	FALSE	FALSE	FALSE	TRUE	TRUE	FALSE	FALSE	FALSE	FALSE									TRUE	TRUE	TRUE							48	72	48	72	48	48	336	Black	Head		Levitate				225	75			40	5120	Medium Fast	"1,000,000"	0.5	1′08″	5	11	50	118	0	1	0	1	0	0	2	Unknown		1	1	1	1	1	1	0.5	1	1	1	0.5	2	1	2	1	2	1	1					
201		Unown M	Symbol Pokémon	Psychic						TRUE	TRUE	TRUE	FALSE	FALSE	FALSE	TRUE	TRUE	TRUE	TRUE	TRUE	TRUE	TRUE	FALSE	FALSE	FALSE	FALSE	FALSE	FALSE	TRUE	TRUE	FALSE	FALSE	FALSE	FALSE									TRUE	TRUE	TRUE							48	72	48	72	48	48	336	Black	Head		Levitate				225	75			40	5120	Medium Fast	"1,000,000"	0.5	1′08″	5	11	50	118	0	1	0	1	0	0	2	Unknown		1	1	1	1	1	1	0.5	1	1	1	0.5	2	1	2	1	2	1	1					
201		Unown N	Symbol Pokémon	Psychic						TRUE	TRUE	TRUE	FALSE	FALSE	FALSE	TRUE	TRUE	TRUE	TRUE	TRUE	TRUE	TRUE	FALSE	FALSE	FALSE	FALSE	FALSE	FALSE	TRUE	TRUE	FALSE	FALSE	FALSE	FALSE									TRUE	TRUE	TRUE							48	72	48	72	48	48	336	Black	Head		Levitate				225	75			40	5120	Medium Fast	"1,000,000"	0.5	1′08″	5	11	50	118	0	1	0	1	0	0	2	Unknown		1	1	1	1	1	1	0.5	1	1	1	0.5	2	1	2	1	2	1	1					
201		Unown O	Symbol Pokémon	Psychic						TRUE	TRUE	TRUE	FALSE	FALSE	FALSE	TRUE	TRUE	TRUE	TRUE	TRUE	TRUE	TRUE	FALSE	FALSE	FALSE	FALSE	FALSE	FALSE	TRUE	TRUE	FALSE	FALSE	FALSE	FALSE									TRUE	TRUE	TRUE							48	72	48	72	48	48	336	Black	Head		Levitate				225	75			40	5120	Medium Fast	"1,000,000"	0.5	1′08″	5	11	50	118	0	1	0	1	0	0	2	Unknown		1	1	1	1	1	1	0.5	1	1	1	0.5	2	1	2	1	2	1	1					
201		Unown P	Symbol Pokémon	Psychic						TRUE	TRUE	TRUE	FALSE	FALSE	FALSE	TRUE	TRUE	TRUE	TRUE	TRUE	TRUE	TRUE	FALSE	FALSE	FALSE	FALSE	FALSE	FALSE	TRUE	TRUE	FALSE	FALSE	FALSE	FALSE									TRUE	TRUE	TRUE							48	72	48	72	48	48	336	Black	Head		Levitate				225	75			40	5120	Medium Fast	"1,000,000"	0.5	1′08″	5	11	50	118	0	1	0	1	0	0	2	Unknown		1	1	1	1	1	1	0.5	1	1	1	0.5	2	1	2	1	2	1	1					
201		Unown Q	Symbol Pokémon	Psychic						TRUE	TRUE	TRUE	FALSE	FALSE	FALSE	TRUE	TRUE	TRUE	TRUE	TRUE	TRUE	TRUE	FALSE	FALSE	FALSE	FALSE	FALSE	FALSE	TRUE	TRUE	FALSE	FALSE	FALSE	FALSE									TRUE	TRUE	TRUE							48	72	48	72	48	48	336	Black	Head		Levitate				225	75			40	5120	Medium Fast	"1,000,000"	0.5	1′08″	5	11	50	118	0	1	0	1	0	0	2	Unknown		1	1	1	1	1	1	0.5	1	1	1	0.5	2	1	2	1	2	1	1					
201		Unown R	Symbol Pokémon	Psychic						TRUE	TRUE	TRUE	FALSE	FALSE	FALSE	TRUE	TRUE	TRUE	TRUE	TRUE	TRUE	TRUE	FALSE	FALSE	FALSE	FALSE	FALSE	FALSE	TRUE	TRUE	FALSE	FALSE	FALSE	FALSE									TRUE	TRUE	TRUE							48	72	48	72	48	48	336	Black	Head		Levitate				225	75			40	5120	Medium Fast	"1,000,000"	0.5	1′08″	5	11	50	118	0	1	0	1	0	0	2	Unknown		1	1	1	1	1	1	0.5	1	1	1	0.5	2	1	2	1	2	1	1					
201		Unown S	Symbol Pokémon	Psychic						TRUE	TRUE	TRUE	FALSE	FALSE	FALSE	TRUE	TRUE	TRUE	TRUE	TRUE	TRUE	TRUE	FALSE	FALSE	FALSE	FALSE	FALSE	FALSE	TRUE	TRUE	FALSE	FALSE	FALSE	FALSE									TRUE	TRUE	TRUE							48	72	48	72	48	48	336	Black	Head		Levitate				225	75			40	5120	Medium Fast	"1,000,000"	0.5	1′08″	5	11	50	118	0	1	0	1	0	0	2	Unknown		1	1	1	1	1	1	0.5	1	1	1	0.5	2	1	2	1	2	1	1					
201		Unown T	Symbol Pokémon	Psychic						TRUE	TRUE	TRUE	FALSE	FALSE	FALSE	TRUE	TRUE	TRUE	TRUE	TRUE	TRUE	TRUE	FALSE	FALSE	FALSE	FALSE	FALSE	FALSE	TRUE	TRUE	FALSE	FALSE	FALSE	FALSE									TRUE	TRUE	TRUE							48	72	48	72	48	48	336	Black	Head		Levitate				225	75			40	5120	Medium Fast	"1,000,000"	0.5	1′08″	5	11	50	118	0	1	0	1	0	0	2	Unknown		1	1	1	1	1	1	0.5	1	1	1	0.5	2	1	2	1	2	1	1					
201		Unown U	Symbol Pokémon	Psychic						TRUE	TRUE	TRUE	FALSE	FALSE	FALSE	TRUE	TRUE	TRUE	TRUE	TRUE	TRUE	TRUE	FALSE	FALSE	FALSE	FALSE	FALSE	FALSE	TRUE	TRUE	FALSE	FALSE	FALSE	FALSE									TRUE	TRUE	TRUE							48	72	48	72	48	48	336	Black	Head		Levitate				225	75			40	5120	Medium Fast	"1,000,000"	0.5	1′08″	5	11	50	118	0	1	0	1	0	0	2	Unknown		1	1	1	1	1	1	0.5	1	1	1	0.5	2	1	2	1	2	1	1					
201		Unown V	Symbol Pokémon	Psychic						TRUE	TRUE	TRUE	FALSE	FALSE	FALSE	TRUE	TRUE	TRUE	TRUE	TRUE	TRUE	TRUE	FALSE	FALSE	FALSE	FALSE	FALSE	FALSE	TRUE	TRUE	FALSE	FALSE	FALSE	FALSE									TRUE	TRUE	TRUE							48	72	48	72	48	48	336	Black	Head		Levitate				225	75			40	5120	Medium Fast	"1,000,000"	0.5	1′08″	5	11	50	118	0	1	0	1	0	0	2	Unknown		1	1	1	1	1	1	0.5	1	1	1	0.5	2	1	2	1	2	1	1					
201		Unown W	Symbol Pokémon	Psychic						TRUE	TRUE	TRUE	FALSE	FALSE	FALSE	TRUE	TRUE	TRUE	TRUE	TRUE	TRUE	TRUE	FALSE	FALSE	FALSE	FALSE	FALSE	FALSE	TRUE	TRUE	FALSE	FALSE	FALSE	FALSE									TRUE	TRUE	TRUE							48	72	48	72	48	48	336	Black	Head		Levitate				225	75			40	5120	Medium Fast	"1,000,000"	0.5	1′08″	5	11	50	118	0	1	0	1	0	0	2	Unknown		1	1	1	1	1	1	0.5	1	1	1	0.5	2	1	2	1	2	1	1					
201		Unown X	Symbol Pokémon	Psychic						TRUE	TRUE	TRUE	FALSE	FALSE	FALSE	TRUE	TRUE	TRUE	TRUE	TRUE	TRUE	TRUE	FALSE	FALSE	FALSE	FALSE	FALSE	FALSE	TRUE	TRUE	FALSE	FALSE	FALSE	FALSE									TRUE	TRUE	TRUE							48	72	48	72	48	48	336	Black	Head		Levitate				225	75			40	5120	Medium Fast	"1,000,000"	0.5	1′08″	5	11	50	118	0	1	0	1	0	0	2	Unknown		1	1	1	1	1	1	0.5	1	1	1	0.5	2	1	2	1	2	1	1					
201		Unown Y	Symbol Pokémon	Psychic						TRUE	TRUE	TRUE	FALSE	FALSE	FALSE	TRUE	TRUE	TRUE	TRUE	TRUE	TRUE	TRUE	FALSE	FALSE	FALSE	FALSE	FALSE	FALSE	TRUE	TRUE	FALSE	FALSE	FALSE	FALSE									TRUE	TRUE	TRUE							48	72	48	72	48	48	336	Black	Head		Levitate				225	75			40	5120	Medium Fast	"1,000,000"	0.5	1′08″	5	11	50	118	0	1	0	1	0	0	2	Unknown		1	1	1	1	1	1	0.5	1	1	1	0.5	2	1	2	1	2	1	1					
201		Unown Z	Symbol Pokémon	Psychic						TRUE	TRUE	TRUE	FALSE	FALSE	FALSE	TRUE	TRUE	TRUE	TRUE	TRUE	TRUE	TRUE	FALSE	FALSE	FALSE	FALSE	FALSE	FALSE	TRUE	TRUE	FALSE	FALSE	FALSE	FALSE									TRUE	TRUE	TRUE							48	72	48	72	48	48	336	Black	Head		Levitate				225	75			40	5120	Medium Fast	"1,000,000"	0.5	1′08″	5	11	50	118	0	1	0	1	0	0	2	Unknown		1	1	1	1	1	1	0.5	1	1	1	0.5	2	1	2	1	2	1	1					
201		Unown !	Symbol Pokémon	Psychic						TRUE	TRUE	TRUE	FALSE	FALSE	FALSE	TRUE	TRUE	TRUE	TRUE	TRUE	TRUE	TRUE	FALSE	FALSE	FALSE	FALSE	FALSE	FALSE	TRUE	TRUE	FALSE	FALSE	FALSE	FALSE									TRUE	TRUE	TRUE							48	72	48	72	48	48	336	Black	Head		Levitate				225	75			40	5120	Medium Fast	"1,000,000"	0.5	1′08″	5	11	50	118	0	1	0	1	0	0	2	Unknown		1	1	1	1	1	1	0.5	1	1	1	0.5	2	1	2	1	2	1	1					
201		Unown ?	Symbol Pokémon	Psychic						TRUE	TRUE	TRUE	FALSE	FALSE	FALSE	TRUE	TRUE	TRUE	TRUE	TRUE	TRUE	TRUE	FALSE	FALSE	FALSE	FALSE	FALSE	FALSE	TRUE	TRUE	FALSE	FALSE	FALSE	FALSE									TRUE	TRUE	TRUE							48	72	48	72	48	48	336	Black	Head		Levitate				225	75			40	5120	Medium Fast	"1,000,000"	0.5	1′08″	5	11	50	118	0	1	0	1	0	0	2	Unknown		1	1	1	1	1	1	0.5	1	1	1	0.5	2	1	2	1	2	1	1					
202	202	Wobbuffet	Patient Pokémon	Psychic						TRUE	TRUE	TRUE	TRUE	TRUE	TRUE	TRUE	TRUE	TRUE	TRUE	TRUE	TRUE	TRUE	TRUE	TRUE	TRUE	TRUE	TRUE	TRUE	TRUE	TRUE	FALSE	FALSE	FALSE	FALSE			TRUE	TRUE	FALSE	FALSE	FALSE	FALSE	TRUE	TRUE								190	33	58	33	58	33	405	Blue	Head+Base		Shadow Tag		Telepathy	Level 15	45	15	Amorphous		20	2560	Medium Fast	"1,000,000"	1.3	4′03″	28.5	62.8	50	142	2	0	0	0	0	0	2	50%	50%	1	1	1	1	1	1	0.5	1	1	1	0.5	2	1	2	1	2	1	1					
203	203	Girafarig	Long Neck Pokémon	Normal	Psychic					TRUE	TRUE	TRUE	TRUE	TRUE	TRUE	FALSE	FALSE	TRUE	TRUE	TRUE	TRUE	TRUE	FALSE	FALSE	TRUE	TRUE	TRUE	TRUE	TRUE	TRUE	FALSE	FALSE	FALSE	FALSE									TRUE	TRUE		TRUE	TRUE	FALSE	FALSE	TRUE	TRUE	70	80	65	90	65	85	455	Yellow	Quadruped		Inner Focus	Early Bird	Sap Sipper		60	20	Field		20	2560	Medium Fast	"1,000,000"	1.5	4′11″	41.5	91.5	50	159	0	0	0	2	0	0	2	50%	50%	1	1	1	1	1	1	1	1	1	1	0.5	2	1	0	1	2	1	1	310-1|45-1|385-1|384-1|33-1|93-5|372-10|23-14|60-19|97-23|458-28|888-32|242-37|226-41|417-46|94-50	36-TM|97-TM|182-TM|67-TM|60-TM|109-TM|168-TM|885-TM|451-TM|263-TM|523-TM|129-TM|500-TM|203-TM|241-TM|240-TM|473-TM|428-TM|492-TM|706-TM|34-TM|214-TM|115-TM|113-TM|605-TM|447-TM|86-TM|707-TM|156-TM|286-TM|285-TM|164-TM|242-TM|271-TM|247-TM|304-TM|412-TM|94-TM|85-TM|133-TM|347-TM|270-TM|226-TM|678-TM|417-TM|89-TM|416-TM|433-TM|63-TM|87-TM|851-TM|356-TM|667-TM|253-TM|244-TM|38-TM|283-TM|248-TM|797-TM|917-TM	502-EM|251-EM|24-EM|248-EM|212-EM|243-EM|36-EM|253-EM|273-EM		
204	204	Pineco	Bagworm Pokémon	Bug						TRUE	TRUE	TRUE	FALSE	FALSE	TRUE	TRUE	TRUE	TRUE	TRUE	TRUE	TRUE	TRUE	TRUE	TRUE	TRUE	TRUE	TRUE	TRUE	TRUE	TRUE	FALSE	FALSE	TRUE	TRUE									TRUE	TRUE		TRUE	TRUE	FALSE	FALSE	FALSE	FALSE	50	65	90	35	35	15	290	Gray	Head		Sturdy		Overcoat		190	63.33	Bug		20	2560	Medium Fast	"1,000,000"	0.6	2′00″	7.2	15.9	50	58	0	0	1	0	0	0	1	50%	50%	1	2	1	1	0.5	1	0.5	1	0.5	2	1	1	2	1	1	1	1	1	182-1|33-1|120-6|450-9|36-12|229-17|205-20|174-23|191-28|371-31|153-34|334-39|360-42|38-45	36-TM|182-TM|522-TM|884-TM|263-TM|523-TM|129-TM|317-TM|474-TM|203-TM|241-TM|240-TM|201-TM|91-TM|34-TM|214-TM|402-TM|115-TM|113-TM|350-TM|398-TM|156-TM|157-TM|191-TM|390-TM|164-TM|334-TM|529-TM|202-TM|446-TM|861-TM|270-TM|179-TM|405-TM|76-TM|851-TM|328-TM|356-TM|360-TM|450-TM|679-TM|220-TM|38-TM|174-TM	68-EM|175-EM|42-EM|379-EM|328-EM|129-EM|390-EM		
205	205	Forretress	Bagworm Pokémon	Bug	Steel					TRUE	TRUE	TRUE	FALSE	FALSE	TRUE	FALSE	FALSE	TRUE	TRUE	TRUE	TRUE	TRUE	TRUE	TRUE	TRUE	TRUE	TRUE	TRUE	TRUE	TRUE	FALSE	FALSE	TRUE	TRUE									TRUE	TRUE		TRUE	TRUE	FALSE	FALSE	FALSE	FALSE	75	90	140	60	60	40	465	Purple	Head		Sturdy		Overcoat	Level 31	75	25	Bug		20	2560	Medium Fast	"1,000,000"	1.2	3′11″	125.8	277.3	50	163	0	0	2	0	0	0	2	50%	50%	0.5	4	1	1	0.25	0.5	1	0	1	1	0.5	0.5	1	1	0.5	1	0.5	0.5	450-1|393-1|182-1|120-1|33-1|390-1|192-1|36-12|229-17|205-20|174-23|191-28|371-32|153-36|334-42|360-46|38-50	36-TM|182-TM|522-TM|884-TM|263-TM|523-TM|129-TM|317-TM|474-TM|203-TM|521-TM|241-TM|240-TM|201-TM|684-TM|91-TM|34-TM|214-TM|402-TM|115-TM|113-TM|350-TM|86-TM|398-TM|156-TM|157-TM|776-TM|191-TM|390-TM|430-TM|442-TM|164-TM|334-TM|529-TM|202-TM|446-TM|484-TM|861-TM|270-TM|414-TM|179-TM|89-TM|444-TM|416-TM|405-TM|63-TM|76-TM|796-TM|851-TM|328-TM|356-TM|360-TM|450-TM|679-TM|220-TM|38-TM|319-TM|174-TM|912-TM	68-EM|175-EM|42-EM|379-EM|328-EM|129-EM|390-EM	484-EV	
206	206	Dunsparce	Land Snake Pokémon	Normal						TRUE	TRUE	TRUE	FALSE	FALSE	FALSE	TRUE	TRUE	TRUE	TRUE	TRUE	TRUE	TRUE	TRUE	TRUE	TRUE	TRUE	TRUE	TRUE	FALSE	FALSE	FALSE	FALSE	TRUE	TRUE			FALSE	FALSE	TRUE	TRUE	FALSE	FALSE	TRUE	TRUE		TRUE	TRUE	TRUE	TRUE	FALSE	FALSE	100	70	70	65	65	45	415	Yellow	Serpentine		Serence Grace	Run Away	Rattled		190	63.33	Field		20	2560	Medium Fast	"1,000,000"	1.5	4′11″	14	30.9	50	145	1	0	0	0	0	0	1	50%	50%	1	1	1	1	1	1	2	1	1	1	1	1	1	0	1	1	1	1	111-1|175-1|189-4|205-8|137-12|103-16|246-20|529-24|281-28|887-32|355-36|407-40|489-44|38-48|283-52	36-TM|97-TM|189-TM|184-TM|182-TM|168-TM|884-TM|886-TM|263-TM|342-TM|523-TM|506-TM|341-TM|317-TM|500-TM|203-TM|241-TM|240-TM|201-TM|684-TM|91-TM|428-TM|403-TM|34-TM|214-TM|398-TM|707-TM|156-TM|157-TM|164-TM|529-TM|247-TM|446-TM|304-TM|861-TM|53-TM|85-TM|133-TM|347-TM|270-TM|226-TM|414-TM|58-TM|126-TM|59-TM|528-TM|89-TM|444-TM|416-TM|63-TM|87-TM|76-TM|851-TM|92-TM|180-TM|360-TM|679-TM|253-TM|799-TM|220-TM|244-TM|38-TM|283-TM|806-TM|784-TM|174-TM	401-EM|310-EM|44-EM|174-EM|29-EM|387-EM		
207	207	Gligar	Fly Scorpion Pokémon	Ground	Flying					TRUE	FALSE	TRUE	FALSE	FALSE	TRUE	FALSE	FALSE	TRUE	TRUE	TRUE	TRUE	FALSE	TRUE	TRUE	TRUE	TRUE	TRUE	TRUE	FALSE	FALSE	FALSE	FALSE	FALSE	FALSE									TRUE	TRUE	TRUE	FALSE	FALSE	TRUE	FALSE	FALSE	FALSE	65	75	105	35	65	85	430	Purple	1 Pair of Wings		Hyper Cutter	Sand Veil	Immunity		60	20	Bug		20	2560	Medium Slow	"1,059,860"	1.1	3′07″	64.8	142.9	50	86	0	0	1	0	0	0	1	50%	50%	1	1	2	0	1	4	0.5	0.5	0	1	1	0.5	1	1	1	1	1	1	40-1|28-4|106-7|282-10|98-13|210-16|342-19|512-22|163-27|369-30|103-35|404-40|152-45|14-50	36-TM|97-TM|189-TM|184-TM|182-TM|424-TM|422-TM|423-TM|512-TM|522-TM|168-TM|263-TM|342-TM|332-TM|523-TM|232-TM|129-TM|341-TM|317-TM|374-TM|474-TM|203-TM|241-TM|240-TM|201-TM|206-TM|280-TM|369-TM|706-TM|214-TM|398-TM|156-TM|157-TM|269-TM|14-TM|191-TM|390-TM|399-TM|441-TM|164-TM|404-TM|242-TM|366-TM|446-TM|226-TM|414-TM|188-TM|89-TM|444-TM|851-TM|92-TM|328-TM|282-TM|679-TM|667-TM|814-TM|799-TM|38-TM|806-TM|675-TM|784-TM	68-EM|440-EM|38-EM|364-EM|400-EM|17-EM		
208	208	Steelix	Iron Snake Pokémon	Steel	Ground					TRUE	TRUE	TRUE	FALSE	FALSE	FALSE	TRUE	TRUE	TRUE	TRUE	TRUE	TRUE	TRUE	TRUE	TRUE	TRUE	TRUE	TRUE	TRUE	TRUE	TRUE	FALSE	FALSE	TRUE	TRUE			TRUE	TRUE	FALSE	FALSE	FALSE	FALSE	TRUE	TRUE	TRUE							75	85	200	55	65	30	510	Gray	Serpentine		Rock Head	Sturdy	Sheer Force	Trade holding Metal Coat	25	8.33	Mineral		25	3200	Medium Fast	"1,000,000"	9.2	30′02″	400	881.8	50	179	0	0	2	0	0	0	2	50%	50%	0.5	2	2	0	1	1	2	0	2	0.5	0.5	0.5	0.25	1	0.5	1	0.5	0.5					
208		Mega Steelix	Iron Snake Pokémon	Steel	Ground																								TRUE	TRUE	FALSE	FALSE	TRUE	TRUE																		75	125	230	55	95	30	610	Gray	Serpentine		Sand Force			Steelixite		0			25	3200	Medium Fast	"1,000,000"	10.5	34′05″	740	1631.4	50	214	0	0	2	0	0	0	2	50%	50%	0.5	2	2	0	1	1	2	0	2	0.5	0.5	0.5	0.25	1	0.5	1	0.5	0.5					
209	209	Snubbull	Fairy Pokémon	Fairy						TRUE	TRUE	TRUE	FALSE	FALSE	TRUE	FALSE	FALSE	TRUE	TRUE	TRUE	TRUE	TRUE	FALSE	FALSE	TRUE	TRUE	TRUE	TRUE	FALSE	FALSE	TRUE	TRUE	TRUE	TRUE									TRUE	TRUE		FALSE	FALSE	FALSE	FALSE	TRUE	TRUE	60	80	50	40	40	30	300	Pink	Bipedal+Tailless		Intimidate	Run Away	Rattled		190	63.33	Field	Fairy	20	2560	Fast	"800,000"	0.6	2′00″	7.8	17.2	50	60	0	1	0	0	0	0	1	25%	75%	1	1	1	1	1	1	0.5	2	1	1	1	0.5	1	1	0	0.5	2	1	204-1|424-1|45-1|423-1|184-1|33-1|39-1|422-1|44-7|122-13|29-19|46-25|387-31|583-37|371-43|242-49	36-TM|204-TM|313-TM|189-TM|184-TM|182-TM|424-TM|422-TM|423-TM|352-TM|67-TM|168-TM|885-TM|263-TM|523-TM|555-TM|374-TM|203-TM|241-TM|240-TM|91-TM|280-TM|706-TM|339-TM|34-TM|7-TM|9-TM|8-TM|214-TM|605-TM|118-TM|86-TM|707-TM|156-TM|269-TM|164-TM|242-TM|247-TM|304-TM|227-TM|53-TM|85-TM|583-TM|270-TM|179-TM|126-TM|528-TM|188-TM|89-TM|315-TM|87-TM|370-TM|76-TM|851-TM|46-TM|180-TM|162-TM|253-TM|264-TM|808-TM|38-TM|283-TM|915-TM|174-TM	68-EM|102-EM|217-EM|514-EM|173-EM		
210	210	Granbull	Fairy Pokémon	Fairy						TRUE	TRUE	TRUE	FALSE	FALSE	TRUE	FALSE	FALSE	TRUE	TRUE	TRUE	TRUE	TRUE	FALSE	FALSE	TRUE	TRUE	TRUE	TRUE	FALSE	FALSE	TRUE	TRUE	TRUE	TRUE									TRUE	TRUE		FALSE	FALSE	FALSE	FALSE	TRUE	TRUE	90	120	75	60	60	45	450	Purple	Bipedal+Tail		Intimidate	Quick Feet	Rattled	Level 23	75	25	Field	Fairy	20	2560	Fast	"800,000"	1.4	4′07″	48.7	107.4	50	158	0	2	0	0	0	0	2	25%	75%	1	1	1	1	1	1	0.5	2	1	1	1	0.5	1	1	0	0.5	2	1	204-1|424-1|45-1|423-1|200-1|184-1|33-1|39-1|422-1|44-7|122-13|29-19|46-27|387-35|583-43|371-51|242-59	36-TM|204-TM|313-TM|189-TM|184-TM|182-TM|424-TM|422-TM|423-TM|352-TM|67-TM|168-TM|885-TM|263-TM|523-TM|555-TM|317-TM|490-TM|374-TM|203-TM|241-TM|240-TM|91-TM|280-TM|706-TM|339-TM|34-TM|7-TM|9-TM|8-TM|214-TM|605-TM|118-TM|86-TM|707-TM|156-TM|157-TM|269-TM|164-TM|242-TM|247-TM|304-TM|227-TM|53-TM|85-TM|583-TM|270-TM|179-TM|126-TM|528-TM|188-TM|89-TM|444-TM|416-TM|200-TM|315-TM|411-TM|63-TM|87-TM|370-TM|76-TM|851-TM|46-TM|180-TM|162-TM|253-TM|264-TM|808-TM|38-TM|283-TM|915-TM|174-TM			
211	211	Qwilfish	Balloon Pokémon	Water	Poison					TRUE	TRUE	TRUE	FALSE	FALSE	FALSE	TRUE	FALSE	TRUE	TRUE	TRUE	TRUE	TRUE	TRUE	TRUE	TRUE	TRUE	TRUE	TRUE	FALSE	FALSE	FALSE	FALSE	FALSE	FALSE			TRUE	TRUE	FALSE	FALSE	FALSE	FALSE	TRUE	TRUE		TRUE	TRUE	FALSE	FALSE	FALSE	FALSE	65	95	85	55	55	85	440	Gray	Fins		Poison Point	Swift Swim	Intimidate		45	15	Water 2		20	2560	Medium Fast	"1,000,000"	0.5	1′08″	3.9	8.6	50	88	0	1	0	0	0	0	1	50%	50%	1	0.5	0.5	2	1	0.5	0.5	0.5	2	1	2	0.5	1	1	1	1	0.5	0.5	40-1|33-1|106-4|55-8|565-12|107-16|191-20|362-24|398-28|42-32|390-36|255-40|254-40|92-44|401-48|367-52|194-56	36-TM|97-TM|184-TM|182-TM|352-TM|491-TM|886-TM|263-TM|342-TM|506-TM|129-TM|196-TM|341-TM|474-TM|203-TM|240-TM|214-TM|127-TM|86-TM|398-TM|156-TM|269-TM|14-TM|191-TM|390-TM|441-TM|164-TM|242-TM|710-TM|247-TM|57-TM|179-TM|58-TM|56-TM|59-TM|188-TM|416-TM|851-TM|114-TM|92-TM|180-TM|360-TM|812-TM|799-TM|220-TM|38-TM|250-TM|482-TM|675-TM|174-TM	491-EM|453-EM|310-EM|839-EM|61-EM|175-EM|114-EM|120-EM|48-EM|352-EM		
211		Hisuian Qwilfish	Balloon Pokémon	Dark	Poison																																								TRUE	FALSE	FALSE	FALSE	FALSE	TRUE	TRUE	65	95	85	55	55	85	440	Black	Fins		Poison Point	Swift Swim	Intimidate		45	15	Water 2		20	2560	Medium Fast	"1,000,000"	0.5	1′08″	3.9	8.6	50	88	0	1	0	0	0	0	1	50%	50%	1	1	1	1	0.5	1	1	0.5	2	1	0	1	1	0.5	1	0.5	1	1	40-1|33-1|106-4|44-8|565-12|107-16|191-20|362-24|839-28|42-32|390-36|255-40|254-40|92-44|242-48|367-52|194-56	36-TM|97-TM|184-TM|182-TM|352-TM|491-TM|886-TM|263-TM|342-TM|506-TM|129-TM|196-TM|341-TM|474-TM|203-TM|240-TM|214-TM|127-TM|398-TM|156-TM|269-TM|14-TM|191-TM|390-TM|399-TM|441-TM|164-TM|242-TM|710-TM|247-TM|57-TM|179-TM|58-TM|56-TM|59-TM|188-TM|416-TM|851-TM|114-TM|92-TM|180-TM|360-TM|808-TM|799-TM|220-TM|38-TM|675-TM|174-TM	491-EM|453-EM|401-EM|310-EM|61-EM|175-EM|114-EM|120-EM|48-EM|352-EM		
212	212	Scizor	Pincer Pokémon	Bug	Steel					TRUE	TRUE	TRUE	FALSE	FALSE	FALSE	TRUE	FALSE	TRUE	FALSE	TRUE	TRUE	TRUE	FALSE	FALSE	FALSE	FALSE	TRUE	TRUE	FALSE	FALSE	TRUE	TRUE	TRUE	TRUE			FALSE	FALSE	TRUE	TRUE	FALSE	FALSE	TRUE	TRUE	TRUE	TRUE	TRUE	FALSE	FALSE	TRUE	TRUE	70	130	100	55	80	65	500	Red	2+ Pair of Wings		Swarm	Technician	Light Metal	Trade holding Metal Coat	25	8.33	Bug		25	3200	Medium Fast	"1,000,000"	1.8	5′11″	118	260.1	50	175	0	2	0	0	0	0	2	50%	50%	0.5	4	1	1	0.25	0.5	1	0	1	1	0.5	0.5	1	1	0.5	1	0.5	0.5	97-1|403-1|206-1|210-1|43-1|98-1|17-1|232-12|104-16|458-20|163-24|116-28|334-32|442-36|404-40|14-44	36-TM|97-TM|184-TM|182-TM|512-TM|522-TM|168-TM|885-TM|884-TM|263-TM|332-TM|232-TM|129-TM|314-TM|374-TM|203-TM|241-TM|240-TM|201-TM|206-TM|280-TM|369-TM|403-TM|214-TM|113-TM|156-TM|14-TM|430-TM|442-TM|164-TM|334-TM|404-TM|366-TM|270-TM|226-TM|179-TM|416-TM|405-TM|63-TM|370-TM|796-TM|851-TM|282-TM|450-TM|410-TM|679-TM|814-TM|38-TM|806-TM|174-TM|912-TM	68-EM|432-EM|364-EM|400-EM|501-EM	418-EV	
212		Mega Scizor	Pincer Pokémon	Bug	Steel																						TRUE	TRUE	FALSE	FALSE	TRUE	TRUE	TRUE	TRUE																		70	150	140	65	100	75	600	Red	2+ Pair of Wings		Technician			Scizorite		0			25	3200	Medium Fast	"1,000,000"	2	6′07″	125	275.6	50	210	0	2	0	0	0	0	2	50%	50%	0.5	4	1	1	0.25	0.5	1	0	1	1	0.5	0.5	1	1	0.5	1	0.5	0.5					
213	213	Shuckle	Mold Pokémon	Bug	Rock					TRUE	TRUE	TRUE	FALSE	FALSE	TRUE	TRUE	TRUE	TRUE	TRUE	TRUE	TRUE	TRUE	TRUE	TRUE	TRUE	TRUE	TRUE	TRUE	FALSE	FALSE	FALSE	FALSE	FALSE	FALSE			TRUE	TRUE	FALSE	FALSE	TRUE	TRUE	TRUE	TRUE								20	10	230	10	230	5	505	Yellow	Insectoid		Sturdy	Gluttony	Contrary		190	63.33	Bug		20	2560	Medium Slow	"1,059,860"	0.6	2′00″	20.5	45.2	50	177	0	0	1	0	1	0	2	50%	50%	0.5	1	2	1	1	1	1	0.5	1	1	1	1	2	1	1	1	2	1					
214	214	Heracross	Single Horn Pokémon	Bug	Fighting					TRUE	TRUE	TRUE	TRUE	TRUE	TRUE	TRUE	TRUE	TRUE	TRUE	TRUE	TRUE	TRUE	TRUE	TRUE	TRUE	FALSE	FALSE	TRUE	TRUE	TRUE	FALSE	FALSE	TRUE	TRUE			FALSE	FALSE	FALSE	TRUE	FALSE	FALSE	TRUE	TRUE	TRUE	TRUE	TRUE	TRUE	TRUE	FALSE	FALSE	80	125	75	40	95	85	500	Blue	Bipedal+Tailless		Swarm	Guts	Moxie		45	15	Bug		25	3200	Slow	"1,250,000"	1.5	4′11″	54	119	50	175	0	2	0	0	0	0	2	50%	50%	1	2	1	1	0.5	1	0.5	1	0.5	4	2	0.5	1	1	1	0.5	1	2	292-1|43-1|33-1|31-5|203-10|332-15|30-20|68-25|280-30|42-35|675-40|37-45|14-50|224-55|370-60	36-TM|182-TM|67-TM|522-TM|168-TM|885-TM|884-TM|263-TM|332-TM|523-TM|317-TM|374-TM|203-TM|241-TM|240-TM|684-TM|91-TM|331-TM|206-TM|280-TM|421-TM|339-TM|34-TM|214-TM|350-TM|156-TM|157-TM|14-TM|191-TM|164-TM|334-TM|270-TM|179-TM|89-TM|444-TM|416-TM|411-TM|405-TM|63-TM|370-TM|851-TM|479-TM|282-TM|450-TM|410-TM|679-TM|667-TM|264-TM|38-TM|283-TM|811-TM|806-TM|675-TM|174-TM|918-TM	38-EM|364-EM|175-EM|106-EM|400-EM|69-EM		
214		Mega Heracross	Single Horn Pokémon	Bug	Fighting																						TRUE	TRUE	TRUE	TRUE	FALSE	FALSE	TRUE	TRUE																									Blue	Bipedal+Tailless							0			25	3200	Slow	"1,250,000"	1.7	5′07″	62.5	137.8	50	210	0	2	0	0	0	0	2	50%	50%	1	2	1	1	0.5	1	0.5	1	0.5	4	2	0.5	1	1	1	0.5	1	2					
215	215	Sneasel	Sharp Claw Pokémon	Dark	Ice					TRUE	TRUE	TRUE	FALSE	FALSE	FALSE	FALSE	TRUE	TRUE	TRUE	TRUE	TRUE	TRUE	TRUE	TRUE	TRUE	TRUE	TRUE	TRUE	FALSE	FALSE	TRUE	TRUE	TRUE	TRUE			TRUE	TRUE	FALSE	FALSE	TRUE	TRUE	TRUE	TRUE		TRUE	TRUE	TRUE	TRUE	FALSE	FALSE	55	95	55	35	75	115	430	Black	Bipedal+Tail		Inner Focus	Keen Eye	Pickpocket		60	20	Field		20	2560	Medium Slow	"1,059,860"	0.9	2′11″	28	61.7	35	86	0	0	0	0	0	1	1	50%	50%	1	2	1	1	1	0.5	4	1	1	1	0	2	2	0.5	1	0.5	2	2	43-1|10-1|269-6|98-12|232-18|196-24|154-30|468-36|251-42|97-48|103-54|163-60	36-TM|313-TM|97-TM|184-TM|182-TM|352-TM|67-TM|168-TM|885-TM|263-TM|332-TM|555-TM|232-TM|129-TM|196-TM|490-TM|374-TM|419-TM|203-TM|241-TM|240-TM|883-TM|91-TM|206-TM|280-TM|421-TM|492-TM|8-TM|214-TM|398-TM|156-TM|269-TM|14-TM|399-TM|164-TM|404-TM|247-TM|57-TM|347-TM|270-TM|179-TM|58-TM|417-TM|59-TM|416-TM|851-TM|180-TM|282-TM|333-TM|264-TM|808-TM|813-TM|675-TM|918-TM	44-EM|68-EM|458-EM|252-EM|364-EM|420-EM|556-EM|180-EM		
215		Hisuian Sneasel	Sharp Claw Pokémon	Fighting	Poison																																								TRUE	FALSE	FALSE	FALSE	FALSE	FALSE	FALSE	55	95	55	35	75	115	430	Gray	Bipedal+Tail		Inner Focus	Keen Eye	Pickpocket		60	20	Field		20	2560	Medium Slow	"1,059,860"	0.9	2′11″	27	59.5	35	86	0	0	0	0	0	1	1	50%	50%	1	1	1	1	0.5	1	0.5	0.5	2	2	4	0.25	0.5	1	1	0.5	1	1	43-1|249-1|10-1|269-6|98-12|232-18|398-24|280-30|468-36|163-42|97-48|103-54|370-60	36-TM|97-TM|182-TM|67-TM|491-TM|168-TM|885-TM|263-TM|342-TM|332-TM|232-TM|129-TM|490-TM|374-TM|474-TM|203-TM|241-TM|240-TM|91-TM|206-TM|280-TM|421-TM|339-TM|214-TM|447-TM|398-TM|156-TM|269-TM|14-TM|390-TM|441-TM|164-TM|404-TM|247-TM|347-TM|179-TM|417-TM|188-TM|416-TM|411-TM|370-TM|851-TM|92-TM|180-TM|410-TM|264-TM|808-TM|811-TM|482-TM|675-TM	68-EM|458-EM|252-EM|364-EM|400-EM|501-EM|415-EM		
216	216	Teddiursa	Little Bear Pokémon	Normal						TRUE	FALSE	TRUE	FALSE	FALSE	TRUE	TRUE	TRUE	TRUE	TRUE	TRUE	FALSE	TRUE	FALSE	FALSE	TRUE	TRUE	TRUE	TRUE	FALSE	FALSE	FALSE	FALSE	FALSE	FALSE									TRUE	TRUE	TRUE	TRUE	TRUE	FALSE	FALSE	FALSE	FALSE	60	80	50	50	50	40	330	Brown	Bipedal+Tail		Pickup	Quick Feet	Honey Gather		120	40	Field		20	2560	Medium Fast	"1,000,000"	0.6	2′00″	8.8	19.4	50	66	0	1	0	0	0	0	1	50%	50%	1	1	1	1	1	1	2	1	1	1	1	1	1	0	1	1	1	1	608-1|343-1|374-1|122-1|10-1|154-8|371-13|230-17|163-22|589-25|583-29|204-33|156-37|173-37|37-41	36-TM|204-TM|313-TM|182-TM|67-TM|168-TM|885-TM|263-TM|332-TM|523-TM|232-TM|129-TM|317-TM|374-TM|419-TM|203-TM|241-TM|240-TM|91-TM|280-TM|421-TM|339-TM|34-TM|7-TM|9-TM|8-TM|214-TM|402-TM|118-TM|156-TM|157-TM|269-TM|14-TM|441-TM|164-TM|242-TM|304-TM|583-TM|270-TM|89-TM|370-TM|851-TM|479-TM|253-TM|264-TM|38-TM	187-EM|370-EM|68-EM|238-EM|242-EM|38-EM|313-EM|210-EM|232-EM|400-EM|69-EM|281-EM		
217	217	Ursaring	Hibernator Pokémon	Normal						TRUE	FALSE	TRUE	FALSE	FALSE	TRUE	FALSE	FALSE	TRUE	TRUE	TRUE	FALSE	TRUE	FALSE	FALSE	TRUE	TRUE	TRUE	TRUE	FALSE	FALSE	FALSE	FALSE	FALSE	FALSE									TRUE	TRUE	TRUE	TRUE	TRUE	FALSE	FALSE	FALSE	FALSE	90	130	75	75	75	55	500	Brown	Bipedal+Tail		Guts	Quick Feet	Unnerve	Level 30	60	20	Field		20	2560	Medium Fast	"1,000,000"	1.8	5′11″	125.8	277.3	50	175	0	2	0	0	0	0	2	50%	50%	1	1	1	1	1	1	2	1	1	1	1	1	1	0	1	1	1	1	343-1|313-1|43-1|122-1|10-1|154-8|371-13|230-17|163-22|589-25|583-29|184-35|156-41|173-41|667-48|37-56|359-64	36-TM|204-TM|313-TM|184-TM|182-TM|67-TM|168-TM|885-TM|263-TM|332-TM|523-TM|232-TM|129-TM|317-TM|374-TM|419-TM|203-TM|241-TM|240-TM|91-TM|280-TM|421-TM|339-TM|34-TM|7-TM|9-TM|8-TM|214-TM|402-TM|118-TM|707-TM|156-TM|157-TM|269-TM|14-TM|441-TM|164-TM|242-TM|304-TM|583-TM|270-TM|89-TM|444-TM|416-TM|63-TM|370-TM|851-TM|479-TM|667-TM|253-TM|264-TM|38-TM|675-TM	187-EM|370-EM|68-EM|238-EM|242-EM|38-EM|313-EM|210-EM|232-EM|400-EM|69-EM|281-EM		
218	218	Slugma	Lava Pokémon	Fire						TRUE	TRUE	TRUE	TRUE	TRUE	TRUE	TRUE	TRUE	TRUE	TRUE	TRUE	TRUE	TRUE	FALSE	FALSE	FALSE	FALSE	TRUE	TRUE	TRUE	TRUE	FALSE	FALSE	TRUE	TRUE									TRUE	TRUE		FALSE	FALSE	TRUE	TRUE	FALSE	FALSE	40	40	40	70	40	20	250	Red	Serpentine		Magma Armor	Flame Body	Weak Armor		190	63.33	Amorphous		20	2560	Medium Fast	"1,000,000"	0.7	2′04″	35	77.2	50	50	0	0	0	1	0	0	1	50%	50%	1	0.5	2	1	0.5	0.5	1	1	2	1	1	0.5	2	1	1	1	0.5	0.5	123-1|281-1|52-6|88-8|106-13|499-20|246-22|510-27|157-29|436-34|133-36|34-41|105-43|53-48|414-50	36-TM|189-TM|182-TM|83-TM|263-TM|523-TM|341-TM|317-TM|488-TM|203-TM|241-TM|201-TM|34-TM|214-TM|115-TM|113-TM|350-TM|156-TM|157-TM|408-TM|164-TM|334-TM|261-TM|446-TM|257-TM|53-TM|133-TM|414-TM|126-TM|89-TM|444-TM|315-TM|851-TM|479-TM|667-TM|535-TM|220-TM|915-TM|174-TM	151-EM|174-EM|385-EM|517-EM|262-EM|205-EM|108-EM|254-EM		
219	219	Magcargo	Lava Pokémon	Fire	Rock					TRUE	TRUE	TRUE	TRUE	TRUE	TRUE	TRUE	TRUE	TRUE	TRUE	TRUE	TRUE	TRUE	FALSE	FALSE	FALSE	FALSE	TRUE	TRUE	TRUE	TRUE	FALSE	FALSE	TRUE	TRUE									TRUE	TRUE		FALSE	FALSE	TRUE	TRUE	FALSE	FALSE	60	50	120	90	80	30	430	Red	Serpentine		Magma Armor	Flame Body	Weak Armor	Level 38	75	25	Amorphous		20	2560	Medium Fast	"1,000,000"	0.8	2′07″	55	121.3	50	151	0	0	2	0	0	0	2	50%	50%	0.5	0.25	4	1	1	0.5	2	0.5	4	0.5	1	0.5	2	1	1	1	1	0.5	414-1|52-1|88-1|123-1|281-1|106-13|499-20|246-22|510-27|157-29|436-34|133-36|34-43|105-47|53-54	36-TM|189-TM|182-TM|83-TM|263-TM|523-TM|341-TM|317-TM|488-TM|203-TM|241-TM|201-TM|34-TM|214-TM|115-TM|113-TM|350-TM|707-TM|156-TM|157-TM|408-TM|164-TM|334-TM|261-TM|446-TM|257-TM|53-TM|133-TM|414-TM|126-TM|89-TM|444-TM|416-TM|315-TM|63-TM|394-TM|76-TM|851-TM|328-TM|479-TM|360-TM|535-TM|807-TM|220-TM|915-TM|815-TM|174-TM		504-EV	
220	220	Swinub	Pig Pokémon	Ice	Ground					TRUE	TRUE	TRUE	FALSE	FALSE	FALSE	TRUE	TRUE	TRUE	TRUE	TRUE	TRUE	TRUE	TRUE	TRUE	TRUE	TRUE	TRUE	TRUE	FALSE	FALSE	TRUE	TRUE	TRUE	TRUE			TRUE	TRUE	FALSE	FALSE	TRUE	TRUE	TRUE	TRUE	TRUE	FALSE	FALSE	TRUE	TRUE	FALSE	FALSE	50	50	40	30	30	50	250	Brown	Quadruped		Oblivious	Snow Cloak	Thick Fat		225	75	Field		20	2560	Slow	"1,250,000"	0.4	1′04″	6.5	14.3	50	50	0	1	0	0	0	0	1	50%	50%	1	2	2	0	2	1	2	0.5	1	1	1	1	1	1	1	1	2	1	189-1|33-1|181-5|175-10|420-15|54-20|203-25|196-30|133-35|36-40|89-45|59-50	36-TM|204-TM|189-TM|184-TM|182-TM|423-TM|885-TM|263-TM|523-TM|196-TM|341-TM|317-TM|419-TM|203-TM|240-TM|201-TM|883-TM|91-TM|34-TM|214-TM|707-TM|156-TM|157-TM|164-TM|446-TM|133-TM|414-TM|179-TM|58-TM|59-TM|89-TM|444-TM|851-TM|46-TM|114-TM|328-TM|479-TM|667-TM|333-TM|38-TM|283-TM|174-TM	246-EM|44-EM|174-EM|38-EM|90-EM|573-EM|556-EM		
221	221	Piloswine	Swine Pokémon	Ice	Ground					TRUE	TRUE	TRUE	FALSE	FALSE	FALSE	TRUE	TRUE	TRUE	TRUE	TRUE	TRUE	TRUE	TRUE	TRUE	TRUE	TRUE	TRUE	TRUE	FALSE	FALSE	TRUE	TRUE	TRUE	TRUE			TRUE	TRUE	FALSE	FALSE	TRUE	TRUE	TRUE	TRUE	TRUE	FALSE	FALSE	TRUE	TRUE	FALSE	FALSE	100	100	80	60	60	50	450	Brown	Quadruped		Oblivious	Snow Cloak	Thick Fat	Level 33	75	25	Field		20	2560	Slow	"1,250,000"	1.1	3′07″	55.8	123	50	158	1	1	0	0	0	0	2	50%	50%	1	2	2	0	2	1	2	0.5	1	1	1	1	1	1	1	1	2	1	246-1|175-1|189-1|181-1|33-1|420-15|54-20|203-25|196-30|133-37|36-44|89-51|59-58|37-65	36-TM|204-TM|189-TM|184-TM|182-TM|423-TM|885-TM|263-TM|523-TM|196-TM|341-TM|317-TM|419-TM|203-TM|240-TM|201-TM|883-TM|91-TM|34-TM|214-TM|707-TM|156-TM|157-TM|164-TM|446-TM|133-TM|414-TM|179-TM|58-TM|59-TM|89-TM|444-TM|416-TM|63-TM|851-TM|46-TM|114-TM|328-TM|479-TM|667-TM|333-TM|38-TM|283-TM|675-TM|174-TM		423-EV	
222	222	Corsola	Coral Pokémon	Water	Rock					TRUE	TRUE	TRUE	TRUE	TRUE	TRUE	FALSE	FALSE	TRUE	TRUE	TRUE	TRUE	TRUE	TRUE	TRUE	TRUE	TRUE	TRUE	TRUE	TRUE	TRUE	TRUE	TRUE	TRUE	TRUE			FALSE	FALSE	TRUE	TRUE	FALSE	FALSE	TRUE	TRUE								65	55	95	65	95	35	410	Pink	Insectoid		Hustle	Natural Cure	Regenerator		60	20	Water 1		20	2560	Fast	"800,000"	0.6	2′00″	5	11	50	144	0	0	1	0	1	0	2	25%	75%	0.5	0.25	1	2	4	0.5	2	0.5	2	0.5	1	1	1	1	1	1	1	1					
222		Galarian Corsola	Coral Pokémon	Ghost																																	FALSE	TRUE	FALSE	FALSE	FALSE	FALSE										60	55	100	65	100	30	410	White	Insectoid		Weak Armor		Cursed Body		60	20	Water 1		20	2560	Fast	"800,000"	0.6	2′00″	0.5	1.1	50	144	0	0	0	0	1	0	1	25%	75%	0	1	1	1	1	1	0	0.5	1	1	1	0.5	1	2	1	2	1	1					
223	223	Remoraid	Jet Pokémon	Water						TRUE	TRUE	FALSE	FALSE	FALSE	TRUE	FALSE	TRUE	TRUE	TRUE	TRUE	TRUE	TRUE	TRUE	TRUE	TRUE	TRUE	TRUE	TRUE	TRUE	TRUE	FALSE	FALSE	TRUE	TRUE			TRUE	TRUE	TRUE	TRUE	FALSE	FALSE	TRUE	TRUE	TRUE							35	65	35	65	35	65	300	Gray	Fins		Huste	Sniper	Moody		190	63.33	Water 1	Water 2	20	2560	Medium Fast	"1,000,000"	0.6	2′00″	12	26.5	50	60	0	0	0	1	0	0	1	50%	50%	1	0.5	0.5	2	2	0.5	1	1	1	1	1	1	1	1	1	1	0.5	1					
224	224	Octillery	Jet Pokémon	Water						TRUE	TRUE	FALSE	FALSE	FALSE	TRUE	FALSE	TRUE	TRUE	TRUE	TRUE	TRUE	TRUE	TRUE	TRUE	TRUE	TRUE	TRUE	TRUE	TRUE	TRUE	FALSE	FALSE	TRUE	TRUE			TRUE	TRUE	TRUE	TRUE	FALSE	FALSE	TRUE	TRUE	TRUE							75	105	75	105	75	45	480	Red	Tentacles		Suction Cups	Sniper	Moody	Level 25	75	25	Water 1	Water 2	20	2560	Medium Fast	"1,000,000"	0.9	2′11″	28.5	62.8	50	168	0	1	0	1	0	0	2	50%	50%	1	0.5	0.5	2	2	0.5	1	1	1	1	1	1	1	1	1	1	0.5	1					
225	225	Delibird	Delivery Pokémon	Ice	Flying					FALSE	TRUE	TRUE	FALSE	FALSE	FALSE	TRUE	FALSE	TRUE	TRUE	TRUE	FALSE	TRUE	TRUE	TRUE	TRUE	TRUE	TRUE	TRUE	TRUE	TRUE	TRUE	TRUE	TRUE	TRUE			TRUE	TRUE	FALSE	FALSE	TRUE	TRUE	TRUE	TRUE		TRUE	TRUE	FALSE	FALSE	FALSE	FALSE	45	55	45	65	45	75	330	Red	1 Pair of Wings		Vital Spirit	Hustle	Insomnia		45	15	Water 1	Field	20	2560	Fast	"800,000"	0.9	2′11″	16	35.3	50	116	0	0	0	0	0	1	1	50%	50%	1	2	1	2	0.5	1	1	1	0	1	1	0.5	4	1	1	1	2	1	217-1|65-25	36-TM|97-TM|182-TM|352-TM|512-TM|168-TM|885-TM|886-TM|263-TM|332-TM|129-TM|196-TM|314-TM|374-TM|419-TM|203-TM|240-TM|883-TM|280-TM|492-TM|403-TM|34-TM|8-TM|214-TM|402-TM|156-TM|191-TM|19-TM|441-TM|164-TM|529-TM|366-TM|861-TM|270-TM|226-TM|179-TM|58-TM|59-TM|416-TM|63-TM|413-TM|851-TM|114-TM|333-TM|264-TM|311-TM|814-TM|283-TM|813-TM|297-TM	62-EM|694-EM|68-EM|194-EM|252-EM|573-EM|420-EM|262-EM|98-EM|229-EM|150-EM		
226	226	Mantine	Kite Pokémon	Water	Flying					TRUE	FALSE	TRUE	FALSE	FALSE	FALSE	FALSE	TRUE	TRUE	TRUE	TRUE	TRUE	FALSE	TRUE	TRUE	TRUE	TRUE	TRUE	TRUE	TRUE	TRUE	FALSE	FALSE	TRUE	TRUE			TRUE	TRUE	TRUE	TRUE	FALSE	FALSE	TRUE	TRUE	TRUE							85	40	70	80	140	70	485	Purple	1 Pair of Wings		Swift Swim	Water Absorb	Water Veil	Have Remoraid in Party	25	8.33	Water 1		25	3200	Slow	"1,250,000"	2.1	6′11″	220	485	50	170	0	0	0	0	2	0	2	50%	50%	1	0.5	0.5	4	1	1	0.5	1	0	1	1	0.5	2	1	1	1	0.5	1					
227	227	Skarmory	Armor Bird Pokémon	Steel	Flying					FALSE	TRUE	TRUE	TRUE	TRUE	TRUE	TRUE	FALSE	TRUE	TRUE	TRUE	FALSE	TRUE	FALSE	FALSE	TRUE	TRUE	TRUE	TRUE	TRUE	TRUE	TRUE	TRUE	TRUE	TRUE			FALSE	FALSE	TRUE	TRUE	FALSE	FALSE	TRUE	TRUE		FALSE	FALSE	FALSE	FALSE	TRUE	TRUE	65	80	140	40	70	70	465	Gray	1 Pair of Wings		Keen Eye	Sturdy	Weak Armor		25	8.33	Flying		25	3200	Slow	"1,250,000"	1.7	5′07″	50.5	111.3	50	163	0	0	2	0	0	0	2	50%	50%	0.5	2	1	2	0.25	1	1	0	0	0.5	0.5	0.25	1	1	0.5	1	0.5	0.5	43-1|64-1|28-4|31-8|232-12|97-16|17-20|163-24|211-28|371-32|65-36|319-40|191-44|334-48|413-52	36-TM|97-TM|182-TM|168-TM|263-TM|332-TM|232-TM|129-TM|196-TM|317-TM|314-TM|203-TM|241-TM|201-TM|403-TM|214-TM|156-TM|157-TM|269-TM|14-TM|776-TM|191-TM|430-TM|399-TM|19-TM|442-TM|164-TM|334-TM|404-TM|529-TM|366-TM|446-TM|179-TM|416-TM|542-TM|63-TM|413-TM|796-TM|851-TM|46-TM|328-TM|814-TM|319-TM|174-TM	314-EM|174-EM|364-EM|400-EM|355-EM|143-EM|18-EM		
228	228	Houndour	Dark Pokémon	Dark	Fire					TRUE	TRUE	TRUE	FALSE	FALSE	TRUE	TRUE	TRUE	FALSE	TRUE	TRUE	TRUE	TRUE	TRUE	FALSE	FALSE	FALSE	TRUE	FALSE	FALSE	FALSE	FALSE	FALSE	TRUE	TRUE									TRUE	TRUE		TRUE	TRUE	TRUE	TRUE	FALSE	FALSE	45	60	30	80	50	65	330	Black	Quadruped		Early Bird	Flash Fire	Unnerve		120	40	Field		20	2560	Slow	"1,250,000"	0.6	2′00″	10.8	23.8	35	66	0	0	0	1	0	0	1	50%	50%	1	0.5	2	1	0.5	0.5	2	1	2	1	0	1	2	0.5	1	0.5	0.5	1	52-1|43-1|336-4|123-8|46-13|44-16|510-20|251-25|424-28|259-32|894-37|492-40|53-44|242-49|417-52|517-56	36-TM|189-TM|184-TM|182-TM|424-TM|422-TM|168-TM|885-TM|83-TM|263-TM|555-TM|341-TM|488-TM|203-TM|241-TM|240-TM|492-TM|706-TM|34-TM|214-TM|156-TM|269-TM|399-TM|164-TM|261-TM|242-TM|247-TM|304-TM|257-TM|53-TM|270-TM|179-TM|417-TM|126-TM|188-TM|315-TM|394-TM|76-TM|851-TM|46-TM|92-TM|180-TM|162-TM|807-TM|808-TM|220-TM|38-TM|915-TM	68-EM|194-EM|364-EM|83-EM|179-EM|180-EM|389-EM|422-EM		
229	229	Houndoom	Dark Pokémon	Dark	Fire					TRUE	TRUE	TRUE	FALSE	FALSE	TRUE	FALSE	FALSE	FALSE	TRUE	TRUE	TRUE	TRUE	TRUE	FALSE	FALSE	FALSE	TRUE	FALSE	FALSE	FALSE	FALSE	FALSE	TRUE	TRUE									TRUE	TRUE		TRUE	TRUE	TRUE	TRUE	FALSE	FALSE	75	90	50	110	80	95	500	Black	Quadruped		Early Bird	Flash Fire	Unnerve	Level 24	45	15	Field		20	2560	Slow	"1,250,000"	1.4	4′07″	35	77.2	35	175	0	0	0	2	0	0	2	50%	50%	1	0.5	2	1	0.5	0.5	2	1	2	1	0	1	2	0.5	1	0.5	0.5	1	52-1|336-1|43-1|417-1|123-1|422-1|46-13|44-16|510-20|251-26|424-30|259-35|894-41|492-45|53-50|242-56|517-62	36-TM|189-TM|184-TM|182-TM|424-TM|422-TM|168-TM|885-TM|83-TM|263-TM|555-TM|341-TM|488-TM|203-TM|241-TM|240-TM|492-TM|706-TM|34-TM|214-TM|156-TM|269-TM|399-TM|164-TM|261-TM|242-TM|247-TM|304-TM|257-TM|53-TM|270-TM|179-TM|417-TM|126-TM|188-TM|416-TM|315-TM|63-TM|394-TM|76-TM|851-TM|46-TM|92-TM|180-TM|162-TM|807-TM|808-TM|220-TM|38-TM|283-TM|915-TM|675-TM	68-EM|194-EM|364-EM|83-EM|179-EM|180-EM|389-EM|422-EM		
229		Mega Houndoom	Dark Pokémon	Dark	Fire																						TRUE	TRUE	FALSE	FALSE	FALSE	FALSE	TRUE	TRUE																		75	90	90	140	90	115	600	Black	Quadruped		Solar Power			Houndoomite		0			20	2560	Slow	"1,250,000"	1.9	6′03″	49.5	109.1	35	210	0	0	0	2	0	0	2	50%	50%	1	0.5	2	1	0.5	0.5	2	1	2	1	0	1	2	0.5	1	0.5	0.5	1					
230	230	Kingdra	Dragon Pokémon	Water	Dragon					TRUE	TRUE	TRUE	TRUE	TRUE	TRUE	TRUE	TRUE	TRUE	TRUE	TRUE	TRUE	TRUE	TRUE	TRUE	TRUE	TRUE	TRUE	TRUE	TRUE	TRUE	TRUE	TRUE	TRUE	TRUE			FALSE	FALSE	FALSE	FALSE	FALSE	FALSE	TRUE	TRUE		FALSE	FALSE	FALSE	FALSE	TRUE	TRUE	75	95	95	95	95	85	540	Blue	Head+Base		Swift Swim	Sniper	Damp	Trade holding Dragon Scale	45	15	Water 1	Dragon	20	2560	Medium Fast	"1,000,000"	1.8	5′11″	152	335.1	50	270	0	1	0	1	1	0	3	50%	50%	1	0.25	0.25	1	1	1	1	1	1	1	1	1	1	1	2	1	0.5	2	43-1|108-1|239-1|55-1|250-1|281-1|116-15|225-20|61-25|97-30|352-37|406-44|56-51|349-58|240-65|834-72	36-TM|97-TM|184-TM|182-TM|352-TM|886-TM|263-TM|129-TM|196-TM|203-TM|240-TM|883-TM|34-TM|214-TM|127-TM|156-TM|430-TM|442-TM|349-TM|164-TM|710-TM|406-TM|57-TM|58-TM|56-TM|59-TM|416-TM|200-TM|542-TM|63-TM|434-TM|851-TM|503-TM|311-TM|812-TM|799-TM|38-TM|250-TM|330-TM|784-TM			
231	231	Phanpy	Long Nose Pokémon	Ground						FALSE	TRUE	TRUE	TRUE	TRUE	TRUE	TRUE	TRUE	TRUE	TRUE	TRUE	TRUE	FALSE	FALSE	FALSE	TRUE	TRUE	TRUE	TRUE	TRUE	TRUE	FALSE	FALSE	FALSE	FALSE									TRUE	TRUE		TRUE	TRUE	FALSE	FALSE	FALSE	FALSE	90	60	60	40	40	40	330	Blue	Quadruped		Pickup		Sand Veil		120	40	Field		20	2560	Medium Fast	"1,000,000"	0.5	1′08″	33.5	73.9	50	66	1	0	0	0	0	0	1	50%	50%	1	1	2	0	2	2	1	0.5	1	1	1	1	0.5	1	1	1	1	1	111-1|45-1|33-1|175-6|205-10|523-15|203-19|21-24|36-28|204-33|387-37|38-42	36-TM|204-TM|189-TM|182-TM|168-TM|885-TM|263-TM|523-TM|341-TM|317-TM|203-TM|241-TM|240-TM|201-TM|91-TM|34-TM|214-TM|402-TM|707-TM|156-TM|157-TM|442-TM|441-TM|164-TM|446-TM|304-TM|484-TM|227-TM|583-TM|270-TM|414-TM|89-TM|444-TM|851-TM|46-TM|328-TM|479-TM|282-TM|667-TM|38-TM|283-TM|174-TM	246-EM|34-EM|68-EM|283-EM|90-EM|116-EM|457-EM|484-EM|667-EM|420-EM|583-EM|173-EM		
232	232	Donphan	Armor Pokémon	Ground						FALSE	TRUE	TRUE	TRUE	TRUE	TRUE	TRUE	TRUE	TRUE	TRUE	TRUE	TRUE	FALSE	FALSE	FALSE	TRUE	TRUE	TRUE	TRUE	TRUE	TRUE	FALSE	FALSE	FALSE	FALSE									TRUE	TRUE		TRUE	TRUE	FALSE	FALSE	FALSE	FALSE	90	120	120	60	60	50	500	Gray	Quadruped		Sturdy		Sand Veil	Level 25	60	20	Field		20	2560	Medium Fast	"1,000,000"	1.1	3′07″	120	264.6	50	175	0	1	1	0	0	0	2	50%	50%	1	1	2	0	2	2	1	0.5	1	1	1	1	0.5	1	1	1	1	1	523-1|111-1|424-1|45-1|30-1|422-1|229-6|205-10|372-15|282-19|21-24|707-30|184-37|89-43|416-50	36-TM|204-TM|189-TM|184-TM|182-TM|424-TM|422-TM|423-TM|168-TM|885-TM|263-TM|523-TM|341-TM|317-TM|203-TM|241-TM|240-TM|201-TM|684-TM|91-TM|34-TM|214-TM|402-TM|398-TM|707-TM|156-TM|157-TM|776-TM|442-TM|441-TM|164-TM|334-TM|446-TM|304-TM|484-TM|227-TM|861-TM|583-TM|270-TM|414-TM|89-TM|444-TM|416-TM|63-TM|851-TM|46-TM|328-TM|479-TM|360-TM|282-TM|667-TM|38-TM|283-TM|675-TM|174-TM	246-EM|34-EM|68-EM|283-EM|90-EM|116-EM|457-EM|484-EM|667-EM|420-EM|583-EM|173-EM	31-EV	
233	233	Porygon2	Virtual Pokémon	Normal						TRUE	TRUE	TRUE	FALSE	FALSE	FALSE	TRUE	TRUE	TRUE	TRUE	TRUE	TRUE	TRUE	TRUE	TRUE	FALSE	FALSE	FALSE	FALSE	TRUE	TRUE	TRUE	TRUE	TRUE	TRUE			FALSE	FALSE	TRUE	TRUE	FALSE	FALSE	TRUE	TRUE	TRUE	FALSE	FALSE	FALSE	FALSE	TRUE	TRUE	85	80	90	105	95	60	515	Red	Head+Legs		Trace	Download	Analytic	Trade holding Upgrade	45	15	Mineral		20	2560	Medium Fast	"1,000,000"	0.6	2′00″	32.5	71.7	50	180	0	0	0	2	0	0	2	Unknown		1	1	1	1	1	1	2	1	1	1	1	1	1	0	1	1	1	1	160-1|111-1|393-1|278-1|33-1|84-15|60-20|176-25|97-30|105-35|435-40|161-45|199-50|192-55|63-60	36-TM|97-TM|182-TM|60-TM|168-TM|451-TM|263-TM|129-TM|196-TM|203-TM|241-TM|240-TM|473-TM|428-TM|492-TM|214-TM|86-TM|156-TM|598-TM|164-TM|271-TM|247-TM|94-TM|85-TM|58-TM|59-TM|416-TM|433-TM|63-TM|87-TM|76-TM|851-TM|268-TM|356-TM|38-TM|527-TM			
234	234	Stantler	Big Horn Pokémon	Normal						TRUE	TRUE	TRUE	FALSE	FALSE	TRUE	TRUE	TRUE	FALSE	TRUE	TRUE	TRUE	TRUE	TRUE	TRUE	FALSE	FALSE	FALSE	FALSE	TRUE	TRUE	FALSE	FALSE	FALSE	FALSE									TRUE	TRUE	TRUE	TRUE	TRUE	TRUE	TRUE	FALSE	FALSE	73	95	62	85	65	85	465	Brown	Quadruped		Intimidate	Frisk	Sap Sipper		45	15	Field		20	2560	Slow	"1,250,000"	1.4	4′07″	71.2	157	50	163	0	1	0	0	0	0	1	50%	50%	1	1	1	1	1	1	2	1	1	1	1	1	1	0	1	1	1	1	33-1|43-3|310-7|95-10|23-13|28-16|36-21|109-23|347-27|272-32|428-37|286-49|38-55	36-TM|97-TM|184-TM|182-TM|60-TM|109-TM|168-TM|885-TM|451-TM|263-TM|523-TM|129-TM|500-TM|203-TM|241-TM|240-TM|473-TM|91-TM|428-TM|34-TM|214-TM|115-TM|113-TM|86-TM|156-TM|286-TM|285-TM|164-TM|271-TM|247-TM|412-TM|94-TM|85-TM|347-TM|270-TM|414-TM|528-TM|89-TM|416-TM|433-TM|63-TM|87-TM|76-TM|851-TM|46-TM|180-TM|356-TM|679-TM|253-TM|244-TM|38-TM|248-TM|675-TM|174-TM	44-EM|50-EM|24-EM|326-EM|224-EM|828-EM|180-EM|37-EM		
235	235	Smeargle	Painter Pokémon	Normal						TRUE	TRUE	TRUE	FALSE	FALSE	TRUE	TRUE	TRUE	TRUE	TRUE	TRUE	TRUE	TRUE	TRUE	TRUE	FALSE	FALSE	TRUE	TRUE	FALSE	FALSE	TRUE	TRUE	TRUE	TRUE									TRUE	TRUE		FALSE	FALSE	FALSE	FALSE	TRUE	TRUE	55	20	35	20	45	75	250	White	Bipedal+Tail		Own Tempo	Technician	Moody		45	15	Field		20	2560	Fast	"800,000"	1.2	3′11″	58	127.9	50	88	0	0	0	0	0	1	1	50%	50%	1	1	1	1	1	1	2	1	1	1	1	1	1	0	1	1	1	1	166-1				
236	236	Tyrogue	Scuffle Pokémon	Fighting						TRUE	TRUE	TRUE	FALSE	FALSE	FALSE	TRUE	TRUE	TRUE	TRUE	TRUE	TRUE	TRUE	TRUE	TRUE	FALSE	FALSE	TRUE	TRUE	TRUE	TRUE	FALSE	FALSE	FALSE	FALSE			TRUE	TRUE	FALSE	FALSE	FALSE	FALSE	TRUE	TRUE		FALSE	FALSE	FALSE	FALSE	TRUE	TRUE	35	35	35	35	35	35	210	Purple	Bipedal+Tailless		Guts	Steadfast	Vital Spirit		75	25	No Eggs Discovered		25	3200	Medium Fast	"1,000,000"	0.7	2′04″	21	46.3	50	42	0	1	0	0	0	0	1	100%	0%	1	1	1	1	1	1	1	1	1	2	2	0.5	0.5	1	1	0.5	1	2	252-1|116-1|270-1|33-1	36-TM|182-TM|67-TM|168-TM|263-TM|523-TM|129-TM|490-TM|203-TM|241-TM|240-TM|280-TM|339-TM|34-TM|214-TM|156-TM|157-TM|164-TM|270-TM|851-TM|410-TM|253-TM|918-TM	418-EM|68-EM|364-EM|136-EM|183-EM|229-EM|410-EM		
237	237	Hitmontop	Handstand Pokémon	Fighting						TRUE	TRUE	TRUE	FALSE	FALSE	FALSE	TRUE	TRUE	TRUE	TRUE	TRUE	TRUE	TRUE	TRUE	TRUE	FALSE	FALSE	TRUE	TRUE	TRUE	TRUE	FALSE	FALSE	FALSE	FALSE			TRUE	TRUE	FALSE	FALSE	FALSE	FALSE	TRUE	TRUE		FALSE	FALSE	FALSE	FALSE	TRUE	TRUE	50	95	95	35	110	70	455	Brown	Bipedal+Tail		Intimidate	Technician	Steadfast	Level 20 if Attack = Defense	45	15	Human-Like		25	3200	Medium Fast	"1,000,000"	1.4	4′07″	48	105.8	50	159	0	0	0	0	2	0	2	100%	0%	1	1	1	1	1	1	1	1	1	2	2	0.5	0.5	1	1	0.5	1	2	252-1|364-1|116-1|270-1|33-1|98-4|360-8|197-12|229-16|501-21|469-21|389-24|97-28|91-32|370-36|68-40|283-44	36-TM|97-TM|182-TM|67-TM|168-TM|263-TM|332-TM|523-TM|129-TM|490-TM|203-TM|241-TM|240-TM|201-TM|91-TM|280-TM|339-TM|34-TM|214-TM|156-TM|157-TM|164-TM|529-TM|861-TM|270-TM|226-TM|179-TM|89-TM|444-TM|416-TM|411-TM|370-TM|851-TM|360-TM|410-TM|253-TM|38-TM|283-TM|813-TM|811-TM|918-TM		167-EV	
238	238	Smoochum	Kiss Pokémon	Ice	Psychic					TRUE	TRUE	TRUE	FALSE	FALSE	FALSE	TRUE	TRUE	TRUE	TRUE	TRUE	TRUE	TRUE	TRUE	TRUE	FALSE	FALSE	TRUE	TRUE	FALSE	FALSE	FALSE	FALSE	TRUE	TRUE			FALSE	FALSE	FALSE	FALSE	TRUE	TRUE	TRUE	TRUE								45	30	15	85	65	65	305	Pink	Bipedal+Tailless		Oblivious	Forewarn	Hydration		45	15	No Eggs Discovered		25	3200	Medium Fast	"1,000,000"	0.4	1′04″	6	13.2	50	61	0	0	0	1	0	0	1	0%	100%	1	2	1	1	1	0.5	1	1	1	1	0.5	2	2	2	1	2	2	1					
239	239	Elekid	Electric Pokémon	Electric						TRUE	TRUE	TRUE	FALSE	FALSE	FALSE	TRUE	FALSE	TRUE	TRUE	TRUE	TRUE	TRUE	TRUE	TRUE	FALSE	TRUE	TRUE	TRUE	TRUE	TRUE	TRUE	TRUE	TRUE	TRUE			FALSE	FALSE	FALSE	FALSE	TRUE	TRUE	TRUE	TRUE	TRUE	FALSE	FALSE	FALSE	FALSE	TRUE	TRUE	45	63	37	65	55	95	360	Yellow	Bipedal+Tailless		Static		Vital Spirit		45	15	No Eggs Discovered		25	3200	Medium Fast	"1,000,000"	0.6	2′00″	23.5	51.8	50	72	0	0	0	0	0	1	1	75%	25%	1	1	1	0.5	1	1	1	1	2	0.5	1	1	1	1	1	1	0.5	1	43-1|98-1|84-4|268-8|129-12|351-16|86-20|103-24|9-28|435-32|67-36|85-40|113-44|87-48	36-TM|182-TM|67-TM|168-TM|885-TM|451-TM|263-TM|129-TM|374-TM|203-TM|521-TM|240-TM|280-TM|34-TM|7-TM|9-TM|8-TM|214-TM|486-TM|113-TM|86-TM|156-TM|269-TM|598-TM|164-TM|94-TM|85-TM|270-TM|604-TM|528-TM|411-TM|87-TM|851-TM|268-TM|282-TM|253-TM|264-TM|38-TM|916-TM|527-TM|319-TM	238-EM|223-EM|364-EM|264-EM|266-EM|359-EM		
240	240	Magby	Live Coal Pokémon	Fire						TRUE	TRUE	TRUE	FALSE	FALSE	FALSE	FALSE	TRUE	TRUE	TRUE	TRUE	TRUE	TRUE	TRUE	TRUE	TRUE	FALSE	TRUE	TRUE	TRUE	TRUE	TRUE	TRUE	TRUE	TRUE			FALSE	FALSE	FALSE	FALSE	TRUE	TRUE	TRUE	TRUE	TRUE	FALSE	FALSE	FALSE	FALSE	TRUE	TRUE	45	75	37	70	55	83	365	Red	Bipedal+Tail		Flame Body		Vital Spirit		45	15	No Eggs Discovered		25	3200	Medium Fast	"1,000,000"	0.7	2′04″	21.4	47.2	50	73	0	0	0	0	0	1	1	75%	25%	1	0.5	2	1	0.5	0.5	1	1	2	1	1	0.5	2	1	1	1	0.5	0.5	43-1|123-1|52-4|108-8|499-12|172-16|109-20|184-24|7-28|436-32|67-36|53-40|241-44|126-48	36-TM|184-TM|182-TM|67-TM|491-TM|109-TM|168-TM|83-TM|263-TM|488-TM|374-TM|203-TM|241-TM|280-TM|34-TM|7-TM|9-TM|214-TM|398-TM|156-TM|164-TM|261-TM|257-TM|94-TM|53-TM|270-TM|126-TM|315-TM|394-TM|851-TM|264-TM|807-TM|38-TM|915-TM|174-TM	562-EM|187-EM|238-EM|223-EM|264-EM|266-EM|183-EM		
241	241	Miltank	Milk Cow Pokémon	Normal						TRUE	TRUE	TRUE	FALSE	FALSE	TRUE	FALSE	FALSE	TRUE	TRUE	TRUE	TRUE	TRUE	FALSE	FALSE	FALSE	FALSE	TRUE	TRUE	FALSE	FALSE	TRUE	TRUE	TRUE	TRUE			FALSE	FALSE	TRUE	TRUE	FALSE	FALSE	TRUE	TRUE								95	80	105	40	70	100	490	Pink	Bipedal+Tail		Thick Fat	Scrappy	Sap Sipper		45	15	Field		20	2560	Slow	"1,250,000"	1.2	3′11″	75.5	166.4	50	172	0	0	2	0	0	0	2	0%	100%	1	1	1	1	1	1	2	1	1	1	1	1	1	0	1	1	1	1					
242	242	Blissey	Happiness Pokémon	Normal						TRUE	TRUE	TRUE	TRUE	TRUE	TRUE	TRUE	TRUE	TRUE	TRUE	TRUE	TRUE	TRUE	TRUE	TRUE	TRUE	TRUE	TRUE	TRUE	TRUE	TRUE	TRUE	TRUE	TRUE	TRUE			FALSE	FALSE	TRUE	TRUE	FALSE	FALSE	TRUE	TRUE	TRUE	TRUE	TRUE	FALSE	FALSE	TRUE	TRUE	255	10	10	75	135	55	540	Pink	Bipedal+Tailless		Natural Cure	Serene Grace	Healer	High Friendship	30	10	Fairy		40	5120	Fast	"800,000"	1.5	4′11″	46.8	103.2	140	608	3	0	0	0	0	0	3	0%	100%	1	1	1	1	1	1	2	1	1	1	1	1	1	0	1	1	1	1	204-1|383-1|343-1|111-1|574-1|1-1|186-1|39-4|497-8|791-12|47-16|374-20|36-24|505-28|270-32|113-36|38-40|135-44|387-48|361-52	36-TM|204-TM|182-TM|352-TM|168-TM|574-TM|885-TM|886-TM|263-TM|523-TM|129-TM|196-TM|317-TM|500-TM|374-TM|419-TM|203-TM|241-TM|240-TM|201-TM|883-TM|280-TM|428-TM|34-TM|7-TM|9-TM|8-TM|214-TM|409-TM|113-TM|605-TM|118-TM|447-TM|86-TM|707-TM|156-TM|157-TM|285-TM|164-TM|271-TM|247-TM|446-TM|304-TM|94-TM|53-TM|85-TM|347-TM|270-TM|58-TM|604-TM|126-TM|59-TM|528-TM|89-TM|416-TM|411-TM|63-TM|87-TM|76-TM|851-TM|356-TM|264-TM|244-TM|38-TM|283-TM|914-TM	356-EM|215-EM|217-EM|69-EM		
243	243	Raikou	Thunder Pokémon	Electric						TRUE	TRUE	TRUE	FALSE	FALSE	FALSE	TRUE	TRUE	FALSE	FALSE	FALSE	TRUE	TRUE	FALSE	FALSE	FALSE	FALSE	FALSE	FALSE	TRUE	TRUE	FALSE	FALSE	TRUE	TRUE			FALSE	FALSE	FALSE	FALSE	TRUE	TRUE	TRUE	TRUE		FALSE	FALSE	FALSE	FALSE	TRUE	TRUE	90	85	75	115	100	115	580	Yellow	Quadruped		Pressure		Inner Focus		3	1	No Eggs Discovered		80	10240	Slow	"1,250,000"	1.9	6′03″	178	392.4	35	290	0	0	0	1	0	2	3	Unknown		1	1	1	0.5	1	1	1	1	2	0.5	1	1	1	1	1	1	0.5	1	268-1|245-1|43-1|98-1|84-1|209-6|44-12|347-18|46-24|422-30|336-36|242-42|326-48|435-54|115-60|240-66|87-72|192-78	36-TM|97-TM|189-TM|184-TM|182-TM|422-TM|885-TM|451-TM|263-TM|555-TM|129-TM|203-TM|521-TM|241-TM|240-TM|201-TM|34-TM|214-TM|486-TM|115-TM|113-TM|86-TM|156-TM|598-TM|442-TM|164-TM|242-TM|396-TM|247-TM|85-TM|347-TM|270-TM|604-TM|528-TM|416-TM|63-TM|87-TM|851-TM|46-TM|268-TM|503-TM|311-TM|38-TM|916-TM|527-TM|675-TM			
244	244	Entei	Volcano Pokémon	Fire						TRUE	TRUE	TRUE	FALSE	FALSE	FALSE	TRUE	TRUE	FALSE	FALSE	FALSE	TRUE	TRUE	FALSE	FALSE	FALSE	FALSE	FALSE	FALSE	TRUE	TRUE	FALSE	FALSE	TRUE	TRUE			FALSE	FALSE	FALSE	FALSE	TRUE	TRUE	TRUE	TRUE		FALSE	FALSE	FALSE	FALSE	TRUE	TRUE	115	115	85	90	75	100	580	Brown	Quadruped		Pressure		Inner Focus		3	1	No Eggs Discovered		80	10240	Slow	"1,250,000"	2.1	6′11″	198	436.5	35	290	1	2	0	0	0	0	3	Unknown		1	0.5	2	1	0.5	0.5	1	1	2	1	1	0.5	2	1	1	1	0.5	0.5	52-1|43-1|108-1|23-1|172-6|44-12|347-18|46-24|424-30|184-36|242-42|326-48|436-54|207-60|241-66|126-72|284-78	36-TM|97-TM|184-TM|182-TM|424-TM|885-TM|83-TM|263-TM|523-TM|555-TM|129-TM|488-TM|203-TM|241-TM|240-TM|201-TM|91-TM|34-TM|214-TM|707-TM|156-TM|442-TM|164-TM|261-TM|242-TM|247-TM|257-TM|53-TM|347-TM|270-TM|179-TM|126-TM|444-TM|416-TM|315-TM|63-TM|394-TM|76-TM|851-TM|46-TM|311-TM|38-TM|815-TM			245-R|221-R
245	245	Suicune	Aurora Pokémon	Water						TRUE	TRUE	TRUE	FALSE	FALSE	FALSE	TRUE	TRUE	FALSE	FALSE	FALSE	TRUE	TRUE	FALSE	FALSE	FALSE	FALSE	FALSE	FALSE	TRUE	TRUE	FALSE	FALSE	TRUE	TRUE			FALSE	FALSE	FALSE	FALSE	TRUE	TRUE	TRUE	TRUE		FALSE	FALSE	FALSE	FALSE	TRUE	TRUE	100	75	115	90	115	85	580	Blue	Quadruped		Pressure		Inner Focus		3	1	No Eggs Discovered		80	10240	Slow	"1,250,000"	2	6′07″	187	412.3	35	290	0	0	1	0	2	0	3	Unknown		1	0.5	0.5	2	2	0.5	1	1	1	1	1	1	1	1	1	1	0.5	1	16-1|43-1|54-1|55-1|352-6|44-12|347-18|46-24|423-30|366-36|242-42|326-48|57-54|243-60|240-66|56-72|59-78	36-TM|97-TM|182-TM|423-TM|352-TM|885-TM|886-TM|263-TM|555-TM|129-TM|196-TM|419-TM|203-TM|240-TM|201-TM|883-TM|403-TM|34-TM|214-TM|127-TM|156-TM|442-TM|164-TM|242-TM|710-TM|366-TM|247-TM|57-TM|347-TM|270-TM|58-TM|56-TM|59-TM|416-TM|63-TM|851-TM|46-TM|503-TM|311-TM|38-TM|250-TM			245-R|329-R
246	246	Larvitar	Rock Skin Pokémon	Rock	Ground					TRUE	TRUE	TRUE	FALSE	FALSE	FALSE	TRUE	TRUE	TRUE	FALSE	TRUE	TRUE	TRUE	TRUE	TRUE	TRUE	TRUE	FALSE	TRUE	FALSE	FALSE	FALSE	FALSE	TRUE	TRUE			FALSE	TRUE	FALSE	FALSE	FALSE	TRUE	TRUE	TRUE		TRUE	FALSE	FALSE	FALSE	FALSE	FALSE	50	64	50	45	50	41	300	Green	Bipedal+Tail		Guts		Sand Veil		45	15	Monster		40	5120	Slow	"1,250,000"	0.6	2′00″	72	158.7	35	60	0	1	0	0	0	0	1	50%	50%	0.5	0.5	4	0	4	2	2	0.25	2	0.5	1	1	0.5	1	1	1	2	1	43-1|33-1|88-3|371-6|44-9|184-12|157-15|707-18|103-21|479-24|242-27|89-31|444-33|37-36|201-39|63-42	36-TM|189-TM|184-TM|182-TM|263-TM|523-TM|555-TM|341-TM|317-TM|203-TM|241-TM|240-TM|201-TM|91-TM|280-TM|34-TM|214-TM|350-TM|707-TM|156-TM|157-TM|269-TM|399-TM|442-TM|349-TM|164-TM|334-TM|242-TM|446-TM|270-TM|414-TM|89-TM|444-TM|416-TM|200-TM|63-TM|851-TM|328-TM|180-TM|479-TM|38-TM|174-TM	246-EM|372-EM|174-EM|349-EM|116-EM|334-EM|442-EM|200-EM|23-EM		
247	247	Pupitar	Hard Shell Pokémon	Rock	Ground					TRUE	TRUE	TRUE	FALSE	FALSE	FALSE	TRUE	TRUE	TRUE	FALSE	TRUE	TRUE	TRUE	TRUE	TRUE	TRUE	TRUE	FALSE	TRUE	FALSE	FALSE	FALSE	FALSE	TRUE	TRUE			FALSE	TRUE	FALSE	FALSE	FALSE	TRUE	TRUE	TRUE		TRUE	FALSE	FALSE	FALSE	FALSE	FALSE	70	84	70	65	70	51	410	Gray	Serpentine		Shed Skin			Level 30	45	15	Monster		40	5120	Slow	"1,250,000"	1.2	3′11″	152	335.1	35	144	0	2	0	0	0	0	2	50%	50%	0.5	0.5	4	0	4	2	2	0.25	2	0.5	1	1	0.5	1	1	1	2	1	43-1|371-1|88-1|33-1|44-9|184-12|157-15|707-18|103-21|479-24|242-27|89-33|444-37|37-42|201-47|63-52	36-TM|189-TM|184-TM|182-TM|263-TM|332-TM|523-TM|555-TM|341-TM|317-TM|203-TM|241-TM|240-TM|201-TM|91-TM|280-TM|34-TM|214-TM|350-TM|707-TM|156-TM|157-TM|269-TM|399-TM|442-TM|349-TM|164-TM|334-TM|242-TM|446-TM|270-TM|414-TM|89-TM|444-TM|416-TM|200-TM|63-TM|851-TM|328-TM|180-TM|479-TM|667-TM|808-TM|38-TM|174-TM	246-EM|372-EM|174-EM|349-EM|116-EM|334-EM|442-EM|200-EM|23-EM	334-EV	
248	248	Tyranitar	Armor Pokémon	Rock	Dark					TRUE	TRUE	TRUE	FALSE	FALSE	FALSE	TRUE	TRUE	TRUE	FALSE	TRUE	TRUE	TRUE	TRUE	TRUE	TRUE	TRUE	FALSE	TRUE	FALSE	FALSE	FALSE	FALSE	TRUE	TRUE			FALSE	TRUE	FALSE	FALSE	FALSE	TRUE	TRUE	TRUE		TRUE	FALSE	FALSE	FALSE	FALSE	FALSE	100	134	110	95	100	61	600	Green	Bipedal+Tail		Sand Stream		Unnerve	Level 55	45	15	Monster		40	5120	Slow	"1,250,000"	2	6′07″	202	445.3	35	300	0	3	0	0	0	0	3	50%	50%	0.5	0.5	2	1	2	1	4	0.5	2	0.5	0	2	1	0.5	1	0.5	2	2	399-1|424-1|423-1|334-1|43-1|371-1|88-1|33-1|422-1|44-9|184-12|157-15|707-18|103-21|479-24|242-27|89-33|444-37|37-42|201-47|63-52|416-59	36-TM|189-TM|184-TM|182-TM|424-TM|422-TM|423-TM|67-TM|263-TM|332-TM|523-TM|555-TM|196-TM|341-TM|317-TM|374-TM|525-TM|419-TM|203-TM|241-TM|240-TM|201-TM|91-TM|280-TM|421-TM|492-TM|34-TM|7-TM|9-TM|8-TM|214-TM|350-TM|337-TM|86-TM|707-TM|156-TM|157-TM|269-TM|776-TM|399-TM|442-TM|349-TM|408-TM|164-TM|334-TM|242-TM|406-TM|446-TM|484-TM|57-TM|53-TM|85-TM|270-TM|414-TM|58-TM|126-TM|56-TM|59-TM|89-TM|444-TM|416-TM|200-TM|411-TM|63-TM|87-TM|851-TM|46-TM|328-TM|180-TM|479-TM|282-TM|667-TM|264-TM|808-TM|38-TM|330-TM|784-TM|174-TM|912-TM	-EM|-EM|-EM|-EM|-EM|246-EM|372-EM|174-EM|349-EM|116-EM|334-EM|442-EM|200-EM|23-EM		
248		Mega Tyranitar	Armor Pokémon	Rock	Dark																						TRUE	TRUE	FALSE	FALSE	FALSE	FALSE	TRUE	TRUE																		100	164	150	95	120	71	700	Pink	Bipedal+Tail		Sand Stream			Tyranitarite		0			40	5120	Slow	"1,250,000"	2.5	8′02″	255	562.2	35	350	0	3	0	0	0	0	3	50%	50%	0.5	0.5	2	1	2	1	4	0.5	2	0.5	0	2	1	0.5	1	0.5	2	2					
249	249	Lugia	Diving Pokémon	Psychic	Flying					TRUE	TRUE	TRUE	FALSE	FALSE	FALSE	TRUE	TRUE	FALSE	FALSE	FALSE	TRUE	TRUE	FALSE	FALSE	FALSE	FALSE	FALSE	FALSE	TRUE	TRUE	FALSE	FALSE	TRUE	TRUE			FALSE	FALSE	FALSE	FALSE	FALSE	TRUE	TRUE	TRUE		FALSE	FALSE	FALSE	FALSE	TRUE	TRUE	106	90	130	90	154	110	680	Green	1 Pair of Wings		Pressure		Multiscale		3	1	No Eggs Discovered		120	15360	Slow	"1,250,000"	5.2	17′01″	216	476.2	0	340	0	0	0	0	3	0	3	Unknown		1	1	1	2	0.5	2	0.25	1	0	1	0.5	1	2	2	1	2	1	1	246-1|16-1|311-1|18-1|54-9|219-18|347-27|326-36|105-45|177-54|240-63|56-72|248-81|143-90	36-TM|184-TM|182-TM|352-TM|512-TM|886-TM|451-TM|263-TM|332-TM|129-TM|196-TM|314-TM|525-TM|419-TM|203-TM|241-TM|240-TM|201-TM|473-TM|428-TM|403-TM|34-TM|214-TM|115-TM|113-TM|127-TM|156-TM|286-TM|19-TM|285-TM|442-TM|164-TM|271-TM|710-TM|202-TM|366-TM|247-TM|406-TM|304-TM|94-TM|57-TM|85-TM|347-TM|270-TM|414-TM|58-TM|56-TM|59-TM|89-TM|416-TM|542-TM|63-TM|413-TM|87-TM|851-TM|311-TM|814-TM|799-TM|244-TM|38-TM|250-TM|248-TM|174-TM|917-TM			407-R
250	250	Ho-Oh	Rainbow Pokémon	Fire	Flying					TRUE	TRUE	TRUE	FALSE	FALSE	FALSE	TRUE	TRUE	FALSE	FALSE	FALSE	TRUE	TRUE	FALSE	FALSE	FALSE	FALSE	FALSE	FALSE	TRUE	TRUE	FALSE	FALSE	TRUE	TRUE			FALSE	FALSE	FALSE	FALSE	TRUE	FALSE	TRUE	TRUE		FALSE	FALSE	FALSE	FALSE	TRUE	TRUE	106	130	90	110	154	90	680	Red	1 Pair of Wings		Pressure		Regenerator		3	1	No Eggs Discovered		120	15360	Slow	"1,250,000"	3.8	12′06″	199	438.7	0	340	0	0	0	0	3	0	3	Unknown		1	0.5	2	2	0.25	1	0.5	1	0	1	1	0.25	4	1	1	1	0.5	0.5	246-1|16-1|311-1|18-1|791-9|219-18|347-27|326-36|105-45|221-54|241-63|126-72|248-81|143-90|315-99	36-TM|182-TM|451-TM|83-TM|263-TM|332-TM|129-TM|488-TM|314-TM|203-TM|241-TM|240-TM|201-TM|428-TM|403-TM|34-TM|214-TM|115-TM|113-TM|156-TM|286-TM|19-TM|442-TM|164-TM|261-TM|202-TM|366-TM|247-TM|304-TM|257-TM|94-TM|53-TM|85-TM|347-TM|270-TM|414-TM|126-TM|89-TM|416-TM|315-TM|542-TM|63-TM|413-TM|394-TM|87-TM|76-TM|851-TM|311-TM|814-TM|244-TM|38-TM|815-TM|248-TM			
251	251	Celebi	Time Travel Pokémon	Psychic	Grass					FALSE	FALSE	TRUE	FALSE	FALSE	FALSE	FALSE	FALSE	FALSE	FALSE	FALSE	FALSE	FALSE	FALSE	FALSE	FALSE	FALSE	FALSE	FALSE	FALSE	FALSE	FALSE	FALSE	FALSE	FALSE			FALSE	FALSE	FALSE	FALSE	FALSE	FALSE	FALSE	FALSE								100	100	100	100	100	100	600	Green	Bipedal+Tailless		Natural Cure				45	15	No Eggs Discovered		120	15360	Medium Slow	"1,059,860"	0.6	2′00″	5	11	100	300	3	0	0	0	0	0	3	Unknown		1	2	0.5	0.5	0.5	2	0.5	2	0.5	2	0.5	4	1	2	1	2	1	1					
252	252	Treecko	Wood Gecko Pokémon	Grass									TRUE	TRUE	TRUE	FALSE	FALSE	FALSE	FALSE	FALSE	TRUE	TRUE	FALSE	FALSE	FALSE	FALSE	FALSE	FALSE	TRUE	TRUE	FALSE	FALSE	TRUE	TRUE			FALSE	FALSE	FALSE	FALSE	TRUE	TRUE	TRUE	TRUE		FALSE	FALSE	FALSE	FALSE	TRUE	TRUE	40	45	35	65	55	70	310	Green	Bipedal+Tail		Overgrow		Unburden		45	15	Monster	Dragon	20	2560	Medium Slow	"1,059,860"	0.5	1′08″	5	11	50	62	0	0	0	0	0	1	1	87.50%	12.50%	1	2	0.5	0.5	0.5	2	1	2	0.5	2	1	2	1	1	1	1	1	1	43-1|1-1|670-3|98-6|72-9|197-12|501-15|372-18|202-21|21-24|104-27|412-30|103-33|283-36|437-39	36-TM|97-TM|182-TM|67-TM|512-TM|168-TM|885-TM|263-TM|332-TM|129-TM|345-TM|317-TM|374-TM|525-TM|203-TM|241-TM|91-TM|331-TM|280-TM|9-TM|214-TM|402-TM|409-TM|447-TM|156-TM|157-TM|14-TM|164-TM|242-TM|202-TM|412-TM|270-TM|580-TM|520-TM|437-TM|76-TM|851-TM|803-TM|283-TM|784-TM|918-TM	71-EM|24-EM|225-EM|73-EM|400-EM|163-EM|235-EM|388-EM		
253	253	Grovyle	Wood Gecko Pokémon	Grass									TRUE	TRUE	TRUE	FALSE	FALSE	FALSE	FALSE	FALSE	TRUE	TRUE	FALSE	FALSE	FALSE	FALSE	FALSE	FALSE	TRUE	TRUE	FALSE	FALSE	TRUE	TRUE			FALSE	FALSE	FALSE	FALSE	TRUE	TRUE	TRUE	TRUE		FALSE	FALSE	FALSE	FALSE	TRUE	TRUE	50	65	45	85	65	95	405	Green	Bipedal+Tail		Overgrow		Unburden	Level 16	45	15	Monster	Dragon	20	2560	Medium Slow	"1,059,860"	0.9	2′11″	21.6	47.6	50	142	0	0	0	0	0	2	2	87.50%	12.50%	1	2	0.5	0.5	0.5	2	1	2	0.5	2	1	2	1	1	1	1	1	1	670-1|43-1|1-1|98-1|72-9|197-12|501-15|372-20|202-25|21-30|104-35|348-40|103-45|283-50|437-55	36-TM|97-TM|182-TM|67-TM|512-TM|168-TM|885-TM|263-TM|332-TM|129-TM|345-TM|317-TM|490-TM|374-TM|525-TM|203-TM|241-TM|91-TM|331-TM|206-TM|280-TM|9-TM|214-TM|402-TM|409-TM|447-TM|156-TM|157-TM|14-TM|164-TM|404-TM|242-TM|202-TM|412-TM|270-TM|580-TM|520-TM|437-TM|76-TM|851-TM|410-TM|264-TM|803-TM|283-TM|784-TM|918-TM			412-R|206-R|210-R|404-R
254	254	Sceptile	Forest Pokémon	Grass									TRUE	TRUE	TRUE	FALSE	FALSE	FALSE	FALSE	FALSE	TRUE	TRUE	FALSE	FALSE	FALSE	FALSE	FALSE	FALSE	TRUE	TRUE	FALSE	FALSE	TRUE	TRUE			FALSE	FALSE	FALSE	FALSE	TRUE	TRUE	TRUE	TRUE		FALSE	FALSE	FALSE	FALSE	TRUE	TRUE	70	85	65	105	85	120	530	Green	Bipedal+Tail		Overgrow		Unburden	Level 36	45	15	Monster	Dragon	20	2560	Medium Slow	"1,059,860"	1.7	5′07″	52.2	115.1	50	265	0	0	0	0	0	3	3	87.50%	12.50%	1	2	0.5	0.5	0.5	2	1	2	0.5	2	1	2	1	1	1	1	1	1	670-1|43-1|1-1|98-1|72-5|197-12|501-15|372-20|202-25|21-30|104-35|103-42|283-49|437-56	36-TM|97-TM|182-TM|67-TM|512-TM|168-TM|885-TM|263-TM|332-TM|523-TM|129-TM|345-TM|317-TM|490-TM|374-TM|525-TM|203-TM|241-TM|91-TM|331-TM|206-TM|280-TM|34-TM|9-TM|214-TM|402-TM|409-TM|337-TM|447-TM|156-TM|157-TM|14-TM|349-TM|164-TM|404-TM|242-TM|202-TM|406-TM|412-TM|270-TM|580-TM|520-TM|89-TM|416-TM|338-TM|200-TM|411-TM|437-TM|63-TM|76-TM|851-TM|46-TM|410-TM|669-TM|264-TM|803-TM|799-TM|38-TM|283-TM|675-TM|784-TM|913-TM|918-TM		348-EV	412-R|206-R|210-R|880-R|404-R
254		Mega Sceptile	Forest Pokémon	Grass	Dragon																								TRUE	TRUE	FALSE	FALSE	TRUE	TRUE																		70	110	75	145	85	145	630	Green	Bipedal+Tail		Lightning Rod			Sceptilite		0			20	2560	Medium Slow	"1,059,860"	1.9	6′03″	55.2	121.7	50	315	0	0	0	0	0	3	3	87.50%	12.50%	1	1	0.25	0.25	0.25	4	1	2	0.5	2	1	2	1	1	2	1	1	2					
255	255	Torchic	Chick Pokémon	Fire									TRUE	TRUE	TRUE	FALSE	FALSE	FALSE	FALSE	FALSE	TRUE	TRUE	FALSE	FALSE	FALSE	FALSE	FALSE	FALSE	TRUE	TRUE	FALSE	FALSE	TRUE	TRUE			FALSE	FALSE	FALSE	FALSE	TRUE	TRUE	TRUE	TRUE		FALSE	FALSE	FALSE	FALSE	TRUE	TRUE	45	60	40	70	50	45	310	Red	Head+Legs		Blaze		Speed Boost		45	15	Field		20	2560	Medium Slow	"1,059,860"	0.4	1′04″	2.5	5.5	50	62	0	0	0	1	0	0	1	87.50%	12.50%	1	0.5	2	1	0.5	0.5	1	1	2	1	1	0.5	2	1	1	1	0.5	0.5	45-1|10-1|52-3|98-6|488-9|197-12|28-15|332-18|163-21|340-24|116-27|53-30|297-33|179-36|394-39	36-TM|97-TM|182-TM|67-TM|83-TM|263-TM|332-TM|129-TM|317-TM|488-TM|203-TM|241-TM|91-TM|421-TM|34-TM|214-TM|156-TM|157-TM|14-TM|164-TM|261-TM|257-TM|53-TM|270-TM|226-TM|179-TM|126-TM|519-TM|315-TM|394-TM|851-TM|253-TM|38-TM|915-TM|297-TM|174-TM	68-EM|306-EM|364-EM|387-EM|400-EM|64-EM		
256	256	Combusken	Young Fowl Pokémon	Fire	Fighting								TRUE	TRUE	TRUE	FALSE	FALSE	FALSE	FALSE	FALSE	TRUE	TRUE	FALSE	FALSE	FALSE	FALSE	FALSE	FALSE	TRUE	TRUE	FALSE	FALSE	TRUE	TRUE			FALSE	FALSE	FALSE	FALSE	TRUE	TRUE	TRUE	TRUE		FALSE	FALSE	FALSE	FALSE	TRUE	TRUE	60	85	60	85	60	55	405	Red	Bipedal+Tail		Blaze		Speed Boost	Level 16	45	15	Field		20	2560	Medium Slow	"1,059,860"	0.9	2′11″	19.5	43	50	142	0	1	0	1	0	0	2	87.50%	12.50%	1	0.5	2	1	0.5	0.5	1	1	2	2	2	0.25	1	1	1	0.5	0.5	1	52-1|45-1|98-1|10-1|488-9|197-12|28-15|332-20|163-25|340-30|116-35|299-40|339-45|179-50|394-55	36-TM|97-TM|182-TM|67-TM|168-TM|83-TM|263-TM|332-TM|129-TM|317-TM|488-TM|490-TM|374-TM|203-TM|241-TM|91-TM|280-TM|421-TM|339-TM|34-TM|7-TM|9-TM|214-TM|398-TM|156-TM|157-TM|14-TM|164-TM|261-TM|257-TM|53-TM|270-TM|226-TM|179-TM|126-TM|519-TM|315-TM|411-TM|394-TM|370-TM|851-TM|410-TM|253-TM|264-TM|38-TM|915-TM|811-TM|297-TM|174-TM		24-EV	297-R|53-R
257	257	Blaziken	Blaze Pokémon	Fire	Fighting								TRUE	TRUE	TRUE	FALSE	FALSE	FALSE	FALSE	FALSE	TRUE	TRUE	FALSE	FALSE	FALSE	FALSE	FALSE	FALSE	TRUE	TRUE	FALSE	FALSE	TRUE	TRUE			FALSE	FALSE	FALSE	FALSE	TRUE	TRUE	TRUE	TRUE		FALSE	FALSE	FALSE	FALSE	TRUE	TRUE	80	120	70	110	70	80	530	Red	Bipedal+Tail		Blaze		Speed Boost	Level 36	45	15	Field		20	2560	Medium Slow	"1,059,860"	1.9	6′03″	52	114.6	50	265	0	3	0	0	0	0	3	87.50%	12.50%	1	0.5	2	1	0.5	0.5	1	1	2	2	2	0.25	1	1	1	0.5	0.5	1					
257		Mega Blaziken	Blaze Pokémon	Fire	Fighting																								TRUE	TRUE	FALSE	FALSE	TRUE	TRUE																		80	160	80	130	80	100	630	Red	Bipedal+Tail		Speed Boost			Blazikenite		0			20	2560	Medium Slow	"1,059,860"	1.9	6′03″	52	114.6	50	315	0	3	0	0	0	0	3	87.50%	12.50%	1	0.5	2	1	0.5	0.5	1	1	2	2	2	0.25	1	1	1	0.5	0.5	1					
258	258	Mudkip	Mud Fish Pokémon	Water									TRUE	TRUE	TRUE	FALSE	FALSE	FALSE	FALSE	FALSE	TRUE	TRUE	FALSE	FALSE	FALSE	FALSE	FALSE	FALSE	TRUE	TRUE	FALSE	FALSE	TRUE	TRUE			FALSE	FALSE	FALSE	FALSE	TRUE	TRUE	TRUE	TRUE		FALSE	FALSE	FALSE	FALSE	TRUE	TRUE	50	70	50	50	50	40	310	Blue	Quadruped		Torrent		Damp		45	15	Monster	Water 1	20	2560	Medium Slow	"1,059,860"	0.4	1′04″	7.6	16.8	50	62	0	1	0	0	0	0	1	87.50%	12.50%	1	0.5	0.5	2	2	0.5	1	1	1	1	1	1	1	1	1	1	0.5	1	45-1|33-1|55-3|249-6|88-9|182-12|48-15|352-18|157-21|36-24|133-27|57-30|103-33|283-36|56-39	36-TM|189-TM|182-TM|352-TM|67-TM|886-TM|263-TM|196-TM|341-TM|317-TM|419-TM|203-TM|240-TM|91-TM|34-TM|214-TM|127-TM|156-TM|157-TM|164-TM|710-TM|57-TM|133-TM|414-TM|58-TM|56-TM|59-TM|518-TM|851-TM|46-TM|253-TM|38-TM|283-TM|250-TM|330-TM|482-TM|174-TM	246-EM|44-EM|68-EM|174-EM|38-EM|243-EM|189-EM|124-EM|23-EM|469-EM|281-EM		
259	259	Marshtomp	Mud Fish Pokémon	Water	Ground								TRUE	TRUE	TRUE	FALSE	FALSE	FALSE	FALSE	FALSE	TRUE	TRUE	FALSE	FALSE	FALSE	FALSE	FALSE	FALSE	TRUE	TRUE	FALSE	FALSE	TRUE	TRUE			FALSE	FALSE	FALSE	FALSE	TRUE	TRUE	TRUE	TRUE		FALSE	FALSE	FALSE	FALSE	TRUE	TRUE	70	85	70	60	70	50	405	Blue	Bipedal+Tail		Torrent		Damp	Level 16	45	15	Monster	Water 1	20	2560	Medium Slow	"1,059,860"	0.7	2′04″	28	61.7	50	142	0	2	0	0	0	0	2	87.50%	12.50%	1	0.5	1	0	4	1	1	0.5	1	1	1	1	0.5	1	1	1	0.5	1	45-1|33-1|55-1|88-9|182-12|48-15|352-20|157-25|36-30|133-35|330-40|103-45|283-50|56-55	36-TM|189-TM|182-TM|352-TM|67-TM|886-TM|263-TM|523-TM|196-TM|341-TM|317-TM|374-TM|419-TM|203-TM|240-TM|91-TM|280-TM|34-TM|8-TM|214-TM|127-TM|156-TM|157-TM|164-TM|710-TM|446-TM|57-TM|133-TM|270-TM|414-TM|58-TM|56-TM|59-TM|518-TM|89-TM|851-TM|46-TM|328-TM|253-TM|264-TM|38-TM|283-TM|250-TM|330-TM|482-TM|174-TM		341-EV	249-R
260	260	Swampert	Mud Fish Pokémon	Water	Ground								TRUE	TRUE	TRUE	FALSE	FALSE	FALSE	FALSE	FALSE	TRUE	TRUE	FALSE	FALSE	FALSE	FALSE	FALSE	FALSE	TRUE	TRUE	FALSE	FALSE	TRUE	TRUE			FALSE	FALSE	FALSE	FALSE	TRUE	TRUE	TRUE	TRUE		FALSE	FALSE	FALSE	FALSE	TRUE	TRUE	100	110	90	85	90	60	535	Blue	Bipedal+Tail		Torrent		Damp	Level 36	45	15	Monster	Water 1	20	2560	Medium Slow	"1,059,860"	1.5	4′11″	81.9	180.6	50	268	0	3	0	0	0	0	3	87.50%	12.50%	1	0.5	1	0	4	1	1	0.5	1	1	1	1	0.5	1	1	1	0.5	1	45-1|341-1|33-1|55-1|88-9|182-12|48-15|352-20|157-25|36-30|133-35|330-42|103-49|283-56|56-63	36-TM|189-TM|184-TM|182-TM|352-TM|67-TM|886-TM|263-TM|523-TM|196-TM|341-TM|317-TM|374-TM|419-TM|203-TM|240-TM|91-TM|280-TM|339-TM|34-TM|8-TM|214-TM|127-TM|398-TM|707-TM|156-TM|157-TM|776-TM|164-TM|710-TM|446-TM|57-TM|133-TM|270-TM|414-TM|58-TM|56-TM|59-TM|518-TM|89-TM|444-TM|416-TM|308-TM|200-TM|411-TM|63-TM|851-TM|46-TM|328-TM|479-TM|282-TM|667-TM|253-TM|264-TM|311-TM|812-TM|38-TM|283-TM|250-TM|330-TM|482-TM|174-TM|912-TM			89-R|359-R|249-R|57-R
260		Mega Swampert	Mud Fish Pokémon	Water	Ground																								TRUE	TRUE	FALSE	FALSE	TRUE	TRUE																		100	150	110	95	110	70	635	Blue	Bipedal+Tail		Swift Swim			Swampertite		0			20	2560	Medium Slow	"1,059,860"	1.9	6′03″	102	224.9	50	318	0	3	0	0	0	0	3	87.50%	12.50%	1	0.5	1	0	4	1	1	0.5	1	1	1	1	0.5	1	1	1	0.5	1					
261	261	Poocheyna	Bite Pokémon	Dark									TRUE	TRUE	TRUE	FALSE	FALSE	TRUE	FALSE	TRUE	TRUE	TRUE	FALSE	TRUE	FALSE	FALSE	TRUE	FALSE	TRUE	TRUE	FALSE	FALSE	FALSE	FALSE									TRUE	TRUE		FALSE	FALSE	TRUE	TRUE	FALSE	FALSE	35	55	35	30	30	35	220	Gray	Quadruped		Run Away	Quick Feet	Rattled		255	85	Field		15	1920	Medium Fast	"1,000,000"	0.5	1′08″	13.6	30	50	56	0	1	0	0	0	0	1	50%	50%	1	1	1	1	1	1	2	1	1	1	0	2	1	0.5	1	0.5	1	2	33-1|336-4|28-7|44-10|43-13|46-16|207-19|372-22|184-25|269-28|242-31|281-34|36-36|389-40|583-44	36-TM|204-TM|189-TM|184-TM|182-TM|424-TM|422-TM|423-TM|168-TM|885-TM|263-TM|555-TM|203-TM|241-TM|240-TM|91-TM|492-TM|706-TM|214-TM|156-TM|269-TM|399-TM|164-TM|242-TM|247-TM|304-TM|583-TM|270-TM|417-TM|851-TM|46-TM|180-TM|162-TM|253-TM|808-TM|38-TM|283-TM	310-EM|343-EM|305-EM		
262	262	Mightyena	Bite Pokémon	Dark									TRUE	TRUE	TRUE	FALSE	FALSE	TRUE	FALSE	TRUE	TRUE	TRUE	FALSE	TRUE	FALSE	FALSE	TRUE	FALSE	TRUE	TRUE	FALSE	FALSE	FALSE	FALSE									TRUE	TRUE		FALSE	FALSE	TRUE	TRUE	FALSE	FALSE	70	90	70	60	60	70	420	Gray	Quadruped		Intimidate	Quick Feet	Moxie	Level 18	127	42.33	Field		15	1920	Medium Fast	"1,000,000"	1	3′03″	37	81.6	50	147	0	2	0	0	0	0	2	50%	50%	1	1	1	1	1	1	2	1	1	1	0	2	1	0.5	1	0.5	1	2	44-1|242-1|424-1|423-1|28-1|33-1|168-1|422-1|336-13|43-13|46-16|207-20|372-24|184-28|269-36|281-44|36-48|389-52|583-56	36-TM|204-TM|189-TM|184-TM|182-TM|424-TM|422-TM|423-TM|168-TM|885-TM|263-TM|555-TM|203-TM|241-TM|240-TM|91-TM|492-TM|706-TM|34-TM|214-TM|156-TM|269-TM|399-TM|164-TM|242-TM|247-TM|304-TM|583-TM|270-TM|417-TM|416-TM|63-TM|851-TM|46-TM|180-TM|162-TM|253-TM|808-TM|38-TM|283-TM|675-TM		555-EV	
263	263	Zigzagoon	Tiny Raccoon Pokémon	Normal									TRUE	TRUE	TRUE	FALSE	FALSE	TRUE	TRUE	TRUE	TRUE	TRUE	FALSE	FALSE	FALSE	FALSE	TRUE	TRUE	TRUE	TRUE	FALSE	FALSE	FALSE	FALSE			FALSE	FALSE	TRUE	TRUE	FALSE	FALSE	TRUE	TRUE								38	30	41	30	41	60	240	Brown	Quadruped		Pickup	Gluttony	Quick Feet		255	85	Field		15	1920	Medium Fast	"1,000,000"	0.4	1′04″	17.5	38.6	50	56	0	0	0	0	0	1	1	50%	50%	1	1	1	1	1	1	2	1	1	1	1	1	1	0	1	1	1	1					
263		Galarian Zigzagoon	Tiny Raccoon Pokémon	Dark	Normal																																TRUE	TRUE	FALSE	FALSE	TRUE	TRUE										78	70	61	50	61	100	420	White	Quadruped		Pickup	Gluttony	Quick Feet		255	85	Field		15	1920	Medium Fast	"1,000,000"	0.4	1′04″	17.5	38.6	50	56	0	0	0	0	0	1	1	50%	50%	1	1	1	1	1	1	4	1	1	1	0	2	1	0	1	0.5	1	2					
264	264	Linoone	Rushing Pokémon	Normal									TRUE	TRUE	TRUE	FALSE	FALSE	TRUE	TRUE	TRUE	TRUE	TRUE	FALSE	FALSE	FALSE	FALSE	TRUE	TRUE	TRUE	TRUE	FALSE	FALSE	FALSE	FALSE			FALSE	FALSE	TRUE	TRUE	FALSE	FALSE	TRUE	TRUE								78	70	61	50	61	100	420	White	Quadruped		Pickup	Gluttony	Quick Feet	Level 20	90	30	Field		15	1920	Medium Fast	"1,000,000"	0.5	1′08″	32.5	71.7	50	147	0	0	0	0	0	2	2	50%	50%	1	1	1	1	1	1	2	1	1	1	1	1	1	0	1	1	1	1					
264		Galarian Linoone	Rushing Pokémon	Dark	Normal																																TRUE	TRUE	FALSE	FALSE	TRUE	TRUE										38	30	41	30	41	60	240	White	Quadruped		Pickup	Gluttony	Quick Feet	Level 20	90	30	Field		15	1920	Medium Fast	"1,000,000"	0.5	1′08″	32.5	71.7	50	147	0	0	0	0	0	2	2	50%	50%	1	1	1	1	1	1	4	1	1	1	0	2	1	0	1	0.5	1	2					
265	265	Wurmple	Worm Pokémon	Bug									TRUE	TRUE	TRUE	FALSE	FALSE	TRUE	TRUE	TRUE	TRUE	TRUE	TRUE	TRUE	FALSE	FALSE	TRUE	TRUE	TRUE	TRUE	FALSE	FALSE	FALSE	FALSE									TRUE	TRUE	TRUE							45	45	35	20	30	20	195	Red	Insectoid		Shield Dust		Run Away		336	112	Bug		15	1920	Medium Fast	"1,000,000"	0.3	1′00″	3.6	7.9	50	56	1	0	0	0	0	0	1	50%	50%	1	2	1	1	0.5	1	0.5	1	0.5	2	1	1	2	1	1	1	1	1					
266	266	Silcoon	Cocoon Pokémon	Bug									TRUE	TRUE	TRUE	FALSE	FALSE	TRUE	TRUE	TRUE	TRUE	TRUE	TRUE	TRUE	FALSE	FALSE	TRUE	TRUE	TRUE	TRUE	FALSE	FALSE	FALSE	FALSE									TRUE	TRUE	TRUE							50	35	55	25	25	15	205	White	Head		Shed Skin			Level 7	120	40	Bug		15	1920	Medium Fast	"1,000,000"	0.6	2′00″	10	22	50	72	0	0	2	0	0	0	2	50%	50%	1	2	1	1	0.5	1	0.5	1	0.5	2	1	1	2	1	1	1	1	1					
267	267	Beautifly	Butterfly Pokémon	Bug	Flying								TRUE	TRUE	TRUE	FALSE	FALSE	TRUE	TRUE	TRUE	TRUE	TRUE	TRUE	TRUE	FALSE	FALSE	TRUE	TRUE	TRUE	TRUE	FALSE	FALSE	FALSE	FALSE									TRUE	TRUE	TRUE							60	70	50	100	50	65	395	Yellow	2+ Pair of Wings		Swarm		Rivalry	Level 7	45	15	Bug		15	1920	Medium Fast	"1,000,000"	1	3′03″	28.4	62.6	50	198	0	0	0	3	0	0	3	50%	50%	1	2	1	2	0.25	2	0.25	1	0	2	1	0.5	4	1	1	1	1	1					
268	268	Cascoon	Cocoon Pokémon	Bug									TRUE	TRUE	TRUE	FALSE	FALSE	TRUE	TRUE	TRUE	TRUE	TRUE	TRUE	TRUE	FALSE	FALSE	TRUE	TRUE	TRUE	TRUE	FALSE	FALSE	FALSE	FALSE									TRUE	TRUE	TRUE							50	35	55	25	25	15	205	Purple	Head		Shed Skin			Level 10	120	40	Bug		15	1920	Medium Fast	"1,000,000"	0.7	2′04″	11.5	25.4	50	72	0	0	2	0	0	0	2	50%	50%	1	2	1	1	0.5	1	0.5	1	0.5	2	1	1	2	1	1	1	1	1					
269	269	Dustox	Poison Moth Pokémon	Bug	Poison								TRUE	TRUE	TRUE	FALSE	FALSE	TRUE	TRUE	TRUE	TRUE	TRUE	TRUE	TRUE	FALSE	FALSE	TRUE	TRUE	TRUE	TRUE	FALSE	FALSE	FALSE	FALSE									TRUE	TRUE	TRUE							60	50	70	50	90	65	385	Green	2+ Pair of Wings		Shield Dust		Compound Eyes	Level 10	45	15	Bug		15	1920	Medium Fast	"1,000,000"	1.2	3′11″	31.6	69.7	50	193	0	0	0	0	3	0	3	50%	50%	1	2	1	1	0.25	1	0.25	0.5	1	2	2	0.5	2	1	1	1	1	0.5					
270	270	Lotad	Water Weed Pokémon	Water	Grass								FALSE	TRUE	TRUE	FALSE	FALSE	TRUE	TRUE	TRUE	TRUE	TRUE	TRUE	TRUE	TRUE	TRUE	TRUE	TRUE	TRUE	TRUE	FALSE	FALSE	TRUE	TRUE			FALSE	TRUE	FALSE	FALSE	FALSE	FALSE	TRUE	TRUE		FALSE	FALSE	TRUE	TRUE	FALSE	FALSE	40	30	30	40	50	30	220	Green	Insectoid		Swift Swim	Rain Dish	Own Tempo		255	85	Water 1	Grass	15	1920	Medium Slow	"1,059,860"	0.5	1′08″	2.6	5.7	50	44	0	0	0	0	1	0	1	50%	50%	1	1	0.25	1	1	1	1	2	0.5	2	1	2	1	1	1	1	0.5	1	310-1|45-1|71-3|55-6|54-9|72-12|175-16|61-20|73-24|202-28|240-33|428-38|412-43	36-TM|182-TM|352-TM|168-TM|574-TM|885-TM|886-TM|263-TM|345-TM|196-TM|203-TM|241-TM|240-TM|331-TM|428-TM|34-TM|214-TM|402-TM|447-TM|156-TM|14-TM|164-TM|202-TM|412-TM|57-TM|58-TM|580-TM|59-TM|76-TM|851-TM|253-TM|311-TM|803-TM|38-TM|250-TM|330-TM	68-EM|75-EM|230-EM|235-EM|298-EM|321-EM		
271	271	Lombre	Jolly Pokémon	Water	Grass								FALSE	TRUE	TRUE	FALSE	FALSE	TRUE	TRUE	TRUE	TRUE	TRUE	TRUE	TRUE	TRUE	TRUE	TRUE	TRUE	TRUE	TRUE	FALSE	FALSE	TRUE	TRUE			FALSE	TRUE	FALSE	FALSE	FALSE	FALSE	TRUE	TRUE		FALSE	FALSE	TRUE	TRUE	FALSE	FALSE	60	50	50	60	70	50	340	Green	Bipedal+Tailless		Swift Swim	Rain Dish	Own Tempo	Level 14	120	40	Water 1	Grass	15	1920	Medium Slow	"1,059,860"	1.2	3′11″	32.5	71.7	50	119	0	0	0	0	2	0	2	50%	50%	1	1	0.25	1	1	1	1	2	0.5	2	1	2	1	1	1	1	0.5	1	71-1|310-1|252-1|175-1|45-1|282-1|298-1|55-1|54-9|72-12|154-18|61-24|73-30|202-36|428-50|412-57|56-64	36-TM|182-TM|352-TM|168-TM|574-TM|885-TM|886-TM|263-TM|345-TM|196-TM|341-TM|374-TM|203-TM|241-TM|240-TM|331-TM|280-TM|428-TM|34-TM|7-TM|9-TM|8-TM|214-TM|402-TM|409-TM|127-TM|118-TM|447-TM|156-TM|14-TM|164-TM|202-TM|304-TM|412-TM|227-TM|57-TM|58-TM|580-TM|56-TM|59-TM|76-TM|851-TM|282-TM|253-TM|311-TM|803-TM|38-TM|250-TM|330-TM			
272	272	Ludicolo	Carefree Pokémon	Water	Grass								FALSE	TRUE	TRUE	FALSE	FALSE	TRUE	TRUE	TRUE	TRUE	TRUE	TRUE	TRUE	TRUE	TRUE	TRUE	TRUE	TRUE	TRUE	FALSE	FALSE	TRUE	TRUE			FALSE	TRUE	FALSE	FALSE	FALSE	FALSE	TRUE	TRUE		FALSE	FALSE	TRUE	TRUE	FALSE	FALSE	80	70	70	90	100	70	480	Green	Bipedal+Tailless		Swift Swim	Rain Dish	Own Tempo	Water Stone	45	15	Water 1	Grass	15	1920	Medium Slow	"1,059,860"	1.5	4′11″	55	121.3	50	240	0	0	0	0	3	0	3	50%	50%	1	1	0.25	1	1	1	1	2	0.5	2	1	2	1	1	1	1	0.5	1	61-1|252-1|240-1	36-TM|182-TM|352-TM|168-TM|574-TM|885-TM|886-TM|263-TM|129-TM|345-TM|196-TM|341-TM|374-TM|203-TM|241-TM|240-TM|331-TM|280-TM|428-TM|34-TM|7-TM|9-TM|8-TM|214-TM|402-TM|409-TM|127-TM|118-TM|447-TM|156-TM|14-TM|164-TM|202-TM|304-TM|412-TM|227-TM|57-TM|861-TM|133-TM|58-TM|580-TM|56-TM|59-TM|416-TM|411-TM|437-TM|63-TM|76-TM|851-TM|282-TM|253-TM|264-TM|311-TM|803-TM|38-TM|250-TM|330-TM			71-R|310-R|412-R|175-R|154-R|45-R|56-R|282-R|72-R|54-R|298-R|55-R|428-R
273	273	Seedot	Acorn Pokémon	Grass									TRUE	FALSE	TRUE	FALSE	FALSE	TRUE	TRUE	TRUE	TRUE	TRUE	TRUE	TRUE	TRUE	TRUE	TRUE	TRUE	TRUE	TRUE	FALSE	FALSE	TRUE	TRUE			TRUE	FALSE	FALSE	FALSE	FALSE	FALSE	TRUE	TRUE		FALSE	FALSE	TRUE	TRUE	FALSE	FALSE	40	40	50	30	30	30	220	Brown	Head+Legs		Chlorophyll	Early Bird	Pickpocket		255	85	Field	Grass	15	1920	Medium Slow	"1,059,860"	0.5	1′08″	4	8.8	50	44	0	0	1	0	0	0	1	50%	50%	1	2	0.5	0.5	0.5	2	1	2	0.5	2	1	2	1	1	1	1	1	1	106-1|33-1|71-3|310-6|74-9|205-12|72-15|371-18|29-21|241-24|235-27|389-30|153-33	36-TM|182-TM|885-TM|263-TM|345-TM|203-TM|241-TM|240-TM|91-TM|331-TM|206-TM|492-TM|34-TM|214-TM|402-TM|447-TM|156-TM|164-TM|202-TM|247-TM|412-TM|133-TM|580-TM|417-TM|437-TM|76-TM|851-TM|180-TM|803-TM|38-TM|283-TM|174-TM	432-EM|73-EM|400-EM|98-EM|36-EM|388-EM		
274	274	Nuzleaf	Wily Pokémon	Grass	Dark								TRUE	FALSE	TRUE	FALSE	FALSE	TRUE	TRUE	TRUE	TRUE	TRUE	TRUE	TRUE	TRUE	TRUE	TRUE	TRUE	TRUE	TRUE	FALSE	FALSE	TRUE	TRUE			TRUE	FALSE	FALSE	FALSE	FALSE	FALSE	TRUE	TRUE		FALSE	FALSE	TRUE	TRUE	FALSE	FALSE	70	70	40	60	40	60	340	Brown	Bipedal+Tailless		Chlorophyll	Early Bird	Pickpocket	Level 14	120	40	Field	Grass	15	1920	Medium Slow	"1,059,860"	1	3′03″	28	61.7	50	119	0	2	0	0	0	0	2	50%	50%	1	2	0.5	0.5	0.5	2	2	2	0.5	2	0	4	1	0.5	1	0.5	1	2	71-1|314-1|310-1|153-1|252-1|106-1|207-1|33-1|259-1|74-9|205-12|72-18|371-24|235-30|241-36|326-43|389-50|348-57	36-TM|184-TM|182-TM|67-TM|168-TM|885-TM|886-TM|263-TM|555-TM|129-TM|345-TM|317-TM|490-TM|314-TM|374-TM|203-TM|241-TM|240-TM|91-TM|331-TM|206-TM|280-TM|492-TM|34-TM|214-TM|402-TM|447-TM|156-TM|157-TM|14-TM|399-TM|164-TM|202-TM|247-TM|412-TM|133-TM|580-TM|417-TM|437-TM|76-TM|851-TM|180-TM|282-TM|669-TM|253-TM|311-TM|803-TM|808-TM|244-TM|38-TM|283-TM|174-TM		75-EV	
275	275	Shiftry	Wicked Pokémon	Grass	Dark								TRUE	FALSE	TRUE	FALSE	FALSE	TRUE	TRUE	TRUE	TRUE	TRUE	TRUE	TRUE	TRUE	TRUE	TRUE	TRUE	TRUE	TRUE	FALSE	FALSE	TRUE	TRUE			TRUE	FALSE	FALSE	FALSE	FALSE	FALSE	TRUE	TRUE		FALSE	FALSE	TRUE	TRUE	FALSE	FALSE	90	100	60	90	60	80	480	Brown	Bipedal+Tailless		Chlorophyll	Early Bird	Pickpocket	Leaf Stone	45	15	Field	Grass	15	1920	Medium Slow	"1,059,860"	1.3	4′03″	59.6	131.4	50	240	0	3	0	0	0	0	3	50%	50%	1	2	0.5	0.5	0.5	2	2	2	0.5	2	0	4	1	0.5	1	0.5	1	2	314-1|542-1|371-1|241-1	36-TM|184-TM|182-TM|67-TM|109-TM|168-TM|885-TM|886-TM|263-TM|332-TM|506-TM|555-TM|129-TM|345-TM|196-TM|317-TM|490-TM|314-TM|374-TM|203-TM|241-TM|240-TM|91-TM|331-TM|206-TM|280-TM|492-TM|403-TM|34-TM|214-TM|402-TM|447-TM|156-TM|157-TM|269-TM|14-TM|390-TM|286-TM|399-TM|164-TM|404-TM|261-TM|202-TM|366-TM|247-TM|257-TM|412-TM|133-TM|179-TM|580-TM|417-TM|416-TM|411-TM|437-TM|542-TM|63-TM|76-TM|851-TM|180-TM|282-TM|410-TM|669-TM|253-TM|311-TM|803-TM|808-TM|244-TM|38-TM|283-TM|572-TM|675-TM|174-TM|918-TM		348-EV	71-R|310-R|251-R|153-R|326-R|252-R|74-R|106-R|72-R|75-R|205-R|389-R|207-R|235-R|33-R|259-R|18-R
276	276	Taillow	Tiny Swallow Pokémon	Normal	Flying								TRUE	TRUE	TRUE	FALSE	FALSE	TRUE	TRUE	TRUE	TRUE	TRUE	TRUE	TRUE	TRUE	TRUE	TRUE	TRUE	TRUE	TRUE	FALSE	FALSE	TRUE	TRUE									TRUE	TRUE								40	55	30	30	30	85	270	Blue	1 Pair of Wings		Guts		Scrappy		200	66.67	Flying		15	1920	Medium Slow	"1,059,860"	0.3	1′00″	2.3	5.1	50	54	0	0	0	0	0	1	1	50%	50%	1	1	1	2	0.5	2	1	1	0	1	1	0.5	2	0	1	1	1	1					
277	277	Swellow	Swallow Pokémon	Normal	Flying								TRUE	TRUE	TRUE	FALSE	FALSE	TRUE	TRUE	TRUE	TRUE	TRUE	TRUE	TRUE	TRUE	TRUE	TRUE	TRUE	TRUE	TRUE	FALSE	FALSE	TRUE	TRUE									TRUE	TRUE								60	85	60	75	50	125	455	Blue	1 Pair of Wings		Guts		Scrappy	Level 22	45	15	Flying		15	1920	Medium Slow	"1,059,860"	0.7	2′04″	19.8	43.7	50	159	0	0	0	0	0	2	2	50%	50%	1	1	1	2	0.5	2	1	1	0	1	1	0.5	2	0	1	1	1	1					
278	278	Wingull	Seagull Pokémon	Water	Flying								TRUE	TRUE	TRUE	FALSE	FALSE	TRUE	TRUE	TRUE	TRUE	TRUE	TRUE	TRUE	TRUE	TRUE	TRUE	TRUE	TRUE	TRUE	TRUE	TRUE	TRUE	TRUE			TRUE	TRUE	TRUE	TRUE	FALSE	FALSE	TRUE	TRUE		TRUE	TRUE	FALSE	FALSE	FALSE	FALSE	40	30	30	55	30	85	270	White	1 Pair of Wings		Keen Eye	Hydration	Rain Dish		190	63.33	Water 1	Flying	20	2560	Medium Fast	"1,000,000"	0.6	2′00″	9.5	20.9	50	54	0	0	0	0	0	1	1	50%	50%	1	0.5	0.5	4	1	1	0.5	1	0	1	1	0.5	2	1	1	1	0.5	1	45-1|55-1|98-5|48-10|17-15|352-20|97-26|403-30|54-35|355-40|542-45	36-TM|97-TM|182-TM|352-TM|512-TM|168-TM|886-TM|263-TM|332-TM|129-TM|196-TM|314-TM|203-TM|240-TM|883-TM|369-TM|403-TM|214-TM|127-TM|156-TM|19-TM|164-TM|710-TM|366-TM|57-TM|270-TM|58-TM|56-TM|59-TM|542-TM|413-TM|851-TM|282-TM|814-TM|250-TM|330-TM|297-TM	332-EM|314-EM|392-EM|16-EM|282-EM|487-EM|239-EM|469-EM		
279	279	Pelipper	Water Bird Pokémon	Water	Flying								TRUE	TRUE	TRUE	FALSE	FALSE	TRUE	TRUE	TRUE	TRUE	TRUE	TRUE	TRUE	TRUE	TRUE	TRUE	TRUE	TRUE	TRUE	TRUE	TRUE	TRUE	TRUE			TRUE	TRUE	TRUE	TRUE	FALSE	FALSE	TRUE	TRUE		TRUE	TRUE	FALSE	FALSE	FALSE	FALSE	60	50	100	95	70	65	440	Yellow	1 Pair of Wings		Keen Eye	Drizzle	Rain Dish	Level 25	45	15	Water 1	Flying	20	2560	Medium Fast	"1,000,000"	1.2	3′11″	28	61.7	50	154	0	0	2	0	0	0	2	50%	50%	1	0.5	0.5	4	1	1	0.5	1	0	1	1	0.5	2	1	1	1	0.5	1	97-1|403-1|45-1|182-1|98-1|487-1|48-1|366-1|55-1|17-15|352-20|255-28|254-28|256-28|374-34|54-41|355-48|542-55|56-62	36-TM|97-TM|182-TM|352-TM|512-TM|168-TM|886-TM|263-TM|332-TM|129-TM|196-TM|314-TM|374-TM|203-TM|240-TM|883-TM|369-TM|403-TM|34-TM|214-TM|402-TM|127-TM|156-TM|19-TM|441-TM|164-TM|710-TM|366-TM|57-TM|270-TM|58-TM|56-TM|59-TM|416-TM|542-TM|63-TM|413-TM|851-TM|282-TM|311-TM|814-TM|250-TM|330-TM|297-TM	332-EM|314-EM|392-EM|16-EM|282-EM|487-EM|239-EM|469-EM		
280	280	Ralts	Feeling Pokémon	Psychic	Fairy								TRUE	TRUE	TRUE	FALSE	FALSE	TRUE	TRUE	TRUE	TRUE	TRUE	TRUE	TRUE	TRUE	TRUE	TRUE	TRUE	TRUE	TRUE	FALSE	FALSE	TRUE	TRUE			TRUE	TRUE	TRUE	TRUE	FALSE	FALSE	TRUE	TRUE	TRUE	TRUE	TRUE	TRUE	TRUE	FALSE	FALSE	28	25	25	45	35	40	198	White	Bipedal+Tailless		Synchronize	Trace	Telepathy		235	78.33	Human-Like	Amorphous	20	2560	Slow	"1,250,000"	0.4	1′04″	6.6	14.6	35	40	0	0	0	1	0	0	1	50%	50%	1	1	1	1	1	1	0.25	2	1	1	0.5	1	1	2	0	1	2	1	93-1|574-1|104-1|45-1|95-9|577-12|100-15|60-18|791-23|204-28|347-33|94-38|505-43|138-48|248-53	204-TM|182-TM|60-TM|109-TM|168-TM|574-TM|451-TM|263-TM|129-TM|345-TM|196-TM|577-TM|500-TM|374-TM|203-TM|241-TM|240-TM|473-TM|428-TM|34-TM|7-TM|9-TM|8-TM|214-TM|115-TM|113-TM|605-TM|118-TM|447-TM|86-TM|156-TM|269-TM|286-TM|285-TM|164-TM|261-TM|271-TM|247-TM|304-TM|94-TM|227-TM|85-TM|347-TM|270-TM|678-TM|581-TM|433-TM|63-TM|851-TM|282-TM|220-TM|244-TM|813-TM|248-TM|797-TM|914-TM	109-EM|194-EM|50-EM|282-EM|212-EM|262-EM|595-EM|425-EM		
281	281	Kirlia	Emotion Pokémon	Psychic	Fairy								TRUE	TRUE	TRUE	FALSE	FALSE	TRUE	TRUE	TRUE	TRUE	TRUE	TRUE	TRUE	TRUE	TRUE	TRUE	TRUE	TRUE	TRUE	FALSE	FALSE	TRUE	TRUE			TRUE	TRUE	TRUE	TRUE	FALSE	FALSE	TRUE	TRUE	TRUE	TRUE	TRUE	TRUE	TRUE	FALSE	FALSE	38	35	35	65	55	50	278	White	Bipedal+Tailless		Synchronize	Trace	Telepathy	Level 20	120	40	Human-Like	Amorphous	20	2560	Slow	"1,250,000"	0.8	2′07″	20.2	44.5	35	97	0	0	0	2	0	0	2	50%	50%	1	1	1	1	1	1	0.25	2	1	1	0.5	1	1	2	0	1	2	1	93-1|574-1|104-1|45-1|95-9|577-12|100-15|60-18|791-23|204-28|347-33|94-38|505-43|138-48|248-53	204-TM|182-TM|60-TM|109-TM|168-TM|574-TM|451-TM|263-TM|129-TM|345-TM|196-TM|577-TM|500-TM|374-TM|203-TM|241-TM|240-TM|473-TM|428-TM|34-TM|7-TM|9-TM|8-TM|214-TM|115-TM|113-TM|605-TM|118-TM|447-TM|86-TM|156-TM|269-TM|286-TM|285-TM|164-TM|261-TM|271-TM|247-TM|304-TM|94-TM|227-TM|85-TM|347-TM|270-TM|678-TM|581-TM|433-TM|63-TM|851-TM|282-TM|220-TM|244-TM|813-TM|248-TM|797-TM|914-TM	109-EM|194-EM|50-EM|282-EM|212-EM|262-EM|595-EM|425-EM		
282	282	Gardevoir	Embrace Pokémon	Psychic	Fairy								TRUE	TRUE	TRUE	FALSE	FALSE	TRUE	TRUE	TRUE	TRUE	TRUE	TRUE	TRUE	TRUE	TRUE	TRUE	TRUE	TRUE	TRUE	FALSE	FALSE	TRUE	TRUE			TRUE	TRUE	TRUE	TRUE	FALSE	FALSE	TRUE	TRUE	TRUE	TRUE	TRUE	TRUE	TRUE	FALSE	FALSE	68	65	65	125	115	80	518	White	Bipedal+Tailless		Synchronize	Trace	Telepathy	Level 30	45	15	Human-Like	Amorphous	20	2560	Slow	"1,250,000"	1.6	5′03″	48.4	106.7	35	259	0	0	0	3	0	0	3	50%	50%	1	1	1	1	1	1	0.25	2	1	1	0.5	1	1	2	0	1	2	1	204-1|93-1|574-1|104-1|45-1|505-1|361-1|581-1|595-1|95-9|577-12|100-15|60-18|791-23|273-28|347-35|94-42|585-49|138-56|248-63	204-TM|182-TM|60-TM|109-TM|168-TM|574-TM|451-TM|263-TM|129-TM|345-TM|196-TM|577-TM|500-TM|101-TM|374-TM|203-TM|241-TM|240-TM|473-TM|428-TM|34-TM|7-TM|9-TM|8-TM|214-TM|115-TM|113-TM|605-TM|118-TM|447-TM|86-TM|156-TM|269-TM|286-TM|285-TM|164-TM|261-TM|271-TM|396-TM|247-TM|304-TM|412-TM|94-TM|227-TM|85-TM|347-TM|270-TM|678-TM|581-TM|416-TM|411-TM|433-TM|63-TM|851-TM|356-TM|282-TM|410-TM|802-TM|220-TM|244-TM|813-TM|248-TM|797-TM|914-TM|917-TM	109-EM|194-EM|50-EM|282-EM|212-EM|262-EM|595-EM|425-EM	605-EV	
282		Mega Gardevoir	Embrace Pokémon	Psychic	Fairy																						TRUE	TRUE	TRUE	TRUE	FALSE	FALSE	TRUE	TRUE																		68	85	65	165	135	100	618	White	Bipedal+Tailless		Pixilate			Gardevoirite		0			20	2560	Slow	"1,250,000"	1.6	5′03″	48.4	106.7	35	309	0	0	0	3	0	0	3	50%	50%	1	1	1	1	1	1	0.25	2	1	1	0.5	1	1	2	0	1	2	1					
283	283	Surskit	Pond Skater Pokémon	Bug	Water								TRUE	TRUE	FALSE	FALSE	FALSE	TRUE	TRUE	TRUE	TRUE	TRUE	TRUE	TRUE	TRUE	TRUE	TRUE	TRUE	TRUE	TRUE	TRUE	TRUE	TRUE	TRUE									TRUE	TRUE		TRUE	TRUE	TRUE	TRUE	FALSE	FALSE	40	30	32	50	52	65	269	Blue	Insectoid		Swift Swim		Rain Dish		200	66.67	Water 1	Bug	15	1920	Medium Fast	"1,000,000"	0.5	1′08″	1.7	3.7	50	54	0	0	0	0	0	1	1	50%	50%	1	1	0.5	2	1	0.5	0.5	1	0.5	2	1	1	2	1	1	1	0.5	1	55-1|98-6|230-9|487-14|61-17|97-22|114-25|54-25|226-35|564-38	36-TM|97-TM|189-TM|182-TM|352-TM|512-TM|522-TM|60-TM|168-TM|884-TM|886-TM|263-TM|196-TM|341-TM|203-TM|241-TM|240-TM|214-TM|127-TM|156-TM|141-TM|164-TM|710-TM|202-TM|247-TM|57-TM|270-TM|226-TM|58-TM|56-TM|59-TM|405-TM|76-TM|851-TM|114-TM|450-TM|679-TM|244-TM|806-TM	453-EM|450-EM|565-EM|56-EM|679-EM|341-EM|471-EM|60-EM		
284	284	Masquerain	Eyeball Pokémon	Bug	Flying								TRUE	TRUE	FALSE	FALSE	FALSE	TRUE	TRUE	TRUE	TRUE	TRUE	TRUE	TRUE	TRUE	TRUE	TRUE	TRUE	TRUE	TRUE	TRUE	TRUE	TRUE	TRUE									TRUE	TRUE		TRUE	TRUE	TRUE	TRUE	FALSE	FALSE	70	60	62	100	82	80	454	Blue	2+ Pair of Wings		Intimidate		Unnerve	Level 22	75	25	Water 1	Bug	15	1920	Medium Fast	"1,000,000"	0.8	2′07″	3.6	7.9	50	159	0	0	0	1	1	0	2	50%	50%	1	2	1	2	0.25	2	0.25	1	0	2	1	0.5	4	1	1	1	1	1	98-1|487-1|230-1|55-1|18-1|16-17|314-22|184-22|78-26|403-32|202-38|405-44|483-52	36-TM|97-TM|189-TM|184-TM|182-TM|352-TM|512-TM|522-TM|60-TM|168-TM|884-TM|886-TM|263-TM|332-TM|129-TM|196-TM|341-TM|314-TM|203-TM|241-TM|240-TM|369-TM|492-TM|403-TM|214-TM|127-TM|156-TM|141-TM|164-TM|710-TM|202-TM|366-TM|247-TM|412-TM|57-TM|270-TM|226-TM|58-TM|56-TM|59-TM|416-TM|542-TM|405-TM|63-TM|76-TM|851-TM|114-TM|450-TM|679-TM|311-TM|814-TM|244-TM|806-TM	453-EM|450-EM|565-EM|56-EM|679-EM|341-EM|471-EM|60-EM		
285	285	Shroomish	Mushroom Pokémon	Grass									TRUE	TRUE	TRUE	FALSE	FALSE	TRUE	TRUE	TRUE	TRUE	TRUE	TRUE	FALSE	TRUE	TRUE	TRUE	TRUE	TRUE	TRUE	FALSE	FALSE	FALSE	FALSE									TRUE	TRUE		TRUE	TRUE	FALSE	FALSE	FALSE	FALSE	60	40	60	40	60	35	295	Brown	Head+Legs		Effect Spore	Poison Heal	Quick Feet		255	85	Fairy	Grass	15	1920	Fluctuating	"1,640,000"	0.4	1′04″	4.5	9.9	50	59	1	0	0	0	0	0	1	50%	50%	1	2	0.5	0.5	0.5	2	1	2	0.5	2	1	2	1	1	1	1	1	1	71-1|33-1|78-5|73-8|72-12|29-15|77-19|202-26|74-29|92-33|402-36|147-40	36-TM|204-TM|313-TM|182-TM|884-TM|263-TM|129-TM|345-TM|474-TM|203-TM|241-TM|240-TM|331-TM|206-TM|428-TM|34-TM|214-TM|402-TM|409-TM|447-TM|156-TM|441-TM|164-TM|202-TM|412-TM|270-TM|580-TM|188-TM|76-TM|851-TM|92-TM	204-EM|313-EM|270-EM|388-EM		
286	286	Breloom	Mushroom Pokémon	Grass	Fighting								TRUE	TRUE	TRUE	FALSE	FALSE	TRUE	TRUE	TRUE	TRUE	TRUE	TRUE	FALSE	TRUE	TRUE	TRUE	TRUE	TRUE	TRUE	FALSE	FALSE	FALSE	FALSE									TRUE	TRUE		TRUE	TRUE	FALSE	FALSE	FALSE	FALSE	60	130	80	60	60	70	460	Green	Bipedal+Tail		Effect Spore	Poison Heal	Technician	Level 23	90	30	Fairy	Grass	15	1920	Fluctuating	"1,640,000"	1.2	3′11″	39.2	86.4	50	161	0	2	0	0	0	0	2	50%	50%	1	2	0.5	0.5	0.5	2	1	2	0.5	4	2	1	0.5	1	1	0.5	1	2	71-1|74-1|73-1|77-1|78-1|33-1|92-1|72-12|29-15|364-19|68-22|395-28|388-33|280-39|402-44|223-50|264-55	36-TM|204-TM|313-TM|189-TM|182-TM|67-TM|884-TM|263-TM|332-TM|523-TM|129-TM|345-TM|341-TM|317-TM|490-TM|374-TM|474-TM|203-TM|241-TM|240-TM|91-TM|331-TM|206-TM|280-TM|428-TM|339-TM|34-TM|9-TM|214-TM|402-TM|409-TM|447-TM|398-TM|156-TM|157-TM|14-TM|441-TM|164-TM|202-TM|412-TM|270-TM|179-TM|580-TM|188-TM|444-TM|416-TM|411-TM|437-TM|63-TM|370-TM|76-TM|851-TM|92-TM|264-TM	204-EM|313-EM|270-EM|388-EM	183-EV	147-R
287	287	Slakoth	Slacker Pokémon	Normal									TRUE	TRUE	TRUE	FALSE	FALSE	TRUE	TRUE	TRUE	TRUE	TRUE	TRUE	TRUE	TRUE	TRUE	FALSE	FALSE	TRUE	TRUE	TRUE	TRUE	FALSE	FALSE									TRUE	TRUE		TRUE	TRUE	FALSE	FALSE	TRUE	TRUE	60	60	60	35	35	30	280	Brown	Quadruped		Truant				255	85	Field		15	1920	Slow	"1,250,000"	0.8	2′07″	24	52.9	50	56	1	0	0	0	0	0	1	50%	50%	1	1	1	1	1	1	2	1	1	1	1	1	1	0	1	1	1	1	10-1|281-1|227-6|303-9|29-14|133-17|343-22|675-25|68-30|175-33|583-38	36-TM|189-TM|182-TM|168-TM|886-TM|263-TM|332-TM|232-TM|196-TM|341-TM|317-TM|374-TM|203-TM|241-TM|240-TM|206-TM|280-TM|428-TM|421-TM|339-TM|34-TM|7-TM|9-TM|8-TM|214-TM|402-TM|118-TM|398-TM|156-TM|157-TM|441-TM|164-TM|404-TM|247-TM|227-TM|53-TM|85-TM|583-TM|133-TM|270-TM|58-TM|126-TM|59-TM|87-TM|76-TM|851-TM|264-TM|675-TM|174-TM	495-EM|34-EM|306-EM|174-EM|359-EM|400-EM|163-EM|173-EM|321-EM		
288	288	Vigoroth	Wild Monkey Pokémon	Normal									TRUE	TRUE	TRUE	FALSE	FALSE	TRUE	TRUE	TRUE	TRUE	TRUE	TRUE	TRUE	TRUE	TRUE	FALSE	FALSE	TRUE	TRUE	TRUE	TRUE	FALSE	FALSE									TRUE	TRUE		TRUE	TRUE	FALSE	FALSE	TRUE	TRUE	80	80	80	55	55	90	440	White	Bipedal+Tail		Vital Spirit			Level 18	120	40	Field		15	1920	Slow	"1,250,000"	1.4	4′07″	46.5	102.5	50	154	0	0	0	0	0	2	2	50%	50%	1	1	1	1	1	1	2	1	1	1	1	1	1	0	1	1	1	1	227-1|116-1|10-1|253-1|154-14|203-17|163-23|675-27|68-33|264-37|179-43	36-TM|189-TM|184-TM|182-TM|67-TM|168-TM|885-TM|886-TM|263-TM|332-TM|523-TM|232-TM|196-TM|341-TM|317-TM|490-TM|374-TM|203-TM|241-TM|240-TM|91-TM|206-TM|280-TM|428-TM|421-TM|339-TM|34-TM|7-TM|9-TM|8-TM|214-TM|402-TM|409-TM|118-TM|86-TM|398-TM|707-TM|156-TM|157-TM|269-TM|441-TM|164-TM|404-TM|247-TM|304-TM|227-TM|53-TM|85-TM|583-TM|133-TM|270-TM|179-TM|58-TM|126-TM|59-TM|89-TM|200-TM|411-TM|87-TM|76-TM|851-TM|46-TM|282-TM|253-TM|264-TM|808-TM|38-TM|283-TM|675-TM|174-TM	495-EM|34-EM|306-EM|174-EM|359-EM|400-EM|163-EM|173-EM|321-EM		
289	289	Slaking	Lazy Pokémon	Normal									TRUE	TRUE	TRUE	FALSE	FALSE	TRUE	TRUE	TRUE	TRUE	TRUE	TRUE	TRUE	TRUE	TRUE	FALSE	FALSE	TRUE	TRUE	TRUE	TRUE	FALSE	FALSE									TRUE	TRUE		TRUE	TRUE	FALSE	FALSE	TRUE	TRUE	150	160	100	95	65	100	670	Brown	Bipedal+Tailless		Truant			Level 36	45	15	Field		15	1920	Slow	"1,250,000"	2	6′07″	130.5	287.7	50	285	3	0	0	0	0	0	3	50%	50%	1	1	1	1	1	1	2	1	1	1	1	1	1	0	1	1	1	1	227-1|10-1|303-1|389-1|281-1|133-17|343-23|675-27|68-33|175-39|374-45|25-52|359-63	36-TM|189-TM|184-TM|182-TM|67-TM|168-TM|885-TM|884-TM|886-TM|263-TM|332-TM|523-TM|232-TM|196-TM|341-TM|317-TM|490-TM|374-TM|203-TM|241-TM|240-TM|91-TM|206-TM|280-TM|428-TM|421-TM|339-TM|34-TM|7-TM|9-TM|8-TM|214-TM|402-TM|409-TM|118-TM|86-TM|398-TM|707-TM|156-TM|157-TM|269-TM|776-TM|441-TM|164-TM|404-TM|247-TM|304-TM|484-TM|227-TM|53-TM|85-TM|583-TM|133-TM|270-TM|179-TM|58-TM|126-TM|59-TM|528-TM|89-TM|416-TM|200-TM|411-TM|63-TM|87-TM|76-TM|851-TM|46-TM|479-TM|282-TM|667-TM|253-TM|264-TM|808-TM|38-TM|283-TM|675-TM|174-TM|912-TM		207-EV	
290	290	Nincada	Trainee Pokémon	Bug	Ground								TRUE	TRUE	TRUE	FALSE	FALSE	TRUE	TRUE	TRUE	TRUE	TRUE	FALSE	FALSE	FALSE	FALSE	TRUE	TRUE	TRUE	TRUE	FALSE	FALSE	FALSE	FALSE			TRUE	TRUE	FALSE	FALSE	FALSE	FALSE	TRUE	TRUE								31	45	90	30	30	40	266	Gray	Insectoid		Compound Eyes		Run Away		255	85	Bug		15	1920	Erratic	"600,000"	0.5	1′08″	5.5	12.1	50	53	0	0	1	0	0	0	1	50%	50%	1	2	2	0	1	2	0.5	0.5	0.5	2	1	1	1	1	1	1	1	1					
291	291	Ninjask	Ninja Pokémon	Bug	Flying								TRUE	TRUE	TRUE	FALSE	FALSE	TRUE	TRUE	TRUE	TRUE	TRUE	FALSE	FALSE	FALSE	FALSE	TRUE	TRUE	TRUE	TRUE	FALSE	FALSE	FALSE	FALSE			TRUE	TRUE	FALSE	FALSE	FALSE	FALSE	TRUE	TRUE								61	90	45	50	50	160	456	Yellow	2+ Pair of Wings		Speed Boost		Infiltrator	Level 20	120	40	Bug		15	1920	Erratic	"600,000"	0.8	2′07″	12	26.5	50	160	0	0	0	0	0	2	2	50%	50%	1	2	1	2	0.25	2	0.25	1	0	2	1	0.5	4	1	1	1	1	1					
292	292	Shedinja	Shed Pokémon	Bug	Ghost								TRUE	TRUE	TRUE	FALSE	FALSE	TRUE	TRUE	TRUE	TRUE	TRUE	FALSE	FALSE	FALSE	FALSE	TRUE	TRUE	TRUE	TRUE	FALSE	FALSE	FALSE	FALSE			TRUE	TRUE	FALSE	FALSE	FALSE	FALSE	TRUE	TRUE								1	90	45	30	30	40	236	Brown	Head+Base		Wonder Guard			Level 20 if empty slot in party	45	15	Mineral		15	1920	Erratic	"600,000"	0.8	2′07″	1.2	2.6	50	83	2	0	0	0	0	0	2	Unknown		0	2	1	1	0.5	1	0	0.5	0.5	2	1	0.5	2	2	1	2	1	1					
293	293	Whismur	Whisper Pokémon	Normal									TRUE	TRUE	TRUE	FALSE	FALSE	TRUE	TRUE	TRUE	TRUE	TRUE	TRUE	TRUE	FALSE	FALSE	TRUE	TRUE	TRUE	TRUE	FALSE	FALSE	FALSE	FALSE			FALSE	FALSE	TRUE	TRUE	FALSE	FALSE	TRUE	TRUE								64	51	23	51	23	28	240	Pink	Bipedal+Tail		Soundproof		Rattled		190	63.33	Monster	Field	20	2560	Medium Slow	"1,059,860"	0.6	2′00″	16.3	35.9	50	48	1	0	0	0	0	0	1	50%	50%	1	1	1	1	1	1	2	1	1	1	1	1	1	0	1	1	1	1					
294	294	Loudred	Big Voice Pokémon	Normal									TRUE	TRUE	TRUE	FALSE	FALSE	TRUE	TRUE	TRUE	TRUE	TRUE	TRUE	TRUE	FALSE	FALSE	TRUE	TRUE	TRUE	TRUE	FALSE	FALSE	FALSE	FALSE			FALSE	FALSE	TRUE	TRUE	FALSE	FALSE	TRUE	TRUE								84	71	43	71	43	48	360	Blue	Bipedal+Tail		Soundproof		Scrappy	Level 20	120	40	Monster	Field	20	2560	Medium Slow	"1,059,860"	1	3′03″	40.5	89.3	50	126	2	0	0	0	0	0	2	50%	50%	1	1	1	1	1	1	2	1	1	1	1	1	1	0	1	1	1	1					
295	295	Exploud	Loud Noise Pokémon	Normal									TRUE	TRUE	TRUE	FALSE	FALSE	TRUE	TRUE	TRUE	TRUE	TRUE	TRUE	TRUE	FALSE	FALSE	TRUE	TRUE	TRUE	TRUE	FALSE	FALSE	FALSE	FALSE			FALSE	FALSE	TRUE	TRUE	FALSE	FALSE	TRUE	TRUE								104	91	63	91	73	68	490	Blue	Bipedal+Tail		Soundproof		Scrappy	Level 40	45	15	Monster	Field	20	2560	Medium Slow	"1,059,860"	1.5	4′11″	84	185.2	50	245	3	0	0	0	0	0	3	50%	50%	1	1	1	1	1	1	2	1	1	1	1	1	1	0	1	1	1	1					
296	296	Makuhita	Guts Pokémon	Fighting									TRUE	TRUE	TRUE	FALSE	FALSE	TRUE	TRUE	TRUE	TRUE	TRUE	FALSE	FALSE	TRUE	TRUE	TRUE	TRUE	TRUE	TRUE	TRUE	TRUE	TRUE	TRUE									TRUE	TRUE		TRUE	TRUE	FALSE	FALSE	FALSE	FALSE	72	60	30	20	30	25	237	Yellow	Bipedal+Tailless		Thick Fat	Guts	Sheer Force		180	60	Human-Like		20	2560	Fluctuating	"1,640,000"	1	3′03″	86.4	190.5	50	47	1	0	0	0	0	0	1	75%	25%	1	1	1	1	1	1	1	1	1	2	2	0.5	0.5	1	1	0.5	1	2	116-1|33-1|28-4|292-7|252-10|395-13|18-16|282-19|339-22|187-25|197-28|69-31|264-34|203-37|370-40|179-43|484-46	36-TM|189-TM|182-TM|67-TM|168-TM|886-TM|263-TM|523-TM|129-TM|341-TM|317-TM|490-TM|374-TM|203-TM|241-TM|240-TM|91-TM|280-TM|428-TM|339-TM|34-TM|7-TM|9-TM|8-TM|214-TM|409-TM|118-TM|398-TM|707-TM|156-TM|157-TM|269-TM|776-TM|164-TM|484-TM|57-TM|270-TM|179-TM|89-TM|444-TM|411-TM|370-TM|851-TM|479-TM|282-TM|410-TM|264-TM|38-TM|811-TM|918-TM	418-EM|68-EM|238-EM|223-EM|364-EM|270-EM|469-EM		
297	297	Hariyama	Arm Thrust Pokémon	Fighting									TRUE	TRUE	TRUE	FALSE	FALSE	TRUE	TRUE	TRUE	TRUE	TRUE	FALSE	FALSE	TRUE	TRUE	TRUE	TRUE	TRUE	TRUE	TRUE	TRUE	TRUE	TRUE									TRUE	TRUE		TRUE	TRUE	FALSE	FALSE	FALSE	FALSE	144	120	60	40	60	50	474	Brown	Bipedal+Tailless		Thick Fat	Guts	Sheer Force	Level 24	200	66.67	Human-Like		20	2560	Fluctuating	"1,640,000"	2.3	7′07″	253.8	559.5	50	166	2	0	0	0	0	0	2	75%	25%	1	1	1	1	1	1	1	1	1	2	2	0.5	0.5	1	1	0.5	1	2	292-1|362-1|116-1|28-1|33-1|252-10|395-13|18-16|282-19|339-22|187-26|197-30|69-34|264-38|203-42|370-46|179-50|484-54|838-60	36-TM|189-TM|184-TM|182-TM|67-TM|168-TM|886-TM|263-TM|523-TM|129-TM|341-TM|317-TM|490-TM|374-TM|203-TM|241-TM|240-TM|91-TM|280-TM|428-TM|339-TM|34-TM|7-TM|9-TM|8-TM|214-TM|409-TM|118-TM|398-TM|707-TM|156-TM|157-TM|269-TM|776-TM|442-TM|164-TM|484-TM|57-TM|270-TM|179-TM|89-TM|444-TM|416-TM|411-TM|63-TM|370-TM|851-TM|479-TM|282-TM|410-TM|264-TM|808-TM|38-TM|811-TM|675-TM|174-TM|918-TM	418-EM|68-EM|238-EM|223-EM|364-EM|270-EM|469-EM		
298	298	Azurill	Polka Dot Pokémon	Normal	Fairy								TRUE	TRUE	TRUE	FALSE	TRUE	TRUE	TRUE	TRUE	TRUE	TRUE	TRUE	TRUE	TRUE	TRUE	TRUE	TRUE	TRUE	TRUE	TRUE	TRUE	FALSE	FALSE			FALSE	FALSE	TRUE	TRUE	FALSE	FALSE	TRUE	TRUE		TRUE	TRUE	FALSE	FALSE	FALSE	FALSE	50	20	40	20	40	20	190	Blue	Head+Legs		Thick Fat	Huge Power	Sap Sipper		150	50	No Eggs Discovered		10	1280	Fast	"800,000"	0.2	0′08″	2	4.4	50	38	1	0	0	0	0	0	1	25%	75%	1	1	1	1	1	1	1	2	1	1	1	0.5	1	0	0	0.5	2	1	150-1|39-1|55-1|270-3|61-6|204-9|21-12|340-15	36-TM|204-TM|313-TM|189-TM|182-TM|263-TM|196-TM|341-TM|577-TM|203-TM|240-TM|34-TM|214-TM|113-TM|127-TM|156-TM|164-TM|304-TM|227-TM|57-TM|270-TM|58-TM|59-TM|851-TM|914-TM	453-EM|187-EM|383-EM|195-EM|217-EM|47-EM|487-EM|48-EM|321-EM		
299	299	Nosepass	Compass Pokémon	Rock									TRUE	TRUE	TRUE	FALSE	FALSE	TRUE	TRUE	TRUE	TRUE	TRUE	FALSE	FALSE	TRUE	TRUE	TRUE	TRUE	TRUE	TRUE	TRUE	TRUE	TRUE	TRUE									TRUE	TRUE	TRUE	FALSE	FALSE	TRUE	TRUE	FALSE	FALSE	30	45	135	45	90	30	375	Gray	Bipedal+Tailless		Sturdy	Magnet Pull	Sand Force		255	85	Mineral		20	2560	Medium Fast	"1,000,000"	1	3′03″	97	213.8	50	75	0	0	1	0	0	0	1	50%	50%	0.5	0.5	2	1	2	1	2	0.5	2	0.5	1	1	1	1	1	1	2	1	33-1|106-4|335-7|88-10|86-13|156-16|209-19|157-22|408-25|350-28|435-31|201-34|414-37|444-40|199-43|192-43	36-TM|182-TM|263-TM|523-TM|317-TM|203-TM|521-TM|241-TM|201-TM|34-TM|7-TM|9-TM|8-TM|214-TM|350-TM|605-TM|86-TM|707-TM|156-TM|157-TM|269-TM|776-TM|430-TM|408-TM|164-TM|334-TM|446-TM|484-TM|85-TM|270-TM|414-TM|89-TM|444-TM|87-TM|796-TM|851-TM|328-TM|356-TM|479-TM|667-TM|220-TM|38-TM|800-TM|174-TM	38-EM|457-EM|205-EM|469-EM		
300	300	Skitty	Kitten Pokémon	Normal									TRUE	TRUE	TRUE	FALSE	FALSE	TRUE	TRUE	TRUE	TRUE	TRUE	FALSE	FALSE	FALSE	TRUE	TRUE	TRUE	TRUE	TRUE	FALSE	FALSE	FALSE	FALSE									TRUE	TRUE								50	45	45	35	35	50	260	Red	Quadruped		Cute Charm	Normalize	Wonder Skin		255	85	Field	Fairy	15	1920	Fast	"800,000"	0.6	2′00″	11	24.3	50	52	0	0	0	0	0	1	1	25%	75%	1	1	1	1	1	1	2	1	1	1	1	1	1	0	1	1	1	1					
301	301	Delcatty	Prim Pokémon	Normal									TRUE	TRUE	TRUE	FALSE	FALSE	TRUE	TRUE	TRUE	TRUE	TRUE	FALSE	FALSE	FALSE	TRUE	TRUE	TRUE	TRUE	TRUE	FALSE	FALSE	FALSE	FALSE									TRUE	TRUE								70	65	65	55	55	90	400	Purple	Quadruped		Cute Charm	Normalize	Wonder Skin	Moon Stone	60	20	Field	Fairy	15	1920	Fast	"800,000"	1.1	3′07″	32.6	71.9	50	140	1	0	0	0	0	1	2	25%	75%	1	1	1	1	1	1	2	1	1	1	1	1	1	0	1	1	1	1					
302	302	Sableye	Darkness Pokémon	Dark	Ghost								FALSE	TRUE	TRUE	FALSE	FALSE	TRUE	TRUE	TRUE	TRUE	FALSE	TRUE	TRUE	TRUE	TRUE	TRUE	TRUE	TRUE	TRUE	TRUE	TRUE	TRUE	TRUE			FALSE	TRUE	FALSE	FALSE	TRUE	TRUE	TRUE	TRUE		TRUE	TRUE	FALSE	FALSE	FALSE	FALSE	50	75	75	65	65	50	380	Purple	Bipedal+Tailless		Keen Eye	Stall	Prankster		45	15	Human-Like		25	3200	Medium Slow	"1,059,860"	0.5	1′08″	11	24.3	35	133	0	1	1	0	0	0	2	50%	50%	0	1	1	1	1	1	0	0.5	1	1	0	1	1	1	1	1	1	2	43-1|10-1|310-3|425-9|252-12|50-15|197-18|101-21|154-24|282-27|511-30|421-33|212-36|408-39|428-42|247-45|492-48	36-TM|189-TM|182-TM|67-TM|60-TM|109-TM|168-TM|263-TM|332-TM|506-TM|555-TM|232-TM|196-TM|341-TM|317-TM|490-TM|101-TM|374-TM|203-TM|241-TM|240-TM|91-TM|280-TM|428-TM|421-TM|492-TM|339-TM|34-TM|7-TM|9-TM|8-TM|214-TM|409-TM|115-TM|113-TM|605-TM|118-TM|86-TM|398-TM|156-TM|269-TM|286-TM|399-TM|285-TM|408-TM|164-TM|404-TM|261-TM|271-TM|202-TM|247-TM|412-TM|94-TM|227-TM|347-TM|270-TM|417-TM|566-TM|416-TM|63-TM|851-TM|180-TM|356-TM|360-TM|282-TM|264-TM|809-TM|808-TM|220-TM|244-TM|806-TM|675-TM	364-EM|260-EM|368-EM|105-EM|389-EM|259-EM		
302		Mega Sableye	Darkness Pokémon	Dark	Ghost																								TRUE	TRUE	TRUE	TRUE	TRUE	TRUE																		50	85	125	85	115	20	480	Purple	Bipedal+Tailless		Magic Bounce			Sablenite		0			25	3200	Medium Slow	"1,059,860"	0.5	1′08″	161	354.9	35	168	0	1	1	0	0	0	2	50%	50%	0	1	1	1	1	1	0	0.5	1	1	0	1	1	1	1	1	1	2					
303	303	Mawile	Deceiver Pokémon	Steel	Fairy								TRUE	FALSE	TRUE	FALSE	FALSE	TRUE	TRUE	TRUE	FALSE	TRUE	TRUE	TRUE	TRUE	TRUE	TRUE	TRUE	TRUE	TRUE	FALSE	FALSE	TRUE	TRUE			TRUE	FALSE	FALSE	FALSE	TRUE	FALSE	TRUE	TRUE								50	85	85	55	55	50	380	Black	Bipedal+Tailless		Hyper Cutter	Intimidate	Sheer Force		45	15	Field	Fairy	20	2560	Fast	"800,000"	0.6	2′00″	11.5	25.4	50	133	0	1	1	0	0	0	2	50%	50%	0.5	2	1	1	0.5	0.5	1	0	2	0.5	0.5	0.25	0.5	1	0	0.5	1	0.5					
303		Mega Mawile	Deceiver Pokémon	Steel	Fairy																						TRUE	TRUE	TRUE	TRUE	FALSE	FALSE	TRUE	TRUE																		50	105	125	55	95	50	480	Black	Bipedal+Tailless		Huge Power			Mawilite		0			20	2560	Fast	"800,000"	1	3′03″	23.5	51.8	50	168	0	1	1	0	0	0	2	50%	50%	0.5	2	1	1	0.5	0.5	1	0	2	0.5	0.5	0.25	0.5	1	0	0.5	1	0.5					
304	304	Aron	Iron Armor Pokémon	Steel	Rock								TRUE	TRUE	TRUE	FALSE	FALSE	TRUE	FALSE	TRUE	TRUE	TRUE	TRUE	TRUE	TRUE	TRUE	TRUE	FALSE	TRUE	TRUE	FALSE	FALSE	TRUE	TRUE			FALSE	FALSE	FALSE	FALSE	TRUE	TRUE	TRUE	TRUE								50	70	100	40	40	30	330	Gray	Quadruped		Sturdy	Rock Head	Heavy Metal		180	60	Monster		35	4480	Slow	"1,250,000"	0.4	1′04″	60	132.3	35	66	0	0	1	0	0	0	1	50%	50%	0.25	1	2	1	1	0.5	4	0	4	0.25	0.5	0.5	0.5	1	0.5	1	1	0.5					
305	305	Lairon	Iron Armor Pokémon	Steel	Rock								TRUE	TRUE	TRUE	FALSE	FALSE	TRUE	FALSE	TRUE	TRUE	TRUE	TRUE	TRUE	TRUE	TRUE	TRUE	FALSE	TRUE	TRUE	FALSE	FALSE	TRUE	TRUE			FALSE	FALSE	FALSE	FALSE	TRUE	TRUE	TRUE	TRUE								60	90	140	50	50	40	430	Gray	Quadruped		Sturdy	Rock Head	Heavy Metal	Level 32	90	30	Monster		35	4480	Slow	"1,250,000"	0.9	2′11″	120	264.6	35	151	0	0	2	0	0	0	2	50%	50%	0.25	1	2	1	1	0.5	4	0	4	0.25	0.5	0.5	0.5	1	0.5	1	1	0.5					
306	306	Aggron	Iron Armor Pokémon	Steel	Rock								TRUE	TRUE	TRUE	FALSE	FALSE	TRUE	FALSE	TRUE	TRUE	TRUE	TRUE	TRUE	TRUE	TRUE	TRUE	FALSE	TRUE	TRUE	FALSE	FALSE	TRUE	TRUE			FALSE	FALSE	FALSE	FALSE	TRUE	TRUE	TRUE	TRUE								70	110	180	60	60	50	530	Gray	Bipedal+Tail		Sturdy	Rock Head	Heavy Metal	Level 42	45	15	Monster		35	4480	Slow	"1,250,000"	2.1	6′11″	360	793.7	35	265	0	0	3	0	0	0	3	50%	50%	0.25	1	2	1	1	0.5	4	0	4	0.25	0.5	0.5	0.5	1	0.5	1	1	0.5					
306		Mega Aggron	Iron Armor Pokémon	Steel																							TRUE	TRUE	TRUE	TRUE	FALSE	FALSE	TRUE	TRUE																		70	140	230	60	80	50	630	Gray	Bipedal+Tail		Filter			Aggronite		0			35	4480	Slow	"1,250,000"	2.2	7′03″	395	870.8	35	315	0	0	3	0	0	0	3	50%	50%	0.5	2	1	1	0.5	0.5	2	0	2	0.5	0.5	0.5	0.5	1	0.5	1	0.5	0.5					
307	307	Meditite	Meditate Pokémon	Fighting	Psychic								TRUE	TRUE	FALSE	FALSE	FALSE	TRUE	TRUE	TRUE	TRUE	TRUE	FALSE	FALSE	TRUE	TRUE	TRUE	TRUE	TRUE	TRUE	FALSE	FALSE	TRUE	TRUE									TRUE	TRUE		TRUE	TRUE	FALSE	FALSE	FALSE	FALSE	30	40	55	40	55	60	280	Blue	Bipedal+Tailless		Pure Power		Telepathy		180	60	Human-Like		20	2560	Medium Fast	"1,000,000"	0.6	2′00″	11.2	24.7	50	56	0	0	0	0	0	1	1	50%	50%	1	1	1	1	1	1	0.5	1	1	2	1	1	0.5	2	1	1	1	2	93-1|526-1|197-9|203-12|364-15|395-17|60-20|347-23|428-25|136-28|244-31|367-33|379-36|179-39|105-41|68-44	36-TM|182-TM|67-TM|60-TM|168-TM|885-TM|263-TM|332-TM|129-TM|317-TM|490-TM|500-TM|101-TM|374-TM|203-TM|241-TM|240-TM|473-TM|280-TM|428-TM|339-TM|34-TM|7-TM|9-TM|8-TM|214-TM|409-TM|115-TM|113-TM|118-TM|447-TM|398-TM|156-TM|157-TM|269-TM|286-TM|285-TM|164-TM|271-TM|247-TM|94-TM|347-TM|270-TM|226-TM|179-TM|678-TM|411-TM|433-TM|370-TM|851-TM|264-TM|220-TM|244-TM|797-TM|918-TM	226-EM|418-EM|223-EM|252-EM|7-EM|385-EM|8-EM|384-EM|427-EM|501-EM|9-EM		
308	308	Medicham	Meditate Pokémon	Fighting	Psychic								TRUE	TRUE	FALSE	FALSE	FALSE	TRUE	TRUE	TRUE	TRUE	TRUE	FALSE	FALSE	TRUE	TRUE	TRUE	TRUE	TRUE	TRUE	FALSE	FALSE	TRUE	TRUE									TRUE	TRUE		TRUE	TRUE	FALSE	FALSE	FALSE	FALSE	60	60	75	60	75	80	410	Red	Bipedal+Tailless		Pure Power		Telepathy	Level 37	90	30	Human-Like		20	2560	Medium Fast	"1,000,000"	1.3	4′03″	31.5	69.4	50	144	0	0	0	0	0	2	2	50%	50%	1	1	1	1	1	1	0.5	1	1	2	1	1	0.5	2	1	1	1	2	93-1|197-1|7-1|8-1|9-1|526-1|203-12|364-15|395-17|60-20|347-23|428-25|136-28|244-31|367-33|379-36|105-47|853-53|68-53	36-TM|182-TM|67-TM|60-TM|168-TM|885-TM|263-TM|332-TM|129-TM|317-TM|490-TM|500-TM|101-TM|374-TM|203-TM|241-TM|240-TM|473-TM|280-TM|428-TM|339-TM|34-TM|7-TM|9-TM|8-TM|214-TM|409-TM|115-TM|113-TM|118-TM|447-TM|398-TM|156-TM|157-TM|269-TM|286-TM|285-TM|164-TM|271-TM|396-TM|247-TM|412-TM|94-TM|347-TM|270-TM|226-TM|179-TM|678-TM|416-TM|411-TM|433-TM|63-TM|370-TM|851-TM|356-TM|410-TM|264-TM|220-TM|244-TM|797-TM|918-TM	226-EM|418-EM|223-EM|252-EM|7-EM|385-EM|8-EM|384-EM|427-EM|501-EM|9-EM		
308		Mega Medicham	Meditate Pokémon	Fighting	Psychic																						TRUE	TRUE	TRUE	TRUE	FALSE	FALSE	TRUE	TRUE																		60	100	85	80	85	100	510	Red	Bipedal+Tailless		Pure Power			Medichamite		0			20	2560	Medium Fast	"1,000,000"	1.3	4′03″	31.5	69.4	50	179	0	0	0	0	0	2	2	50%	50%	1	1	1	1	1	1	0.5	1	1	2	1	1	0.5	2	1	1	1	2					
309	309	Electrike	Lightning Pokémon	Electric									TRUE	TRUE	TRUE	FALSE	FALSE	TRUE	TRUE	TRUE	TRUE	TRUE	FALSE	FALSE	TRUE	TRUE	FALSE	TRUE	TRUE	TRUE	FALSE	FALSE	TRUE	TRUE			TRUE	TRUE	FALSE	FALSE	FALSE	FALSE	TRUE	TRUE								40	45	40	65	40	65	295	Green	Quadruped		Static	Lightning Rod	Minus		120	40	Field		20	2560	Slow	"1,250,000"	0.6	2′00″	15.2	33.5	50	59	0	0	0	0	0	1	1	50%	50%	1	1	1	0.5	1	1	1	1	2	0.5	1	1	1	1	1	1	0.5	1					
310	310	Manectric	Discharge Pokémon	Electric									TRUE	TRUE	TRUE	FALSE	FALSE	TRUE	TRUE	TRUE	TRUE	TRUE	FALSE	FALSE	TRUE	TRUE	FALSE	TRUE	TRUE	TRUE	FALSE	FALSE	TRUE	TRUE			TRUE	TRUE	FALSE	FALSE	FALSE	FALSE	TRUE	TRUE								70	75	60	105	60	105	475	Yellow	Quadruped		Static	Lightning Rod	Minus	Level 26	45	15	Field		20	2560	Slow	"1,250,000"	1.5	4′11″	40.2	88.6	50	166	0	0	0	0	0	2	2	50%	50%	1	1	1	0.5	1	1	1	1	2	0.5	1	1	1	1	1	1	0.5	1					
310		Mega Manectric	Discharge Pokémon	Electric																							TRUE	TRUE	TRUE	TRUE	FALSE	FALSE	TRUE	TRUE																		70	75	80	135	80	135	575	Yellow	Quadruped		Intimidate			Manectite		0			20	2560	Slow	"1,250,000"	1.8	5′11″	44	97	50	201	0	0	0	0	0	2	2	50%	50%	1	1	1	0.5	1	1	1	1	2	0.5	1	1	1	1	1	1	0.5	1					
311	311	Plusle	Cheering Pokémon	Electric									TRUE	TRUE	TRUE	FALSE	FALSE	TRUE	TRUE	TRUE	TRUE	TRUE	TRUE	FALSE	TRUE	TRUE	TRUE	TRUE	TRUE	TRUE	FALSE	FALSE	FALSE	FALSE									TRUE	TRUE		FALSE	FALSE	FALSE	FALSE	TRUE	TRUE	60	50	40	85	75	95	405	Yellow	Bipedal+Tail		Plus		Lightning Rod		200	66.67	Fairy		20	2560	Medium Fast	"1,000,000"	0.4	1′04″	4.2	9.3	50	142	0	0	0	0	0	1	1	50%	50%	1	1	1	0.5	1	1	1	1	2	0.5	1	1	1	1	1	1	0.5	1	45-1|589-1|98-1|86-1|270-4|209-7|227-10|415-13|129-16|486-19|383-22|268-26|435-31|226-34|97-37|387-40|87-43|417-46|494-49	204-TM|313-TM|97-TM|189-TM|182-TM|885-TM|451-TM|263-TM|129-TM|374-TM|203-TM|521-TM|240-TM|9-TM|214-TM|486-TM|113-TM|447-TM|86-TM|156-TM|598-TM|285-TM|164-TM|227-TM|85-TM|583-TM|270-TM|226-TM|604-TM|417-TM|528-TM|87-TM|851-TM|268-TM|162-TM|253-TM|283-TM|527-TM|914-TM	204-EM|47-EM|186-EM|273-EM		609-R
312	312	Minun	Cheering Pokémon	Electric									TRUE	TRUE	TRUE	FALSE	FALSE	TRUE	TRUE	TRUE	TRUE	TRUE	FALSE	TRUE	FALSE	TRUE	TRUE	TRUE	TRUE	TRUE	FALSE	FALSE	FALSE	FALSE									TRUE	TRUE		FALSE	FALSE	FALSE	FALSE	TRUE	TRUE	60	40	50	75	85	95	405	Yellow	Bipedal+Tail		Minus		Volt Absorb		200	66.67	Fairy		20	2560	Medium Fast	"1,000,000"	0.4	1′04″	4.2	9.3	50	142	0	0	0	0	0	1	1	50%	50%	1	1	1	0.5	1	1	1	1	2	0.5	1	1	1	1	1	1	0.5	1	45-1|589-1|98-1|86-1|270-4|209-7|227-10|415-13|129-16|486-19|383-22|268-26|435-31|226-34|97-37|387-40|87-43|417-46|494-49	204-TM|313-TM|97-TM|189-TM|182-TM|885-TM|451-TM|263-TM|129-TM|374-TM|203-TM|521-TM|240-TM|9-TM|214-TM|486-TM|113-TM|447-TM|86-TM|156-TM|164-TM|227-TM|85-TM|583-TM|270-TM|226-TM|604-TM|417-TM|528-TM|87-TM|851-TM|268-TM|162-TM|253-TM|283-TM|527-TM|914-TM	204-EM|313-EM|47-EM|186-EM|273-EM		609-R
313	313	Volbeat	Firefly Pokémon	Bug									TRUE	TRUE	TRUE	FALSE	FALSE	TRUE	TRUE	TRUE	TRUE	TRUE	TRUE	FALSE	TRUE	FALSE	TRUE	TRUE	TRUE	TRUE	FALSE	FALSE	FALSE	FALSE									TRUE	TRUE		FALSE	FALSE	TRUE	TRUE	FALSE	FALSE	65	73	75	47	85	85	430	Gray	Bipedal+Tail		Illuminate	Swarm	Prankster		150	50	Bug	Human-Like	15	1920	Erratic	"600,000"	0.7	2′04″	17.7	39	50	151	0	0	0	0	0	1	1	100%	0%	1	2	1	1	0.5	1	0.5	1	0.5	2	1	1	2	1	1	1	1	1	33-1|104-5|109-8|98-12|522-15|236-19|294-22|182-26|428-29|270-33|405-36|583-40|38-43|611-47	36-TM|189-TM|182-TM|352-TM|512-TM|522-TM|109-TM|168-TM|885-TM|884-TM|886-TM|451-TM|263-TM|332-TM|129-TM|314-TM|374-TM|203-TM|241-TM|240-TM|280-TM|428-TM|369-TM|403-TM|34-TM|9-TM|8-TM|214-TM|113-TM|605-TM|118-TM|86-TM|156-TM|269-TM|164-TM|271-TM|202-TM|366-TM|247-TM|227-TM|583-TM|270-TM|226-TM|405-TM|87-TM|76-TM|851-TM|450-TM|679-TM|264-TM|38-TM|283-TM|806-TM	68-EM|355-EM|69-EM|207-EM		
314	314	Illumise	Firefly Pokémon	Bug									TRUE	TRUE	TRUE	FALSE	FALSE	TRUE	TRUE	TRUE	TRUE	TRUE	FALSE	TRUE	FALSE	TRUE	TRUE	TRUE	TRUE	TRUE	FALSE	FALSE	FALSE	FALSE									TRUE	TRUE		FALSE	FALSE	TRUE	TRUE	FALSE	FALSE	65	47	75	73	85	85	430	Purple	Bipedal+Tailless		Oblivious	Tinted Lens	Prankster		150	50	Bug	Human-Like	15	1920	Fluctuating	"1,640,000"	0.6	2′00″	17.7	39	50	151	0	0	0	0	0	1	1	0%	100%	1	2	1	1	0.5	1	0.5	1	0.5	2	1	1	2	1	1	1	1	1	589-1|33-1|230-5|204-9|98-12|522-15|236-19|273-22|227-26|260-29|428-33|270-36|405-40|583-43|611-47	36-TM|204-TM|313-TM|189-TM|182-TM|352-TM|512-TM|522-TM|109-TM|168-TM|574-TM|885-TM|884-TM|451-TM|263-TM|332-TM|129-TM|577-TM|314-TM|374-TM|203-TM|241-TM|240-TM|280-TM|428-TM|369-TM|403-TM|9-TM|8-TM|214-TM|113-TM|605-TM|118-TM|86-TM|156-TM|164-TM|271-TM|202-TM|366-TM|247-TM|227-TM|85-TM|583-TM|270-TM|226-TM|405-TM|87-TM|76-TM|851-TM|450-TM|264-TM|244-TM|38-TM|283-TM|806-TM	213-EM|74-EM|355-EM		
315	315	Roselia	Thorn Pokémon	Grass	Poison								TRUE	TRUE	FALSE	FALSE	FALSE	TRUE	TRUE	TRUE	TRUE	TRUE	TRUE	TRUE	TRUE	TRUE	TRUE	TRUE	TRUE	TRUE	TRUE	TRUE	FALSE	FALSE			TRUE	TRUE	FALSE	FALSE	FALSE	FALSE	TRUE	TRUE	TRUE							50	60	45	100	80	65	400	Green	Bipedal+Tailless		Natural Cure	Poison Point	Leaf Guard	High friendship during daytime	150	50	Fairy	Grass	20	2560	Medium Slow	"1,059,860"	0.3	1′00″	2	4.4	50	140	0	0	0	2	0	0	2	50%	50%	1	2	0.5	0.5	0.25	2	0.5	1	1	2	2	1	1	1	1	1	1	0.5					
316	316	Gulpin	Stomach Pokémon	Poison									TRUE	TRUE	TRUE	FALSE	FALSE	TRUE	TRUE	TRUE	FALSE	TRUE	FALSE	FALSE	TRUE	TRUE	TRUE	TRUE	TRUE	TRUE	FALSE	FALSE	FALSE	FALSE									TRUE	TRUE		FALSE	TRUE	FALSE	FALSE	FALSE	FALSE	70	43	53	43	53	40	302	Green	Head+Arms		Liquid Ooze	Sticky Hold	Gluttony		225	75	Amorphous		20	2560	Fluctuating	"1,640,000"	0.4	1′04″	10.3	22.7	50	60	1	0	0	0	0	0	1	50%	50%	1	1	1	1	0.5	1	0.5	0.5	2	1	2	0.5	1	1	1	1	1	0.5	1-1|281-5|139-8|124-10|133-12|491-17|227-20|92-25|255-28|254-28|256-28|188-33|380-36|562-41|220-44|441-49	36-TM|189-TM|182-TM|352-TM|491-TM|168-TM|263-TM|341-TM|374-TM|474-TM|203-TM|241-TM|240-TM|331-TM|34-TM|7-TM|9-TM|8-TM|214-TM|402-TM|86-TM|398-TM|156-TM|14-TM|390-TM|441-TM|164-TM|202-TM|247-TM|227-TM|133-TM|270-TM|58-TM|188-TM|76-TM|851-TM|92-TM|220-TM|482-TM|174-TM	151-EM|499-EM|174-EM|194-EM|189-EM|123-EM|747-EM		
317	317	Swalot	Poison Bag Pokémon	Poison									TRUE	TRUE	TRUE	FALSE	FALSE	TRUE	TRUE	TRUE	FALSE	TRUE	FALSE	FALSE	TRUE	TRUE	TRUE	TRUE	TRUE	TRUE	FALSE	FALSE	FALSE	FALSE									TRUE	TRUE		FALSE	TRUE	FALSE	FALSE	FALSE	FALSE	100	73	83	73	83	55	467	Purple	Head+Arms		Liquid Ooze	Sticky Hold	Gluttony	Level 26	75	25	Amorphous		20	2560	Fluctuating	"1,640,000"	1.7	5′07″	80	176.4	50	163	2	0	0	0	0	0	2	50%	50%	1	1	1	1	0.5	1	0.5	0.5	2	1	2	0.5	1	1	1	1	1	0.5	441-1|139-1|1-1|124-1|281-1|133-12|491-17|227-20|92-25|255-30|254-30|256-30|188-37|380-42|562-49	36-TM|189-TM|182-TM|352-TM|491-TM|168-TM|263-TM|523-TM|341-TM|374-TM|474-TM|203-TM|241-TM|240-TM|331-TM|280-TM|428-TM|34-TM|7-TM|9-TM|8-TM|214-TM|402-TM|118-TM|86-TM|398-TM|156-TM|14-TM|776-TM|390-TM|441-TM|164-TM|202-TM|247-TM|227-TM|133-TM|270-TM|58-TM|188-TM|89-TM|416-TM|63-TM|76-TM|851-TM|92-TM|282-TM|220-TM|38-TM|482-TM|174-TM	151-EM|499-EM|174-EM|194-EM|189-EM|123-EM|747-EM	34-EV	
318	318	Carvanha	Savage Pokémon	Water	Dark								TRUE	TRUE	TRUE	FALSE	FALSE	TRUE	TRUE	TRUE	TRUE	TRUE	TRUE	TRUE	TRUE	TRUE	TRUE	TRUE	TRUE	TRUE	TRUE	TRUE	TRUE	TRUE			FALSE	FALSE	TRUE	TRUE	FALSE	FALSE	TRUE	TRUE								45	90	20	65	20	65	305	Red	Fins		Rough Skin		Speed Boost		225	75	Water 2		20	2560	Slow	"1,250,000"	0.8	2′07″	20.8	45.9	35	61	0	1	0	0	0	0	1	50%	50%	1	0.5	0.5	2	2	0.5	2	1	1	1	0	2	1	0.5	1	0.5	0.5	2					
319	319	Sharpedo	Brutal Pokémon	Water	Dark								TRUE	TRUE	TRUE	FALSE	FALSE	TRUE	TRUE	TRUE	TRUE	TRUE	TRUE	TRUE	TRUE	TRUE	TRUE	TRUE	TRUE	TRUE	TRUE	TRUE	TRUE	TRUE			FALSE	FALSE	TRUE	TRUE	FALSE	FALSE	TRUE	TRUE								70	120	40	95	40	95	460	Blue	Fins		Rough Skin		Speed Boost	Level 30	60	20	Water 2		20	2560	Slow	"1,250,000"	1.8	5′11″	88.8	195.8	35	161	0	2	0	0	0	0	2	50%	50%	1	0.5	0.5	2	2	0.5	2	1	1	1	0	2	1	0.5	1	0.5	0.5	2					
319		Mega Sharpedo	Brutal Pokémon	Water	Dark																								TRUE	TRUE	TRUE	TRUE	TRUE	TRUE																		70	140	70	110	65	105	560	Blue	Fins		Strong Jaw			Sharpedonite		0			20	2560	Slow	"1,250,000"	2.5	8′02″	130.3	287.3	35	196	0	2	0	0	0	0	2	50%	50%	1	0.5	0.5	2	2	0.5	2	1	1	1	0	2	1	0.5	1	0.5	0.5	2					
320	320	Wailmer	Ball Whale Pokémon	Water									TRUE	TRUE	TRUE	FALSE	FALSE	TRUE	TRUE	TRUE	TRUE	TRUE	TRUE	TRUE	TRUE	TRUE	TRUE	TRUE	TRUE	TRUE	TRUE	TRUE	TRUE	TRUE			TRUE	TRUE	TRUE	TRUE	FALSE	FALSE	TRUE	TRUE								130	70	35	70	35	60	400	Blue	Fins		Water Veil	Oblivious	Pressure		125	41.67	Field	Water 2	40	5120	Fluctuating	"1,640,000"	2	6′07″	130	286.6	50	80	1	0	0	0	0	0	1	50%	50%	1	0.5	0.5	2	2	0.5	1	1	1	1	1	1	1	1	1	1	0.5	1					
321	321	Wailord	Float Whale Pokémon	Water									TRUE	TRUE	TRUE	FALSE	FALSE	TRUE	TRUE	TRUE	TRUE	TRUE	TRUE	TRUE	TRUE	TRUE	TRUE	TRUE	TRUE	TRUE	TRUE	TRUE	TRUE	TRUE			TRUE	TRUE	TRUE	TRUE	FALSE	FALSE	TRUE	TRUE								170	90	45	90	45	60	500	Blue	Fins		Water Veil	Oblivious	Pressure	Level 40	60	20	Field	Water 2	40	5120	Fluctuating	"1,640,000"	14.5	47′07″	398	877.4	50	175	2	0	0	0	0	0	2	50%	50%	1	0.5	0.5	2	2	0.5	1	1	1	1	1	1	1	1	1	1	0.5	1					
322	322	Numel	Numb Pokémon	Fire	Ground								TRUE	TRUE	TRUE	FALSE	FALSE	TRUE	TRUE	TRUE	TRUE	TRUE	FALSE	FALSE	FALSE	TRUE	TRUE	TRUE	TRUE	TRUE	FALSE	FALSE	FALSE	FALSE									TRUE	TRUE		TRUE	TRUE	FALSE	FALSE	TRUE	TRUE	60	60	40	65	45	35	305	Yellow	Quadruped		Oblivious	Simple	Own Tempo		255	85	Field		20	2560	Medium Fast	"1,000,000"	0.7	2′04″	24	52.9	50	61	0	0	0	1	0	0	1	50%	50%	1	0.5	4	0	1	1	1	0.5	2	1	1	0.5	1	1	1	1	0.5	0.5	45-1|33-1|52-5|116-8|523-12|510-15|133-19|436-22|414-26|174-29|36-31|89-40|53-43|38-47	36-TM|204-TM|189-TM|184-TM|182-TM|885-TM|83-TM|263-TM|523-TM|341-TM|317-TM|488-TM|203-TM|241-TM|240-TM|201-TM|91-TM|428-TM|34-TM|214-TM|707-TM|156-TM|157-TM|776-TM|430-TM|442-TM|164-TM|261-TM|446-TM|257-TM|484-TM|53-TM|133-TM|270-TM|414-TM|126-TM|89-TM|444-TM|315-TM|394-TM|851-TM|46-TM|667-TM|535-TM|808-TM|38-TM|283-TM|915-TM|815-TM|174-TM	246-EM|34-EM|111-EM|74-EM|257-EM|484-EM|336-EM|442-EM|205-EM|184-EM|255-EM|254-EM|23-EM|256-EM|281-EM		
323	323	Camerupt	Eruption Pokémon	Fire	Ground								TRUE	TRUE	TRUE	FALSE	FALSE	TRUE	TRUE	TRUE	TRUE	TRUE	FALSE	FALSE	FALSE	TRUE	TRUE	TRUE	TRUE	TRUE	FALSE	FALSE	FALSE	FALSE									TRUE	TRUE		TRUE	TRUE	FALSE	FALSE	TRUE	TRUE	70	100	70	105	75	40	460	Red	Quadruped		Magma Armor	Solid Rock	Anger Point	Level 33	150	50	Field		20	2560	Medium Fast	"1,000,000"	1.9	6′03″	220	485	50	161	0	1	0	1	0	0	2	50%	50%	1	0.5	4	0	1	1	1	0.5	2	1	1	0.5	1	1	1	1	0.5	0.5	52-1|284-1|90-1|116-1|45-1|33-1|523-12|510-15|133-19|436-22|414-26|174-29|36-31|281-39|89-46	36-TM|204-TM|189-TM|184-TM|182-TM|885-TM|83-TM|263-TM|523-TM|341-TM|317-TM|488-TM|203-TM|241-TM|240-TM|201-TM|91-TM|428-TM|34-TM|214-TM|707-TM|156-TM|157-TM|776-TM|430-TM|442-TM|164-TM|261-TM|446-TM|257-TM|484-TM|53-TM|133-TM|270-TM|414-TM|126-TM|89-TM|444-TM|416-TM|315-TM|63-TM|394-TM|76-TM|851-TM|46-TM|479-TM|667-TM|535-TM|808-TM|38-TM|283-TM|915-TM|815-TM|174-TM	246-EM|34-EM|111-EM|74-EM|257-EM|484-EM|336-EM|442-EM|205-EM|184-EM|255-EM|254-EM|23-EM|256-EM|281-EM	157-EV	
323		Mega Camerupt	Eruption Pokémon	Fire	Ground																								TRUE	TRUE	FALSE	FALSE	TRUE	TRUE																		70	120	100	145	105	20	560	Red	Quadruped		Sheer Force			Cameruptite		0			20	2560	Medium Fast	"1,000,000"	2.5	8′02″	320.5	706.6	50	196	0	1	0	1	0	0	2	50%	50%	1	0.5	4	0	1	1	1	0.5	2	1	1	0.5	1	1	1	1	0.5	0.5					
324	324	Torkoal	Coal Pokémon	Fire									TRUE	TRUE	TRUE	FALSE	FALSE	TRUE	TRUE	TRUE	TRUE	TRUE	FALSE	FALSE	FALSE	FALSE	TRUE	TRUE	TRUE	TRUE	TRUE	TRUE	TRUE	TRUE			TRUE	TRUE	TRUE	TRUE	FALSE	FALSE	TRUE	TRUE		TRUE	TRUE	FALSE	FALSE	TRUE	TRUE	70	85	140	85	70	20	470	Brown	Quadruped		White Smoke	Drought	Shell Armor		90	30	Field		20	2560	Medium Fast	"1,000,000"	0.5	1′08″	80.4	177.3	50	165	0	0	2	0	0	0	2	50%	50%	1	0.5	2	1	0.5	0.5	1	1	2	1	1	0.5	2	1	1	1	0.5	0.5	52-1|123-1|110-4|229-8|108-12|499-16|172-20|182-24|436-28|34-32|334-36|53-40|174-44|257-48|133-52|517-56|504-60|284-64	36-TM|182-TM|83-TM|263-TM|523-TM|317-TM|488-TM|203-TM|241-TM|201-TM|428-TM|34-TM|214-TM|707-TM|156-TM|157-TM|776-TM|164-TM|334-TM|261-TM|446-TM|257-TM|484-TM|53-TM|133-TM|270-TM|414-TM|126-TM|188-TM|89-TM|444-TM|416-TM|315-TM|63-TM|394-TM|76-TM|851-TM|360-TM|535-TM|311-TM|807-TM|38-TM|915-TM|815-TM|174-TM	246-EM|90-EM|175-EM|281-EM		
325	325	Spoink	Bounce Pokémon	Psychic									TRUE	TRUE	TRUE	FALSE	FALSE	TRUE	TRUE	TRUE	TRUE	TRUE	FALSE	FALSE	TRUE	FALSE	TRUE	TRUE	TRUE	TRUE	FALSE	FALSE	TRUE	TRUE									TRUE	TRUE		TRUE	TRUE	TRUE	TRUE	FALSE	FALSE	60	25	35	70	80	60	330	Black	Head+Arms		Thick Fat	Own Tempo	Gluttony		255	85	Field		20	2560	Fast	"800,000"	0.7	2′04″	30.6	67.5	50	66	0	0	0	0	1	0	1	50%	50%	1	1	1	1	1	1	0.5	1	1	1	0.5	2	1	2	1	2	1	1	150-1|93-7|45-10|60-14|244-18|109-22|408-29|156-29|173-33|473-38|371-40|94-44|340-50	36-TM|182-TM|60-TM|109-TM|168-TM|885-TM|886-TM|451-TM|263-TM|555-TM|129-TM|196-TM|500-TM|101-TM|203-TM|241-TM|240-TM|883-TM|473-TM|428-TM|34-TM|214-TM|115-TM|113-TM|605-TM|447-TM|86-TM|156-TM|269-TM|286-TM|430-TM|285-TM|408-TM|164-TM|271-TM|247-TM|94-TM|227-TM|133-TM|347-TM|270-TM|678-TM|433-TM|851-TM|679-TM|253-TM|244-TM|283-TM|248-TM|797-TM	133-EM|326-EM|248-EM|243-EM|493-EM|271-EM|18-EM|428-EM		
326	326	Grumpig	Manipulate Pokémon	Psychic									TRUE	TRUE	TRUE	FALSE	FALSE	TRUE	TRUE	TRUE	TRUE	TRUE	FALSE	FALSE	TRUE	FALSE	TRUE	TRUE	TRUE	TRUE	FALSE	FALSE	TRUE	TRUE									TRUE	TRUE		TRUE	TRUE	TRUE	TRUE	FALSE	FALSE	80	45	65	90	110	80	470	Purple	Bipedal+Tail		Thick Fat	Own Tempo	Gluttony	Level 32	60	20	Field		20	2560	Fast	"800,000"	0.9	2′11″	71.5	157.6	50	165	0	0	0	0	2	0	2	50%	50%	1	1	1	1	1	1	0.5	1	1	1	0.5	2	1	2	1	2	1	1	562-1|93-1|60-1|150-1|244-18|109-22|428-26|408-29|156-35|173-35|473-42|371-46|94-52|340-60	36-TM|189-TM|182-TM|67-TM|60-TM|109-TM|168-TM|885-TM|886-TM|451-TM|263-TM|523-TM|555-TM|129-TM|196-TM|341-TM|490-TM|500-TM|101-TM|374-TM|203-TM|241-TM|240-TM|883-TM|473-TM|91-TM|280-TM|428-TM|34-TM|7-TM|9-TM|8-TM|214-TM|402-TM|409-TM|115-TM|113-TM|605-TM|118-TM|447-TM|86-TM|707-TM|156-TM|269-TM|776-TM|286-TM|430-TM|285-TM|408-TM|164-TM|271-TM|247-TM|304-TM|412-TM|94-TM|227-TM|133-TM|347-TM|270-TM|414-TM|678-TM|417-TM|416-TM|411-TM|433-TM|63-TM|851-TM|679-TM|253-TM|264-TM|244-TM|283-TM|248-TM|797-TM|917-TM	133-EM|326-EM|248-EM|243-EM|493-EM|271-EM|18-EM|428-EM	298-EV	
327	327	Spinda	Spot Panda Pokémon	Normal									TRUE	TRUE	TRUE	FALSE	FALSE	TRUE	TRUE	TRUE	TRUE	TRUE	FALSE	FALSE	TRUE	TRUE	TRUE	TRUE	TRUE	TRUE	TRUE	TRUE	TRUE	TRUE									TRUE	TRUE								60	60	60	60	60	60	360	Brown	Bipedal+Tail		Own Tempo	Tangled Feet	Contrary		255	85	Field	Human-Like	15	1920	Fast	"800,000"	1.1	3′07″	5	11	50	126	0	0	0	1	0	0	1	50%	50%	1	1	1	1	1	1	2	1	1	1	1	1	1	0	1	1	1	1					
328	328	Trapinch	Ant Pit Pokémon	Ground									TRUE	TRUE	TRUE	FALSE	FALSE	TRUE	TRUE	FALSE	TRUE	TRUE	TRUE	TRUE	TRUE	TRUE	TRUE	TRUE	TRUE	TRUE	TRUE	TRUE	TRUE	TRUE			TRUE	TRUE	FALSE	FALSE	FALSE	FALSE	TRUE	TRUE		FALSE	FALSE	FALSE	FALSE	TRUE	TRUE	45	100	45	45	45	10	290	Brown	Insectoid		Hyper Cutter	Arena Trap	Sheer Force		255	85	Bug	Dragon*	20	2560	Medium Slow	"1,059,860"	0.7	2′04″	15	33.1	50	58	0	1	0	0	0	0	1	50%	50%	1	1	2	0	2	2	1	0.5	1	1	1	1	0.5	1	1	1	1	1	310-1|28-1|44-8|189-12|328-16|523-20|91-24|242-28|201-32|414-36|89-40|276-44|90-48	36-TM|189-TM|182-TM|522-TM|263-TM|523-TM|341-TM|317-TM|203-TM|241-TM|201-TM|91-TM|34-TM|214-TM|156-TM|157-TM|164-TM|242-TM|202-TM|446-TM|414-TM|89-TM|444-TM|63-TM|851-TM|328-TM|450-TM|815-TM	450-EM|364-EM|660-EM|175-EM|210-EM|16-EM|98-EM		
329	329	Vibrava	Vibration Pokémon	Ground	Dragon								TRUE	TRUE	TRUE	FALSE	FALSE	TRUE	TRUE	FALSE	TRUE	TRUE	TRUE	TRUE	TRUE	TRUE	TRUE	TRUE	TRUE	TRUE	TRUE	TRUE	TRUE	TRUE			TRUE	TRUE	FALSE	FALSE	FALSE	FALSE	TRUE	TRUE		FALSE	FALSE	FALSE	FALSE	TRUE	TRUE	50	70	50	50	50	70	340	Green	2+ Pair of Wings		Levitate			Level 35	120	40	Bug	Dragon*	20	2560	Medium Slow	"1,059,860"	1.1	3′07″	15.3	33.7	50	119	0	1	0	0	0	1	2	50%	50%	1	0.5	1	0	1	4	1	0.5	1	1	1	1	0.5	1	2	1	1	2	44-1|91-1|28-1|189-12|328-16|525-20|103-24|405-28|201-32|414-38|89-44|253-50|407-56|586-62	36-TM|189-TM|182-TM|522-TM|263-TM|332-TM|523-TM|129-TM|341-TM|317-TM|314-TM|525-TM|203-TM|241-TM|201-TM|91-TM|369-TM|403-TM|34-TM|214-TM|337-TM|156-TM|157-TM|19-TM|164-TM|242-TM|202-TM|366-TM|406-TM|446-TM|257-TM|414-TM|89-TM|444-TM|416-TM|200-TM|405-TM|63-TM|76-TM|434-TM|851-TM|328-TM|450-TM|253-TM|814-TM|815-TM|675-TM		225-EV	310-R|523-R|242-R|90-R|276-R|48-R
330	330	Flygon	Mystic Pokémon	Ground	Dragon								TRUE	TRUE	TRUE	FALSE	FALSE	TRUE	TRUE	FALSE	TRUE	TRUE	TRUE	TRUE	TRUE	TRUE	TRUE	TRUE	TRUE	TRUE	TRUE	TRUE	TRUE	TRUE			TRUE	TRUE	FALSE	FALSE	FALSE	FALSE	TRUE	TRUE		FALSE	FALSE	FALSE	FALSE	TRUE	TRUE	80	100	80	80	80	100	520	Green	1 Pair of Wings		Levitate			Level 45	45	15	Bug	Dragon*	20	2560	Medium Slow	"1,059,860"	2	6′07″	82	180.8	50	260	0	1	0	0	0	2	3	50%	50%	1	0.5	1	0	1	4	1	0.5	1	1	1	1	0.5	1	2	1	1	2	523-1|225-1|28-1|48-1|189-12|328-16|525-20|103-24|405-28|201-32|414-38|89-44|253-52|407-60|586-68	36-TM|97-TM|189-TM|182-TM|522-TM|83-TM|263-TM|332-TM|523-TM|129-TM|341-TM|317-TM|314-TM|525-TM|203-TM|241-TM|201-TM|91-TM|369-TM|403-TM|34-TM|7-TM|9-TM|214-TM|337-TM|156-TM|157-TM|19-TM|349-TM|164-TM|242-TM|202-TM|366-TM|406-TM|446-TM|257-TM|53-TM|270-TM|414-TM|126-TM|89-TM|444-TM|416-TM|200-TM|405-TM|63-TM|76-TM|434-TM|851-TM|328-TM|450-TM|410-TM|253-TM|814-TM|799-TM|38-TM|815-TM|675-TM|784-TM|913-TM|914-TM|917-TM		337-EV	310-R|44-R|242-R|91-R|349-R|364-R|90-R|276-R
331	331	Cacnea	Cactus Pokémon	Grass									TRUE	TRUE	TRUE	FALSE	FALSE	TRUE	TRUE	TRUE	TRUE	TRUE	FALSE	FALSE	TRUE	TRUE	TRUE	TRUE	TRUE	TRUE	FALSE	FALSE	FALSE	FALSE									TRUE	TRUE		TRUE	TRUE	FALSE	FALSE	FALSE	FALSE	50	85	40	85	40	35	335	Green	Bipedal+Tailless		Sand Veil		Water Absorb		190	63.33	Grass	Human-Like	20	2560	Medium Slow	"1,059,860"	0.4	1′04″	51.3	113.1	35	67	0	0	0	1	0	0	1	50%	50%	1	2	0.5	0.5	0.5	2	1	2	0.5	2	1	2	1	1	1	1	1	1	43-1|40-1|71-4|74-7|73-10|28-13|331-16|681-19|275-22|371-26|191-30|389-34|42-38|412-42|178-46|201-50|194-54	36-TM|184-TM|182-TM|67-TM|168-TM|885-TM|263-TM|523-TM|129-TM|345-TM|374-TM|474-TM|203-TM|241-TM|240-TM|201-TM|91-TM|331-TM|280-TM|492-TM|34-TM|9-TM|214-TM|402-TM|409-TM|447-TM|398-TM|156-TM|14-TM|191-TM|390-TM|399-TM|164-TM|202-TM|412-TM|227-TM|270-TM|580-TM|417-TM|437-TM|76-TM|851-TM|180-TM|264-TM|803-TM|283-TM|806-TM|675-TM|174-TM	51-EM|562-EM|335-EM|68-EM|50-EM|565-EM|415-EM|298-EM		
332	332	Cacturne	Scarecrow Pokémon	Grass	Dark								TRUE	TRUE	TRUE	FALSE	FALSE	TRUE	TRUE	TRUE	TRUE	TRUE	FALSE	FALSE	TRUE	TRUE	TRUE	TRUE	TRUE	TRUE	FALSE	FALSE	FALSE	FALSE									TRUE	TRUE		TRUE	TRUE	FALSE	FALSE	FALSE	FALSE	70	115	60	115	60	55	475	Green	Bipedal+Tailless		Sand Veil		Water Absorb	Level 32	60	20	Grass	Human-Like	20	2560	Medium Slow	"1,059,860"	1.3	4′03″	77.4	170.6	35	166	0	1	0	1	0	0	2	50%	50%	1	2	0.5	0.5	0.5	2	2	2	0.5	2	0	4	1	0.5	1	0.5	1	2	71-1|194-1|74-1|43-1|40-1|73-10|28-13|331-16|681-19|275-22|371-26|191-30|389-35|42-38|412-44|178-49|201-54	36-TM|184-TM|182-TM|67-TM|168-TM|885-TM|263-TM|523-TM|129-TM|345-TM|374-TM|474-TM|203-TM|241-TM|240-TM|201-TM|91-TM|331-TM|280-TM|428-TM|492-TM|34-TM|9-TM|214-TM|402-TM|409-TM|447-TM|398-TM|707-TM|156-TM|269-TM|14-TM|191-TM|390-TM|399-TM|164-TM|202-TM|247-TM|412-TM|227-TM|270-TM|580-TM|417-TM|416-TM|411-TM|437-TM|63-TM|76-TM|851-TM|180-TM|282-TM|679-TM|264-TM|803-TM|808-TM|283-TM|806-TM|675-TM|174-TM		596-EV	
333	333	Swablu	Cotton Bird Pokémon	Normal	Flying								TRUE	TRUE	TRUE	FALSE	FALSE	TRUE	TRUE	TRUE	TRUE	TRUE	TRUE	TRUE	TRUE	TRUE	TRUE	TRUE	TRUE	TRUE	FALSE	FALSE	TRUE	TRUE			FALSE	FALSE	FALSE	FALSE	TRUE	TRUE	TRUE	TRUE		TRUE	TRUE	FALSE	FALSE	TRUE	TRUE	45	40	60	40	75	50	310	Blue	1 Pair of Wings		Natural Cure		Cloud Nine		255	85	Flying	Dragon	20	2560	Erratic	"600,000"	0.4	1′04″	1.2	2.6	50	62	0	0	0	0	1	0	1	50%	50%	1	1	1	2	0.5	2	1	1	0	1	1	0.5	2	0	1	1	1	1	45-1|64-1|574-4|54-8|31-12|496-16|225-20|219-24|47-28|538-32|36-36|585-40|195-44	36-TM|97-TM|182-TM|512-TM|168-TM|574-TM|885-TM|263-TM|332-TM|129-TM|203-TM|241-TM|240-TM|34-TM|214-TM|605-TM|156-TM|19-TM|164-TM|366-TM|406-TM|304-TM|257-TM|583-TM|270-TM|58-TM|542-TM|413-TM|76-TM|851-TM|114-TM|814-TM|283-TM|297-TM|913-TM	310-EM|432-EM|407-EM|297-EM|114-EM|355-EM|366-EM		
334	334	Altaria	Humming Pokémon	Dragon	Flying								TRUE	TRUE	TRUE	FALSE	FALSE	TRUE	TRUE	TRUE	TRUE	TRUE	TRUE	TRUE	TRUE	TRUE	TRUE	TRUE	TRUE	TRUE	FALSE	FALSE	TRUE	TRUE			FALSE	FALSE	FALSE	FALSE	TRUE	TRUE	TRUE	TRUE		TRUE	TRUE	FALSE	FALSE	TRUE	TRUE	75	70	90	70	105	80	490	Blue	1 Pair of Wings		Natural Cure		Cloud Nine	Level 35	45	15	Flying	Dragon	20	2560	Erratic	"600,000"	1.1	3′07″	20.6	45.4	50	172	0	0	0	0	2	0	2	50%	50%	1	0.5	0.5	1	0.25	4	0.5	1	0	1	1	0.5	2	1	2	1	1	2	574-1|45-1|54-1|64-1|365-1|31-12|496-16|225-20|219-24|47-28|538-32|36-38|585-44|195-50|143-56	36-TM|97-TM|182-TM|512-TM|168-TM|574-TM|885-TM|83-TM|263-TM|332-TM|523-TM|129-TM|203-TM|241-TM|240-TM|883-TM|34-TM|214-TM|337-TM|605-TM|156-TM|19-TM|349-TM|164-TM|261-TM|366-TM|406-TM|304-TM|257-TM|53-TM|583-TM|270-TM|58-TM|126-TM|89-TM|416-TM|200-TM|542-TM|63-TM|413-TM|76-TM|434-TM|851-TM|46-TM|114-TM|311-TM|814-TM|38-TM|283-TM|297-TM|784-TM|913-TM|914-TM	310-EM|432-EM|407-EM|297-EM|114-EM|355-EM|366-EM	406-EV	
334		Mega Altaria		Dragon	Fairy																								TRUE	TRUE	FALSE	FALSE	TRUE	TRUE																		75	110	110	110	105	80	590	Blue	1 Pair of Wings		Pixilate			Altarianite		0			20	2560	Erratic	"600,000"	1.5	4′11″	20.6	45.4	50	207	0	0	0	0	2	0	2	50%	50%	1	0.5	0.5	0.5	0.5	2	0.5	2	1	1	1	0.5	1	1	0	0.5	2	2					
335	335	Zangoose	Cat Ferret Pokémon	Normal									TRUE	FALSE	FALSE	FALSE	FALSE	TRUE	TRUE	TRUE	TRUE	TRUE	TRUE	TRUE	TRUE	TRUE	TRUE	TRUE	TRUE	TRUE	FALSE	FALSE	FALSE	FALSE									TRUE	TRUE		TRUE	TRUE	FALSE	FALSE	TRUE	TRUE	73	115	60	60	60	90	458	White	Bipedal+Tail		Immunity		Toxic Boost		90	30	Field		20	2560	Erratic	"600,000"	1.3	4′03″	40.3	88.8	50	160	0	2	0	0	0	0	2	50%	50%	1	1	1	1	1	1	2	1	1	1	1	1	1	0	1	1	1	1	43-1|10-1|98-5|210-8|232-12|468-15|163-19|681-22|306-26|206-29|415-33|197-36|404-40|269-43|14-47|370-50	36-TM|97-TM|182-TM|67-TM|168-TM|263-TM|332-TM|232-TM|129-TM|196-TM|317-TM|490-TM|374-TM|203-TM|241-TM|240-TM|91-TM|206-TM|280-TM|428-TM|421-TM|34-TM|7-TM|9-TM|8-TM|214-TM|402-TM|447-TM|86-TM|398-TM|156-TM|157-TM|269-TM|14-TM|441-TM|164-TM|404-TM|396-TM|247-TM|57-TM|53-TM|85-TM|270-TM|226-TM|179-TM|58-TM|126-TM|59-TM|416-TM|411-TM|63-TM|87-TM|370-TM|76-TM|851-TM|46-TM|282-TM|264-TM|38-TM|283-TM|675-TM|174-TM|918-TM			187-R|68-R|174-R|50-R|458-R|24-R|364-R|515-R|175-R|154-R|400-R|501-R
336	336	Seviper	Fang Snake Pokémon	Poison									FALSE	TRUE	TRUE	FALSE	FALSE	TRUE	TRUE	TRUE	TRUE	TRUE	TRUE	TRUE	TRUE	TRUE	TRUE	TRUE	TRUE	TRUE	FALSE	FALSE	FALSE	FALSE									TRUE	TRUE		TRUE	TRUE	FALSE	FALSE	TRUE	TRUE	73	100	60	100	60	65	458	Black	Serpentine		Shed Skin		Infiltrator		90	30	Field	Dragon	20	2560	Fluctuating	"1,640,000"	2.7	8′10″	52.5	115.7	50	160	0	1	0	1	0	0	2	50%	50%	1	1	1	1	0.5	1	0.5	0.5	2	1	2	0.5	1	1	1	1	1	0.5	207-1|35-1|44-4|122-6|342-9|364-11|103-14|137-19|305-21|474-24|380-29|398-31|114-34|242-39|562-41|489-44|188-46	36-TM|184-TM|182-TM|424-TM|422-TM|423-TM|491-TM|168-TM|885-TM|884-TM|263-TM|342-TM|523-TM|555-TM|474-TM|203-TM|241-TM|240-TM|91-TM|280-TM|428-TM|706-TM|34-TM|214-TM|402-TM|398-TM|156-TM|269-TM|14-TM|399-TM|442-TM|441-TM|164-TM|404-TM|242-TM|202-TM|53-TM|270-TM|179-TM|188-TM|89-TM|416-TM|63-TM|851-TM|114-TM|92-TM|282-TM|808-TM|38-TM|283-TM|482-TM|806-TM|675-TM|784-TM|174-TM	372-EM|34-EM|515-EM|400-EM|184-EM|255-EM|254-EM|256-EM|415-EM		
337	337	Lunatone	Meteorite Pokémon	Rock	Psychic								FALSE	TRUE	FALSE	FALSE	FALSE	TRUE	TRUE	TRUE	TRUE	TRUE	TRUE	TRUE	TRUE	TRUE	TRUE	TRUE	TRUE	TRUE	FALSE	FALSE	FALSE	FALSE			FALSE	TRUE	FALSE	FALSE	FALSE	FALSE	TRUE	TRUE								90	55	65	95	85	70	460	Yellow	Head		Levitate				45	15	Mineral		25	3200	Fast	"800,000"	1	3′03″	168	370.4	50	161	0	0	0	2	0	0	2	Unknown		0.5	0.5	2	1	2	1	1	0.5	2	0.5	0.5	2	1	2	1	2	2	1					
338	338	Solrock	Meteorite Pokémon	Rock	Psychic								TRUE	FALSE	TRUE	FALSE	FALSE	TRUE	TRUE	TRUE	TRUE	TRUE	TRUE	TRUE	TRUE	TRUE	TRUE	TRUE	TRUE	TRUE	FALSE	FALSE	FALSE	FALSE			TRUE	FALSE	FALSE	FALSE	FALSE	FALSE	TRUE	TRUE								90	95	85	55	65	70	460	Red	Head		Levitate				45	15	Mineral		25	3200	Fast	"800,000"	1.2	3′11″	154	339.5	50	161	0	2	0	0	0	0	2	Unknown		0.5	0.5	2	1	2	1	1	0.5	2	0.5	0.5	2	1	2	1	2	2	1					
339	339	Barboach	Whiskers Pokémon	Water	Ground								TRUE	TRUE	TRUE	FALSE	FALSE	TRUE	TRUE	TRUE	TRUE	TRUE	TRUE	TRUE	TRUE	TRUE	TRUE	TRUE	TRUE	TRUE	TRUE	TRUE	TRUE	TRUE			TRUE	TRUE	TRUE	TRUE	TRUE	TRUE	TRUE	TRUE	TRUE	TRUE	TRUE	TRUE	TRUE	FALSE	FALSE	50	48	43	46	41	60	288	Gray	Fins		Oblivious	Anticipation	Hydration		190	63.33	Water 2		20	2560	Medium Fast	"1,000,000"	0.4	1′04″	1.9	4.2	50	58	1	0	0	0	0	0	1	50%	50%	1	0.5	1	0	4	1	1	0.5	1	1	1	1	0.5	1	1	1	0.5	1	189-1|55-1|156-6|173-6|352-12|133-18|401-24|330-31|89-36|248-42|90-48	36-TM|189-TM|182-TM|352-TM|886-TM|263-TM|523-TM|129-TM|196-TM|341-TM|317-TM|203-TM|241-TM|240-TM|201-TM|428-TM|214-TM|127-TM|707-TM|156-TM|157-TM|349-TM|164-TM|710-TM|446-TM|57-TM|133-TM|270-TM|414-TM|58-TM|56-TM|59-TM|89-TM|444-TM|200-TM|851-TM|667-TM|38-TM|250-TM|330-TM|248-TM	175-EM|209-EM|36-EM|37-EM		
340	340	Whiscash	Whiskers Pokémon	Water	Ground								TRUE	TRUE	TRUE	FALSE	FALSE	TRUE	TRUE	TRUE	TRUE	TRUE	TRUE	TRUE	TRUE	TRUE	TRUE	TRUE	TRUE	TRUE	TRUE	TRUE	TRUE	TRUE			TRUE	TRUE	TRUE	TRUE	TRUE	TRUE	TRUE	TRUE	TRUE	TRUE	TRUE	TRUE	TRUE	FALSE	FALSE	110	78	73	76	71	60	468	Blue	Fins		Oblivious	Anticipation	Hydration	Level 30	75	25	Water 2		20	2560	Medium Fast	"1,000,000"	0.9	2′11″	23.6	52	50	164	2	0	0	0	0	0	2	50%	50%	1	0.5	1	0	4	1	1	0.5	1	1	1	1	0.5	1	1	1	0.5	1	562-1|189-1|156-1|173-1|321-1|55-1|428-1|352-12|133-18|401-24|330-33|89-40|248-48|90-56	36-TM|189-TM|184-TM|182-TM|352-TM|886-TM|263-TM|523-TM|129-TM|196-TM|341-TM|317-TM|203-TM|241-TM|240-TM|201-TM|428-TM|34-TM|214-TM|127-TM|707-TM|156-TM|157-TM|191-TM|349-TM|164-TM|710-TM|446-TM|57-TM|133-TM|270-TM|414-TM|58-TM|56-TM|59-TM|89-TM|444-TM|416-TM|200-TM|63-TM|851-TM|328-TM|667-TM|311-TM|38-TM|250-TM|330-TM|248-TM|174-TM	175-EM|209-EM|36-EM|37-EM	37-EV	
341	341	Corphish	Ruffian Pokémon	Water									TRUE	TRUE	TRUE	FALSE	FALSE	TRUE	TRUE	TRUE	TRUE	TRUE	TRUE	TRUE	TRUE	TRUE	TRUE	TRUE	TRUE	TRUE	FALSE	FALSE	TRUE	TRUE			TRUE	TRUE	TRUE	TRUE	FALSE	FALSE	TRUE	TRUE		FALSE	FALSE	TRUE	TRUE	FALSE	FALSE	43	80	65	50	35	35	308	Red	Insectoid		Hyper Cutter	Shell Armor	Adaptability		205	68.33	Water 1	Water 3	15	1920	Fluctuating	"1,640,000"	0.6	2′00″	11.5	25.4	50	62	0	1	0	0	0	0	1	50%	50%	1	0.5	0.5	2	2	0.5	1	1	1	1	1	1	1	1	1	1	0.5	1	106-1|55-1|43-4|269-8|61-12|282-16|458-20|182-24|400-28|534-32|14-36|242-40|152-44|283-48|12-52	36-TM|182-TM|352-TM|168-TM|886-TM|263-TM|232-TM|196-TM|341-TM|317-TM|374-TM|203-TM|240-TM|91-TM|206-TM|280-TM|34-TM|214-TM|127-TM|156-TM|157-TM|269-TM|14-TM|349-TM|164-TM|334-TM|404-TM|242-TM|710-TM|57-TM|58-TM|56-TM|59-TM|188-TM|851-TM|282-TM|38-TM|283-TM|250-TM|330-TM	246-EM|453-EM|38-EM|232-EM|163-EM|415-EM		
342	342	Crawdaunt	Rogue Pokémon	Water	Dark								TRUE	TRUE	TRUE	FALSE	FALSE	TRUE	TRUE	TRUE	TRUE	TRUE	TRUE	TRUE	TRUE	TRUE	TRUE	TRUE	TRUE	TRUE	FALSE	FALSE	TRUE	TRUE			TRUE	TRUE	TRUE	TRUE	FALSE	FALSE	TRUE	TRUE		FALSE	FALSE	TRUE	TRUE	FALSE	FALSE	63	120	85	90	55	55	468	Red	Insectoid		Hyper Cutter	Shell Armor	Adaptability	Level 30	155	51.67	Water 1	Water 3	15	1920	Fluctuating	"1,640,000"	1.1	3′07″	32.8	72.3	50	164	0	2	0	0	0	0	2	50%	50%	1	0.5	0.5	2	2	0.5	2	1	1	1	0	2	1	0.5	1	0.5	0.5	2	106-1|43-1|269-1|55-1|61-12|282-16|458-20|182-24|400-28|534-34|14-40|242-46|152-52|283-58|12-64	36-TM|184-TM|182-TM|352-TM|168-TM|886-TM|263-TM|555-TM|232-TM|129-TM|196-TM|341-TM|317-TM|374-TM|419-TM|203-TM|240-TM|91-TM|206-TM|280-TM|34-TM|214-TM|127-TM|156-TM|157-TM|269-TM|14-TM|399-TM|349-TM|164-TM|334-TM|404-TM|242-TM|710-TM|57-TM|58-TM|417-TM|56-TM|59-TM|188-TM|416-TM|63-TM|370-TM|851-TM|180-TM|282-TM|808-TM|38-TM|283-TM|250-TM|330-TM|482-TM|912-TM		129-EV	
343	343	Baltoy	Clay Doll Pokémon	Ground	Psychic								TRUE	TRUE	TRUE	FALSE	FALSE	TRUE	TRUE	TRUE	TRUE	FALSE	TRUE	TRUE	TRUE	TRUE	FALSE	FALSE	TRUE	TRUE	FALSE	FALSE	TRUE	TRUE			TRUE	TRUE	FALSE	FALSE	TRUE	TRUE	TRUE	TRUE								40	40	55	40	70	55	300	Brown	Head+Arms		Levitate				255	85	Mineral		20	2560	Medium Fast	"1,000,000"	0.5	1′08″	21.5	47.4	50	60	0	0	0	0	1	0	1	Unknown		1	1	2	0	2	2	0.5	0.5	1	1	0.5	2	0.5	2	1	2	1	1					
344	344	Claydol	Clay Doll Pokémon	Ground	Psychic								TRUE	TRUE	TRUE	FALSE	FALSE	TRUE	TRUE	TRUE	TRUE	FALSE	TRUE	TRUE	TRUE	TRUE	FALSE	FALSE	TRUE	TRUE	FALSE	FALSE	TRUE	TRUE			TRUE	TRUE	FALSE	FALSE	TRUE	TRUE	TRUE	TRUE								60	70	105	70	120	75	500	Black	Head+Arms		Levitate			Level 36	90	30	Mineral		20	2560	Medium Fast	"1,000,000"	1.5	4′11″	108	238.1	50	175	0	0	0	0	2	0	2	Unknown		1	1	2	0	2	2	0.5	0.5	1	1	0.5	2	0.5	2	1	2	1	1					
345	345	Lileep	Sea Lily Pokémon	Rock	Grass								TRUE	TRUE	TRUE	FALSE	FALSE	TRUE	TRUE	TRUE	TRUE	TRUE	TRUE	TRUE	TRUE	TRUE	TRUE	FALSE	TRUE	TRUE	FALSE	FALSE	TRUE	TRUE			FALSE	FALSE	FALSE	FALSE	TRUE	TRUE	TRUE	TRUE								66	41	77	61	87	23	355	Purple	Head+Base		Suction Cups		Storm Drain		45	15	Water 3		30	3840	Erratic	"600,000"	1	3′03″	23.8	52.5	50	71	0	0	0	0	1	0	1	87.50%	12.50%	0.5	1	1	0.5	1	2	2	1	1	1	1	2	1	1	1	1	2	1					
346	346	Cradily	Barnacle Pokémon	Rock	Grass								TRUE	TRUE	TRUE	FALSE	FALSE	TRUE	TRUE	TRUE	TRUE	TRUE	TRUE	TRUE	TRUE	TRUE	TRUE	FALSE	TRUE	TRUE	FALSE	FALSE	TRUE	TRUE			FALSE	FALSE	FALSE	FALSE	TRUE	TRUE	TRUE	TRUE								86	81	97	81	107	43	495	Green	Head+Base		Suction Cups		Storm Drain	Level 40	45	15	Water 3		30	3840	Erratic	"600,000"	1.5	4′11″	60.4	133.2	50	173	0	0	0	0	2	0	2	87.50%	12.50%	0.5	1	1	0.5	1	2	2	1	1	1	1	2	1	1	1	1	2	1					
347	347	Anorith	Old Shrimp Pokémon	Rock	Bug								TRUE	TRUE	TRUE	FALSE	FALSE	TRUE	TRUE	TRUE	TRUE	TRUE	TRUE	TRUE	TRUE	TRUE	TRUE	FALSE	TRUE	TRUE	FALSE	FALSE	TRUE	TRUE			FALSE	FALSE	FALSE	FALSE	TRUE	TRUE	TRUE	TRUE								45	95	50	40	50	75	355	Gray	Insectoid		Battle Armor		Swift Swim		45	15	Water 3		30	3840	Erratic	"600,000"	0.7	2′04″	12.5	27.6	50	71	0	1	0	0	0	0	1	87.50%	12.50%	0.5	1	2	1	1	1	1	0.5	1	1	1	1	2	1	1	1	2	1					
348	348	Armaldo	Plate Pokémon	Rock	Bug								TRUE	TRUE	TRUE	FALSE	FALSE	TRUE	TRUE	TRUE	TRUE	TRUE	TRUE	TRUE	TRUE	TRUE	TRUE	FALSE	TRUE	TRUE	FALSE	FALSE	TRUE	TRUE			FALSE	FALSE	FALSE	FALSE	TRUE	TRUE	TRUE	TRUE								75	125	100	70	80	45	495	Gray	Bipedal+Tail		Battle Armor		Swift Swim	Level 40	45	15	Water 3		30	3840	Erratic	"600,000"	1.5	4′11″	68.2	150.4	50	173	0	2	0	0	0	0	2	87.50%	12.50%	0.5	1	2	1	1	1	1	0.5	1	1	1	1	2	1	1	1	2	1					
349	349	Feebas	Fish Pokémon	Water									TRUE	TRUE	TRUE	FALSE	FALSE	TRUE	TRUE	TRUE	TRUE	TRUE	TRUE	TRUE	TRUE	TRUE	FALSE	FALSE	TRUE	TRUE	TRUE	TRUE	TRUE	TRUE			TRUE	TRUE	FALSE	FALSE	TRUE	TRUE	TRUE	TRUE		FALSE	FALSE	TRUE	TRUE	FALSE	FALSE	20	15	20	10	55	80	200	Brown	Fins		Swift Swim	Oblivious	Adaptability		255	85	Water 1	Dragon	20	2560	Erratic	"600,000"	0.6	2′00″	7.4	16.3	50	40	0	0	0	0	0	1	1	50%	50%	1	0.5	0.5	2	2	0.5	1	1	1	1	1	1	1	1	1	1	0.5	1	150-1|33-15|175-25	182-TM|352-TM|109-TM|886-TM|263-TM|129-TM|196-TM|341-TM|203-TM|240-TM|214-TM|113-TM|127-TM|156-TM|164-TM|406-TM|57-TM|58-TM|59-TM|851-TM|114-TM|799-TM|38-TM|250-TM|330-TM	109-EM|225-EM|114-EM|95-EM|243-EM|54-EM|321-EM		
350	350	Milotic	Tender Pokémon	Water									TRUE	TRUE	TRUE	FALSE	FALSE	TRUE	TRUE	TRUE	TRUE	TRUE	TRUE	TRUE	TRUE	TRUE	FALSE	FALSE	TRUE	TRUE	TRUE	TRUE	TRUE	TRUE			TRUE	TRUE	FALSE	FALSE	TRUE	TRUE	TRUE	TRUE		FALSE	FALSE	TRUE	TRUE	FALSE	FALSE	95	60	79	100	125	81	540	Pink	Serpentine		Marvel Scale	Competitive	Cute Charm	Trade holding Prism Scale or max beauty	60	20	Water 1	Dragon	20	2560	Erratic	"600,000"	6.2	20′04″	162	357.1	50	189	0	0	0	0	2	0	2	50%	50%	1	0.5	0.5	2	2	0.5	1	1	1	1	1	1	1	1	1	1	0.5	1	175-1|150-1|33-1|55-1|35-1|574-4|239-8|392-12|213-16|791-20|525-24|105-28|401-32|219-36|57-40|240-44|489-48|56-52	36-TM|182-TM|352-TM|109-TM|574-TM|886-TM|263-TM|523-TM|129-TM|196-TM|341-TM|577-TM|525-TM|419-TM|203-TM|240-TM|34-TM|214-TM|113-TM|127-TM|156-TM|286-TM|442-TM|349-TM|164-TM|406-TM|57-TM|270-TM|58-TM|56-TM|59-TM|416-TM|63-TM|851-TM|114-TM|503-TM|311-TM|812-TM|799-TM|244-TM|38-TM|250-TM|330-TM|813-TM|806-TM|784-TM|913-TM|914-TM		352-EV	
351	351	Castform Normal	Weather Pokémon	Normal									TRUE	TRUE	TRUE	FALSE	FALSE	TRUE	TRUE	TRUE	TRUE	TRUE	FALSE	FALSE	TRUE	TRUE	FALSE	FALSE	TRUE	TRUE	TRUE	TRUE	TRUE	TRUE									TRUE	TRUE								70	70	70	70	70	70	420	Gray	Head		Forecast				45	15	Fairy	Amorphous	25	3200	Medium Fast	"1,000,000"	0.3	1′00″	0.8	1.8	50	147	1	0	0	0	0	0	1	50%	50%	1	1	1	1	1	1	2	1	1	1	1	1	1	0	1	1	1	1					
351		Castform Sunny Form	Weather Pokémon	Fire									TRUE	TRUE	TRUE	FALSE	FALSE	TRUE	TRUE	TRUE	TRUE	TRUE	FALSE	FALSE	TRUE	TRUE	FALSE	FALSE	TRUE	TRUE	TRUE	TRUE	TRUE	TRUE									FALSE	FALSE								70	70	70	70	70	70	420	Red	Head		Forecast					0	Fairy	Amorphous	25	3200	Medium Fast	"1,000,000"	0.3	1′00″	0.8	1.8	50	147	1	0	0	0	0	0	1	50%	50%	1	0.5	2	1	0.5	0.5	1	1	2	1	1	0.5	2	1	1	1	0.5	0.5					
351		Castform Rainy Form	Weather Pokémon	Water									TRUE	TRUE	TRUE	FALSE	FALSE	TRUE	TRUE	TRUE	TRUE	TRUE	FALSE	FALSE	TRUE	TRUE	FALSE	FALSE	TRUE	TRUE	TRUE	TRUE	TRUE	TRUE									FALSE	FALSE								70	70	70	70	70	70	420	Blue	Head		Forecast					0	Fairy	Amorphous	25	3200	Medium Fast	"1,000,000"	0.3	1′00″	0.8	1.8	50	147	1	0	0	0	0	0	1	50%	50%	1	0.5	0.5	2	2	0.5	1	1	1	1	1	1	1	1	1	1	0.5	1					
351		Castform Snowy Form	Weather Pokémon	Ice									TRUE	TRUE	TRUE	FALSE	FALSE	TRUE	TRUE	TRUE	TRUE	TRUE	FALSE	FALSE	TRUE	TRUE	FALSE	FALSE	TRUE	TRUE	TRUE	TRUE	TRUE	TRUE									FALSE	FALSE								70	70	70	70	70	70	420	White	Head		Forecast					0	Fairy	Amorphous	25	3200	Medium Fast	"1,000,000"	0.3	1′00″	0.8	1.8	50	147	1	0	0	0	0	0	1	50%	50%	1	2	1	1	1	0.5	2	1	1	1	1	1	2	1	1	1	2	1					
352	352	Kecleon	Color Swap Pokémon	Normal									TRUE	TRUE	TRUE	FALSE	FALSE	TRUE	FALSE	TRUE	TRUE	TRUE	FALSE	FALSE	TRUE	TRUE	TRUE	TRUE	TRUE	TRUE	FALSE	FALSE	TRUE	TRUE									TRUE	TRUE								60	90	70	60	120	40	440	Green	Bipedal+Tail		Color Change		Protean		200	66.67	Field		20	2560	Medium Slow	"1,059,860"	1	3′03″	22	48.5	50	154	0	0	0	0	1	0	1	50%	50%	1	1	1	1	1	1	2	1	1	1	1	1	1	0	1	1	1	1					
353	353	Shuppet	Puppet Pokémon	Ghost									TRUE	TRUE	TRUE	FALSE	FALSE	TRUE	TRUE	TRUE	TRUE	TRUE	TRUE	TRUE	TRUE	TRUE	TRUE	TRUE	TRUE	TRUE	FALSE	FALSE	TRUE	TRUE									TRUE	TRUE		TRUE	TRUE	FALSE	FALSE	FALSE	FALSE	44	75	35	63	33	45	295	Black	Head		Insomnia	Frisk	Cursed Body		225	75	Amorphous		25	3200	Fast	"800,000"	0.6	2′00″	2.3	5.1	35	59	0	1	0	0	0	0	1	50%	50%	0	1	1	1	1	1	0	0.5	1	1	1	0.5	1	2	1	2	1	1	310-1|103-4|101-7|180-10|261-16|425-19|506-22|174-26|247-30|272-34|389-38|271-42|566-48	184-TM|182-TM|60-TM|109-TM|168-TM|884-TM|451-TM|263-TM|506-TM|196-TM|101-TM|203-TM|241-TM|240-TM|492-TM|214-TM|605-TM|118-TM|86-TM|156-TM|269-TM|286-TM|399-TM|285-TM|441-TM|164-TM|261-TM|271-TM|247-TM|94-TM|227-TM|85-TM|347-TM|270-TM|417-TM|566-TM|433-TM|87-TM|851-TM|180-TM|809-TM|808-TM|220-TM|244-TM|806-TM|174-TM	109-EM|194-EM|50-EM|441-EM|286-EM		
354	354	Banette	Marionette Pokémon	Ghost									TRUE	TRUE	TRUE	FALSE	FALSE	TRUE	TRUE	TRUE	TRUE	TRUE	TRUE	TRUE	TRUE	TRUE	TRUE	TRUE	TRUE	TRUE	FALSE	FALSE	TRUE	TRUE									TRUE	TRUE		TRUE	TRUE	FALSE	FALSE	FALSE	FALSE	64	115	65	83	63	65	455	Black	Bipedal+Tail		Insomnia	Frisk	Cursed Body	Level 37	45	15	Amorphous		25	3200	Fast	"800,000"	1.1	3′07″	12.5	27.6	35	159	0	2	0	0	0	0	2	50%	50%	0	1	1	1	1	1	0	0.5	1	1	1	0.5	1	2	1	2	1	1	101-1|103-1|180-1|261-16|425-19|506-22|174-26|247-30|272-34|389-40|271-46|566-53	184-TM|182-TM|60-TM|109-TM|168-TM|885-TM|884-TM|451-TM|263-TM|506-TM|196-TM|101-TM|374-TM|203-TM|241-TM|240-TM|421-TM|492-TM|214-TM|605-TM|118-TM|86-TM|156-TM|269-TM|14-TM|286-TM|399-TM|285-TM|441-TM|164-TM|261-TM|271-TM|247-TM|94-TM|227-TM|85-TM|347-TM|270-TM|417-TM|566-TM|416-TM|433-TM|63-TM|87-TM|851-TM|180-TM|282-TM|807-TM|809-TM|808-TM|220-TM|244-TM|806-TM|675-TM|174-TM	109-EM|194-EM|50-EM|441-EM|286-EM	282-EV	
354		Mega Banette	Marionette Pokémon	Ghost																							TRUE	TRUE	TRUE	TRUE	FALSE	FALSE	TRUE	TRUE																		64	165	75	93	83	75	555	Black	Bipedal+Tail		Prankster			Banettite		0			25	3200	Fast	"800,000"	1.2	3′11″	13	28.7	35	194	0	2	0	0	0	0	2	50%	50%	0	1	1	1	1	1	0	0.5	1	1	1	0.5	1	2	1	2	1	1					
355	355	Duskull	Requiem Pokémon	Ghost									TRUE	TRUE	TRUE	FALSE	FALSE	TRUE	TRUE	TRUE	TRUE	TRUE	FALSE	FALSE	FALSE	FALSE	TRUE	TRUE	TRUE	TRUE	FALSE	FALSE	FALSE	FALSE			TRUE	TRUE	FALSE	FALSE	FALSE	FALSE	TRUE	TRUE	TRUE	FALSE	FALSE	TRUE	TRUE	FALSE	FALSE	20	40	90	30	90	25	295	Black	Head+Arms		Levitate		Frisk		190	63.33	Amorphous		25	3200	Fast	"800,000"	0.8	2′07″	15	33.1	35	59	0	0	0	0	1	0	1	50%	50%	0	1	1	1	1	1	0	0.5	1	1	1	0.5	1	2	1	2	1	1	310-1|43-1|50-4|425-8|109-12|101-16|371-20|261-24|212-28|506-32|174-36|247-40|248-44	182-TM|109-TM|168-TM|451-TM|263-TM|506-TM|196-TM|101-TM|374-TM|203-TM|241-TM|240-TM|214-TM|156-TM|269-TM|286-TM|399-TM|141-TM|285-TM|164-TM|261-TM|271-TM|247-TM|94-TM|347-TM|270-TM|58-TM|59-TM|566-TM|433-TM|851-TM|114-TM|180-TM|356-TM|809-TM|220-TM|244-TM|248-TM|806-TM|174-TM	114-EM|262-EM|220-EM		
356	356	Dusclops	Beckon Pokémon	Ghost									TRUE	TRUE	TRUE	FALSE	FALSE	TRUE	TRUE	TRUE	TRUE	TRUE	FALSE	FALSE	FALSE	FALSE	TRUE	TRUE	TRUE	TRUE	FALSE	FALSE	FALSE	FALSE			TRUE	TRUE	FALSE	FALSE	FALSE	FALSE	TRUE	TRUE	TRUE	FALSE	FALSE	TRUE	TRUE	FALSE	FALSE	40	70	130	60	130	25	455	Black	Bipedal+Tailless		Pressure		Frisk	Level 37	90	30	Amorphous		25	3200	Fast	"800,000"	1.6	5′03″	30.6	67.5	35	159	0	0	1	0	1	0	2	50%	50%	0	1	1	1	1	1	0	0.5	1	1	1	0.5	1	2	1	2	1	1	310-1|20-1|50-1|7-1|356-1|8-1|43-1|425-1|9-1|109-12|101-16|371-20|261-24|212-28|506-32|174-36|247-42|248-48	182-TM|109-TM|168-TM|451-TM|263-TM|506-TM|196-TM|101-TM|374-TM|203-TM|241-TM|240-TM|280-TM|34-TM|7-TM|9-TM|8-TM|214-TM|118-TM|156-TM|269-TM|286-TM|399-TM|141-TM|285-TM|164-TM|261-TM|271-TM|247-TM|94-TM|347-TM|270-TM|58-TM|59-TM|566-TM|416-TM|433-TM|63-TM|851-TM|114-TM|180-TM|356-TM|264-TM|809-TM|220-TM|244-TM|248-TM|806-TM|174-TM		325-EV	
357	357	Tropius	Fruit Pokémon	Grass	Flying								TRUE	TRUE	TRUE	FALSE	FALSE	FALSE	FALSE	TRUE	TRUE	TRUE	TRUE	TRUE	TRUE	TRUE	TRUE	TRUE	TRUE	TRUE	FALSE	FALSE	TRUE	TRUE									TRUE	TRUE		TRUE	TRUE	FALSE	FALSE	FALSE	FALSE	99	68	83	72	87	51	460	Green	Quadruped		Chlorophyll	Solar Power	Harvest		200	66.67	Monster		25	3200	Slow	"1,250,000"	2	6′07″	100	220.5	50	161	2	0	0	0	0	0	2	50%	50%	1	2	0.5	1	0.25	4	0.5	2	0	2	1	1	2	1	1	1	1	1	74-1|16-1|437-1|43-1|75-1|230-6|23-10|345-16|18-21|469-30|403-36|34-41|200-46|235-50|76-56	36-TM|182-TM|885-TM|263-TM|332-TM|523-TM|345-TM|314-TM|525-TM|203-TM|241-TM|240-TM|331-TM|428-TM|369-TM|403-TM|34-TM|214-TM|402-TM|447-TM|707-TM|156-TM|14-TM|776-TM|19-TM|349-TM|164-TM|202-TM|366-TM|406-TM|412-TM|347-TM|270-TM|580-TM|89-TM|416-TM|200-TM|437-TM|542-TM|63-TM|76-TM|851-TM|46-TM|180-TM|669-TM|814-TM|38-TM|572-TM|174-TM	174-EM|349-EM|29-EM|348-EM|73-EM|21-EM		
358	358	Chimecho	Wind Chime Pokémon	Psychic									TRUE	TRUE	TRUE	FALSE	FALSE	TRUE	TRUE	TRUE	TRUE	TRUE	TRUE	TRUE	FALSE	FALSE	TRUE	TRUE	TRUE	TRUE	FALSE	FALSE	FALSE	FALSE									TRUE	TRUE	TRUE	FALSE	FALSE	TRUE	TRUE	FALSE	FALSE	75	50	80	95	90	65	455	Blue	Head+Arms		Levitate			High friendship during nighttime	45	15	Amorphous		25	3200	Fast	"800,000"	0.6	2′00″	1	2.2	50	159	0	0	0	1	1	0	2	50%	50%	1	1	1	1	1	1	0.5	1	1	1	0.5	2	1	2	1	2	1	1	310-1|93-1|45-1|361-1|35-1|281-13|500-16|36-19|326-22|215-27|253-32|219-37|38-42|505-47	36-TM|204-TM|313-TM|182-TM|60-TM|574-TM|451-TM|263-TM|555-TM|129-TM|196-TM|577-TM|500-TM|203-TM|241-TM|240-TM|473-TM|428-TM|214-TM|115-TM|113-TM|605-TM|447-TM|86-TM|156-TM|269-TM|286-TM|285-TM|164-TM|271-TM|247-TM|304-TM|412-TM|94-TM|227-TM|347-TM|270-TM|226-TM|433-TM|851-TM|356-TM|282-TM|253-TM|244-TM|38-TM|248-TM|797-TM|174-TM|917-TM			
359	359	Absol	Disaster Pokémon	Dark									TRUE	TRUE	TRUE	FALSE	FALSE	TRUE	TRUE	TRUE	TRUE	TRUE	TRUE	TRUE	TRUE	TRUE	TRUE	TRUE	TRUE	TRUE	TRUE	TRUE	TRUE	TRUE			FALSE	FALSE	FALSE	FALSE	TRUE	TRUE	TRUE	TRUE								65	130	60	75	60	75	465	White	Quadruped		Pressure	Super Luck	Justified		30	10	Field		25	3200	Medium Slow	"1,059,860"	1.2	3′11″	47	103.6	35	163	0	2	0	0	0	0	2	50%	50%	1	1	1	1	1	1	2	1	1	1	0	2	1	0.5	1	0.5	1	2					
359		Mega Absol	Disaster Pokémon	Dark																							TRUE	TRUE	TRUE	TRUE	TRUE	TRUE	TRUE	TRUE																		65	150	60	115	60	115	565	White	Quadruped		Magic Bounce			Absolite		0			25	3200	Medium Slow	"1,059,860"	1.2	3′11″	49	108	35	198	0	2	0	0	0	0	2	50%	50%	1	1	1	1	1	1	2	1	1	1	0	2	1	0.5	1	0.5	1	2					
360	360	Wynaut	Bright Pokémon	Psychic									TRUE	TRUE	TRUE	TRUE	TRUE	TRUE	TRUE	TRUE	TRUE	TRUE	TRUE	TRUE	TRUE	TRUE	TRUE	TRUE	TRUE	TRUE	FALSE	FALSE	FALSE	FALSE			TRUE	TRUE	FALSE	FALSE	FALSE	FALSE	TRUE	TRUE								95	23	48	23	48	23	260	Blue	Bipedal+Tail		Shadow Tag		Telepathy		125	41.67	No Eggs Discovered		20	2560	Medium Fast	"1,000,000"	0.6	2′00″	14	30.9	50	52	1	0	0	0	0	0	1	50%	50%	1	1	1	1	1	1	0.5	1	1	1	0.5	2	1	2	1	2	1	1					
361	361	Snorunt	Snow Hat Pokémon	Ice									TRUE	TRUE	TRUE	FALSE	FALSE	TRUE	TRUE	TRUE	TRUE	TRUE	FALSE	FALSE	FALSE	FALSE	TRUE	TRUE	TRUE	TRUE	TRUE	TRUE	TRUE	TRUE			TRUE	TRUE	FALSE	FALSE	TRUE	TRUE	TRUE	TRUE	TRUE	TRUE	TRUE	TRUE	TRUE	FALSE	FALSE	50	50	50	50	50	50	300	Gray	Bipedal+Tailless		Inner Focus	Ice Body	Moody		190	63.33	Fairy		20	2560	Medium Fast	"1,000,000"	0.7	2′04″	16.8	37	50	60	1	0	0	0	0	0	1	50%	50%	1	2	1	1	1	0.5	2	1	1	1	1	1	2	1	1	1	2	1	310-1|29-1|181-1|43-5|104-10|420-15|182-20|196-25|524-30|44-35|423-40|883-45|311-50|242-55|59-60	36-TM|313-TM|182-TM|423-TM|352-TM|885-TM|886-TM|263-TM|506-TM|196-TM|419-TM|203-TM|240-TM|883-TM|34-TM|214-TM|113-TM|156-TM|191-TM|164-TM|242-TM|247-TM|861-TM|270-TM|58-TM|59-TM|851-TM|180-TM|333-TM|311-TM	335-EM|50-EM|556-EM|205-EM|415-EM		
362	362	Glalie	Face Pokémon	Ice									TRUE	TRUE	TRUE	FALSE	FALSE	TRUE	TRUE	TRUE	TRUE	TRUE	FALSE	FALSE	FALSE	FALSE	TRUE	TRUE	TRUE	TRUE	TRUE	TRUE	TRUE	TRUE			TRUE	TRUE	FALSE	FALSE	TRUE	TRUE	TRUE	TRUE	TRUE	TRUE	TRUE	TRUE	TRUE	FALSE	FALSE	80	80	80	80	80	80	480	Gray	Head		Inner Focus	Ice Body	Moody	Level 42	75	25	Fairy		20	2560	Medium Fast	"1,000,000"	1.5	4′11″	256.5	565.5	50	168	2	0	0	0	0	0	2	50%	50%	1	2	1	1	1	0.5	2	1	1	1	1	1	2	1	1	1	2	1	310-1|104-1|29-1|43-1|181-1|329-1|420-15|182-20|196-25|524-30|44-35|423-40|883-47|311-54|242-61|59-68	36-TM|313-TM|184-TM|182-TM|423-TM|352-TM|885-TM|886-TM|263-TM|523-TM|506-TM|196-TM|419-TM|203-TM|240-TM|883-TM|492-TM|34-TM|214-TM|113-TM|156-TM|269-TM|191-TM|399-TM|442-TM|164-TM|242-TM|247-TM|861-TM|270-TM|58-TM|59-TM|89-TM|416-TM|63-TM|851-TM|180-TM|360-TM|333-TM|311-TM	335-EM|50-EM|556-EM|205-EM|415-EM	573-EV	
362		Mega Glalie	Face Pokémon	Ice												FALSE	FALSE	TRUE	TRUE	TRUE	TRUE	TRUE	TRUE	TRUE	TRUE	TRUE			TRUE	TRUE	TRUE	TRUE	TRUE	TRUE																		80	120	80	120	80	100	580	Gray	Head		Refrigerate			Glalitite		0			20	2560	Medium Fast	"1,000,000"	2.1	6′11″	350.2	772.1	50	203	2	0	0	0	0	0	2	50%	50%	1	2	1	1	1	0.5	2	1	1	1	1	1	2	1	1	1	2	1					
363	363	Spheal	Clap Pokémon	Ice	Water								TRUE	TRUE	TRUE	FALSE	FALSE	FALSE	TRUE	TRUE	TRUE	TRUE	TRUE	TRUE	TRUE	TRUE	TRUE	TRUE	TRUE	TRUE	TRUE	TRUE	TRUE	TRUE			FALSE	FALSE	FALSE	FALSE	TRUE	TRUE	TRUE	TRUE	TRUE							70	40	50	55	50	25	290	Blue	Fins		Thick Fat	Ice Body	Oblivious		255	85	Water 1		20	2560	Medium Slow	"1,059,860"	0.8	2′07″	39.5	87.1	50	58	1	0	0	0	0	0	1	50%	50%	1	1	0.5	2	2	0.25	2	1	1	1	1	1	2	1	1	1	1	1					
364	364	Sealeo	Ball Roll Pokémon	Ice	Water								TRUE	TRUE	TRUE	FALSE	FALSE	FALSE	TRUE	TRUE	TRUE	TRUE	TRUE	TRUE	TRUE	TRUE	TRUE	TRUE	TRUE	TRUE	TRUE	TRUE	TRUE	TRUE			FALSE	FALSE	FALSE	FALSE	TRUE	TRUE	TRUE	TRUE	TRUE							90	60	70	75	70	45	410	Blue	Fins		Thick Fat	Ice Body	Oblivious	Level 32	120	40	Water 1		20	2560	Medium Slow	"1,059,860"	1.1	3′07″	87.6	193.1	50	144	2	0	0	0	0	0	2	50%	50%	1	1	0.5	2	2	0.25	2	1	1	1	1	1	2	1	1	1	1	1					
365	365	Walrein	Ice Break Pokémon	Ice	Water								TRUE	TRUE	TRUE	FALSE	FALSE	FALSE	TRUE	TRUE	TRUE	TRUE	TRUE	TRUE	TRUE	TRUE	TRUE	TRUE	TRUE	TRUE	TRUE	TRUE	TRUE	TRUE			FALSE	FALSE	FALSE	FALSE	TRUE	TRUE	TRUE	TRUE	TRUE							110	80	90	95	90	65	530	Blue	Quadruped		Thick Fat	Ice Body	Oblivious	Level 44	45	15	Water 1		20	2560	Medium Slow	"1,059,860"	1.4	4′07″	150.6	332	50	265	3	0	0	0	0	0	3	50%	50%	1	1	0.5	2	2	0.25	2	1	1	1	1	1	2	1	1	1	1	1					
366	366	Clamperl	Bivalve Pokémon	Water									TRUE	TRUE	TRUE	FALSE	FALSE	TRUE	TRUE	FALSE	TRUE	TRUE	TRUE	TRUE	TRUE	TRUE	TRUE	TRUE	TRUE	TRUE	FALSE	FALSE	TRUE	TRUE									TRUE	TRUE								35	64	85	74	55	32	345	Blue	Head		Shell Armor		Rattled		255	85	Water 1		20	2560	Erratic	"600,000"	0.4	1′04″	52.5	115.7	50	69	0	0	1	0	0	0	1	50%	50%	1	0.5	0.5	2	2	0.5	1	1	1	1	1	1	1	1	1	1	0.5	1					
367	367	Huntail	Deep Sea Pokémon	Water									TRUE	TRUE	TRUE	FALSE	FALSE	TRUE	TRUE	FALSE	TRUE	TRUE	TRUE	TRUE	TRUE	TRUE	TRUE	TRUE	TRUE	TRUE	FALSE	FALSE	TRUE	TRUE									TRUE	TRUE								55	104	105	94	75	52	485	Blue	Serpentine		Swift Swim		Water Veil		60	20	Water 1		20	2560	Erratic	"600,000"	1.7	5′07″	27	59.5	50	170	0	1	1	0	0	0	2	50%	50%	1	0.5	0.5	2	2	0.5	1	1	1	1	1	1	1	1	1	1	0.5	1					
368	368	Gorebyss	South Sea Pokémon	Water									TRUE	TRUE	TRUE	FALSE	FALSE	TRUE	TRUE	FALSE	TRUE	TRUE	TRUE	TRUE	TRUE	TRUE	TRUE	TRUE	TRUE	TRUE	FALSE	FALSE	TRUE	TRUE									TRUE	TRUE								55	84	105	114	75	52	485	Pink	Serpentine		Swift Swim		Hydration	Trade holding Deep Sea Tooth	60	20	Water 1		20	2560	Erratic	"600,000"	1.8	5′11″	22.6	49.8	50	170	0	0	0	2	0	0	2	50%	50%	1	0.5	0.5	2	2	0.5	1	1	1	1	1	1	1	1	1	1	0.5	1					
369	369	Relicanth	Longevity Pokémon	Water	Rock								TRUE	TRUE	TRUE	FALSE	FALSE	TRUE	TRUE	TRUE	TRUE	TRUE	TRUE	TRUE	TRUE	TRUE	TRUE	TRUE	TRUE	TRUE	TRUE	TRUE	TRUE	TRUE			FALSE	FALSE	FALSE	FALSE	FALSE	FALSE	TRUE	TRUE								100	90	130	45	65	55	485	Gray	Fins		Swift Swim	Rock Head	Sturdy	Trade holding Deep Sea Scale	25	8.33	Water 1		40	5120	Slow	"1,250,000"	1	3′03″	23.4	51.6	50	170	1	0	1	0	0	0	2	87.50%	12.50%	0.5	0.25	1	2	4	0.5	2	0.5	2	0.5	1	1	1	1	1	1	1	1					
370	370	Luvdisc	Rendezvous Pokémon	Water									TRUE	TRUE	TRUE	FALSE	FALSE	TRUE	TRUE	TRUE	TRUE	TRUE	TRUE	TRUE	TRUE	TRUE	TRUE	TRUE	TRUE	TRUE	TRUE	TRUE	TRUE	TRUE									TRUE	TRUE		TRUE	TRUE	FALSE	FALSE	TRUE	TRUE	43	30	55	40	65	97	330	Pink	Fins		Swift Swim		Hydration		225	75	Water 2		20	2560	Fast	"800,000"	0.6	2′00″	8.7	19.2	50	116	0	0	0	0	0	1	1	25%	75%	1	0.5	0.5	2	2	0.5	1	1	1	1	1	1	1	1	1	1	0.5	1	204-1|33-1|55-4|97-7|273-13|352-17|213-20|577-22|175-26|186-31|36-34|608-37|392-40|487-42|56-46|219-49	36-TM|204-TM|97-TM|182-TM|352-TM|263-TM|196-TM|577-TM|203-TM|240-TM|883-TM|214-TM|127-TM|156-TM|164-TM|710-TM|57-TM|58-TM|56-TM|59-TM|851-TM|812-TM|799-TM|244-TM|283-TM|250-TM	453-EM|494-EM|150-EM|48-EM		
371	371	Bagon	Rock Head Pokémon	Dragon									TRUE	TRUE	TRUE	FALSE	FALSE	FALSE	TRUE	TRUE	TRUE	TRUE	TRUE	TRUE	TRUE	TRUE	TRUE	TRUE	TRUE	TRUE	TRUE	TRUE	TRUE	TRUE			FALSE	FALSE	FALSE	FALSE	TRUE	FALSE	TRUE	TRUE		FALSE	TRUE	FALSE	FALSE	FALSE	FALSE	45	75	60	40	30	50	300	Blue	Bipedal+Tailless		Rock Head		Sheer Force		45	15	Dragon		40	5120	Slow	"1,250,000"	0.6	2′00″	42.1	92.8	35	60	0	1	0	0	0	0	1	50%	50%	1	0.5	0.5	0.5	0.5	2	1	1	1	1	1	1	1	1	2	1	1	2	52-1|43-1|44-5|225-10|29-15|184-20|242-25|337-31|428-35|116-40|53-45|200-50|38-55	36-TM|189-TM|184-TM|182-TM|424-TM|422-TM|83-TM|263-TM|317-TM|525-TM|203-TM|241-TM|240-TM|280-TM|428-TM|421-TM|34-TM|214-TM|337-TM|156-TM|157-TM|442-TM|349-TM|164-TM|334-TM|242-TM|406-TM|304-TM|53-TM|270-TM|126-TM|56-TM|200-TM|434-TM|851-TM|46-TM|38-TM|913-TM	111-EM|407-EM|37-EM|239-EM		
372	372	Shelgon	Endurance Pokémon	Dragon									TRUE	TRUE	TRUE	FALSE	FALSE	FALSE	TRUE	TRUE	TRUE	TRUE	TRUE	TRUE	TRUE	TRUE	TRUE	TRUE	TRUE	TRUE	TRUE	TRUE	TRUE	TRUE			FALSE	FALSE	FALSE	FALSE	TRUE	FALSE	TRUE	TRUE		FALSE	TRUE	FALSE	FALSE	FALSE	FALSE	65	95	100	60	50	50	420	White	Quadruped		Rock Head		Overcoat	Level 30	45	15	Dragon		40	5120	Slow	"1,250,000"	1.1	3′07″	110.5	243.6	35	147	0	0	2	0	0	0	2	50%	50%	1	0.5	0.5	0.5	0.5	2	1	1	1	1	1	1	1	1	2	1	1	2	44-1|225-1|52-1|43-1|29-15|184-20|242-25|337-33|428-39|116-46|53-53|200-60|38-67	36-TM|189-TM|184-TM|182-TM|424-TM|422-TM|83-TM|263-TM|317-TM|525-TM|203-TM|241-TM|240-TM|280-TM|428-TM|421-TM|34-TM|214-TM|337-TM|156-TM|157-TM|442-TM|349-TM|164-TM|334-TM|242-TM|406-TM|304-TM|53-TM|270-TM|126-TM|56-TM|200-TM|434-TM|851-TM|46-TM|38-TM|915-TM|913-TM	111-EM|407-EM|37-EM|239-EM	182-EV	
373	373	Salamence	Dragon Pokémon	Dragon	Flying								TRUE	TRUE	TRUE	FALSE	FALSE	FALSE	TRUE	TRUE	TRUE	TRUE	TRUE	TRUE	TRUE	TRUE			TRUE	TRUE	TRUE	TRUE	TRUE	TRUE			FALSE	FALSE	FALSE	FALSE	TRUE	FALSE	TRUE	TRUE		FALSE	TRUE	FALSE	FALSE	FALSE	FALSE	95	135	80	110	80	100	600	Blue	Quadruped		Intimidate		Moxie	Level 50	45	15	Dragon		40	5120	Slow	"1,250,000"	1.5	4′11″	102.6	226.2	35	300	0	3	0	0	0	0	3	50%	50%	1	0.5	0.5	1	0.25	4	0.5	1	0	1	1	0.5	2	1	2	1	1	2	44-1|225-1|525-1|814-1|52-1|43-1|182-1|355-1|29-15|184-20|242-25|337-33|428-39|116-46|53-55|38-73	36-TM|189-TM|184-TM|182-TM|424-TM|422-TM|83-TM|263-TM|332-TM|523-TM|129-TM|317-TM|525-TM|203-TM|241-TM|240-TM|280-TM|428-TM|421-TM|706-TM|403-TM|34-TM|214-TM|337-TM|156-TM|157-TM|19-TM|442-TM|349-TM|164-TM|334-TM|242-TM|366-TM|406-TM|304-TM|257-TM|53-TM|270-TM|126-TM|56-TM|89-TM|444-TM|416-TM|200-TM|542-TM|63-TM|434-TM|851-TM|46-TM|814-TM|38-TM|915-TM|784-TM|913-TM	111-EM|407-EM|37-EM|239-EM	19-EV	
373		Mega Salamence	Dragon Pokémon	Dragon	Flying																						TRUE	TRUE	TRUE	TRUE	TRUE	TRUE	TRUE	TRUE																		95	145	130	120	90	120	700	Blue	Quadruped		Aerilate			Salamencite		0			40	5120	Slow	"1,250,000"	1.8	5′11″	112.6	248.2	35	350	0	3	0	0	0	0	3	50%	50%	1	0.5	0.5	1	0.25	4	0.5	1	0	1	1	0.5	2	1	2	1	1	2					
374	374	Beldum	Iron Ball Pokémon	Steel	Psychic								TRUE	TRUE	TRUE	FALSE	FALSE	TRUE	TRUE	TRUE	TRUE	TRUE	TRUE	TRUE	TRUE	TRUE	TRUE	TRUE	TRUE	TRUE	TRUE	TRUE	TRUE	TRUE			FALSE	FALSE	FALSE	FALSE	TRUE	TRUE	TRUE	TRUE		FALSE	FALSE	FALSE	FALSE	TRUE	TRUE	40	55	80	35	60	30	300	Blue	Head+Base		Clear Body		Light Metal		3	1	Mineral		40	5120	Slow	"1,250,000"	0.6	2′00″	95.2	209.9	35	60	0	0	1	0	0	0	1	Unknown		0.5	2	1	1	0.5	0.5	1	0	2	0.5	0.25	1	0.5	2	0.5	2	0.5	0.5	33-1	36-TM|428-TM|442-TM|334-TM|796-TM|851-TM			
375	375	Metang	Iron Claw Pokémon	Steel	Psychic								TRUE	TRUE	TRUE	FALSE	FALSE	TRUE	TRUE	TRUE	TRUE	TRUE	TRUE	TRUE	TRUE	TRUE	TRUE	TRUE	TRUE	TRUE	TRUE	TRUE	TRUE	TRUE			FALSE	FALSE	FALSE	FALSE	TRUE	TRUE	TRUE	TRUE		FALSE	FALSE	FALSE	FALSE	TRUE	TRUE	60	75	100	55	80	50	420	Blue	Head+Arms		Clear Body		Light Metal	Level 20	3	1	Mineral		40	5120	Slow	"1,250,000"	1.2	3′11″	202.5	446.4	35	147	0	0	2	0	0	0	2	Unknown		0.5	2	1	1	0.5	0.5	1	0	2	0.5	0.25	1	0.5	2	0.5	2	0.5	0.5	418-1|468-1|33-1|428-6|393-12|430-18|36-26|94-34|184-42|309-50|334-58|97-66|63-74	36-TM|97-TM|184-TM|182-TM|885-TM|263-TM|332-TM|523-TM|232-TM|129-TM|196-TM|317-TM|203-TM|241-TM|240-TM|201-TM|473-TM|280-TM|428-TM|34-TM|9-TM|8-TM|214-TM|115-TM|113-TM|447-TM|156-TM|157-TM|430-TM|442-TM|164-TM|334-TM|271-TM|247-TM|446-TM|94-TM|484-TM|188-TM|89-TM|416-TM|63-TM|796-TM|851-TM|356-TM|360-TM|264-TM|244-TM|38-TM|248-TM|797-TM|800-TM|912-TM|917-TM		93-EV|232-EV	
376	376	Metagross	Iron Leg Pokémon	Steel	Psychic								TRUE	TRUE	TRUE	FALSE	FALSE	TRUE	TRUE	TRUE	TRUE	TRUE	TRUE	TRUE	TRUE	TRUE	TRUE	TRUE	TRUE	TRUE	TRUE	TRUE	TRUE	TRUE			FALSE	FALSE	FALSE	FALSE	TRUE	TRUE	TRUE	TRUE		FALSE	FALSE	FALSE	FALSE	TRUE	TRUE	80	135	130	95	90	70	600	Blue	Multiple Bodies		Clear Body		Light Metal	Level 45	3	1	Mineral		40	5120	Slow	"1,250,000"	1.6	5′03″	550	1212.5	35	300	0	0	3	0	0	0	3	Unknown		0.5	2	1	1	0.5	0.5	1	0	2	0.5	0.25	1	0.5	2	0.5	2	0.5	0.5	418-1|93-1|232-1|33-1|428-6|393-12|430-16|36-26|94-34|184-42|309-52|334-62|97-72|63-82	36-TM|97-TM|189-TM|184-TM|182-TM|885-TM|263-TM|332-TM|523-TM|232-TM|129-TM|196-TM|317-TM|203-TM|241-TM|240-TM|201-TM|473-TM|280-TM|428-TM|421-TM|706-TM|34-TM|9-TM|8-TM|214-TM|115-TM|113-TM|447-TM|707-TM|156-TM|157-TM|776-TM|430-TM|442-TM|164-TM|334-TM|271-TM|247-TM|446-TM|94-TM|484-TM|188-TM|89-TM|444-TM|416-TM|63-TM|796-TM|851-TM|356-TM|360-TM|282-TM|264-TM|244-TM|38-TM|248-TM|797-TM|800-TM|912-TM|917-TM		359-EV	153-R|468-R
376		Mega Metagross	Iron Leg Pokémon	Steel	Psychic																								TRUE	TRUE	TRUE	TRUE	TRUE	TRUE																		80	145	150	105	110	110	700	Blue	Multiple Bodies		Tough Claws			Metagrossite		0			40	5120	Slow	"1,250,000"	2.5	8′02″	942.9	2078.7	35	350	0	0	3	0	0	0	3	Unknown		0.5	2	1	1	0.5	0.5	1	0	2	0.5	0.25	1	0.5	2	0.5	2	0.5	0.5					
377	377	Regirock	Rock Peak Pokémon	Rock									TRUE	TRUE	TRUE	FALSE	FALSE	FALSE	FALSE	TRUE	FALSE	FALSE	FALSE	FALSE	TRUE	TRUE	FALSE	FALSE	TRUE	TRUE	FALSE	FALSE	TRUE	TRUE			FALSE	FALSE	FALSE	FALSE	TRUE	TRUE	TRUE	TRUE		FALSE	FALSE	FALSE	FALSE	FALSE	FALSE	80	100	200	50	100	50	580	Brown	Bipedal+Tailless		Clear Body		Sturdy		3	1	No Eggs Discovered		80	10240	Slow	"1,250,000"	1.7	5′07″	230	507.1	35	290	0	0	3	0	0	0	3	Unknown		0.5	0.5	2	1	2	1	2	0.5	2	0.5	1	1	1	1	1	1	2	1	451-1|88-1|523-6|246-12|23-18|157-24|174-30|334-36|359-42|444-48|276-54|199-60|192-66|63-72|153-78	36-TM|182-TM|451-TM|263-TM|523-TM|317-TM|374-TM|203-TM|241-TM|201-TM|91-TM|280-TM|34-TM|7-TM|9-TM|8-TM|214-TM|409-TM|350-TM|86-TM|707-TM|156-TM|157-TM|776-TM|430-TM|442-TM|408-TM|164-TM|334-TM|446-TM|484-TM|85-TM|414-TM|89-TM|444-TM|416-TM|411-TM|63-TM|87-TM|851-TM|328-TM|356-TM|479-TM|264-TM|38-TM|800-TM|174-TM|912-TM			
378	378	Regice	Iceberg Pokémon	Ice									TRUE	TRUE	TRUE	FALSE	FALSE	FALSE	FALSE	TRUE	FALSE	FALSE	FALSE	FALSE	TRUE	TRUE	FALSE	FALSE	TRUE	TRUE	FALSE	FALSE	TRUE	TRUE			FALSE	FALSE	FALSE	FALSE	TRUE	TRUE	TRUE	TRUE		FALSE	FALSE	FALSE	FALSE	FALSE	FALSE	80	50	100	100	200	50	580	Blue	Bipedal+Tailless		Clear Body		Ice Body		3	1	No Eggs Discovered		80	10240	Slow	"1,250,000"	1.8	5′11″	175	385.8	35	290	0	0	0	0	3	0	3	Unknown		1	2	1	1	1	0.5	2	1	1	1	1	1	2	1	1	1	2	1	451-1|196-1|523-6|246-12|23-18|58-24|174-30|133-36|359-42|59-48|276-54|199-60|192-66|63-72|153-78	182-TM|451-TM|263-TM|523-TM|196-TM|317-TM|374-TM|419-TM|203-TM|240-TM|883-TM|280-TM|34-TM|9-TM|8-TM|214-TM|86-TM|707-TM|156-TM|157-TM|776-TM|430-TM|442-TM|164-TM|484-TM|861-TM|85-TM|133-TM|58-TM|59-TM|89-TM|416-TM|411-TM|63-TM|87-TM|851-TM|356-TM|333-TM|264-TM|174-TM			
379	379	Registeel	Iron Pokémon	Steel									TRUE	TRUE	TRUE	FALSE	FALSE	FALSE	FALSE	TRUE	FALSE	FALSE	FALSE	FALSE	TRUE	TRUE	FALSE	FALSE	TRUE	TRUE	FALSE	FALSE	TRUE	TRUE			FALSE	FALSE	FALSE	FALSE	TRUE	TRUE	TRUE	TRUE		FALSE	FALSE	FALSE	FALSE	FALSE	FALSE	80	75	150	75	150	50	580	Gray	Bipedal+Tailless		Clear Body		Light Metal		3	1	No Eggs Discovered		80	10240	Slow	"1,250,000"	1.9	6′03″	205	451.9	35	290	0	0	2	0	1	0	3	Unknown		0.5	2	1	1	0.5	0.5	2	0	2	0.5	0.5	0.5	0.5	1	0.5	1	0.5	0.5	451-1|232-1|523-6|246-12|23-18|430-24|442-24|174-30|133-36|334-36|359-42|484-48|276-54|199-60|192-66|63-72|153-78	36-TM|182-TM|451-TM|263-TM|523-TM|232-TM|317-TM|374-TM|203-TM|241-TM|240-TM|201-TM|280-TM|421-TM|34-TM|9-TM|8-TM|214-TM|86-TM|707-TM|156-TM|157-TM|776-TM|430-TM|442-TM|164-TM|334-TM|446-TM|484-TM|861-TM|85-TM|133-TM|89-TM|416-TM|411-TM|63-TM|87-TM|796-TM|851-TM|328-TM|356-TM|264-TM|38-TM|800-TM|319-TM|174-TM|912-TM			
380	380	Latias	Eon Pokémon	Dragon	Psychic								FALSE	TRUE	TRUE	FALSE	FALSE	FALSE	FALSE	FALSE	TRUE	TRUE	FALSE	FALSE	FALSE	TRUE	FALSE	FALSE	TRUE	TRUE	FALSE	FALSE	TRUE	TRUE			FALSE	FALSE	FALSE	FALSE	FALSE	TRUE	TRUE	TRUE		FALSE	FALSE	FALSE	FALSE	TRUE	TRUE	80	80	90	110	130	110	600	Red	1 Pair of Wings		Levitate				3	1	No Eggs Discovered		120	15360	Slow	"1,250,000"	1.4	4′07″	40	88.2	90	300	0	0	0	0	3	0	3	0%	100%	1	0.5	0.5	0.5	0.5	2	0.5	1	1	1	0.5	2	1	2	2	2	1	2	204-1|500-1|270-5|105-10|93-15|366-20|225-25|273-30|296-35|428-40|406-45|505-50|513-55|94-60|470-65|361-70	36-TM|204-TM|97-TM|182-TM|352-TM|574-TM|886-TM|451-TM|263-TM|332-TM|523-TM|129-TM|196-TM|577-TM|314-TM|500-TM|203-TM|241-TM|240-TM|201-TM|473-TM|428-TM|421-TM|403-TM|34-TM|214-TM|115-TM|113-TM|127-TM|337-TM|447-TM|86-TM|156-TM|19-TM|349-TM|164-TM|271-TM|710-TM|396-TM|366-TM|247-TM|406-TM|412-TM|94-TM|57-TM|85-TM|347-TM|270-TM|226-TM|58-TM|89-TM|416-TM|200-TM|63-TM|87-TM|76-TM|434-TM|851-TM|46-TM|311-TM|814-TM|799-TM|244-TM|38-TM|250-TM|248-TM|784-TM|913-TM|914-TM			
380		Mega Latias	Eon Pokémon	Dragon	Psychic																								TRUE	TRUE	FALSE	FALSE	TRUE	TRUE																		80	100	120	140	150	110	700	Purple	1 Pair of Wings		Levitate			Latiasite		0			120	15360	Slow	"1,250,000"	1.8	5′11″	52	114.6	90	350	0	0	0	0	3	0	3	0%	100%	1	0.5	0.5	0.5	0.5	2	0.5	1	1	1	0.5	2	1	2	2	2	1	2					
381	381	Latios	Eon Pokémon	Dragon	Psychic								TRUE	FALSE	TRUE	FALSE	FALSE	FALSE	FALSE	FALSE	TRUE	TRUE	FALSE	FALSE	TRUE	FALSE	FALSE	FALSE	TRUE	TRUE	FALSE	FALSE	TRUE	TRUE			FALSE	FALSE	FALSE	FALSE	TRUE	FALSE	TRUE	TRUE		FALSE	FALSE	FALSE	FALSE	TRUE	TRUE	80	90	80	130	110	110	600	Blue	1 Pair of Wings		Levitate				3	1	No Eggs Discovered		120	15360	Slow	"1,250,000"	2	6′07″	60	132.3	90	300	0	0	0	3	0	0	3	100%	0%	1	0.5	0.5	0.5	0.5	2	0.5	1	1	1	0.5	2	1	2	2	2	1	2	349-1|500-1|270-5|105-10|93-15|366-20|225-25|502-30|295-35|428-40|406-45|505-50|493-55|94-60|471-65|262-70	36-TM|97-TM|182-TM|352-TM|886-TM|451-TM|263-TM|332-TM|523-TM|129-TM|196-TM|314-TM|500-TM|203-TM|241-TM|240-TM|201-TM|473-TM|428-TM|421-TM|403-TM|34-TM|214-TM|115-TM|113-TM|127-TM|337-TM|447-TM|86-TM|156-TM|19-TM|349-TM|164-TM|271-TM|710-TM|396-TM|366-TM|247-TM|406-TM|412-TM|94-TM|57-TM|85-TM|347-TM|270-TM|226-TM|58-TM|89-TM|416-TM|200-TM|63-TM|87-TM|76-TM|434-TM|851-TM|46-TM|311-TM|812-TM|814-TM|799-TM|244-TM|38-TM|248-TM|784-TM|913-TM|917-TM			
381		Mega Latios	Eon Pokémon	Dragon	Psychic																								TRUE	TRUE	FALSE	FALSE	TRUE	TRUE																		80	130	100	160	120	110	700	Purple	1 Pair of Wings		Levitate			Latiosite		0			120	15360	Slow	"1,250,000"	2.3	7′07″	70	154.3	90	350	0	0	0	3	0	0	3	100%	0%	1	0.5	0.5	0.5	0.5	2	0.5	1	1	1	0.5	2	1	2	2	2	1	2					
382	382	Kyogre	Sea Basin Pokémon	Water									FALSE	TRUE	TRUE	FALSE	FALSE	FALSE	FALSE	FALSE	TRUE	FALSE	FALSE	FALSE	FALSE	FALSE	FALSE	FALSE	TRUE	TRUE	FALSE	FALSE	TRUE	TRUE			FALSE	FALSE	FALSE	FALSE	FALSE	TRUE	TRUE	TRUE		FALSE	FALSE	FALSE	FALSE	TRUE	TRUE	100	100	90	150	140	90	670	Blue	Fins		Drizzle				3	1	No Eggs Discovered		120	15360	Slow	"1,250,000"	4.5	14′09″	352	776	0	335	0	0	0	3	0	0	3	Unknown		1	0.5	0.5	2	2	0.5	1	1	1	1	1	1	1	1	1	1	0.5	1	246-1|34-1|618-1|184-1|352-1|401-9|347-18|330-27|58-36|329-45|392-54|56-72|38-81|323-90	36-TM|184-TM|182-TM|352-TM|886-TM|263-TM|523-TM|196-TM|317-TM|419-TM|203-TM|240-TM|280-TM|34-TM|214-TM|127-TM|86-TM|156-TM|157-TM|442-TM|164-TM|710-TM|484-TM|57-TM|85-TM|347-TM|270-TM|58-TM|56-TM|59-TM|89-TM|416-TM|63-TM|87-TM|851-TM|46-TM|38-TM|250-TM|330-TM			
382		Primal Kyogre	Sea Basin Pokémon	Water																									TRUE	TRUE	TRUE	TRUE	TRUE	TRUE																		100	150	90	180	160	90	770	Blue	Fins		Primordial Sea			Blue Orb		0			120	15360	Slow	"1,250,000"	9.8	32′02″	430	948	0	385	0	0	0	3	0	0	3	Unknown		1	0.5	0.5	2	2	0.5	1	1	1	1	1	1	1	1	1	1	0.5	1					
383	383	Groudon	Continent Pokémon	Ground									TRUE	FALSE	TRUE	FALSE	FALSE	FALSE	FALSE	FALSE	FALSE	TRUE	FALSE	FALSE	FALSE	FALSE	FALSE	FALSE	TRUE	TRUE	FALSE	FALSE	TRUE	TRUE			FALSE	FALSE	FALSE	FALSE	TRUE	FALSE	TRUE	TRUE		FALSE	FALSE	FALSE	FALSE	TRUE	TRUE	100	150	140	100	90	90	670	Red	Bipedal+Tail		Drought				3	1	No Eggs Discovered		120	15360	Slow	"1,250,000"	3.5	11′06″	950	2094.4	0	335	0	3	0	0	0	0	3	Unknown		1	1	2	0	2	2	1	0.5	1	1	1	1	0.5	1	1	1	1	1	246-1|436-1|341-1|619-1|184-1|414-9|339-18|89-27|359-36|90-45|156-54|126-72|76-81|284-90	36-TM|189-TM|184-TM|182-TM|424-TM|263-TM|332-TM|523-TM|232-TM|341-TM|317-TM|374-TM|203-TM|241-TM|201-TM|91-TM|280-TM|428-TM|421-TM|339-TM|34-TM|7-TM|9-TM|214-TM|350-TM|337-TM|86-TM|707-TM|156-TM|157-TM|14-TM|776-TM|191-TM|442-TM|164-TM|261-TM|242-TM|406-TM|446-TM|257-TM|484-TM|53-TM|85-TM|270-TM|414-TM|126-TM|89-TM|444-TM|416-TM|315-TM|411-TM|63-TM|87-TM|76-TM|851-TM|46-TM|328-TM|479-TM|667-TM|535-TM|264-TM|38-TM|815-TM			
383		Primal Groudon	Continent Pokémon	Ground	Fire																								TRUE	TRUE	TRUE	TRUE	TRUE	TRUE																		100	180	160	150	90	90	770	Red	Bipedal+Tail		Desolate Land			Red Orb		0			120	15360	Slow	"1,250,000"	5	16′05″	999.7	2204	0	385	0	3	0	0	0	0	3	Unknown		1	0.5	4	0	1	1	1	0.5	2	1	1	0.5	1	1	1	1	0.5	0.5					
384	384	Rayquaza	Sky High Pokémon	Dragon	Flying								TRUE	TRUE	TRUE	FALSE	FALSE	FALSE	FALSE	FALSE	TRUE	TRUE	FALSE	FALSE	FALSE	FALSE	FALSE	FALSE	TRUE	TRUE	FALSE	FALSE	TRUE	TRUE			FALSE	FALSE	FALSE	FALSE	TRUE	TRUE	TRUE	TRUE		FALSE	FALSE	FALSE	FALSE	TRUE	TRUE	105	150	90	150	90	95	680	Green	Serpentine		Air Lock				45	15	No Eggs Discovered		120	15360	Slow	"1,250,000"	7	23′00″	206.5	455.3	0	340	0	2	0	1	0	0	3	Unknown		1	0.5	0.5	1	0.25	4	0.5	1	0	1	1	0.5	2	1	2	1	1	2	403-1|246-1|620-1|184-1|239-1|242-9|349-18|245-27|406-36|304-45|156-54|19-63|542-72|200-81|63-90	36-TM|184-TM|182-TM|263-TM|332-TM|523-TM|129-TM|196-TM|317-TM|374-TM|525-TM|419-TM|203-TM|241-TM|240-TM|201-TM|280-TM|369-TM|421-TM|339-TM|403-TM|34-TM|214-TM|127-TM|337-TM|86-TM|156-TM|157-TM|14-TM|19-TM|442-TM|349-TM|164-TM|242-TM|366-TM|406-TM|446-TM|304-TM|412-TM|57-TM|53-TM|85-TM|270-TM|414-TM|58-TM|126-TM|56-TM|59-TM|528-TM|89-TM|444-TM|416-TM|200-TM|315-TM|411-TM|542-TM|63-TM|87-TM|76-TM|434-TM|851-TM|46-TM|360-TM|799-TM|38-TM|250-TM|800-TM|784-TM|913-TM			
384		Mega Rayquaza	Sky High Pokémon	Dragon	Flying																								TRUE	TRUE	TRUE	TRUE	TRUE	TRUE																		105	180	100	180	100	115	780	Green	Serpentine		Delta Stream			Dragon Ascent known		0			120	15360	Slow	"1,250,000"	10.8	35′05″	392	864.2	0	390	0	2	0	1	0	0	3	Unknown		1	0.5	0.5	1	0.25	4	0.5	1	0	1	1	0.5	2	1	2	1	1	2					
385	385	Jirachi	Wish Pokémon	Steel	Psychic								TRUE	TRUE	TRUE	FALSE	FALSE	FALSE	FALSE	FALSE	FALSE	FALSE	FALSE	FALSE	FALSE	FALSE	FALSE	FALSE	FALSE	FALSE	FALSE	FALSE	FALSE	FALSE			FALSE	FALSE	FALSE	FALSE	FALSE	FALSE	TRUE	TRUE		FALSE	FALSE	FALSE	FALSE	FALSE	FALSE	100	100	100	100	100	100	600	Yellow	Bipedal+Tailless		Serene				3	1	No Eggs Discovered		120	15360	Slow	"1,250,000"	0.3	1′00″	1.1	2.4	100	300	3	0	0	0	0	0	3	Unknown		0.5	2	1	1	0.5	0.5	1	0	2	0.5	0.25	1	0.5	2	0.5	2	0.5	0.5	93-1|273-1|129-7|791-21|428-28|356-35|94-42|309-49|361-56|156-63|248-70|38-77|322-84|387-91|353-98	204-TM|313-TM|189-TM|182-TM|352-TM|60-TM|109-TM|451-TM|263-TM|129-TM|196-TM|500-TM|374-TM|203-TM|241-TM|240-TM|201-TM|473-TM|428-TM|369-TM|34-TM|7-TM|9-TM|8-TM|214-TM|409-TM|115-TM|113-TM|605-TM|118-TM|447-TM|86-TM|156-TM|286-TM|430-TM|285-TM|442-TM|164-TM|334-TM|271-TM|396-TM|247-TM|446-TM|412-TM|94-TM|227-TM|85-TM|583-TM|133-TM|347-TM|270-TM|226-TM|416-TM|433-TM|63-TM|87-TM|796-TM|851-TM|356-TM|244-TM|38-TM|248-TM|797-TM|800-TM|319-TM|917-TM			
386	386	Deoxys Normal Forme	DNA Pokémon	Psychic									TRUE	TRUE	TRUE	TRUE	TRUE	FALSE	FALSE	FALSE	FALSE	FALSE	FALSE	FALSE	FALSE	FALSE	FALSE	FALSE	TRUE	TRUE	FALSE	FALSE	FALSE	FALSE									FALSE	FALSE		FALSE	FALSE	FALSE	FALSE	FALSE	FALSE	50	150	50	150	50	150	600	Red	Bipedal+Tailless		Pressure				45	15	No Eggs Discovered		120	15360	Slow	"1,250,000"	1.7	5′07″	60.8	134	0	300	0	1	0	1	0	1	3	Unknown		1	1	1	1	1	1	0.5	1	1	1	0.5	2	1	2	1	2	1	1	43-1|35-1|101-7|100-13|282-19|473-25|94-31|356-37|285-43|428-49|322-55|105-61|354-67|63-73	36-TM|97-TM|184-TM|182-TM|352-TM|67-TM|60-TM|451-TM|263-TM|332-TM|129-TM|196-TM|317-TM|490-TM|500-TM|101-TM|374-TM|203-TM|241-TM|240-TM|473-TM|280-TM|428-TM|7-TM|9-TM|8-TM|214-TM|409-TM|115-TM|113-TM|447-TM|86-TM|398-TM|707-TM|156-TM|157-TM|286-TM|430-TM|399-TM|285-TM|164-TM|271-TM|247-TM|446-TM|412-TM|94-TM|85-TM|347-TM|58-TM|678-TM|417-TM|416-TM|411-TM|433-TM|63-TM|87-TM|76-TM|851-TM|356-TM|282-TM|220-TM|244-TM|248-TM|797-TM|800-TM|675-TM|917-TM			
386		Deoxys Attack Forme	DNA Pokémon	Psychic									TRUE	TRUE	TRUE	TRUE	TRUE	FALSE	FALSE	FALSE	FALSE	FALSE	FALSE	FALSE	FALSE	FALSE	FALSE	FALSE	TRUE	TRUE	FALSE	FALSE	FALSE	FALSE									FALSE	FALSE		FALSE	FALSE	FALSE	FALSE	FALSE	FALSE	50	180	20	180	20	150	600	Red	Bipedal+Tailless		Pressure					0	No Eggs Discovered		120	15360	Slow	"1,250,000"	1.7	5′07″	60.8	134	0	300	0	2	0	1	0	0	3	Unknown		1	1	1	1	1	1	0.5	1	1	1	0.5	2	1	2	1	2	1	1	43-1|35-1|101-7|100-13|269-19|473-25|94-31|276-37|285-43|428-49|322-55|192-61|354-67|63-73	36-TM|97-TM|184-TM|182-TM|352-TM|67-TM|60-TM|451-TM|263-TM|332-TM|129-TM|196-TM|317-TM|490-TM|500-TM|101-TM|374-TM|203-TM|241-TM|240-TM|473-TM|280-TM|428-TM|7-TM|9-TM|8-TM|214-TM|409-TM|115-TM|113-TM|447-TM|86-TM|398-TM|707-TM|156-TM|157-TM|269-TM|286-TM|430-TM|399-TM|285-TM|164-TM|271-TM|247-TM|446-TM|412-TM|94-TM|85-TM|347-TM|58-TM|678-TM|417-TM|416-TM|411-TM|433-TM|63-TM|87-TM|76-TM|851-TM|356-TM|282-TM|220-TM|244-TM|248-TM|797-TM|800-TM|675-TM|917-TM			
386		Deoxys Defense Forme	DNA Pokémon	Psychic									TRUE	TRUE	TRUE	TRUE	TRUE	FALSE	FALSE	FALSE	FALSE	FALSE	FALSE	FALSE	FALSE	FALSE	FALSE	FALSE	TRUE	TRUE	FALSE	FALSE	FALSE	FALSE									FALSE	FALSE		FALSE	FALSE	FALSE	FALSE	FALSE	FALSE	50	70	160	70	160	90	600	Red	Bipedal+Tailless		Pressure					0	No Eggs Discovered		120	15360	Slow	"1,250,000"	1.7	5′07″	60.8	134	0	300	0	0	2	0	1	0	3	Unknown		1	1	1	1	1	1	0.5	1	1	1	0.5	2	1	2	1	2	1	1	43-1|35-1|101-7|100-13|282-19|191-25|94-31|182-37|285-43|428-49|133-55|334-55|105-61|354-67|68-73|243-73	36-TM|97-TM|184-TM|182-TM|352-TM|67-TM|60-TM|451-TM|263-TM|332-TM|129-TM|196-TM|317-TM|490-TM|500-TM|101-TM|374-TM|203-TM|241-TM|240-TM|473-TM|280-TM|428-TM|7-TM|9-TM|8-TM|214-TM|409-TM|115-TM|113-TM|447-TM|86-TM|398-TM|707-TM|156-TM|157-TM|269-TM|191-TM|286-TM|430-TM|399-TM|285-TM|164-TM|334-TM|271-TM|247-TM|446-TM|412-TM|94-TM|85-TM|133-TM|347-TM|58-TM|678-TM|416-TM|411-TM|433-TM|63-TM|87-TM|76-TM|851-TM|356-TM|282-TM|220-TM|244-TM|248-TM|797-TM|800-TM|675-TM|917-TM			
386		Deoxys Speed Forme	DNA Pokémon	Psychic									FALSE	FALSE	TRUE	TRUE	TRUE	FALSE	FALSE	FALSE	FALSE	FALSE	FALSE	FALSE	FALSE	FALSE	FALSE	FALSE	TRUE	TRUE	FALSE	FALSE	FALSE	FALSE									FALSE	FALSE		FALSE	FALSE	FALSE	FALSE	FALSE	FALSE	50	95	90	95	90	180	600	Red	Bipedal+Tailless		Pressure					0	No Eggs Discovered		120	15360	Slow	"1,250,000"	1.7	5′07″	60.8	134	0	300	0	0	0	0	0	3	3	Unknown		1	1	1	1	1	1	0.5	1	1	1	0.5	2	1	2	1	2	1	1	43-1|35-1|101-7|104-13|282-19|473-25|94-31|129-37|285-43|428-49|97-55|105-61|354-67|245-73	36-TM|97-TM|184-TM|182-TM|352-TM|67-TM|60-TM|451-TM|263-TM|332-TM|129-TM|196-TM|317-TM|490-TM|500-TM|101-TM|374-TM|203-TM|241-TM|240-TM|473-TM|280-TM|428-TM|7-TM|9-TM|8-TM|214-TM|409-TM|115-TM|113-TM|447-TM|86-TM|398-TM|707-TM|156-TM|157-TM|269-TM|286-TM|430-TM|399-TM|285-TM|164-TM|271-TM|247-TM|446-TM|412-TM|94-TM|85-TM|133-TM|347-TM|58-TM|678-TM|417-TM|416-TM|411-TM|433-TM|63-TM|87-TM|76-TM|851-TM|356-TM|282-TM|220-TM|244-TM|248-TM|797-TM|800-TM|675-TM|917-TM			
387	387	Turtwig	Tiny Leaf Pokémon	Grass														TRUE	TRUE	TRUE	FALSE	FALSE	FALSE	FALSE	FALSE	FALSE	FALSE	FALSE	TRUE	TRUE	FALSE	FALSE	TRUE	TRUE									TRUE	TRUE	TRUE	FALSE	FALSE	FALSE	FALSE	TRUE	TRUE	55	68	64	45	55	31	318	Green	Bipedal+Tailless		Overgrow		Shell Armor		45	15	Monster	Grass	20	2560	Medium Slow	"1,059,860"	0.4	1′04″	10.2	22.5	50	64	0	1	0	0	0	0	1	87.50%	12.50%	1	2	0.5	0.5	0.5	2	1	2	0.5	2	1	2	1	1	1	1	1	1	33-1|110-5|71-9|75-13|174-17|44-21|72-25|73-29|235-33|242-37|202-41|437-45	36-TM|189-TM|182-TM|885-TM|263-TM|523-TM|345-TM|341-TM|203-TM|241-TM|331-TM|428-TM|34-TM|214-TM|402-TM|115-TM|113-TM|447-TM|156-TM|14-TM|442-TM|164-TM|242-TM|202-TM|446-TM|412-TM|484-TM|133-TM|414-TM|580-TM|520-TM|437-TM|76-TM|851-TM|46-TM|328-TM|479-TM|803-TM|38-TM|174-TM	38-EM|74-EM|504-EM|255-EM|254-EM|276-EM|256-EM|37-EM|321-EM|469-EM|388-EM		
388	388	Grotle	Grove Pokémon	Grass														TRUE	TRUE	TRUE	FALSE	FALSE	FALSE	FALSE	FALSE	FALSE	FALSE	FALSE	TRUE	TRUE	FALSE	FALSE	TRUE	TRUE									TRUE	TRUE	TRUE	FALSE	FALSE	FALSE	FALSE	TRUE	TRUE	75	89	85	55	65	36	405	Green	Quadruped		Overgrow		Shell Armor	Level 18	45	15	Monster	Grass	20	2560	Medium Slow	"1,059,860"	1.1	3′07″	97	213.8	50	142	0	1	1	0	0	0	2	87.50%	12.50%	1	2	0.5	0.5	0.5	2	1	2	0.5	2	1	2	1	1	1	1	1	1	71-1|33-1|110-1|75-13|174-17|44-22|72-27|73-32|235-37|242-42|202-47|437-52	36-TM|189-TM|182-TM|885-TM|263-TM|523-TM|345-TM|341-TM|203-TM|241-TM|331-TM|428-TM|34-TM|214-TM|402-TM|115-TM|113-TM|447-TM|156-TM|14-TM|442-TM|164-TM|242-TM|202-TM|446-TM|412-TM|484-TM|133-TM|414-TM|580-TM|520-TM|437-TM|76-TM|851-TM|46-TM|328-TM|479-TM|803-TM|38-TM|174-TM			
389	389	Torterra	Continent Pokémon	Grass	Ground													TRUE	TRUE	TRUE	FALSE	FALSE	FALSE	FALSE	FALSE	FALSE	FALSE	FALSE	TRUE	TRUE	FALSE	FALSE	TRUE	TRUE									TRUE	TRUE	TRUE	FALSE	FALSE	FALSE	FALSE	TRUE	TRUE	95	109	105	75	85	56	525	Green	Quadruped		Overgrow		Shell Armor	Level 32	45	15	Monster	Grass	20	2560	Medium Slow	"1,059,860"	2.2	7′03″	310	683.4	50	263	0	2	1	0	0	0	3	87.50%	12.50%	1	2	1	0	1	4	1	1	0.5	2	1	2	0.5	1	1	1	1	1	71-1|75-1|33-1|110-1|452-1|174-17|44-22|72-27|73-33|235-39|242-45|202-51|437-57|838-63	36-TM|189-TM|184-TM|182-TM|885-TM|263-TM|523-TM|345-TM|341-TM|317-TM|203-TM|241-TM|201-TM|331-TM|428-TM|34-TM|214-TM|402-TM|115-TM|113-TM|350-TM|447-TM|707-TM|156-TM|157-TM|14-TM|776-TM|442-TM|164-TM|334-TM|242-TM|202-TM|446-TM|304-TM|412-TM|484-TM|133-TM|414-TM|580-TM|520-TM|89-TM|444-TM|416-TM|338-TM|200-TM|437-TM|63-TM|76-TM|851-TM|46-TM|328-TM|479-TM|667-TM|803-TM|38-TM|815-TM|174-TM|912-TM		89-EV	
390	390	Chimchar	Chimp Pokémon	Fire														TRUE	TRUE	TRUE	FALSE	FALSE	FALSE	FALSE	FALSE	FALSE	FALSE	FALSE	TRUE	TRUE	FALSE	FALSE	TRUE	TRUE									TRUE	TRUE	TRUE	FALSE	FALSE	FALSE	FALSE	TRUE	TRUE	44	58	44	58	44	61	309	Brown	Bipedal+Tail		Blaze		Iron Fist		45	15	Field	Human-Like	20	2560	Medium Slow	"1,059,860"	0.5	1′08″	6.2	13.7	50	62	0	0	0	0	0	1	1	87.50%	12.50%	1	0.5	2	1	0.5	0.5	1	1	2	1	1	0.5	2	1	1	1	0.5	0.5	43-1|10-1|52-7|269-9|154-15|172-17|417-23|259-25|263-31|83-33|512-39|303-41|53-47	36-TM|313-TM|97-TM|189-TM|182-TM|67-TM|512-TM|168-TM|83-TM|263-TM|129-TM|317-TM|488-TM|490-TM|374-TM|203-TM|241-TM|91-TM|280-TM|428-TM|369-TM|421-TM|339-TM|7-TM|9-TM|214-TM|118-TM|447-TM|398-TM|156-TM|157-TM|269-TM|14-TM|441-TM|164-TM|261-TM|446-TM|257-TM|227-TM|53-TM|270-TM|417-TM|126-TM|519-TM|315-TM|394-TM|851-TM|282-TM|410-TM|253-TM|264-TM|807-TM|244-TM|38-TM|283-TM|915-TM	68-EM|24-EM|227-EM|252-EM|7-EM|116-EM|257-EM|270-EM|415-EM|9-EM		
391	391	Monferno	Playful Pokémon	Fire	Fighting													TRUE	TRUE	TRUE	FALSE	FALSE	FALSE	FALSE	FALSE	FALSE	FALSE	FALSE	TRUE	TRUE	FALSE	FALSE	TRUE	TRUE									TRUE	TRUE	TRUE	FALSE	FALSE	FALSE	FALSE	TRUE	TRUE	64	78	52	78	52	81	405	Brown	Bipedal+Tail		Blaze		Iron Fist	Level 14	45	15	Field	Human-Like	20	2560	Medium Slow	"1,059,860"	0.9	2′11″	22	48.5	50	142	0	0	0	1	0	1	2	87.50%	12.50%	1	0.5	2	1	0.5	0.5	1	1	2	2	2	0.25	1	1	1	0.5	0.5	1	52-1|43-1|10-1|269-9|154-16|172-19|364-26|259-29|370-36|83-39|512-46|303-49|394-56	36-TM|313-TM|97-TM|189-TM|182-TM|67-TM|512-TM|168-TM|83-TM|263-TM|129-TM|317-TM|488-TM|490-TM|374-TM|203-TM|241-TM|91-TM|280-TM|428-TM|369-TM|421-TM|339-TM|7-TM|9-TM|214-TM|409-TM|118-TM|447-TM|398-TM|156-TM|157-TM|269-TM|14-TM|441-TM|164-TM|261-TM|446-TM|257-TM|227-TM|53-TM|270-TM|179-TM|417-TM|126-TM|519-TM|315-TM|411-TM|394-TM|370-TM|851-TM|479-TM|282-TM|410-TM|253-TM|264-TM|807-TM|808-TM|244-TM|38-TM|283-TM|915-TM|918-TM		183-EV	
392	392	Infernape	Flame Pokémon	Fire	Fighting													TRUE	TRUE	TRUE	FALSE	FALSE	FALSE	FALSE	FALSE	FALSE	FALSE	FALSE	TRUE	TRUE	FALSE	FALSE	TRUE	TRUE									TRUE	TRUE	TRUE	FALSE	FALSE	FALSE	FALSE	TRUE	TRUE	76	104	71	104	71	108	534	Brown	Bipedal+Tail		Blaze		Iron Fist	Level 36	45	15	Field	Human-Like	20	2560	Medium Slow	"1,059,860"	1.2	3′11″	55	121.3	50	267	0	1	0	1	0	1	3	87.50%	12.50%	1	0.5	2	1	0.5	0.5	1	1	2	2	2	0.25	1	1	1	0.5	0.5	1	52-1|43-1|183-1|10-1|154-16|172-19|364-26|259-29|83-42|394-47|512-52|347-58|833-65	36-TM|313-TM|97-TM|189-TM|184-TM|182-TM|67-TM|512-TM|168-TM|83-TM|263-TM|332-TM|523-TM|129-TM|317-TM|488-TM|490-TM|374-TM|203-TM|241-TM|91-TM|280-TM|428-TM|369-TM|421-TM|339-TM|34-TM|7-TM|9-TM|214-TM|409-TM|118-TM|447-TM|398-TM|156-TM|157-TM|269-TM|14-TM|441-TM|164-TM|261-TM|396-TM|446-TM|257-TM|227-TM|53-TM|347-TM|270-TM|179-TM|417-TM|126-TM|519-TM|89-TM|444-TM|416-TM|307-TM|315-TM|411-TM|63-TM|394-TM|370-TM|76-TM|851-TM|46-TM|479-TM|282-TM|410-TM|253-TM|264-TM|807-TM|808-TM|244-TM|38-TM|283-TM|915-TM|811-TM|815-TM|675-TM|918-TM		370-EV	303-R|269-R
393	393	Piplup	Penguin Pokémon	Water														TRUE	TRUE	TRUE	FALSE	FALSE	FALSE	FALSE	FALSE	FALSE	FALSE	FALSE	TRUE	TRUE	FALSE	FALSE	TRUE	TRUE									TRUE	TRUE	TRUE	FALSE	FALSE	FALSE	FALSE	TRUE	TRUE	53	51	53	61	56	40	314	Blue	Bipedal+Tailless		Torrent		Defiant		45	15	Water 1	Field	20	2560	Medium Slow	"1,059,860"	0.4	1′04″	5.2	11.5	50	63	0	0	0	1	0	0	1	87.50%	12.50%	1	0.5	0.5	2	2	0.5	1	1	1	1	1	1	1	1	1	1	0.5	1	1-1|45-4|55-8|204-11|64-15|61-18|207-22|31-25|362-29|250-32|54-36|65-39|56-43	204-TM|97-TM|182-TM|352-TM|574-TM|886-TM|263-TM|332-TM|129-TM|196-TM|317-TM|374-TM|203-TM|240-TM|883-TM|280-TM|214-TM|127-TM|447-TM|156-TM|164-TM|710-TM|57-TM|861-TM|270-TM|58-TM|56-TM|59-TM|518-TM|851-TM|114-TM|311-TM|812-TM|244-TM|250-TM|813-TM|297-TM	392-EM|297-EM|681-EM|355-EM|173-EM|48-EM|281-EM		
394	394	Prinplup	Penguin Pokémon	Water														TRUE	TRUE	TRUE	FALSE	FALSE	FALSE	FALSE	FALSE	FALSE	FALSE	FALSE	TRUE	TRUE	FALSE	FALSE	TRUE	TRUE									TRUE	TRUE	TRUE	FALSE	FALSE	FALSE	FALSE	TRUE	TRUE	64	66	68	81	76	50	405	Blue	Bipedal+Tail		Torrent		Defiant	Level 16	45	15	Water 1	Field	20	2560	Medium Slow	"1,059,860"	0.8	2′07″	23	50.7	50	142	0	0	0	2	0	0	2	87.50%	12.50%	1	0.5	0.5	2	2	0.5	1	1	1	1	1	1	1	1	1	1	0.5	1	45-1|33-1|55-1|64-15|61-19|207-24|31-28|362-33|250-37|54-42|65-46|56-50	36-TM|204-TM|97-TM|182-TM|352-TM|574-TM|886-TM|263-TM|332-TM|232-TM|129-TM|196-TM|317-TM|374-TM|203-TM|240-TM|883-TM|280-TM|421-TM|214-TM|127-TM|447-TM|156-TM|164-TM|710-TM|57-TM|861-TM|270-TM|58-TM|56-TM|59-TM|518-TM|851-TM|114-TM|311-TM|812-TM|244-TM|38-TM|250-TM|813-TM|297-TM		232-EV	
395	395	Empoleon	Emperor Pokémon	Water	Steel													TRUE	TRUE	TRUE	FALSE	FALSE	FALSE	FALSE	FALSE	FALSE	FALSE	FALSE	TRUE	TRUE	FALSE	FALSE	TRUE	TRUE									TRUE	TRUE	TRUE	FALSE	FALSE	FALSE	FALSE	TRUE	TRUE	84	86	88	111	101	60	530	Blue	Bipedal+Tail		Torrent		Defiant	Level 36	255	85	Water 1	Field	20	2560	Medium Slow	"1,059,860"	1.7	5′07″	84.5	186.3	50	265	0	0	0	3	0	0	3	87.50%	12.50%	0.5	1	0.5	2	1	0.25	2	0	2	0.5	0.5	0.5	0.5	1	0.5	1	0.25	0.5	45-1|232-1|33-1|55-1|14-11|64-15|61-19|207-24|31-28|362-33|250-39|54-46|65-52|56-59|834-66	36-TM|204-TM|97-TM|189-TM|184-TM|182-TM|352-TM|574-TM|886-TM|263-TM|332-TM|523-TM|232-TM|129-TM|196-TM|317-TM|314-TM|374-TM|419-TM|203-TM|240-TM|883-TM|206-TM|280-TM|421-TM|403-TM|34-TM|214-TM|127-TM|447-TM|156-TM|157-TM|14-TM|430-TM|164-TM|334-TM|710-TM|446-TM|57-TM|861-TM|270-TM|58-TM|56-TM|59-TM|518-TM|89-TM|416-TM|308-TM|63-TM|796-TM|851-TM|46-TM|114-TM|282-TM|410-TM|253-TM|311-TM|812-TM|814-TM|808-TM|244-TM|38-TM|250-TM|813-TM|297-TM|675-TM|319-TM		453-EV	
396	396	Starly	Starling Pokémon	Normal	Flying													TRUE	TRUE	TRUE	TRUE	TRUE	TRUE	TRUE	FALSE	FALSE	TRUE	TRUE	FALSE	FALSE	TRUE	TRUE	FALSE	FALSE									TRUE	TRUE	TRUE	TRUE	TRUE	TRUE	TRUE	FALSE	FALSE	40	55	30	30	30	60	245	Brown	1 Pair of Wings		Keen Eye		Reckless		120	40	Flying		15	1920	Medium Slow	"1,059,860"	0.3	1′00″	2	4.4	50	49	0	0	0	0	0	1	1	50%	50%	1	1	1	2	0.5	2	1	1	0	1	1	0.5	2	0	1	1	1	1	45-1|33-1|98-5|17-9|104-13|283-17|18-21|332-25|36-29|97-33|413-37|515-41	36-TM|97-TM|182-TM|512-TM|168-TM|263-TM|332-TM|129-TM|314-TM|203-TM|241-TM|240-TM|369-TM|403-TM|214-TM|156-TM|19-TM|164-TM|366-TM|257-TM|270-TM|542-TM|413-TM|851-TM|253-TM|814-TM|38-TM|283-TM|297-TM	310-EM|38-EM|297-EM|31-EM|28-EM|253-EM		
397	397	Staravia	Starling Pokémon	Normal	Flying													TRUE	TRUE	TRUE	TRUE	TRUE	TRUE	TRUE	FALSE	FALSE	TRUE	TRUE	FALSE	FALSE	TRUE	TRUE	FALSE	FALSE									TRUE	TRUE	TRUE	TRUE	TRUE	TRUE	TRUE	FALSE	FALSE	55	75	50	40	40	80	340	Brown	1 Pair of Wings		Intimidate		Reckless	Level 14	45	15	Flying		15	1920	Medium Slow	"1,059,860"	0.6	2′00″	15.5	34.2	50	119	0	0	0	0	0	2	2	50%	50%	1	1	1	2	0.5	2	1	1	0	1	1	0.5	2	0	1	1	1	1	45-1|98-1|33-1|17-9|104-13|283-18|18-23|332-28|36-33|97-38|413-43|515-48	36-TM|97-TM|182-TM|512-TM|168-TM|263-TM|332-TM|129-TM|314-TM|203-TM|241-TM|240-TM|369-TM|403-TM|214-TM|156-TM|19-TM|164-TM|366-TM|257-TM|270-TM|542-TM|413-TM|851-TM|253-TM|814-TM|38-TM|283-TM|297-TM	310-EM|38-EM|297-EM|31-EM|28-EM|253-EM		
398	398	Staraptor	Predator Pokémon	Normal	Flying													TRUE	TRUE	TRUE	TRUE	TRUE	TRUE	TRUE	FALSE	FALSE	TRUE	TRUE	FALSE	FALSE	TRUE	TRUE	FALSE	FALSE									TRUE	TRUE	TRUE	TRUE	TRUE	TRUE	TRUE	FALSE	FALSE	85	120	70	50	60	100	485	Brown	1 Pair of Wings		Intimidate		Reckless	Level 34	255	85	Flying		15	1920	Medium Slow	"1,059,860"	1.2	3′11″	24.9	54.9	50	243	0	3	0	0	0	0	3	50%	50%	1	1	1	2	0.5	2	1	1	0	1	1	0.5	2	0	1	1	1	1	45-1|98-1|33-1|17-1|104-13|283-18|18-23|332-28|36-33|97-41|413-49|515-57	36-TM|97-TM|182-TM|512-TM|522-TM|168-TM|263-TM|332-TM|129-TM|314-TM|203-TM|241-TM|240-TM|369-TM|403-TM|214-TM|156-TM|19-TM|164-TM|366-TM|257-TM|270-TM|416-TM|542-TM|63-TM|413-TM|370-TM|851-TM|253-TM|814-TM|38-TM|283-TM|297-TM	310-EM|38-EM|297-EM|31-EM|28-EM|253-EM	370-EV	
399	399	Bidoof	Plump Mouse Pokémon	Normal														TRUE	TRUE	TRUE	TRUE	TRUE	TRUE	TRUE	TRUE	TRUE	TRUE	TRUE	FALSE	FALSE	FALSE	FALSE	FALSE	FALSE									TRUE	TRUE	TRUE							59	45	40	35	40	31	250	Brown	Quadruped		Simple	Unaware	Moody		127	42.33	Water 1	Field	15	1920	Medium Fast	"1,000,000"	0.5	1′08″	20	44.1	50	50	1	0	0	0	0	0	1	50%	50%	1	1	1	1	1	1	2	1	1	1	1	1	1	0	1	1	1	1					
400	400	Bibarel	Beaver Pokémon	Normal	Water													TRUE	TRUE	TRUE	TRUE	TRUE	TRUE	TRUE	TRUE	TRUE	TRUE	TRUE	FALSE	FALSE	FALSE	FALSE	FALSE	FALSE									TRUE	TRUE	TRUE							79	85	60	55	60	71	410	Brown	Bipedal+Tail		Simple	Unaware	Moody	Level 15	255	85	Water 1	Field	15	1920	Medium Fast	"1,000,000"	1	3′03″	31.5	69.4	50	144	0	2	0	0	0	0	2	50%	50%	1	0.5	0.5	2	2	0.5	2	1	1	1	1	1	1	0	1	1	0.5	1					
401	401	Kricketot	Cricket Pokémon	Bug														TRUE	TRUE	TRUE	TRUE	TRUE	TRUE	TRUE	FALSE	FALSE	FALSE	FALSE	TRUE	TRUE	FALSE	FALSE	FALSE	FALSE									TRUE	TRUE	TRUE	TRUE	TRUE	TRUE	TRUE	FALSE	FALSE	37	25	41	25	41	25	194	Red	Bipedal+Tailless		Shed Skin		Run Away		45	15	Bug		15	1920	Medium Slow	"1,059,860"	0.3	1′00″	2.2	4.9	50	39	0	0	1	0	0	0	1	50%	50%	1	2	1	1	0.5	1	0.5	1	0.5	2	1	1	2	1	1	1	1	1	45-1|33-1|522-6|450-16	522-TM|851-TM|450-TM|679-TM|283-TM|806-TM			
402	402	Kricketune	Cricket Pokémon	Bug														TRUE	TRUE	TRUE	TRUE	TRUE	TRUE	TRUE	FALSE	FALSE	FALSE	FALSE	TRUE	TRUE	FALSE	FALSE	FALSE	FALSE									TRUE	TRUE	TRUE	TRUE	TRUE	TRUE	TRUE	FALSE	FALSE	77	85	51	55	51	65	384	Red	2+ Pair of Wings		Swarm		Technician	Level 10	235	78.33	Bug		15	1920	Medium Slow	"1,059,860"	1	3′03″	25.5	56.2	50	134	0	2	0	0	0	0	2	50%	50%	1	2	1	1	0.5	1	0.5	1	0.5	2	1	1	2	1	1	1	1	1	45-1|33-1|71-14|47-18|116-22|163-26|404-30|103-34|565-36|269-38|400-42|564-44|405-46|195-50	36-TM|182-TM|522-TM|885-TM|884-TM|263-TM|332-TM|203-TM|241-TM|240-TM|206-TM|280-TM|214-TM|156-TM|269-TM|14-TM|141-TM|164-TM|404-TM|202-TM|304-TM|270-TM|226-TM|416-TM|405-TM|63-TM|851-TM|282-TM|450-TM|679-TM|253-TM|283-TM|806-TM|675-TM		210-EV	
403	403	Shinx	Flash Pokémon	Electric														TRUE	TRUE	TRUE	TRUE	TRUE	TRUE	TRUE	FALSE	FALSE	TRUE	TRUE	TRUE	TRUE	TRUE	TRUE	FALSE	FALSE			FALSE	FALSE	TRUE	TRUE	FALSE	FALSE	TRUE	TRUE	TRUE	TRUE	TRUE	TRUE	TRUE	FALSE	FALSE	45	65	34	40	34	45	263	Blue	Quadruped		Rivalry	Intimidate	Guts		120	40	Field		20	2560	Medium Slow	"1,059,860"	0.5	1′08″	9.5	20.9	50	53	0	1	0	0	0	0	1	50%	50%	1	1	1	0.5	1	1	1	1	2	0.5	1	1	1	1	1	1	0.5	1	43-1|33-1|84-4|268-8|44-12|209-16|46-20|521-24|184-28|86-32|242-36|435-40|207-44|528-48	36-TM|313-TM|184-TM|182-TM|424-TM|422-TM|423-TM|109-TM|168-TM|885-TM|451-TM|263-TM|555-TM|129-TM|203-TM|521-TM|241-TM|240-TM|706-TM|214-TM|486-TM|113-TM|86-TM|156-TM|598-TM|164-TM|242-TM|85-TM|583-TM|270-TM|604-TM|528-TM|87-TM|851-TM|46-TM|268-TM|38-TM|527-TM	608-EM|24-EM|336-EM|400-EM|98-EM|351-EM|36-EM		
404	404	Luxio	Spark Pokémon	Electric														TRUE	TRUE	TRUE	TRUE	TRUE	TRUE	TRUE	FALSE	FALSE	TRUE	TRUE	TRUE	TRUE	TRUE	TRUE	FALSE	FALSE			FALSE	FALSE	TRUE	TRUE	FALSE	FALSE	TRUE	TRUE	TRUE	TRUE	TRUE	TRUE	TRUE	FALSE	FALSE	60	85	49	60	49	60	363	Blue	Quadruped		Rivalry	Intimidate	Guts	Level 15	45	15	Field		20	2560	Medium Slow	"1,059,860"	0.9	2′11″	30.5	67.2	100	127	0	2	0	0	0	0	2	50%	50%	1	1	1	0.5	1	1	1	1	2	0.5	1	1	1	1	1	1	0.5	1	268-1|43-1|33-1|84-1|44-12|209-18|46-24|521-31|184-36|86-42|242-48|435-54|207-60|528-68	36-TM|313-TM|184-TM|182-TM|424-TM|422-TM|423-TM|109-TM|168-TM|885-TM|451-TM|263-TM|555-TM|129-TM|203-TM|521-TM|241-TM|240-TM|706-TM|214-TM|486-TM|113-TM|86-TM|156-TM|598-TM|164-TM|242-TM|85-TM|583-TM|270-TM|604-TM|528-TM|87-TM|851-TM|46-TM|268-TM|38-TM|527-TM	608-EM|24-EM|336-EM|400-EM|98-EM|351-EM|36-EM		
405	405	Luxray	Gleam Eyes Pokémon	Electric														TRUE	TRUE	TRUE	TRUE	TRUE	TRUE	TRUE	FALSE	FALSE	TRUE	TRUE	TRUE	TRUE	TRUE	TRUE	FALSE	FALSE			FALSE	FALSE	TRUE	TRUE	FALSE	FALSE	TRUE	TRUE	TRUE	TRUE	TRUE	TRUE	TRUE	FALSE	FALSE	80	120	79	95	79	70	523	Blue	Quadruped		Rivalry	Intimidate	Guts	Level 30	255	85	Field		20	2560	Medium Slow	"1,059,860"	1.4	4′07″	42	92.6	50	262	0	3	0	0	0	0	3	50%	50%	1	1	1	0.5	1	1	1	1	2	0.5	1	1	1	1	1	1	0.5	1	268-1|604-1|43-1|33-1|84-1|44-12|209-18|46-24|521-33|184-40|86-48|242-56|435-64|207-72|528-80	36-TM|313-TM|97-TM|184-TM|182-TM|424-TM|422-TM|423-TM|109-TM|168-TM|885-TM|451-TM|263-TM|555-TM|129-TM|203-TM|521-TM|241-TM|240-TM|706-TM|34-TM|214-TM|486-TM|113-TM|86-TM|156-TM|598-TM|164-TM|242-TM|85-TM|583-TM|270-TM|604-TM|528-TM|416-TM|63-TM|87-TM|851-TM|46-TM|268-TM|38-TM|916-TM|527-TM|675-TM	608-EM|24-EM|336-EM|400-EM|98-EM|351-EM|36-EM		
406	406	Budew	Bud Pokémon	Grass	Poison													TRUE	TRUE	TRUE	TRUE	TRUE	TRUE	TRUE	TRUE	TRUE	TRUE	TRUE	TRUE	TRUE	TRUE	TRUE	FALSE	FALSE			TRUE	TRUE	FALSE	FALSE	FALSE	FALSE	TRUE	TRUE	TRUE							40	30	35	50	70	55	280	Green	Bipedal+Tailless		Natural Cure	Poison Point	Leaf Guard		75	25	No Eggs Discovered		20	2560	Medium Slow	"1,059,860"	0.2	0′08″	1.2	2.6	50	56	0	0	0	1	0	0	1	50%	50%	1	2	0.5	0.5	0.25	2	0.5	1	1	2	2	1	1	1	1	1	1	0.5					
407	407	Roserade	Bouquet Pokémon	Grass	Poison													TRUE	TRUE	TRUE	TRUE	TRUE	TRUE	TRUE	TRUE	TRUE	TRUE	TRUE	TRUE	TRUE	TRUE	TRUE	FALSE	FALSE			TRUE	TRUE	FALSE	FALSE	FALSE	FALSE	TRUE	TRUE	TRUE							60	70	65	125	105	90	515	Green	Bipedal+Tailless		Natural Cure	Poison Point	Leaf Guard	Shiny Stone	45	15	Fairy	Grass	20	2560	Medium Slow	"1,059,860"	0.9	2′11″	14.5	32	50	258	0	0	0	3	0	0	3	50%	50%	1	2	0.5	0.5	0.25	2	0.5	1	1	2	2	1	1	1	1	1	1	0.5					
408	408	Cranidos	Head Butt Pokémon	Rock														TRUE	FALSE	TRUE	FALSE	FALSE	TRUE	TRUE	TRUE	TRUE	TRUE	TRUE	TRUE	TRUE	TRUE	TRUE	TRUE	TRUE									TRUE	TRUE	TRUE	FALSE	FALSE	FALSE	FALSE	TRUE	FALSE	67	125	40	30	30	58	350	Blue	Bipedal+Tail		Mold Breaker		Sheer Force		45	15	Monster		30	3840	Erratic	"600,000"	0.9	2′11″	31.5	69.4	50	70	0	1	0	0	0	0	1	87.50%	12.50%	0.5	0.5	2	1	2	1	2	0.5	2	0.5	1	1	1	1	1	1	2	1	29-1|43-1|116-6|249-10|36-15|184-19|372-24|21-28|246-33|428-37|103-42|457-46	36-TM|189-TM|184-TM|182-TM|168-TM|885-TM|263-TM|523-TM|317-TM|374-TM|203-TM|241-TM|240-TM|201-TM|91-TM|428-TM|34-TM|7-TM|9-TM|214-TM|350-TM|707-TM|156-TM|157-TM|14-TM|442-TM|164-TM|242-TM|406-TM|446-TM|53-TM|85-TM|414-TM|58-TM|126-TM|59-TM|89-TM|444-TM|87-TM|851-TM|46-TM|479-TM|253-TM|38-TM|283-TM|174-TM|913-TM	359-EM|23-EM|37-EM|18-EM		
409	409	Rampardos	Head Butt Pokémon	Rock														TRUE	FALSE	TRUE	FALSE	FALSE	TRUE	TRUE	TRUE	TRUE	TRUE	TRUE	TRUE	TRUE	TRUE	TRUE	TRUE	TRUE									TRUE	TRUE	TRUE	FALSE	FALSE	FALSE	FALSE	TRUE	FALSE	97	165	60	65	50	58	495	Blue	Bipedal+Tail		Mold Breaker		Sheer Force	Level 30	45	15	Monster		30	3840	Erratic	"600,000"	1.6	5′03″	102.5	226	50	173	0	2	0	0	0	0	2	87.50%	12.50%	0.5	0.5	2	1	2	1	2	0.5	2	0.5	1	1	1	1	1	1	2	1	116-1|29-1|43-1|249-10|36-15|184-19|372-24|21-28|246-36|428-43|103-51|457-58	36-TM|189-TM|184-TM|182-TM|168-TM|885-TM|263-TM|523-TM|317-TM|374-TM|525-TM|419-TM|203-TM|241-TM|240-TM|201-TM|91-TM|280-TM|428-TM|34-TM|7-TM|9-TM|214-TM|350-TM|337-TM|707-TM|156-TM|157-TM|14-TM|776-TM|442-TM|164-TM|242-TM|406-TM|446-TM|484-TM|57-TM|53-TM|85-TM|414-TM|58-TM|126-TM|59-TM|89-TM|444-TM|416-TM|200-TM|411-TM|63-TM|87-TM|851-TM|46-TM|479-TM|253-TM|264-TM|38-TM|283-TM|916-TM|784-TM|174-TM|913-TM		283-EV	
410	410	Shieldon	Shield Pokémon	Rock	Steel													FALSE	TRUE	TRUE	FALSE	FALSE	TRUE	TRUE	TRUE	TRUE	TRUE	TRUE	TRUE	TRUE	TRUE	TRUE	TRUE	TRUE									TRUE	TRUE	TRUE	FALSE	FALSE	FALSE	FALSE	FALSE	TRUE	30	42	118	42	88	30	350	Gray	Quadruped		Sturdy		Soundproof		45	15	Monster		30	3840	Erratic	"600,000"	0.5	1′08″	57	125.7	50	70	0	0	1	0	0	0	1	87.50%	12.50%	0.25	1	2	1	1	0.5	4	0	4	0.25	0.5	0.5	0.5	1	0.5	1	1	0.5	182-1|33-1|269-6|319-10|36-15|334-19|207-24|246-28|203-33|368-37|442-42|484-46	36-TM|189-TM|184-TM|182-TM|885-TM|263-TM|523-TM|317-TM|203-TM|241-TM|240-TM|201-TM|91-TM|34-TM|214-TM|350-TM|707-TM|156-TM|157-TM|269-TM|430-TM|442-TM|408-TM|164-TM|334-TM|446-TM|484-TM|53-TM|85-TM|414-TM|58-TM|126-TM|59-TM|89-TM|444-TM|87-TM|796-TM|851-TM|46-TM|328-TM|479-TM|38-TM|815-TM|319-TM|174-TM|912-TM	68-EM|90-EM|116-EM|470-EM|29-EM|103-EM		
411	411	Bastiodon	Shield Pokémon	Rock	Steel													FALSE	TRUE	TRUE	FALSE	FALSE	TRUE	TRUE	TRUE	TRUE	TRUE	TRUE	TRUE	TRUE	TRUE	TRUE	TRUE	TRUE									TRUE	TRUE	TRUE	FALSE	FALSE	FALSE	FALSE	FALSE	TRUE	60	52	168	47	138	30	495	Gray	Quadruped		Sturdy		Soundproof	Level 30	120	40	Monster		15	1920	Erratic	"600,000"	1.3	4′03″	149.5	329.6	50	173	0	0	2	0	0	0	2	87.50%	12.50%	0.25	1	2	1	1	0.5	4	0	4	0.25	0.5	0.5	0.5	1	0.5	1	1	0.5	319-1|182-1|33-1|269-1|36-15|334-19|207-24|246-28|203-36|368-43|442-51|484-58	36-TM|189-TM|184-TM|182-TM|885-TM|263-TM|523-TM|317-TM|419-TM|203-TM|241-TM|240-TM|201-TM|91-TM|492-TM|34-TM|214-TM|115-TM|350-TM|707-TM|156-TM|157-TM|269-TM|776-TM|430-TM|442-TM|408-TM|164-TM|334-TM|446-TM|484-TM|53-TM|85-TM|414-TM|179-TM|58-TM|126-TM|59-TM|89-TM|444-TM|416-TM|200-TM|63-TM|87-TM|796-TM|851-TM|46-TM|328-TM|479-TM|38-TM|815-TM|800-TM|319-TM|174-TM|912-TM		335-EV	469-R
412	412	Burmy Plant Cloak	Bagworm Pokémon	Bug														TRUE	TRUE	TRUE	TRUE	TRUE	FALSE	FALSE	FALSE	FALSE	TRUE	TRUE	FALSE	FALSE	FALSE	FALSE	FALSE	FALSE									TRUE	TRUE	TRUE							40	29	45	29	45	36	224	Green	Head+Base		Shed Skin		Overcoat		45	15	Bug		15	1920	Medium Fast	"1,000,000"	0.2	0′08″	3.4	7.5	50	45	0	0	0	0	1	0	1	50%	50%	1	2	1	1	0.5	1	0.5	1	0.5	2	1	1	2	1	1	1	1	1					
412		Burmy Sandy Cloak	Bagworm Pokémon	Bug														TRUE	TRUE	TRUE	TRUE	TRUE	FALSE	FALSE	FALSE	FALSE	TRUE	TRUE	FALSE	FALSE	FALSE	FALSE	FALSE	FALSE									TRUE	TRUE	TRUE							40	29	45	29	45	36	224	Brown	Head+Base		Shed Skin		Overcoat		45	15	Bug		15	1920	Medium Fast	"1,000,000"	0.2	0′08″	3.4	7.5	50	45	0	0	0	0	1	0	1	50%	50%	1	2	1	1	0.5	1	0.5	1	0.5	2	1	1	2	1	1	1	1	1					
412		Burmy Trash Cloak	Bagworm Pokémon	Bug														TRUE	TRUE	TRUE	TRUE	TRUE	FALSE	FALSE	FALSE	FALSE	TRUE	TRUE	FALSE	FALSE	FALSE	FALSE	FALSE	FALSE									TRUE	TRUE	TRUE							40	29	45	29	45	36	224	Red	Head+Base		Shed Skin		Overcoat		45	15	Bug		15	1920	Medium Fast	"1,000,000"	0.2	0′08″	3.4	7.5	50	45	0	0	0	0	1	0	1	50%	50%	1	2	1	1	0.5	1	0.5	1	0.5	2	1	1	2	1	1	1	1	1					
413	413	Wormadam Plant Cloak	Bagworm Pokémon	Bug	Grass													TRUE	TRUE	TRUE	TRUE	TRUE	FALSE	FALSE	FALSE	FALSE	TRUE	TRUE	FALSE	FALSE	FALSE	FALSE	FALSE	FALSE									TRUE	TRUE	TRUE							60	59	85	79	105	36	424	Green	Head+Base		Anticipation		Overcoat	"Level 20, Female"	45	15	Bug		15	1920	Medium Fast	"1,000,000"	0.5	1′08″	6.5	14.3	50	148	0	0	0	0	2	0	2	0%	100%	1	4	0.5	0.5	0.25	2	0.5	2	0.25	4	1	2	2	1	1	1	1	1					
413		Wormadam Sandy Cloak	Bagworm Pokémon	Bug	Ground													TRUE	TRUE	TRUE	TRUE	TRUE	FALSE	FALSE	FALSE	FALSE	TRUE	TRUE	FALSE	FALSE	FALSE	FALSE	FALSE	FALSE									TRUE	TRUE	TRUE							60	59	85	79	105	36	424	Brown	Head+Base		Anticipation		Overcoat	"Level 20, Female"	45	15	Bug		15	1920	Medium Fast	"1,000,000"	0.5	1′08″	6.5	14.3	50	148	0	0	2	0	0	0	2	0%	100%	1	2	2	0	1	2	0.5	0.5	0.5	2	1	1	1	1	1	1	1	1					
413		Wormadam Trash Cloak	Bagworm Pokémon	Bug	Steel													TRUE	TRUE	TRUE	TRUE	TRUE	FALSE	FALSE	FALSE	FALSE	TRUE	TRUE	FALSE	FALSE	FALSE	FALSE	FALSE	FALSE									TRUE	TRUE	TRUE							60	59	85	79	105	36	424	Red	Head+Base		Anticipation		Overcoat	"Level 20, Female"	45	15	Bug		15	1920	Medium Fast	"1,000,000"	0.5	1′08″	6.5	14.3	50	148	0	0	1	0	1	0	2	0%	100%	0.5	4	1	1	0.25	0.5	1	0	1	1	0.5	0.5	1	1	0.5	1	0.5	0.5					
414	414	Mothim	Moth Pokémon	Bug	Flying													TRUE	TRUE	TRUE	TRUE	TRUE	FALSE	FALSE	FALSE	FALSE	TRUE	TRUE	FALSE	FALSE	FALSE	FALSE	FALSE	FALSE									TRUE	TRUE	TRUE							70	94	50	94	50	66	424	Yellow	2+ Pair of Wings		Swarm		Tinted Lens	"Level 20, Male"	120	40	Bug		15	1920	Medium Fast	"1,000,000"	0.9	2′11″	23.3	51.4	50	148	0	1	0	1	0	0	2	100%	0%	1	2	1	2	0.25	2	0.25	1	0	2	1	0.5	4	1	1	1	1	1					
415	415	Combee	Tiny Bee Pokémon	Bug	Flying													TRUE	TRUE	TRUE	TRUE	TRUE	TRUE	TRUE	TRUE	TRUE	TRUE	TRUE	FALSE	FALSE	FALSE	FALSE	FALSE	FALSE			TRUE	TRUE	TRUE	TRUE	FALSE	FALSE	TRUE	TRUE	TRUE	TRUE	TRUE	FALSE	FALSE	FALSE	FALSE	30	30	42	30	42	70	244	Yellow	Multiple Bodies		Honey Gather		Hustle		45	15	Bug		15	1920	Medium Slow	"1,059,860"	0.3	1′00″	5.5	12.1	50	49	0	0	0	0	0	1	1	87.50%	12.50%	1	2	1	2	0.25	2	0.25	1	0	2	1	0.5	4	1	1	1	1	1	450-1|16-1|522-1|230-1	522-TM|214-TM|405-TM|851-TM|450-TM|679-TM|283-TM|806-TM			
416	416	Vespiquen	Beehive Pokémon	Bug	Flying													TRUE	TRUE	TRUE	TRUE	TRUE	TRUE	TRUE	TRUE	TRUE	TRUE	TRUE	FALSE	FALSE	FALSE	FALSE	FALSE	FALSE			TRUE	TRUE	TRUE	TRUE	FALSE	FALSE	TRUE	TRUE	TRUE	TRUE	TRUE	FALSE	FALSE	FALSE	FALSE	70	80	102	80	102	40	474	Yellow	2+ Pair of Wings		Pressure		Unnerve	"Level 21, Female"	200	66.67	Bug		15	1920	Medium Slow	"1,059,860"	1.2	3′11″	38.5	84.9	50	166	0	0	1	0	1	0	2	0%	100%	1	2	1	2	0.25	2	0.25	1	0	2	1	0.5	4	1	1	1	1	1	450-1|109-1|16-1|40-1|522-1|230-1|210-4|597-8|565-12|154-16|207-20|355-24|403-28|408-32|92-36|454-40|455-40|194-44	36-TM|97-TM|184-TM|182-TM|512-TM|522-TM|109-TM|168-TM|884-TM|263-TM|332-TM|506-TM|129-TM|374-TM|474-TM|203-TM|241-TM|240-TM|369-TM|403-TM|214-TM|156-TM|269-TM|191-TM|390-TM|408-TM|164-TM|404-TM|270-TM|676-TM|179-TM|188-TM|416-TM|542-TM|405-TM|63-TM|851-TM|92-TM|180-TM|450-TM|679-TM|814-TM|283-TM|806-TM|917-TM		163-EV	
417	417	Pachirisu	EleSquirrel Pokémon	Electric														TRUE	TRUE	TRUE	TRUE	TRUE	FALSE	FALSE	TRUE	TRUE	TRUE	TRUE	FALSE	FALSE	FALSE	FALSE	FALSE	FALSE									TRUE	TRUE	TRUE	TRUE	TRUE	TRUE	TRUE	FALSE	FALSE	60	45	70	45	90	95	405	White	Quadruped		Run Away	Pickup	Volt Absorb		190	63.33	Field	Fairy	10	1280	Medium Fast	"1,000,000"	0.4	1′04″	3.9	8.6	100	142	0	0	0	0	0	1	1	50%	50%	1	1	1	0.5	1	1	1	1	2	0.5	1	1	1	1	1	1	0.5	1	45-1|84-1|98-5|204-9|209-13|203-17|609-19|129-21|486-25|186-29|86-33|162-37|435-41|387-45|87-49	36-TM|204-TM|313-TM|97-TM|189-TM|182-TM|422-TM|168-TM|885-TM|451-TM|263-TM|332-TM|129-TM|341-TM|374-TM|203-TM|521-TM|241-TM|240-TM|91-TM|369-TM|9-TM|214-TM|402-TM|486-TM|113-TM|447-TM|86-TM|156-TM|598-TM|441-TM|164-TM|227-TM|85-TM|583-TM|270-TM|604-TM|528-TM|416-TM|63-TM|87-TM|851-TM|268-TM|162-TM|253-TM|283-TM|527-TM|914-TM	608-EM|44-EM|268-EM|343-EM|111-EM|313-EM|175-EM|260-EM|266-EM|205-EM|39-EM		
418	418	Buizel	Sea Weasel Pokémon	Water														TRUE	TRUE	TRUE	TRUE	TRUE	TRUE	TRUE	TRUE	TRUE	TRUE	TRUE	FALSE	FALSE	FALSE	FALSE	TRUE	TRUE									TRUE	TRUE	TRUE	TRUE	TRUE	FALSE	FALSE	FALSE	FALSE	55	65	35	60	30	85	330	Brown	Quadruped		Swift Swim		Water Veil		75	25	Water 1	Field	20	2560	Medium Fast	"1,000,000"	0.7	2′04″	29.5	65	50	66	0	0	0	0	0	1	1	50%	50%	1	0.5	0.5	2	2	0.5	1	1	1	1	1	1	1	1	1	1	0.5	1	33-1|45-4|487-7|98-11|55-15|44-18|129-21|453-24|458-27|250-31|710-35|401-38|97-41|56-45|834-49	36-TM|97-TM|189-TM|182-TM|423-TM|352-TM|67-TM|168-TM|886-TM|263-TM|129-TM|196-TM|317-TM|490-TM|374-TM|203-TM|240-TM|91-TM|280-TM|339-TM|8-TM|214-TM|127-TM|156-TM|269-TM|164-TM|242-TM|710-TM|57-TM|861-TM|270-TM|226-TM|58-TM|56-TM|59-TM|851-TM|46-TM|264-TM|812-TM|250-TM	392-EM|226-EM|210-EM|154-EM|29-EM|270-EM|189-EM|163-EM		
419	419	Floatzel	Sea Weasel Pokémon	Water														TRUE	TRUE	TRUE	TRUE	TRUE	TRUE	TRUE	TRUE	TRUE	TRUE	TRUE	FALSE	FALSE	FALSE	FALSE	TRUE	TRUE									TRUE	TRUE	TRUE	TRUE	TRUE	FALSE	FALSE	FALSE	FALSE	85	105	55	85	50	115	495	Brown	Quadruped		Swift Swim		Water Veil	Level 26	190	63.33	Water 1	Field	20	2560	Medium Fast	"1,000,000"	1.1	3′07″	33.5	73.9	50	173	0	0	0	0	0	2	2	50%	50%	1	0.5	0.5	2	2	0.5	1	1	1	1	1	1	1	1	1	1	0.5	1	242-1|45-1|423-1|98-1|487-1|55-15|44-18|129-21|453-24|458-29|250-35|710-41|401-46|97-51|56-57|834-62	36-TM|97-TM|189-TM|184-TM|182-TM|423-TM|352-TM|67-TM|168-TM|886-TM|263-TM|555-TM|129-TM|196-TM|317-TM|490-TM|374-TM|203-TM|240-TM|91-TM|280-TM|339-TM|34-TM|8-TM|214-TM|127-TM|118-TM|156-TM|269-TM|164-TM|242-TM|710-TM|57-TM|861-TM|270-TM|226-TM|58-TM|56-TM|59-TM|416-TM|411-TM|63-TM|851-TM|46-TM|264-TM|812-TM|38-TM|250-TM|330-TM	392-EM|226-EM|210-EM|154-EM|29-EM|270-EM|189-EM|163-EM		
420	420	Cherubi	Cherry Pokémon	Grass														TRUE	TRUE	TRUE	TRUE	TRUE	TRUE	TRUE	FALSE	FALSE	FALSE	FALSE	TRUE	TRUE	FALSE	FALSE	FALSE	FALSE			TRUE	TRUE	FALSE	FALSE	FALSE	FALSE	TRUE	TRUE	TRUE							45	35	45	62	53	35	275	Pink	Multiple Bodies		Chlorophyll				75	25	Fairy	Grass	20	2560	Medium Fast	"1,000,000"	0.4	1′04″	3.3	7.3	50	55	0	0	0	1	0	0	1	50%	50%	1	2	0.5	0.5	0.5	2	1	2	0.5	2	1	2	1	1	1	1	1	1					
421	421	Cherrim Overcast Form	Blossom Pokémon	Grass														TRUE	TRUE	TRUE	TRUE	TRUE	TRUE	TRUE	FALSE	FALSE	FALSE	FALSE	TRUE	TRUE	FALSE	FALSE	FALSE	FALSE			TRUE	TRUE	FALSE	FALSE	FALSE	FALSE	TRUE	TRUE	TRUE							70	60	70	87	78	85	450	Purple	Head+Legs		Flower Gift			Level 25	190	63.33	Fairy	Grass	20	2560	Medium Fast	"1,000,000"	0.5	1′08″	9.3	20.5	50	158	0	0	0	2	0	0	2	50%	50%	1	2	0.5	0.5	0.5	2	1	2	0.5	2	1	2	1	1	1	1	1	1					
421		Cherrim Sunshine Form	Blossom Pokémon	Grass														TRUE	TRUE	TRUE	TRUE	TRUE	TRUE	TRUE	FALSE	FALSE	FALSE	FALSE	TRUE	TRUE	FALSE	FALSE	FALSE	FALSE			TRUE	TRUE	FALSE	FALSE	FALSE	FALSE	TRUE	TRUE	TRUE							70	60	70	87	78	85	450	Pink	Head+Legs		Flower Gift			Level 25	190	63.33	Fairy	Grass	20	2560	Medium Fast	"1,000,000"	0.5	1′08″	9.3	20.5	50	158	0	0	0	2	0	0	2	50%	50%	1	2	0.5	0.5	0.5	2	1	2	0.5	2	1	2	1	1	1	1	1	1					
422	422	Shellos West Sea	Sea Slug Pokémon	Water														TRUE	TRUE	TRUE	TRUE	TRUE	FALSE	FALSE	TRUE	TRUE	TRUE	TRUE	TRUE	TRUE	TRUE	TRUE	TRUE	TRUE			TRUE	TRUE	FALSE	FALSE	FALSE	FALSE	TRUE	TRUE	TRUE	TRUE	TRUE	FALSE	FALSE	FALSE	FALSE	76	48	48	57	62	34	325	Purple	Serpentine		Sticky Hold	Storm Drain	Sand Force		75	25	Water 1	Amorphous	20	2560	Medium Fast	"1,000,000"	0.3	1′00″	6.3	13.9	50	65	1	0	0	0	0	0	1	50%	50%	1	0.5	0.5	2	2	0.5	1	1	1	1	1	1	1	1	1	1	0.5	1	189-1|55-1|106-5|105-10|352-15|246-20|34-25|330-31|414-35|240-40|262-45	36-TM|189-TM|182-TM|352-TM|886-TM|263-TM|523-TM|196-TM|341-TM|317-TM|203-TM|240-TM|201-TM|883-TM|34-TM|214-TM|127-TM|156-TM|157-TM|164-TM|710-TM|446-TM|57-TM|133-TM|270-TM|414-TM|58-TM|56-TM|59-TM|444-TM|851-TM|220-TM|250-TM|330-TM|806-TM|174-TM	151-EM|499-EM|68-EM|174-EM|243-EM|54-EM|124-EM|255-EM|254-EM|256-EM|281-EM		
422		Shellos East Sea	Sea Slug Pokémon	Water														TRUE	TRUE	TRUE	TRUE	TRUE	FALSE	FALSE	TRUE	TRUE	TRUE	TRUE	TRUE	TRUE	TRUE	TRUE	TRUE	TRUE			TRUE	TRUE	FALSE	FALSE	FALSE	FALSE	TRUE	TRUE	TRUE	TRUE	TRUE	FALSE	FALSE	FALSE	FALSE	76	48	48	57	62	34	325	Blue	Serpentine		Sticky Hold	Storm Drain	Sand Force		75	25	Water 1	Amorphous	20	2560	Medium Fast	"1,000,000"	0.3	1′00″	6.3	13.9	50	65	1	0	0	0	0	0	1	50%	50%	1	0.5	0.5	2	2	0.5	1	1	1	1	1	1	1	1	1	1	0.5	1	189-1|55-1|106-5|105-10|352-15|246-20|34-25|330-31|414-35|240-40|262-45	36-TM|189-TM|182-TM|352-TM|886-TM|263-TM|523-TM|196-TM|341-TM|317-TM|203-TM|240-TM|201-TM|883-TM|34-TM|214-TM|127-TM|156-TM|157-TM|164-TM|710-TM|446-TM|57-TM|133-TM|270-TM|414-TM|58-TM|56-TM|59-TM|444-TM|851-TM|220-TM|250-TM|330-TM|806-TM|174-TM	151-EM|499-EM|68-EM|174-EM|243-EM|54-EM|124-EM|255-EM|254-EM|256-EM|281-EM		
423	423	Gastrodon West Sea	Sea Slug Pokémon	Water	Ground													TRUE	TRUE	TRUE	TRUE	TRUE	FALSE	FALSE	TRUE	TRUE	TRUE	TRUE	TRUE	TRUE	TRUE	TRUE	TRUE	TRUE			TRUE	TRUE	FALSE	FALSE	FALSE	FALSE	TRUE	TRUE	TRUE	TRUE	TRUE	FALSE	FALSE	FALSE	FALSE	111	83	68	92	82	39	475	Purple	Serpentine		Sticky Hold	Storm Drain	Sand Force	Level 30	45	15	Water 1	Amorphous	20	2560	Medium Fast	"1,000,000"	0.9	2′11″	29.9	65.9	50	166	2	0	0	0	0	0	2	50%	50%	1	0.5	1	0	4	1	1	0.5	1	1	1	1	0.5	1	1	1	0.5	1	106-1|189-1|105-1|55-1|352-15|246-20|34-25|330-33|414-39|240-46|262-53	36-TM|189-TM|182-TM|352-TM|886-TM|263-TM|523-TM|196-TM|341-TM|317-TM|203-TM|240-TM|201-TM|883-TM|91-TM|34-TM|214-TM|350-TM|127-TM|707-TM|156-TM|157-TM|191-TM|164-TM|710-TM|446-TM|57-TM|133-TM|270-TM|414-TM|58-TM|56-TM|59-TM|188-TM|89-TM|444-TM|416-TM|63-TM|851-TM|328-TM|311-TM|220-TM|250-TM|330-TM|482-TM|806-TM|174-TM	151-EM|499-EM|68-EM|174-EM|243-EM|54-EM|124-EM|255-EM|254-EM|256-EM|281-EM		
423		Gastrodon East Sea	Sea Slug Pokémon	Water	Ground													TRUE	TRUE	TRUE	TRUE	TRUE	FALSE	FALSE	TRUE	TRUE	TRUE	TRUE	TRUE	TRUE	TRUE	TRUE	TRUE	TRUE			TRUE	TRUE	FALSE	FALSE	FALSE	FALSE	TRUE	TRUE	TRUE	TRUE	TRUE	FALSE	FALSE	FALSE	FALSE	111	83	68	92	82	39	475	Blue	Serpentine		Sticky Hold	Storm Drain	Sand Force	Level 30	45	15	Water 1	Amorphous	20	2560	Medium Fast	"1,000,000"	0.9	2′11″	29.9	65.9	50	166	2	0	0	0	0	0	2	50%	50%	1	0.5	1	0	4	1	1	0.5	1	1	1	1	0.5	1	1	1	0.5	1	106-1|189-1|105-1|55-1|352-15|246-20|34-25|330-33|414-39|240-46|262-53	36-TM|189-TM|182-TM|352-TM|886-TM|263-TM|523-TM|196-TM|341-TM|317-TM|203-TM|240-TM|201-TM|883-TM|91-TM|34-TM|214-TM|350-TM|127-TM|707-TM|156-TM|157-TM|191-TM|164-TM|710-TM|446-TM|57-TM|133-TM|270-TM|414-TM|58-TM|56-TM|59-TM|188-TM|89-TM|444-TM|416-TM|63-TM|851-TM|328-TM|311-TM|220-TM|250-TM|330-TM|482-TM|806-TM|174-TM	151-EM|499-EM|68-EM|174-EM|243-EM|54-EM|124-EM|255-EM|254-EM|256-EM|281-EM		
424	424	Ambipom	Long Tail Pokémon	Normal														TRUE	TRUE	TRUE	TRUE	TRUE	FALSE	FALSE	TRUE	TRUE	TRUE	TRUE	TRUE	TRUE	FALSE	FALSE	TRUE	TRUE			FALSE	FALSE	FALSE	FALSE	FALSE	FALSE	TRUE	TRUE	TRUE	FALSE	FALSE	FALSE	TRUE	FALSE	FALSE	75	100	66	60	66	115	482	Purple	Bipedal+Tail		Technician	Pickup	Skill Link	Learn Double Hit	125	41.67	Field		20	2560	Fast	"800,000"	1.2	3′11″	20.3	44.8	100	169	0	0	0	0	0	2	2	50%	50%	1	1	1	1	1	1	2	1	1	1	1	1	1	0	1	1	1	1	310-1|28-1|10-1|39-1|226-11|321-15|154-18|129-22|103-25|97-29|458-32|374-36|417-39|387-43	36-TM|97-TM|189-TM|182-TM|352-TM|67-TM|512-TM|168-TM|885-TM|886-TM|263-TM|332-TM|129-TM|341-TM|490-TM|374-TM|203-TM|241-TM|240-TM|91-TM|280-TM|369-TM|421-TM|492-TM|7-TM|9-TM|8-TM|214-TM|402-TM|118-TM|447-TM|86-TM|156-TM|269-TM|441-TM|164-TM|247-TM|85-TM|270-TM|226-TM|417-TM|416-TM|63-TM|87-TM|76-TM|851-TM|180-TM|479-TM|282-TM|264-TM|38-TM|283-TM|813-TM|675-TM|918-TM			
425	425	Drifloon	Balloon Pokémon	Ghost	Flying													TRUE	TRUE	TRUE	FALSE	FALSE	TRUE	TRUE	TRUE	TRUE	TRUE	TRUE	TRUE	TRUE	TRUE	TRUE	TRUE	TRUE			TRUE	TRUE	TRUE	TRUE	FALSE	FALSE	TRUE	TRUE	TRUE	TRUE	FALSE	FALSE	FALSE	FALSE	FALSE	90	50	34	60	44	70	348	Purple	Head+Arms		Aftermath	Unburden	Flare Boost		60	20	Amorphous		30	3840	Fluctuating	"1,640,000"	0.4	1′04″	1.2	2.6	50	70	1	0	0	0	0	0	1	50%	50%	0	1	1	2	0.5	2	0	0.5	0	1	1	0.25	2	2	1	2	1	1	310-1|107-1|16-4|116-8|371-12|506-16|247-20|255-24|254-24|256-24|120-29|194-32|226-36|366-40|153-44	182-TM|512-TM|60-TM|168-TM|263-TM|332-TM|506-TM|129-TM|196-TM|314-TM|500-TM|101-TM|203-TM|241-TM|240-TM|214-TM|86-TM|156-TM|286-TM|19-TM|285-TM|164-TM|261-TM|271-TM|366-TM|247-TM|94-TM|85-TM|133-TM|347-TM|270-TM|226-TM|566-TM|433-TM|87-TM|851-TM|114-TM|180-TM|360-TM|282-TM|311-TM|220-TM|915-TM|174-TM	499-EM|432-EM|50-EM|114-EM|95-EM|262-EM		
426	426	Drifblim	Blimp Pokémon	Ghost	Flying													TRUE	TRUE	TRUE	FALSE	FALSE	TRUE	TRUE	TRUE	TRUE	TRUE	TRUE	TRUE	TRUE	TRUE	TRUE	TRUE	TRUE			TRUE	TRUE	TRUE	TRUE	FALSE	FALSE	TRUE	TRUE	TRUE	TRUE	FALSE	FALSE	FALSE	FALSE	FALSE	150	80	44	90	54	80	498	Purple	Head+Arms		Aftermath	Unburden	Flare Boost	Level 28	190	63.33	Amorphous		30	3840	Fluctuating	"1,640,000"	1.2	3′11″	15	33.1	50	174	2	0	0	0	0	0	2	50%	50%	0	1	1	2	0.5	2	0	0.5	0	1	1	0.25	2	2	1	2	1	1	310-1|116-1|16-1|107-1|668-1|371-12|506-16|247-20|255-24|254-24|256-24|120-31|194-36|226-42|366-48|153-54	182-TM|512-TM|60-TM|168-TM|263-TM|332-TM|506-TM|129-TM|196-TM|314-TM|500-TM|101-TM|374-TM|203-TM|241-TM|240-TM|403-TM|34-TM|214-TM|86-TM|156-TM|286-TM|19-TM|285-TM|164-TM|261-TM|271-TM|366-TM|247-TM|94-TM|85-TM|133-TM|347-TM|270-TM|226-TM|566-TM|416-TM|433-TM|63-TM|87-TM|851-TM|114-TM|180-TM|360-TM|282-TM|311-TM|220-TM|915-TM|174-TM	499-EM|432-EM|50-EM|114-EM|95-EM|262-EM	566-EV	
427	427	Buneary	Rabbit Pokémon	Normal														TRUE	TRUE	TRUE	TRUE	TRUE	FALSE	FALSE	TRUE	FALSE	FALSE	FALSE	TRUE	TRUE	FALSE	FALSE	TRUE	TRUE			FALSE	FALSE	TRUE	TRUE	FALSE	FALSE	TRUE	TRUE	TRUE							55	66	44	44	56	85	350	Brown	Bipedal+Tail		Run Away	Klutz	Limber		60	20	Field	Human-Like	20	2560	Medium Fast	"1,000,000"	0.4	1′04″	5.5	12.1	0	70	0	0	0	0	0	1	1	50%	50%	1	1	1	1	1	1	2	1	1	1	1	1	1	0	1	1	1	1					
428	428	Lopunny	Rabbit Pokémon	Normal														TRUE	TRUE	TRUE	TRUE	TRUE	FALSE	FALSE	TRUE	FALSE	FALSE	FALSE	TRUE	TRUE	FALSE	FALSE	TRUE	TRUE			FALSE	FALSE	TRUE	TRUE	FALSE	FALSE	TRUE	TRUE	TRUE							65	76	84	54	96	105	480	Brown	Bipedal+Tail		Cute Charm	Klutz	Limber	High Friendship	45	15	Field	Human-Like	20	2560	Medium Fast	"1,000,000"	1.2	3′11″	33.3	73.4	140	168	0	0	0	0	0	2	2	50%	50%	1	1	1	1	1	1	2	1	1	1	1	1	1	0	1	1	1	1					
428		Mega Lopunny	Rabbit Pokémon	Normal	Fighting																								TRUE	TRUE	FALSE	FALSE	TRUE	TRUE																		65	136	94	54	96	135	580	Brown	Bipedal+Tail		Scrappy			Lopunnite		0			20	2560	Medium Fast	"1,000,000"	1.3	4′03″	28.3	62.4	140	203	0	0	0	0	0	2	2	50%	50%	1	1	1	1	1	1	2	1	1	2	2	0.5	0.5	0	1	0.5	1	2					
429	429	Mismagius	Magical Pokémon	Ghost														FALSE	TRUE	FALSE	TRUE	TRUE	FALSE	TRUE	FALSE	FALSE	FALSE	FALSE	TRUE	TRUE	TRUE	TRUE	TRUE	TRUE									TRUE	TRUE	TRUE	FALSE	TRUE	FALSE	FALSE	FALSE	FALSE	60	60	60	105	105	105	495	Purple	Head		Levitate			Dusk Stone	30	10	Amorphous		25	3200	Fast	"800,000"	0.9	2′11″	4.4	9.7	35	173	0	0	0	1	1	0	2	50%	50%	0	1	1	1	1	1	0	0.5	1	1	1	0.5	1	2	1	2	1	1	310-1|45-1|345-1|595-1|566-1|408-1|180-1	204-TM|313-TM|184-TM|182-TM|60-TM|109-TM|168-TM|451-TM|263-TM|506-TM|129-TM|345-TM|196-TM|577-TM|500-TM|101-TM|203-TM|241-TM|240-TM|883-TM|473-TM|492-TM|214-TM|605-TM|447-TM|86-TM|156-TM|269-TM|286-TM|399-TM|285-TM|408-TM|164-TM|261-TM|271-TM|247-TM|304-TM|412-TM|94-TM|85-TM|347-TM|270-TM|417-TM|566-TM|416-TM|433-TM|63-TM|87-TM|851-TM|180-TM|807-TM|809-TM|808-TM|220-TM|244-TM|248-TM|174-TM|917-TM	174-EM|194-EM|286-EM|262-EM|103-EM|425-EM|180-EM|389-EM|472-EM		
430	430	Honchkrow	Big Boss Pokémon	Dark	Flying													TRUE	FALSE	FALSE	TRUE	TRUE	TRUE	FALSE	TRUE	TRUE	TRUE	TRUE	TRUE	TRUE	TRUE	TRUE	TRUE	TRUE									TRUE	TRUE	TRUE	TRUE	TRUE	FALSE	FALSE	FALSE	FALSE	100	125	52	105	52	71	505	Black	1 Pair of Wings		Insomnia	Super Luck	Moxie	Dusk Stone	190	63.33	Flying		20	2560	Medium Slow	"1,059,860"	0.9	2′11″	27.3	60.2	35	177	0	2	0	0	0	0	2	50%	50%	1	1	1	2	0.5	2	1	1	0	1	0	1	2	0.5	1	0.5	1	2	310-1|114-1|400-1|511-1|389-1|17-1|207-25|417-35|492-45|399-55|894-65	36-TM|189-TM|184-TM|182-TM|512-TM|109-TM|168-TM|886-TM|263-TM|332-TM|506-TM|555-TM|196-TM|314-TM|101-TM|203-TM|241-TM|240-TM|369-TM|492-TM|403-TM|214-TM|86-TM|156-TM|269-TM|399-TM|19-TM|164-TM|366-TM|247-TM|257-TM|94-TM|347-TM|270-TM|417-TM|416-TM|542-TM|63-TM|413-TM|851-TM|114-TM|180-TM|253-TM|814-TM|808-TM|244-TM|38-TM|283-TM|297-TM|917-TM	413-EM|109-EM|65-EM|297-EM|260-EM|195-EM|103-EM|143-EM|18-EM		
431	431	Glameow	Catty Pokémon	Normal														FALSE	TRUE	FALSE	FALSE	FALSE	FALSE	FALSE	FALSE	TRUE	FALSE	FALSE	TRUE	TRUE	FALSE	FALSE	FALSE	FALSE									TRUE	TRUE	TRUE							49	55	42	42	37	85	310	Gray	Quadruped		Limber	Own Tempo	Keen Eye		75	25	Field		20	2560	Fast	"800,000"	0.5	1′08″	3.9	8.6	50	62	0	0	0	0	0	1	1	25%	75%	1	1	1	1	1	1	2	1	1	1	1	1	1	0	1	1	1	1					
432	432	Purugly	Tiger Cat Pokémon	Normal														FALSE	TRUE	FALSE	FALSE	FALSE	FALSE	FALSE	FALSE	TRUE	FALSE	FALSE	TRUE	TRUE	FALSE	FALSE	FALSE	FALSE									TRUE	TRUE	TRUE							71	82	64	64	59	112	452	Gray	Quadruped		Thick Fat	Own Tempo	Defiant	Level 38	120	40	Field		20	2560	Fast	"800,000"	1	3′03″	43.8	96.6	50	158	0	0	0	0	0	2	2	25%	75%	1	1	1	1	1	1	2	1	1	1	1	1	1	0	1	1	1	1					
433	433	Chingling	Bell Pokémon	Psychic														TRUE	TRUE	TRUE	TRUE	TRUE	TRUE	TRUE	FALSE	FALSE	TRUE	TRUE	TRUE	TRUE	FALSE	FALSE	FALSE	FALSE									TRUE	TRUE	TRUE	FALSE	FALSE	TRUE	TRUE	FALSE	FALSE	45	30	50	65	50	45	285	Yellow	Bipedal+Tailless		Levitate				225	75	No Eggs Discovered		25	3200	Fast	"800,000"	0.2	0′08″	0.6	1.3	50	57	0	0	0	1	0	0	1	50%	50%	1	1	1	1	1	1	0.5	1	1	1	0.5	2	1	2	1	2	1	1	35-1|45-4|310-7|93-10|281-13|387-16|494-19|253-32	182-TM|451-TM|263-TM|196-TM|500-TM|203-TM|241-TM|240-TM|473-TM|428-TM|214-TM|115-TM|113-TM|605-TM|447-TM|86-TM|156-TM|269-TM|285-TM|164-TM|271-TM|247-TM|304-TM|412-TM|94-TM|347-TM|270-TM|226-TM|433-TM|851-TM|356-TM|282-TM|253-TM|244-TM|38-TM|248-TM|174-TM|917-TM	502-EM|322-EM|174-EM|50-EM|95-EM|105-EM|278-EM|273-EM		
434	434	Stunky	Skunk Pokémon	Poison	Dark													TRUE	FALSE	FALSE	FALSE	FALSE	FALSE	FALSE	TRUE	FALSE	TRUE	TRUE	FALSE	FALSE	FALSE	FALSE	FALSE	FALSE			TRUE	TRUE	FALSE	FALSE	FALSE	FALSE	TRUE	TRUE	TRUE	TRUE	FALSE	FALSE	FALSE	FALSE	FALSE	63	63	47	41	41	74	329	Purple	Quadruped		Stench	Aftermath	Keen Eye		60	20	Field		20	2560	Medium Fast	"1,000,000"	0.4	1′04″	19.2	42.3	50	66	0	0	0	0	0	1	1	50%	50%	1	1	1	1	0.5	1	1	0.5	2	1	0	1	1	0.5	1	0.5	1	1	139-1|10-1|364-3|108-6|491-9|154-12|116-15|44-18|474-21|103-24|92-27|389-30|262-33|400-36|562-39|153-42	36-TM|184-TM|182-TM|491-TM|168-TM|885-TM|263-TM|342-TM|506-TM|555-TM|129-TM|474-TM|203-TM|241-TM|240-TM|91-TM|421-TM|492-TM|34-TM|214-TM|398-TM|156-TM|269-TM|390-TM|399-TM|441-TM|164-TM|242-TM|247-TM|53-TM|583-TM|270-TM|417-TM|126-TM|188-TM|851-TM|46-TM|114-TM|92-TM|282-TM|808-TM|38-TM|915-TM|482-TM|675-TM	310-EM|38-EM|114-EM|43-EM|163-EM|123-EM		
435	435	Skuntank	Skunk Pokémon	Poison	Dark													TRUE	FALSE	FALSE	FALSE	FALSE	FALSE	FALSE	TRUE	FALSE	TRUE	TRUE	FALSE	FALSE	FALSE	FALSE	FALSE	FALSE			TRUE	TRUE	FALSE	FALSE	FALSE	FALSE	TRUE	TRUE	TRUE	TRUE	FALSE	FALSE	FALSE	FALSE	FALSE	103	93	67	71	61	84	479	Purple	Quadruped		Stench	Aftermath	Keen Eye	Level 34	255	85	Field		20	2560	Medium Fast	"1,000,000"	1	3′03″	38	83.8	50	168	2	0	0	0	0	0	2	50%	50%	1	1	1	1	0.5	1	1	0.5	2	1	0	1	1	0.5	1	0.5	1	1	364-1|139-1|10-1|108-1|154-12|116-15|44-18|474-21|103-24|92-27|389-30|262-33|400-38|562-43|153-48	36-TM|184-TM|182-TM|491-TM|168-TM|885-TM|83-TM|263-TM|342-TM|506-TM|555-TM|129-TM|474-TM|203-TM|241-TM|240-TM|91-TM|421-TM|492-TM|34-TM|214-TM|398-TM|156-TM|269-TM|390-TM|399-TM|441-TM|164-TM|242-TM|247-TM|53-TM|583-TM|270-TM|417-TM|126-TM|188-TM|416-TM|63-TM|851-TM|46-TM|114-TM|92-TM|282-TM|162-TM|807-TM|808-TM|38-TM|283-TM|915-TM|482-TM|675-TM	310-EM|38-EM|114-EM|43-EM|163-EM|123-EM	53-EV	
436	436	Bronzor	Bronze Pokémon	Steel	Psychic													TRUE	TRUE	TRUE	TRUE	TRUE	TRUE	TRUE	TRUE	TRUE	TRUE	TRUE	TRUE	TRUE	FALSE	FALSE	FALSE	FALSE			TRUE	TRUE	FALSE	FALSE	TRUE	TRUE	TRUE	TRUE	TRUE	TRUE	TRUE	TRUE	TRUE	FALSE	FALSE	57	24	86	24	86	23	300	Green	Head		Levitate	Heatproof	Heavy Metal		90	30	Mineral		20	2560	Medium Fast	"1,000,000"	0.5	1′08″	60.5	133.4	50	60	0	0	1	0	0	0	1	Unknown		0.5	2	1	1	0.5	0.5	1	0	2	0.5	0.25	1	0.5	2	0.5	2	0.5	0.5	93-1|33-1|109-4|371-8|286-12|360-16|95-20|219-24|326-28|484-32|334-36|319-40|248-44	36-TM|182-TM|109-TM|451-TM|263-TM|523-TM|506-TM|317-TM|500-TM|203-TM|241-TM|240-TM|201-TM|473-TM|428-TM|34-TM|214-TM|115-TM|113-TM|350-TM|447-TM|707-TM|156-TM|157-TM|286-TM|430-TM|285-TM|442-TM|408-TM|164-TM|334-TM|271-TM|247-TM|446-TM|94-TM|484-TM|861-TM|347-TM|270-TM|678-TM|89-TM|433-TM|76-TM|796-TM|851-TM|356-TM|360-TM|244-TM|248-TM|797-TM|319-TM	356-EM|278-EM		
437	437	Bronzong	Bronze Bell Pokémon	Steel	Psychic													TRUE	TRUE	TRUE	TRUE	TRUE	TRUE	TRUE	TRUE	TRUE	TRUE	TRUE	TRUE	TRUE	FALSE	FALSE	FALSE	FALSE			TRUE	TRUE	FALSE	FALSE	TRUE	TRUE	TRUE	TRUE	TRUE	TRUE	TRUE	TRUE	TRUE	FALSE	FALSE	67	89	116	79	116	33	500	Green	Head+Arms		Levitate	Heatproof	Heavy Metal	Level 33	255	85	Mineral		20	2560	Medium Fast	"1,000,000"	1.3	4′03″	187	412.3	50	175	0	0	1	0	1	0	2	Unknown		0.5	2	1	1	0.5	0.5	1	0	2	0.5	0.25	1	0.5	2	0.5	2	0.5	0.5	109-1|93-1|371-1|241-1|33-1|311-1|286-12|360-16|95-20|219-24|326-28|484-32|334-38|319-44|248-50|240-56	36-TM|182-TM|60-TM|109-TM|451-TM|263-TM|523-TM|506-TM|317-TM|500-TM|101-TM|203-TM|241-TM|240-TM|201-TM|473-TM|428-TM|34-TM|214-TM|115-TM|113-TM|350-TM|447-TM|707-TM|156-TM|157-TM|776-TM|286-TM|430-TM|285-TM|442-TM|408-TM|164-TM|334-TM|271-TM|247-TM|446-TM|94-TM|484-TM|861-TM|347-TM|270-TM|678-TM|89-TM|416-TM|433-TM|63-TM|76-TM|796-TM|851-TM|356-TM|360-TM|311-TM|244-TM|248-TM|797-TM|800-TM|319-TM|912-TM|917-TM	356-EM|278-EM	335-EV	
438	438	Bonsly	Bonsai Pokémon	Rock														TRUE	TRUE	TRUE	TRUE	TRUE	FALSE	FALSE	TRUE	FALSE	TRUE	TRUE	FALSE	FALSE	TRUE	TRUE	TRUE	TRUE			TRUE	TRUE	FALSE	FALSE	FALSE	FALSE	TRUE	TRUE	TRUE	TRUE	TRUE	TRUE	TRUE	FALSE	FALSE	50	80	95	10	45	10	290	Brown	Head+Legs		Sturdy	Rock Head	Rattled		145	48.33	No Eggs Discovered		20	2560	Medium Fast	"1,000,000"	0.5	1′08″	15	33.1	50	58	0	0	1	0	0	0	1	50%	50%	0.5	0.5	2	1	2	1	2	0.5	2	0.5	1	1	1	1	1	1	2	1	383-1|313-1|175-4|88-8|335-12|102-16|317-20|715-24|389-28|157-32|67-36|68-40|38-44	36-TM|313-TM|189-TM|182-TM|67-TM|168-TM|885-TM|263-TM|523-TM|341-TM|317-TM|203-TM|241-TM|201-TM|91-TM|280-TM|492-TM|34-TM|214-TM|350-TM|447-TM|707-TM|156-TM|157-TM|191-TM|408-TM|164-TM|446-TM|347-TM|270-TM|414-TM|89-TM|444-TM|851-TM|328-TM|479-TM|244-TM|38-TM|174-TM	174-EM|111-EM|106-EM|29-EM|397-EM|205-EM		
439	439	Mime Jr.	Mime Pokémon	Psychic	Fairy													TRUE	TRUE	TRUE	TRUE	TRUE	FALSE	FALSE	FALSE	TRUE	TRUE	TRUE	FALSE	FALSE	FALSE	FALSE	TRUE	TRUE			TRUE	TRUE	FALSE	FALSE	TRUE	TRUE	TRUE	TRUE	TRUE							20	25	45	70	90	60	310	Pink	Bipedal+Tailless		Soundproof	Filter	Technician		130	43.33	No Eggs Discovered		25	3200	Medium Fast	"1,000,000"	0.6	2′00″	13	28.7	50	62	0	0	0	0	1	0	1	50%	50%	1	1	1	1	1	1	0.25	2	1	1	0.5	1	1	2	0	1	2	1					
440	440	Happiny	Playhouse Pokémon	Normal														TRUE	TRUE	TRUE	TRUE	TRUE	TRUE	TRUE	TRUE	TRUE	TRUE	TRUE	TRUE	TRUE	TRUE	TRUE	TRUE	TRUE			FALSE	FALSE	TRUE	TRUE	FALSE	FALSE	TRUE	TRUE	TRUE	TRUE	TRUE	FALSE	FALSE	TRUE	TRUE	100	5	5	15	65	30	220	Pink	Bipedal+Tailless		Natural Cure	Serene Grace	Friend Guard		30	10	No Eggs Discovered		40	5120	Fast	"800,000"	0.6	2′00″	24.4	53.8	140	110	1	0	0	0	0	0	1	0%	100%	1	1	1	1	1	1	2	1	1	1	1	1	1	0	1	1	1	1	383-1|1-1|111-4|186-8|574-12|343-16|204-20	36-TM|204-TM|182-TM|574-TM|263-TM|196-TM|500-TM|374-TM|203-TM|241-TM|240-TM|883-TM|428-TM|214-TM|113-TM|118-TM|447-TM|86-TM|156-TM|164-TM|247-TM|304-TM|94-TM|270-TM|76-TM|851-TM|356-TM	356-EM|215-EM|217-EM|69-EM		
441	441	Chatot	Music Note Pokémon	Normal	Flying													TRUE	TRUE	TRUE	TRUE	TRUE	FALSE	FALSE	TRUE	TRUE	TRUE	TRUE	TRUE	TRUE	FALSE	FALSE	FALSE	FALSE									TRUE	TRUE	TRUE							76	65	45	92	42	91	411	Black	1 Pair of Wings		Keen Eye	Tangled Feet	Big Pecks		100	33.33	Flying		20	2560	Medium Slow	"1,059,860"	0.5	1′08″	1.9	4.2	35	144	0	1	0	0	0	0	1	50%	50%	1	1	1	2	0.5	2	1	1	0	1	1	0.5	2	0	1	1	1	1					
442	442	Spiritomb	Forbidden Pokémon	Ghost	Dark													TRUE	TRUE	TRUE	TRUE	TRUE	FALSE	FALSE	TRUE	TRUE	TRUE	TRUE	TRUE	TRUE	FALSE	FALSE	FALSE	FALSE			FALSE	FALSE	FALSE	FALSE	FALSE	TRUE	TRUE	TRUE	TRUE	TRUE	TRUE	FALSE	FALSE	FALSE	FALSE	50	92	108	92	108	35	485	Purple	Head+Base		Pressure		Infiltrator		45	15	Amorphous		30	3840	Medium Fast	"1,000,000"	1	3′03″	108	238.1	50	170	0	0	1	0	1	0	2	50%	50%	0	1	1	1	1	1	0	0.5	1	1	0	1	1	1	1	1	1	2	109-1|101-1|425-5|180-10|371-15|417-20|506-25|262-30|389-35|174-40|247-45|399-50|95-55|138-60	184-TM|182-TM|60-TM|109-TM|168-TM|263-TM|506-TM|555-TM|196-TM|317-TM|500-TM|101-TM|203-TM|241-TM|240-TM|473-TM|492-TM|34-TM|214-TM|156-TM|269-TM|286-TM|399-TM|285-TM|164-TM|261-TM|271-TM|247-TM|94-TM|347-TM|270-TM|417-TM|566-TM|416-TM|433-TM|63-TM|851-TM|92-TM|180-TM|807-TM|809-TM|808-TM|220-TM|174-TM	502-EM|194-EM|50-EM|220-EM|108-EM		
443	443	Gible	Land Shark Pokémon	Dragon	Ground													TRUE	TRUE	TRUE	TRUE	TRUE	FALSE	FALSE	TRUE	FALSE	TRUE	TRUE	TRUE	TRUE	TRUE	TRUE	TRUE	TRUE			FALSE	FALSE	FALSE	FALSE	FALSE	TRUE	TRUE	TRUE	TRUE	TRUE	TRUE	TRUE	TRUE	FALSE	FALSE	58	70	45	40	45	42	300	Blue	Bipedal+Tail		Sand Veil		Rough Skin		45	15	Monster	Dragon	40	5120	Slow	"1,250,000"	0.7	2′04″	20.5	45.2	50	60	0	1	0	0	0	0	1	50%	50%	1	0.5	1	0	1	4	1	0.5	1	1	1	1	0.5	1	2	1	1	2	328-1|33-1|28-6|225-12|523-18|44-25|163-30|337-36|91-42|201-48|36-54|407-60	36-TM|184-TM|182-TM|424-TM|422-TM|263-TM|523-TM|232-TM|129-TM|341-TM|317-TM|525-TM|203-TM|241-TM|240-TM|201-TM|91-TM|206-TM|421-TM|34-TM|214-TM|337-TM|156-TM|157-TM|14-TM|442-TM|164-TM|406-TM|446-TM|53-TM|270-TM|414-TM|126-TM|89-TM|444-TM|200-TM|434-TM|851-TM|328-TM|799-TM|38-TM|815-TM|913-TM	38-EM|232-EM|37-EM|239-EM		
444	444	Gabite	Cave Pokémon	Dragon	Ground													TRUE	TRUE	TRUE	TRUE	TRUE	FALSE	FALSE	TRUE	FALSE	TRUE	TRUE	TRUE	TRUE	TRUE	TRUE	TRUE	TRUE			FALSE	FALSE	FALSE	FALSE	FALSE	TRUE	TRUE	TRUE	TRUE	TRUE	TRUE	TRUE	TRUE	FALSE	FALSE	68	90	65	50	55	82	410	Blue	Bipedal+Tail		Sand Veil		Rough Skin	Level 24	45	15	Monster	Dragon	40	5120	Slow	"1,250,000"	1.4	4′07″	56	123.5	50	144	0	2	0	0	0	0	2	50%	50%	1	0.5	1	0	1	4	1	0.5	1	1	1	1	0.5	1	2	1	1	2	225-1|28-1|328-1|33-1|523-18|44-27|163-34|337-42|91-50|201-58|36-66|407-74	36-TM|184-TM|182-TM|424-TM|422-TM|263-TM|332-TM|523-TM|232-TM|129-TM|341-TM|317-TM|525-TM|203-TM|241-TM|240-TM|201-TM|91-TM|206-TM|421-TM|34-TM|214-TM|337-TM|156-TM|157-TM|14-TM|442-TM|408-TM|164-TM|242-TM|406-TM|446-TM|53-TM|270-TM|414-TM|126-TM|89-TM|444-TM|200-TM|434-TM|851-TM|328-TM|799-TM|38-TM|815-TM|784-TM|913-TM	38-EM|232-EM|37-EM|239-EM		
445	445	Garchomp	Mach Pokémon	Dragon	Ground													TRUE	TRUE	TRUE	TRUE	TRUE	FALSE	FALSE	TRUE	FALSE	TRUE	TRUE	TRUE	TRUE	TRUE	TRUE	TRUE	TRUE			FALSE	FALSE	FALSE	FALSE	FALSE	TRUE	TRUE	TRUE	TRUE	TRUE	TRUE	TRUE	TRUE	FALSE	FALSE	108	130	95	80	85	102	600	Blue	Bipedal+Tail		Sand Veil		Rough Skin	Level 48	50	16.67	Monster	Dragon	40	5120	Slow	"1,250,000"	1.9	6′03″	95	209.4	50	300	0	3	0	0	0	0	3	50%	50%	1	0.5	1	0	1	4	1	0.5	1	1	1	1	0.5	1	2	1	1	2	225-1|28-1|328-1|33-1|523-18|44-27|163-34|337-42|91-52|201-62|36-72|407-82	36-TM|184-TM|182-TM|424-TM|422-TM|263-TM|332-TM|523-TM|232-TM|129-TM|341-TM|317-TM|374-TM|525-TM|203-TM|241-TM|240-TM|201-TM|91-TM|206-TM|280-TM|421-TM|34-TM|214-TM|337-TM|398-TM|707-TM|156-TM|157-TM|14-TM|191-TM|442-TM|408-TM|164-TM|242-TM|710-TM|406-TM|446-TM|57-TM|53-TM|270-TM|414-TM|126-TM|89-TM|444-TM|416-TM|200-TM|63-TM|434-TM|851-TM|328-TM|799-TM|38-TM|815-TM|784-TM|913-TM	38-EM|232-EM|37-EM|239-EM	242-EV	
445		Mega Garchomp	Mach Pokémon	Dragon	Ground																						TRUE	TRUE	TRUE	TRUE	TRUE	TRUE	TRUE	TRUE																		108	170	115	120	95	92	700	Blue	Bipedal+Tail		Sand Force			Garchompite		0			40	5120	Slow	"1,250,000"	1.9	6′03″	95	209.4	50	350	0	3	0	0	0	0	3	50%	50%	1	0.5	1	0	1	4	1	0.5	1	1	1	1	0.5	1	2	1	1	2					
446	446	Munchlax	Big Eater Pokémon	Normal														TRUE	TRUE	TRUE	TRUE	TRUE	TRUE	TRUE	TRUE	TRUE	TRUE	TRUE	FALSE	FALSE	TRUE	TRUE	TRUE	TRUE			TRUE	TRUE	FALSE	FALSE	TRUE	TRUE	TRUE	TRUE	TRUE	FALSE	FALSE	TRUE	TRUE	FALSE	FALSE	135	85	40	40	85	5	390	Black	Bipedal+Tailless		Pickup	Thick Fat	Gluttony		75	25	No Eggs Discovered		40	5120	Slow	"1,250,000"	0.6	2′00″	105	231.5	50	78	1	0	0	0	0	0	1	87.50%	12.50%	1	1	1	1	1	1	2	1	1	1	1	1	1	0	1	1	1	1	122-1|33-1|111-4|278-8|343-12|44-16|254-20|256-20|103-24|34-28|374-32|133-36|118-40|175-44|187-48|387-52	36-TM|204-TM|189-TM|182-TM|885-TM|886-TM|263-TM|523-TM|196-TM|317-TM|374-TM|203-TM|241-TM|240-TM|201-TM|91-TM|280-TM|428-TM|34-TM|7-TM|9-TM|8-TM|214-TM|402-TM|118-TM|707-TM|156-TM|157-TM|441-TM|164-TM|242-TM|247-TM|304-TM|227-TM|57-TM|53-TM|85-TM|133-TM|270-TM|58-TM|126-TM|59-TM|89-TM|416-TM|87-TM|76-TM|851-TM|253-TM|264-TM|38-TM|174-TM	562-EM|68-EM|174-EM|38-EM|90-EM		
447	447	Riolu	Emanation Pokémon	Fighting														TRUE	TRUE	TRUE	TRUE	TRUE	TRUE	TRUE	TRUE	TRUE	TRUE	TRUE	FALSE	FALSE	TRUE	TRUE	TRUE	TRUE			TRUE	TRUE	FALSE	FALSE	TRUE	TRUE	TRUE	TRUE	TRUE	TRUE	TRUE	TRUE	TRUE	FALSE	FALSE	40	70	40	35	40	60	285	Blue	Bipedal+Tail		Steadfast	Inner Focus	Prankster		45	15	No Eggs Discovered		25	3200	Medium Slow	"1,059,860"	0.7	2′04″	20.2	44.5	50	57	0	1	0	0	0	0	1	87.50%	12.50%	1	1	1	1	1	1	1	1	1	2	2	0.5	0.5	1	1	0.5	1	2	203-1|98-1|364-4|232-8|68-12|526-16|249-20|410-24|103-28|501-32|395-36|14-40|270-44|383-48|515-52|179-56	36-TM|97-TM|182-TM|67-TM|885-TM|263-TM|332-TM|523-TM|232-TM|129-TM|317-TM|490-TM|374-TM|203-TM|241-TM|240-TM|91-TM|280-TM|428-TM|421-TM|339-TM|9-TM|8-TM|214-TM|409-TM|398-TM|156-TM|157-TM|14-TM|164-TM|242-TM|270-TM|179-TM|417-TM|89-TM|411-TM|370-TM|851-TM|410-TM|264-TM|244-TM|811-TM|918-TM	44-EM|418-EM|509-EM|238-EM|197-EM|136-EM|336-EM		
448	448	Lucario	Aura Pokémon	Fighting	Steel													TRUE	TRUE	TRUE	TRUE	TRUE	TRUE	TRUE	TRUE	TRUE	TRUE	TRUE	FALSE	FALSE	TRUE	TRUE	TRUE	TRUE			TRUE	TRUE	FALSE	FALSE	TRUE	TRUE	TRUE	TRUE	TRUE	TRUE	TRUE	TRUE	TRUE	FALSE	FALSE	70	110	70	115	70	90	525	Blue	Bipedal+Tail		Steadfast	Inner Focus	Justified	High Friendship during daytime	140	46.67	Field	Human-Like	25	3200	Medium Slow	"1,059,860"	1.2	3′11″	54	119	50	184	0	1	0	1	0	0	2	87.50%	12.50%	0.5	2	1	1	0.5	0.5	2	0	2	1	1	0.25	0.25	1	0.5	0.5	0.5	1	383-1|197-1|364-1|515-1|270-1|791-1|232-1|98-1|179-1|249-1|103-1|410-1|68-12|526-16|395-20|347-24|319-28|501-32|198-36|14-40|505-44|309-48|406-52|245-56|370-60	36-TM|97-TM|184-TM|182-TM|352-TM|67-TM|885-TM|263-TM|332-TM|523-TM|232-TM|129-TM|317-TM|490-TM|374-TM|203-TM|241-TM|240-TM|91-TM|280-TM|428-TM|421-TM|339-TM|34-TM|9-TM|8-TM|214-TM|409-TM|118-TM|398-TM|156-TM|157-TM|14-TM|430-TM|399-TM|164-TM|334-TM|242-TM|396-TM|247-TM|406-TM|94-TM|347-TM|270-TM|179-TM|417-TM|89-TM|444-TM|416-TM|411-TM|63-TM|370-TM|796-TM|851-TM|46-TM|410-TM|264-TM|244-TM|811-TM|319-TM|918-TM	44-EM|418-EM|509-EM|238-EM|197-EM|136-EM|336-EM	396-EV	
448		Mega Lucario	Aura Pokémon	Fighting	Steel																						TRUE	TRUE	FALSE	FALSE	TRUE	TRUE	TRUE	TRUE																		70	145	88	140	70	112	625	Blue	Bipedal+Tail		Adaptability			Lucarionite		0			25	3200	Medium Slow	"1,059,860"	1.3	4′03″	57.5	126.8	50	219	0	1	0	1	0	0	2	87.50%	12.50%	0.5	2	1	1	0.5	0.5	2	0	2	1	1	0.25	0.25	1	0.5	0.5	0.5	1					
449	449	Hippopotas	Hippo Pokémon	Ground														TRUE	TRUE	TRUE	TRUE	TRUE	TRUE	TRUE	TRUE	TRUE	TRUE	TRUE	FALSE	FALSE	FALSE	FALSE	TRUE	TRUE			TRUE	TRUE	FALSE	FALSE	FALSE	FALSE	TRUE	TRUE	TRUE	TRUE	TRUE	FALSE	FALSE	FALSE	FALSE	68	72	78	38	42	32	330	Brown	Quadruped		Sand Stream		Sand Force		60	20	Field		30	3840	Slow	"1,250,000"	0.8	2′07″	49.5	109.1	50	66	0	0	1	0	0	0	1	50%	50%	1	1	2	0	2	2	1	0.5	1	1	1	1	0.5	1	1	1	1	1	28-1|33-1|44-4|281-8|328-12|91-16|242-20|201-24|36-28|46-32|156-36|89-40|38-44|90-48|303-52	36-TM|189-TM|182-TM|424-TM|422-TM|423-TM|263-TM|523-TM|341-TM|317-TM|203-TM|241-TM|201-TM|91-TM|34-TM|214-TM|707-TM|156-TM|157-TM|776-TM|164-TM|242-TM|446-TM|133-TM|270-TM|414-TM|89-TM|444-TM|851-TM|46-TM|328-TM|667-TM|38-TM|330-TM|815-TM|174-TM	174-EM|255-EM|254-EM|256-EM|18-EM		
450	450	Hippowdon	Heavyweight Pokémon	Ground														TRUE	TRUE	TRUE	TRUE	TRUE	TRUE	TRUE	TRUE	TRUE	TRUE	TRUE	FALSE	FALSE	FALSE	FALSE	TRUE	TRUE			TRUE	TRUE	FALSE	FALSE	FALSE	FALSE	TRUE	TRUE	TRUE	TRUE	TRUE	FALSE	FALSE	FALSE	FALSE	108	112	118	68	72	47	525	Brown	Quadruped		Sand Stream		Sand Force	Level 34	120	40	Field		30	3840	Slow	"1,250,000"	2	6′07″	300	661.4	50	184	0	0	2	0	0	0	2	50%	50%	1	1	2	0	2	2	1	0.5	1	1	1	1	0.5	1	1	1	1	1	44-1|424-1|423-1|28-1|33-1|422-1|281-1|328-12|91-16|242-20|201-24|36-28|46-32|156-38|89-44|38-50|90-56|303-62	36-TM|189-TM|182-TM|424-TM|422-TM|423-TM|263-TM|523-TM|341-TM|317-TM|203-TM|241-TM|201-TM|91-TM|34-TM|214-TM|707-TM|156-TM|157-TM|776-TM|442-TM|164-TM|242-TM|446-TM|304-TM|484-TM|133-TM|270-TM|414-TM|89-TM|444-TM|416-TM|63-TM|851-TM|46-TM|328-TM|667-TM|38-TM|330-TM|815-TM|174-TM|912-TM	174-EM|255-EM|254-EM|256-EM|18-EM		
451	451	Skorupi	Scorpion Pokémon	Poison	Bug													TRUE	TRUE	TRUE	TRUE	TRUE	FALSE	FALSE	TRUE	TRUE	TRUE	TRUE	TRUE	TRUE	FALSE	FALSE	TRUE	TRUE			TRUE	TRUE	TRUE	TRUE	FALSE	FALSE	TRUE	TRUE	TRUE							40	50	90	30	55	65	330	Purple	Insectoid		Battle Armor	Sniper	Keen Eye		45	15	Bug	Water 3	20	2560	Slow	"1,250,000"	0.8	2′07″	12	26.5	50	66	0	0	1	0	0	0	1	50%	50%	1	2	1	1	0.25	1	0.25	0.5	1	2	2	0.5	2	1	1	1	1	0.5					
452	452	Drapion	Ogre Scorpion Pokémon	Poison	Dark													TRUE	TRUE	TRUE	TRUE	TRUE	FALSE	FALSE	TRUE	TRUE	TRUE	TRUE	TRUE	TRUE	FALSE	FALSE	TRUE	TRUE			TRUE	TRUE	TRUE	TRUE	FALSE	FALSE	TRUE	TRUE	TRUE							70	90	110	60	75	95	500	Purple	Insectoid		Battle Armor	Sniper	Keen Eye	Level 40	140	46.67	Bug	Water 3	20	2560	Slow	"1,250,000"	1.3	4′03″	61.5	135.6	50	175	0	0	2	0	0	0	2	50%	50%	1	1	1	1	0.5	1	1	0.5	2	1	0	1	1	0.5	1	0.5	1	1					
453	453	Croagunk	Toxic Mouth Pokémon	Poison	Fighting													TRUE	TRUE	TRUE	TRUE	TRUE	TRUE	TRUE	TRUE	TRUE	TRUE	TRUE	FALSE	FALSE	FALSE	FALSE	FALSE	FALSE			FALSE	TRUE	FALSE	TRUE	FALSE	FALSE	TRUE	TRUE	TRUE	TRUE	TRUE	FALSE	FALSE	FALSE	FALSE	48	61	40	61	40	50	300	Blue	Bipedal+Tailless		Anticipation	Dry Skin	Poison Touch		75	25	Human-Like		10	1280	Medium Fast	"1,000,000"	0.7	2′04″	23	50.7	100	60	0	1	0	0	0	0	1	50%	50%	1	1	1	1	0.5	1	0.5	0.5	2	2	4	0.25	0.5	1	1	0.5	1	1	189-1|40-1|310-4|269-8|260-12|67-16|474-20|389-24|207-28|398-32|92-36|417-40|188-44|562-48	36-TM|189-TM|184-TM|182-TM|67-TM|491-TM|168-TM|886-TM|263-TM|332-TM|523-TM|196-TM|341-TM|317-TM|490-TM|374-TM|474-TM|203-TM|241-TM|240-TM|91-TM|280-TM|421-TM|492-TM|339-TM|9-TM|8-TM|214-TM|409-TM|398-TM|156-TM|157-TM|269-TM|441-TM|164-TM|404-TM|247-TM|227-TM|270-TM|226-TM|179-TM|417-TM|188-TM|89-TM|411-TM|851-TM|92-TM|180-TM|282-TM|162-TM|410-TM|264-TM|808-TM|811-TM|482-TM|918-TM	418-EM|68-EM|238-EM|223-EM|252-EM|364-EM|29-EM|501-EM|410-EM		
454	454	Toxicroak	Toxic Mouth Pokémon	Poison	Fighting													TRUE	TRUE	TRUE	TRUE	TRUE	TRUE	TRUE	TRUE	TRUE	TRUE	TRUE	FALSE	FALSE	FALSE	FALSE	FALSE	FALSE			FALSE	TRUE	FALSE	TRUE	FALSE	FALSE	TRUE	TRUE	TRUE	TRUE	TRUE	FALSE	FALSE	FALSE	FALSE	83	106	65	86	65	85	490	Blue	Bipedal+Tailless		Anticipation	Dry Skin	Poison Touch	Level 37	200	66.67	Human-Like		20	2560	Medium Fast	"1,000,000"	1.3	4′03″	44.4	97.9	50	172	0	2	0	0	0	0	2	50%	50%	1	1	1	1	0.5	1	0.5	0.5	2	2	4	0.25	0.5	1	1	0.5	1	1	310-1|189-1|40-1|269-1|260-12|67-16|474-20|389-24|207-28|398-32|92-36|417-42|188-48|562-54	36-TM|189-TM|184-TM|182-TM|67-TM|491-TM|168-TM|886-TM|263-TM|332-TM|523-TM|196-TM|341-TM|317-TM|490-TM|374-TM|474-TM|203-TM|241-TM|240-TM|91-TM|280-TM|421-TM|492-TM|339-TM|9-TM|8-TM|214-TM|409-TM|398-TM|156-TM|157-TM|269-TM|14-TM|399-TM|441-TM|164-TM|404-TM|247-TM|227-TM|270-TM|226-TM|179-TM|417-TM|188-TM|89-TM|444-TM|416-TM|411-TM|63-TM|370-TM|851-TM|92-TM|180-TM|282-TM|162-TM|410-TM|264-TM|808-TM|811-TM|482-TM|675-TM|918-TM	418-EM|68-EM|238-EM|223-EM|252-EM|364-EM|29-EM|501-EM|410-EM		
455	455	Carnivine	Bug Catcher Pokémon	Grass														TRUE	TRUE	TRUE	TRUE	TRUE	FALSE	FALSE	TRUE	TRUE	TRUE	TRUE	FALSE	FALSE	FALSE	FALSE	FALSE	FALSE									TRUE	TRUE	TRUE							74	100	72	90	72	46	454	Green	Tentacles		Levitate				190	63.33	Grass		25	3200	Slow	"1,250,000"	1.4	4′07″	27	59.5	50	159	0	2	0	0	0	0	2	50%	50%	1	2	0.5	0.5	0.5	2	1	2	0.5	2	1	2	1	1	1	1	1	1					
456	456	Finneon	Wing Fish Pokémon	Water														TRUE	TRUE	TRUE	TRUE	TRUE	TRUE	TRUE	TRUE	TRUE	FALSE	FALSE	TRUE	TRUE	TRUE	TRUE	TRUE	TRUE									TRUE	TRUE	TRUE	TRUE	TRUE	FALSE	FALSE	TRUE	TRUE	49	49	56	49	61	66	330	Blue	Fins		Swift Swim	Storm Drain	Water Veil		75	25	Water 2		20	2560	Erratic	"600,000"	0.4	1′04″	7	15.4	50	66	0	0	0	0	0	1	1	50%	50%	1	0.5	0.5	2	2	0.5	1	1	1	1	1	1	1	1	1	1	0.5	1	1-1|55-6|240-13|16-17|352-22|213-26|219-29|392-33|250-38|369-42|340-45|366-49|487-54	36-TM|204-TM|97-TM|182-TM|352-TM|512-TM|60-TM|109-TM|168-TM|886-TM|263-TM|129-TM|196-TM|203-TM|240-TM|369-TM|214-TM|127-TM|605-TM|156-TM|164-TM|366-TM|57-TM|270-TM|58-TM|56-TM|59-TM|851-TM|812-TM|244-TM|250-TM|914-TM	97-EM|401-EM|62-EM|204-EM|109-EM|175-EM|60-EM|186-EM|321-EM		
457	457	Lumineon	Neon Pokémon	Water														TRUE	TRUE	TRUE	TRUE	TRUE	TRUE	TRUE	TRUE	TRUE	FALSE	FALSE	TRUE	TRUE	TRUE	TRUE	TRUE	TRUE									TRUE	TRUE	TRUE	TRUE	TRUE	FALSE	FALSE	TRUE	TRUE	69	69	76	69	86	91	460	Blue	Fins		Swift Swim	Storm Drain	Water Veil	Level 31	25	8.33	Water 2		20	2560	Erratic	"600,000"	1.2	3′11″	24	52.9	50	161	0	0	0	0	0	2	2	50%	50%	1	0.5	0.5	2	2	0.5	1	1	1	1	1	1	1	1	1	1	0.5	1	16-1|1-1|487-1|55-1|240-13|352-22|213-26|219-29|392-35|250-42|369-48|340-53|366-59	36-TM|204-TM|97-TM|182-TM|352-TM|512-TM|60-TM|109-TM|168-TM|886-TM|263-TM|129-TM|196-TM|314-TM|203-TM|240-TM|369-TM|403-TM|214-TM|127-TM|605-TM|156-TM|164-TM|366-TM|227-TM|57-TM|270-TM|58-TM|56-TM|59-TM|416-TM|63-TM|851-TM|812-TM|244-TM|250-TM|914-TM	97-EM|401-EM|62-EM|204-EM|109-EM|175-EM|60-EM|186-EM|321-EM		
458	458	Mantyke	Kite Pokémon	Water	Flying													TRUE	TRUE	TRUE	TRUE	FALSE	TRUE	TRUE	TRUE	TRUE	TRUE	TRUE	TRUE	TRUE	FALSE	FALSE	TRUE	TRUE			TRUE	TRUE	TRUE	TRUE	FALSE	FALSE	TRUE	TRUE	TRUE							45	20	50	60	120	50	345	Blue	1 Pair of Wings		Swift Swim	Water Absorb	Water Veil		120	40	No Eggs Discovered		25	3200	Slow	"1,250,000"	1	3′03″	65	143.3	50	69	0	0	0	0	1	0	1	50%	50%	1	0.5	0.5	4	1	1	0.5	1	0	1	1	0.5	2	1	1	1	0.5	1					
459	459	Snover	Frost Tree Pokémon	Grass	Ice													TRUE	TRUE	TRUE	TRUE	TRUE	FALSE	FALSE	FALSE	FALSE	TRUE	TRUE	FALSE	FALSE	FALSE	FALSE	TRUE	TRUE			TRUE	TRUE	FALSE	FALSE	TRUE	TRUE	TRUE	TRUE	TRUE	TRUE	TRUE	FALSE	FALSE	TRUE	TRUE	60	62	50	62	60	40	334	White	Bipedal+Tail		Snow Warning		Soundproof		60	20	Monster	Grass	20	2560	Slow	"1,250,000"	1	3′03″	50.5	111.3	50	67	0	1	0	0	0	0	1	50%	50%	1	4	0.5	0.5	0.5	1	2	2	0.5	2	1	2	2	1	1	1	2	1	43-1|181-1|670-5|54-10|420-15|75-20|196-25|207-30|275-35|452-41|59-45|329-50	36-TM|189-TM|182-TM|352-TM|885-TM|886-TM|263-TM|345-TM|196-TM|419-TM|203-TM|240-TM|883-TM|331-TM|34-TM|8-TM|214-TM|402-TM|447-TM|156-TM|14-TM|164-TM|202-TM|412-TM|861-TM|270-TM|58-TM|59-TM|437-TM|76-TM|851-TM|333-TM|311-TM|803-TM|38-TM|174-TM	38-EM|74-EM|73-EM|23-EM|311-EM		
460	460	Abomasnow	Frost Tree Pokémon	Grass	Ice													TRUE	TRUE	TRUE	TRUE	TRUE	FALSE	FALSE	FALSE	FALSE	TRUE	TRUE	FALSE	FALSE	FALSE	FALSE	TRUE	TRUE			TRUE	TRUE	FALSE	FALSE	TRUE	TRUE	TRUE	TRUE	TRUE	TRUE	TRUE	FALSE	FALSE	TRUE	TRUE	90	92	75	92	85	60	494	White	Bipedal+Tail		Snow Warning		Soundproof	Level 40	45	15	Monster	Grass	20	2560	Slow	"1,250,000"	2.2	7′03″	135.5	298.7	50	173	0	1	0	1	0	0	2	50%	50%	1	4	0.5	0.5	0.5	1	2	2	0.5	2	1	2	2	1	1	1	2	1	694-1|670-1|43-1|54-1|181-1|420-15|75-20|196-25|207-30|275-35|452-43|59-49|329-56	36-TM|189-TM|184-TM|182-TM|352-TM|67-TM|885-TM|886-TM|263-TM|523-TM|345-TM|196-TM|317-TM|374-TM|419-TM|203-TM|240-TM|883-TM|331-TM|280-TM|34-TM|8-TM|214-TM|402-TM|447-TM|707-TM|156-TM|157-TM|14-TM|776-TM|164-TM|202-TM|412-TM|861-TM|270-TM|414-TM|58-TM|59-TM|89-TM|416-TM|200-TM|411-TM|437-TM|63-TM|76-TM|851-TM|333-TM|264-TM|311-TM|803-TM|38-TM|174-TM|912-TM	38-EM|74-EM|73-EM|23-EM|311-EM	8-EV	
460		Mega Abomasnow	Frost Tree Pokémon	Grass	Ice																						TRUE	TRUE	FALSE	FALSE	FALSE	FALSE	TRUE	TRUE																		90	132	105	132	105	30	594	White	Bipedal+Tail		Snow Warning			Abomasite		0			20	2560	Slow	"1,250,000"	2.7	8′10″	185	407.9	50	208	0	1	0	1	0	0	2	50%	50%	1	4	0.5	0.5	0.5	1	2	2	0.5	2	1	2	2	1	1	1	2	1					
461	461	Weavile	Sharp Claw Pokémon	Dark	Ice													TRUE	TRUE	TRUE	TRUE	TRUE	TRUE	TRUE	TRUE	TRUE	TRUE	TRUE	FALSE	FALSE	TRUE	TRUE	TRUE	TRUE			TRUE	TRUE	FALSE	FALSE	TRUE	TRUE	TRUE	TRUE	TRUE	TRUE	TRUE	TRUE	TRUE	FALSE	FALSE	70	120	65	45	85	125	510	Black	Bipedal+Tail		Pressure		Pickpocket	Razor Claw during nighttime	30	10	Field		20	2560	Medium Slow	"1,059,860"	1.1	3′07″	34	75	35	179	0	1	0	0	0	1	2	50%	50%	1	2	1	1	1	0.5	4	1	1	1	0	2	2	0.5	1	0.5	2	2	97-1|372-1|251-1|420-1|43-1|98-1|10-1|163-1|269-1|232-18|196-24|154-30|468-36|374-42|417-48|103-54|400-60|399-66	36-TM|313-TM|97-TM|184-TM|182-TM|352-TM|67-TM|168-TM|885-TM|886-TM|263-TM|332-TM|555-TM|232-TM|129-TM|196-TM|490-TM|374-TM|419-TM|203-TM|241-TM|240-TM|883-TM|91-TM|206-TM|280-TM|421-TM|492-TM|8-TM|214-TM|118-TM|398-TM|156-TM|269-TM|14-TM|399-TM|164-TM|404-TM|247-TM|57-TM|861-TM|347-TM|270-TM|226-TM|179-TM|58-TM|417-TM|59-TM|416-TM|411-TM|63-TM|851-TM|180-TM|282-TM|333-TM|264-TM|808-TM|813-TM|675-TM|918-TM	44-EM|68-EM|458-EM|252-EM|364-EM|420-EM|556-EM|180-EM		
462	462	Magnezone	Magnet Area Pokémon	Electric	Steel													TRUE	TRUE	TRUE	FALSE	FALSE	TRUE	TRUE	TRUE	TRUE	TRUE	TRUE	TRUE	TRUE	TRUE	TRUE	TRUE	TRUE			FALSE	FALSE	TRUE	TRUE	FALSE	FALSE	TRUE	TRUE	TRUE	TRUE	TRUE	FALSE	FALSE	TRUE	TRUE	70	70	115	130	90	60	535	Gray	Head+Arms		Magnet Pull	Sturdy	Analytic	Thunder Stone or near magnetic field	30	10	Mineral		20	2560	Medium Fast	"1,000,000"	1.2	3′11″	180	396.8	50	268	0	0	0	3	0	0	3	Unknown		0.5	2	1	0.5	0.5	0.5	2	0	4	0.25	0.5	0.5	0.5	1	0.5	1	0.25	0.5	604-1|602-1|243-1|48-1|33-1|84-1|86-1|161-1|486-12|360-16|209-20|103-24|393-28|430-34|435-40|319-46|113-52|199-58|192-64	36-TM|182-TM|109-TM|451-TM|263-TM|129-TM|203-TM|521-TM|241-TM|240-TM|201-TM|34-TM|214-TM|486-TM|115-TM|113-TM|86-TM|156-TM|776-TM|430-TM|598-TM|442-TM|164-TM|334-TM|484-TM|85-TM|270-TM|604-TM|528-TM|416-TM|63-TM|87-TM|796-TM|851-TM|268-TM|356-TM|360-TM|38-TM|916-TM|527-TM|319-TM|912-TM	527-EM|153-EM		
463	463	Lickilicky	Licking Pokémon	Normal														TRUE	TRUE	TRUE	TRUE	TRUE	TRUE	TRUE	TRUE	TRUE	TRUE	TRUE	FALSE	FALSE	FALSE	FALSE	TRUE	TRUE			FALSE	FALSE	TRUE	TRUE	FALSE	FALSE	TRUE	TRUE	TRUE							110	85	95	80	95	50	515	Pink	Bipedal+Tailless		Own Tempo	Oblivious	Cloud Nine	Learn Rollout	30	10	Monster		20	2560	Medium Fast	"1,000,000"	1.7	5′07″	140	308.6	50	180	3	0	0	0	0	0	3	50%	50%	1	1	1	1	1	1	2	1	1	1	1	1	1	0	1	1	1	1					
464	464	Rhyperior	Drill Pokémon	Ground	Rock													TRUE	TRUE	TRUE	TRUE	TRUE	TRUE	TRUE	TRUE	TRUE	TRUE	TRUE	TRUE	TRUE	TRUE	TRUE	TRUE	TRUE			TRUE	TRUE	TRUE	TRUE	FALSE	FALSE	TRUE	TRUE	TRUE	FALSE	FALSE	FALSE	FALSE	TRUE	TRUE	115	140	130	55	55	40	535	Gray	Bipedal+Tail		Lightning Rod	Solid Rock	Reckless	Trade holding Protector	30	10	Monster	Field	20	2560	Slow	"1,250,000"	2.4	7′10″	282.8	623.5	50	268	0	3	0	0	0	0	3	50%	50%	0.5	0.5	4	0	4	2	2	0.25	2	0.5	1	1	0.5	1	1	1	2	1	523-1|359-1|479-1|33-1|39-1|30-15|184-20|23-25|350-30|529-35|36-40|89-47|444-54|224-61|32-68|439-75	36-TM|189-TM|184-TM|182-TM|424-TM|422-TM|423-TM|168-TM|263-TM|523-TM|232-TM|196-TM|341-TM|317-TM|374-TM|525-TM|419-TM|203-TM|241-TM|240-TM|201-TM|684-TM|91-TM|280-TM|421-TM|34-TM|7-TM|9-TM|8-TM|214-TM|350-TM|398-TM|707-TM|156-TM|157-TM|14-TM|776-TM|430-TM|442-TM|164-TM|334-TM|529-TM|242-TM|406-TM|446-TM|484-TM|57-TM|53-TM|85-TM|270-TM|414-TM|179-TM|58-TM|126-TM|56-TM|59-TM|89-TM|444-TM|416-TM|200-TM|411-TM|63-TM|87-TM|851-TM|46-TM|479-TM|667-TM|535-TM|253-TM|264-TM|38-TM|283-TM|915-TM|916-TM|815-TM|800-TM|784-TM|174-TM			
465	465	Tangrowth	Vine Pokémon	Grass														TRUE	TRUE	TRUE	TRUE	TRUE	TRUE	TRUE	TRUE	TRUE	TRUE	TRUE	TRUE	TRUE	FALSE	FALSE	FALSE	FALSE			FALSE	FALSE	TRUE	TRUE	FALSE	FALSE	TRUE	TRUE	TRUE							100	100	125	110	50	50	535	Blue	Bipedal+Tailless		Chlorophyll	Leaf Guard	Regenerator	Learn Ancient Power	30	10	Grass		20	2560	Medium Fast	"1,000,000"	2	6′07″	128.6	283.5	50	187	0	0	2	0	0	0	2	50%	50%	1	2	0.5	0.5	0.5	2	1	2	0.5	2	1	2	1	1	1	1	1	1					
466	466	Electivire	Thunderbolt Pokémon	Electric														TRUE	TRUE	TRUE	TRUE	TRUE	TRUE	TRUE	FALSE	TRUE	TRUE	TRUE	TRUE	TRUE	TRUE	TRUE	TRUE	TRUE			FALSE	FALSE	FALSE	FALSE	TRUE	TRUE	TRUE	TRUE	TRUE	FALSE	FALSE	FALSE	FALSE	TRUE	TRUE	75	123	67	95	85	95	540	Yellow	Bipedal+Tail		Motor Drive		Vital Spirit	Trade holding Electrizer	30	10	Human-Like		25	3200	Medium Fast	"1,000,000"	1.8	5′11″	138.6	305.6	50	270	0	3	0	0	0	0	3	75%	25%	1	1	1	0.5	1	1	1	1	2	0.5	1	1	1	1	1	1	0.5	1	268-1|43-1|98-1|84-1|129-12|351-16|86-20|103-24|9-28|435-34|67-40|85-46|113-52|87-58|416-64	36-TM|182-TM|67-TM|168-TM|885-TM|451-TM|263-TM|523-TM|129-TM|317-TM|490-TM|374-TM|203-TM|521-TM|240-TM|91-TM|280-TM|339-TM|34-TM|7-TM|9-TM|8-TM|214-TM|486-TM|115-TM|113-TM|118-TM|86-TM|707-TM|156-TM|157-TM|269-TM|598-TM|164-TM|94-TM|53-TM|85-TM|270-TM|604-TM|528-TM|89-TM|416-TM|411-TM|63-TM|87-TM|851-TM|268-TM|282-TM|253-TM|264-TM|311-TM|38-TM|916-TM|527-TM|319-TM			
467	467	Magmortar	Blast Pokémon	Fire														TRUE	TRUE	TRUE	TRUE	TRUE	TRUE	TRUE	TRUE	FALSE	TRUE	TRUE	TRUE	TRUE	TRUE	TRUE	TRUE	TRUE			FALSE	FALSE	FALSE	FALSE	TRUE	TRUE	TRUE	TRUE	TRUE	FALSE	FALSE	FALSE	FALSE	TRUE	TRUE	75	95	67	125	95	83	540	Red	Bipedal+Tail		Flame Body		Vital Spirit	Trade holding Magmarizer	30	10	Human-Like		25	3200	Medium Fast	"1,000,000"	1.6	5′03″	68	149.9	50	270	0	0	0	3	0	0	3	75%	25%	1	0.5	2	1	0.5	0.5	1	1	2	1	1	0.5	2	1	1	1	0.5	0.5	52-1|43-1|123-1|108-1|499-12|172-16|109-20|184-24|7-28|436-34|67-40|53-46|241-52|126-58|63-64	36-TM|184-TM|182-TM|67-TM|491-TM|109-TM|168-TM|83-TM|263-TM|523-TM|317-TM|488-TM|490-TM|374-TM|203-TM|241-TM|280-TM|34-TM|7-TM|9-TM|214-TM|118-TM|398-TM|707-TM|156-TM|157-TM|269-TM|164-TM|261-TM|304-TM|257-TM|94-TM|53-TM|85-TM|270-TM|126-TM|89-TM|416-TM|315-TM|411-TM|63-TM|394-TM|76-TM|851-TM|46-TM|282-TM|535-TM|253-TM|264-TM|311-TM|807-TM|38-TM|915-TM|815-TM|174-TM			
468	468	Togekiss	Jubilee Pokémon	Fairy	Flying													TRUE	TRUE	TRUE	TRUE	TRUE	TRUE	TRUE	TRUE	TRUE	TRUE	TRUE	TRUE	TRUE	TRUE	TRUE	FALSE	FALSE			TRUE	TRUE	FALSE	FALSE	FALSE	FALSE	TRUE	TRUE	TRUE							85	50	95	120	115	80	545	White	1 Pair of Wings		Hustle	Serene Grace	Super Luck	Shiny Stone	30	10	Flying	Fairy	10	1280	Fast	"800,000"	1.5	4′11″	38	83.8	50	273	0	0	0	2	1	0	3	87.50%	12.50%	1	1	1	2	0.5	2	0.25	2	0	1	1	0.25	2	1	0	0.5	2	1					
469	469	Yanmega	Ogre Darner Pokémon	Bug	Flying													TRUE	TRUE	TRUE	TRUE	TRUE	TRUE	TRUE	TRUE	TRUE	TRUE	TRUE	FALSE	FALSE	FALSE	FALSE	TRUE	TRUE									TRUE	TRUE	TRUE	FALSE	FALSE	TRUE	TRUE	FALSE	FALSE	86	76	86	116	56	95	515	Green	2+ Pair of Wings		Speed Boost	Tinted Lens	Frisk	Learn Ancient Power	45	15	Bug		20	2560	Medium Fast	"1,000,000"	1.9	6′03″	51.5	113.5	50	180	0	2	0	0	0	0	2	50%	50%	1	2	1	2	0.25	2	0.25	1	0	2	1	0.5	4	1	1	1	1	1	403-1|405-1|104-1|400-1|33-1|98-14|197-17|48-22|253-27|450-30|246-33|364-38|163-43|103-46|369-49	36-TM|184-TM|182-TM|522-TM|168-TM|884-TM|263-TM|332-TM|129-TM|314-TM|203-TM|241-TM|369-TM|403-TM|214-TM|156-TM|14-TM|141-TM|164-TM|242-TM|202-TM|366-TM|247-TM|94-TM|179-TM|416-TM|405-TM|63-TM|76-TM|851-TM|450-TM|679-TM|253-TM|814-TM|244-TM|38-TM|806-TM|917-TM			95-R
470	470	Leafeon	Verdant Pokémon	Grass														TRUE	TRUE	TRUE	FALSE	FALSE	FALSE	FALSE	TRUE	TRUE	TRUE	TRUE	TRUE	TRUE	TRUE	TRUE	TRUE	TRUE			TRUE	TRUE	FALSE	FALSE	TRUE	TRUE	TRUE	TRUE	TRUE	TRUE	TRUE	FALSE	FALSE	FALSE	FALSE	65	110	130	60	65	95	525	Green	Quadruped		Leaf Guard		Chlorophyll	Leaf Stone or near Mossy Rock	45	15	Field		35	4480	Medium Fast	"1,000,000"	1	3′03″	25.5	56.2	35	184	0	0	2	0	0	0	2	87.50%	12.50%	1	2	0.5	0.5	0.5	2	1	2	0.5	2	1	2	1	1	1	1	1	1	226-1|44-1|204-1|383-1|343-1|38-1|45-1|270-1|129-1|33-1|39-1|36-1|28-5|98-10|608-15|73-20|345-25|235-30|241-35|202-40|14-45|348-50|387-55	36-TM|204-TM|313-TM|189-TM|182-TM|885-TM|263-TM|332-TM|129-TM|345-TM|341-TM|500-TM|203-TM|241-TM|240-TM|91-TM|331-TM|34-TM|214-TM|402-TM|447-TM|156-TM|14-TM|164-TM|404-TM|202-TM|247-TM|304-TM|412-TM|347-TM|270-TM|226-TM|416-TM|437-TM|63-TM|76-TM|851-TM|46-TM|282-TM|669-TM|311-TM|803-TM|38-TM|174-TM|914-TM	174-EM|197-EM|24-EM|175-EM|189-EM|321-EM|273-EM|281-EM	75-EV	
471	471	Glaceon	Fresh Snow Pokémon	Ice														TRUE	TRUE	TRUE	FALSE	FALSE	FALSE	FALSE	TRUE	TRUE	TRUE	TRUE	TRUE	TRUE	TRUE	TRUE	TRUE	TRUE			TRUE	TRUE	FALSE	FALSE	TRUE	TRUE	TRUE	TRUE	TRUE	TRUE	TRUE	FALSE	FALSE	FALSE	FALSE	65	60	110	130	95	65	525	Blue	Quadruped		Snow Cloak		Ice Body	Ice Stone or near Icy Rock	30	10	Field		35	4480	Medium Fast	"1,000,000"	0.8	2′07″	25.9	57.1	35	184	0	0	0	2	0	0	2	87.50%	12.50%	1	2	1	1	1	0.5	2	1	1	1	1	1	2	1	1	1	2	1	226-1|204-1|383-1|343-1|38-1|45-1|270-1|129-1|33-1|39-1|36-1|28-5|98-10|608-15|420-20|44-25|423-30|883-35|573-40|243-45|59-50|387-55	36-TM|204-TM|313-TM|189-TM|182-TM|423-TM|352-TM|885-TM|886-TM|263-TM|129-TM|196-TM|341-TM|500-TM|419-TM|203-TM|241-TM|240-TM|883-TM|91-TM|34-TM|214-TM|156-TM|164-TM|247-TM|304-TM|347-TM|270-TM|226-TM|58-TM|59-TM|416-TM|63-TM|851-TM|46-TM|114-TM|356-TM|333-TM|311-TM|38-TM|813-TM|174-TM|914-TM	174-EM|197-EM|24-EM|175-EM|189-EM|321-EM|273-EM|281-EM	196-EV	
472	472	Gliscor	Fang Scorpion Pokémon	Ground	Flying													TRUE	TRUE	TRUE	TRUE	FALSE	TRUE	TRUE	TRUE	TRUE	TRUE	TRUE	FALSE	FALSE	FALSE	FALSE	FALSE	FALSE									TRUE	TRUE	TRUE	FALSE	FALSE	TRUE	FALSE	FALSE	FALSE	75	95	125	45	75	95	510	Purple	1 Pair of Wings		Hyper Cutter	Sand Veil	Poison Heal	Razor Fang during nighttime	50	16.67	Bug		20	2560	Medium Slow	"1,059,860"	2	6′07″	42.5	93.7	50	179	0	0	2	0	0	0	2	50%	50%	1	1	2	0	1	4	0.5	0.5	0	1	1	0.5	1	1	1	1	1	1	424-1|106-1|423-1|398-1|28-1|422-1|98-13|210-16|282-19|512-22|400-27|369-30|103-35|404-40|152-45|14-50	36-TM|97-TM|189-TM|184-TM|182-TM|424-TM|422-TM|423-TM|512-TM|522-TM|168-TM|263-TM|342-TM|332-TM|523-TM|232-TM|129-TM|341-TM|317-TM|374-TM|474-TM|203-TM|241-TM|240-TM|201-TM|206-TM|280-TM|369-TM|706-TM|214-TM|398-TM|156-TM|157-TM|269-TM|14-TM|191-TM|390-TM|399-TM|441-TM|164-TM|404-TM|242-TM|366-TM|446-TM|226-TM|414-TM|188-TM|89-TM|444-TM|416-TM|63-TM|851-TM|92-TM|328-TM|282-TM|679-TM|667-TM|814-TM|799-TM|38-TM|806-TM|675-TM|784-TM			
473	473	Mamoswine	Twin Tusk Pokémon	Ice	Ground													TRUE	TRUE	TRUE	TRUE	TRUE	TRUE	TRUE	TRUE	TRUE	TRUE	TRUE	FALSE	FALSE	TRUE	TRUE	TRUE	TRUE			TRUE	TRUE	FALSE	FALSE	TRUE	TRUE	TRUE	TRUE	TRUE	FALSE	FALSE	TRUE	TRUE	FALSE	FALSE	110	130	80	70	60	80	530	Brown	Quadruped		Oblivious	Snow Cloak	Thick Fat	Learn Ancient Power	30	10	Field		20	2560	Slow	"1,250,000"	2.5	8′02″	291	641.5	50	265	0	3	0	0	0	0	3	50%	50%	1	2	2	0	2	1	2	0.5	1	1	1	1	1	1	1	1	2	1	246-1|175-1|423-1|189-1|181-1|33-1|420-15|54-20|203-25|196-30|133-37|36-44|89-51|59-58|37-65	36-TM|204-TM|189-TM|184-TM|182-TM|423-TM|885-TM|263-TM|523-TM|196-TM|341-TM|317-TM|419-TM|203-TM|240-TM|201-TM|883-TM|91-TM|34-TM|214-TM|115-TM|350-TM|707-TM|156-TM|157-TM|776-TM|442-TM|164-TM|446-TM|484-TM|133-TM|414-TM|179-TM|58-TM|59-TM|89-TM|444-TM|416-TM|63-TM|851-TM|46-TM|114-TM|328-TM|479-TM|282-TM|667-TM|333-TM|38-TM|283-TM|675-TM|174-TM|912-TM		458-EV	
474	474	Porygon-Z	Virtual Pokémon	Normal														TRUE	TRUE	TRUE	TRUE	TRUE	TRUE	TRUE	FALSE	FALSE	FALSE	FALSE	TRUE	TRUE	TRUE	TRUE	TRUE	TRUE			FALSE	FALSE	TRUE	TRUE	FALSE	FALSE	TRUE	TRUE	TRUE	FALSE	FALSE	FALSE	FALSE	TRUE	TRUE	85	80	70	135	75	90	535	Red	Head+Arms		Adaptability	Download	Analytic	Trade holding Dubious Disc	45	15	Mineral		20	2560	Medium Fast	"1,000,000"	0.9	2′11″	34	75	50	268	0	0	0	3	0	0	3	Unknown		1	1	1	1	1	1	2	1	1	1	1	1	1	0	1	1	1	1	160-1|111-1|393-1|417-1|278-1|33-1|433-1|84-15|60-20|176-25|97-30|105-35|435-40|161-45|38-50|199-55|192-60|63-65	36-TM|97-TM|182-TM|60-TM|168-TM|451-TM|263-TM|129-TM|196-TM|203-TM|241-TM|240-TM|473-TM|428-TM|492-TM|214-TM|86-TM|156-TM|399-TM|598-TM|164-TM|271-TM|247-TM|94-TM|85-TM|58-TM|417-TM|59-TM|416-TM|433-TM|63-TM|87-TM|76-TM|851-TM|268-TM|356-TM|253-TM|38-TM|527-TM			
475	475	Gallade	Blade Pokémon	Psychic	Fighting													TRUE	TRUE	TRUE	TRUE	TRUE	TRUE	TRUE	TRUE	TRUE	TRUE	TRUE	TRUE	TRUE	FALSE	FALSE	TRUE	TRUE			TRUE	TRUE	TRUE	TRUE	FALSE	FALSE	TRUE	TRUE	TRUE	TRUE	TRUE	TRUE	TRUE	FALSE	FALSE	68	125	65	65	115	80	518	White	Bipedal+Tailless		Steadfast	Sharpness	Justified	"Dawn Stone, Male"	60	20	Human-Like*	Amorphous	20	2560	Slow	"1,250,000"	1.6	5′03″	52	114.6	35	259	0	3	0	0	0	0	3	100%	0%	1	1	1	1	1	1	0.5	1	1	2	1	1	0.5	2	1	1	1	2	895-1|347-1|204-1|93-1|574-1|104-1|577-1|138-1|210-1|248-1|45-1|95-1|286-1|348-1|43-1|791-1|400-1|60-1|94-1|533-1|270-9|364-12|100-15|332-18|206-23|182-28|14-35|427-42|505-49|501-56|469-56|370-63	36-TM|204-TM|97-TM|182-TM|67-TM|60-TM|109-TM|168-TM|574-TM|451-TM|263-TM|332-TM|523-TM|506-TM|129-TM|345-TM|196-TM|317-TM|577-TM|490-TM|500-TM|101-TM|374-TM|203-TM|241-TM|240-TM|473-TM|206-TM|280-TM|428-TM|421-TM|339-TM|403-TM|34-TM|7-TM|9-TM|8-TM|214-TM|409-TM|115-TM|113-TM|605-TM|118-TM|447-TM|86-TM|398-TM|156-TM|157-TM|269-TM|14-TM|286-TM|285-TM|164-TM|404-TM|261-TM|271-TM|396-TM|247-TM|304-TM|412-TM|94-TM|227-TM|85-TM|347-TM|270-TM|179-TM|678-TM|581-TM|89-TM|444-TM|416-TM|411-TM|433-TM|63-TM|370-TM|851-TM|282-TM|410-TM|669-TM|264-TM|220-TM|244-TM|813-TM|811-TM|248-TM|797-TM|675-TM|914-TM|918-TM	109-EM|194-EM|50-EM|282-EM|212-EM|262-EM|595-EM|425-EM	163-EV	
475		Mega Gallade	Blade Pokémon	Psychic	Fighting																								TRUE	TRUE	FALSE	FALSE	TRUE	TRUE																		68	165	95	65	115	110	618	White	Bipedal+Tailless		Inner Focus			Galladite		0			20	2560	Slow	"1,250,000"	1.6	5′03″	56.4	124.3	35	309	0	3	0	0	0	0	3	100%	0%	1	1	1	1	1	1	0.5	1	1	2	1	1	0.5	2	1	1	1	2					
476	476	Probopass	Compass Pokémon	Rock	Steel													TRUE	TRUE	TRUE	FALSE	FALSE	FALSE	FALSE	TRUE	TRUE	TRUE	TRUE	TRUE	TRUE	TRUE	TRUE	TRUE	TRUE									TRUE	TRUE	TRUE	FALSE	FALSE	TRUE	TRUE	FALSE	FALSE	60	55	145	75	150	40	525	White	Multiple Bodies		Sturdy	Magnet Pull	Sand Force	Near magnetic field or Thunder Stone	45	15	Mineral		20	2560	Medium Fast	"1,000,000"	1.4	4′07″	340	749.6	50	184	0	0	1	0	2	0	3	50%	50%	0.25	1	2	1	1	0.5	4	0	4	0.25	0.5	0.5	0.5	1	0.5	1	1	0.5	335-1|356-1|334-1|393-1|602-1|33-1|469-1|86-13|156-16|209-19|157-22|408-25|350-28|435-31|201-34|414-37|444-40|199-43|192-43	36-TM|182-TM|263-TM|523-TM|317-TM|203-TM|521-TM|241-TM|201-TM|34-TM|7-TM|9-TM|8-TM|214-TM|350-TM|605-TM|86-TM|707-TM|156-TM|157-TM|269-TM|776-TM|430-TM|442-TM|408-TM|164-TM|334-TM|446-TM|484-TM|85-TM|270-TM|414-TM|89-TM|444-TM|416-TM|63-TM|87-TM|796-TM|851-TM|328-TM|356-TM|479-TM|667-TM|220-TM|38-TM|916-TM|800-TM|319-TM|174-TM|912-TM		161-EV	
477	477	Dusknoir	Gripper Pokémon	Ghost														TRUE	TRUE	TRUE	TRUE	TRUE	FALSE	FALSE	FALSE	FALSE	TRUE	TRUE	TRUE	TRUE	FALSE	FALSE	FALSE	FALSE			TRUE	TRUE	FALSE	FALSE	FALSE	FALSE	TRUE	TRUE	TRUE	FALSE	FALSE	TRUE	TRUE	FALSE	FALSE	45	100	135	65	135	45	525	Black	Head+Arms		Pressure		Frisk	Trade holding Reaper Cloth	75	25	Amorphous		25	3200	Fast	"800,000"	2.2	7′03″	106.6	235	35	263	0	0	1	0	2	0	3	50%	50%	0	1	1	1	1	1	0	0.5	1	1	1	0.5	1	2	1	2	1	1	310-1|20-1|50-1|7-1|356-1|8-1|43-1|325-1|425-1|9-1|109-12|101-16|371-20|261-24|212-28|506-32|174-36|247-42|248-48|194-54	182-TM|109-TM|168-TM|451-TM|263-TM|506-TM|129-TM|196-TM|317-TM|101-TM|374-TM|203-TM|241-TM|240-TM|280-TM|34-TM|7-TM|9-TM|8-TM|214-TM|118-TM|156-TM|157-TM|269-TM|286-TM|399-TM|141-TM|285-TM|164-TM|261-TM|271-TM|247-TM|94-TM|347-TM|270-TM|58-TM|59-TM|89-TM|566-TM|416-TM|411-TM|433-TM|63-TM|851-TM|114-TM|180-TM|356-TM|264-TM|809-TM|220-TM|244-TM|248-TM|806-TM|174-TM|912-TM			
478	478	Froslass	Snow Land Pokémon	Ice	Ice													TRUE	TRUE	TRUE	TRUE	TRUE	FALSE	FALSE	FALSE	FALSE	TRUE	TRUE	TRUE	TRUE	TRUE	TRUE	TRUE	TRUE			TRUE	TRUE	FALSE	FALSE	TRUE	TRUE	TRUE	TRUE	TRUE	TRUE	TRUE	FALSE	FALSE	FALSE	FALSE	70	80	70	80	70	110	480	White	Head+Arms		Snow Cloak		Cursed Body	"Dawn Stone, Female"	45	15	Fairy	Mineral	20	2560	Medium Fast	"1,000,000"	1.3	4′03″	26.6	58.6	50	168	0	0	0	0	0	2	2	0%	100%	1	4	1	1	1	0.25	4	1	1	1	1	1	4	1	1	1	4	1	310-1|44-1|242-1|194-1|104-1|29-1|423-1|43-1|181-1|182-1|420-15|577-20|196-25|524-30|109-35|883-40|261-47|694-54|247-61|59-68	36-TM|204-TM|313-TM|184-TM|182-TM|423-TM|352-TM|109-TM|885-TM|886-TM|263-TM|506-TM|196-TM|577-TM|101-TM|374-TM|419-TM|203-TM|240-TM|883-TM|34-TM|8-TM|214-TM|115-TM|113-TM|86-TM|156-TM|269-TM|191-TM|286-TM|164-TM|261-TM|242-TM|271-TM|247-TM|94-TM|861-TM|85-TM|270-TM|58-TM|59-TM|416-TM|63-TM|87-TM|851-TM|114-TM|180-TM|333-TM|311-TM|809-TM|220-TM|244-TM|813-TM|174-TM	335-EM|50-EM|556-EM|205-EM|415-EM	506-EV	
479	479	Rotom	Plasma Pokémon	Electric	Ghost													TRUE	TRUE	TRUE	FALSE	FALSE	TRUE	TRUE	TRUE	TRUE	TRUE	TRUE	FALSE	FALSE	FALSE	FALSE	TRUE	TRUE			TRUE	TRUE	FALSE	FALSE	FALSE	FALSE	TRUE	TRUE	TRUE	TRUE	TRUE	TRUE	TRUE	TRUE	TRUE	50	50	77	95	77	91	440	Red	Head		Levitate				3	1	Amorphous		20	2560	Medium Fast	"1,000,000"	0.3	1′00″	0.3	0.7	50	154	0	0	0	1	0	1	2	Unknown		0	1	1	0.5	1	1	0	0.5	2	0.5	1	0.5	1	2	1	2	0.5	1	310-1|104-1|84-5|109-10|268-15|486-20|86-25|351-30|506-35|164-40|271-45|435-50|253-55	182-TM|109-TM|168-TM|451-TM|263-TM|506-TM|129-TM|500-TM|101-TM|203-TM|521-TM|241-TM|240-TM|492-TM|214-TM|486-TM|115-TM|113-TM|86-TM|156-TM|399-TM|598-TM|164-TM|261-TM|271-TM|247-TM|304-TM|85-TM|270-TM|604-TM|417-TM|87-TM|851-TM|268-TM|180-TM|253-TM|809-TM|220-TM|527-TM			
479		Heat Rotom	Plasma Pokémon	Electric	Fire													FALSE	FALSE	TRUE	FALSE	FALSE	TRUE	TRUE	TRUE	TRUE	TRUE	TRUE	FALSE	FALSE	FALSE	FALSE	TRUE	TRUE			FALSE	FALSE	FALSE	FALSE	FALSE	FALSE	FALSE	FALSE	FALSE	FALSE	FALSE	FALSE	FALSE	FALSE	FALSE	50	65	107	105	107	86	520	Red	Head		Levitate					0	Amorphous		20	2560	Medium Fast	"1,000,000"	0.3	1′00″	0.3	0.7	50	182	0	0	0	1	0	1	2	Unknown		1	0.5	2	0.5	0.5	0.5	1	1	4	0.5	1	0.5	2	1	1	1	0.25	0.5	310-1|104-1|84-5|109-10|268-15|486-20|86-25|351-30|506-35|164-40|271-45|435-50|253-55	182-TM|109-TM|168-TM|451-TM|263-TM|506-TM|129-TM|500-TM|101-TM|203-TM|521-TM|241-TM|240-TM|492-TM|214-TM|486-TM|115-TM|113-TM|86-TM|156-TM|399-TM|598-TM|164-TM|261-TM|271-TM|247-TM|304-TM|85-TM|270-TM|604-TM|417-TM|87-TM|851-TM|268-TM|180-TM|253-TM|809-TM|220-TM|527-TM		315-R	
479		Wash Rotom	Plasma Pokémon	Electric	Water													FALSE	FALSE	TRUE	FALSE	FALSE	TRUE	TRUE	TRUE	TRUE	TRUE	TRUE	FALSE	FALSE	FALSE	FALSE	TRUE	TRUE			FALSE	FALSE	FALSE	FALSE	FALSE	FALSE	FALSE	FALSE	FALSE	FALSE	FALSE	FALSE	FALSE	FALSE	FALSE	50	65	107	105	107	86	520	Red	Head		Levitate					0	Amorphous		20	2560	Medium Fast	"1,000,000"	0.3	1′00″	0.3	0.7	50	182	0	0	0	1	0	1	2	Unknown		1	0.5	0.5	1	2	0.5	1	1	2	0.5	1	1	1	1	1	1	0.25	1	310-1|104-1|84-5|109-10|268-15|486-20|86-25|351-30|506-35|164-40|271-45|435-50|253-55	182-TM|109-TM|168-TM|451-TM|263-TM|506-TM|129-TM|500-TM|101-TM|203-TM|521-TM|241-TM|240-TM|492-TM|214-TM|486-TM|115-TM|113-TM|86-TM|156-TM|399-TM|598-TM|164-TM|261-TM|271-TM|247-TM|304-TM|85-TM|270-TM|604-TM|417-TM|87-TM|851-TM|268-TM|180-TM|253-TM|809-TM|220-TM|527-TM		56-R	
479		Frost Rotom	Plasma Pokémon	Electric	Ice													FALSE	FALSE	TRUE	FALSE	FALSE	TRUE	TRUE	TRUE	TRUE	TRUE	TRUE	FALSE	FALSE	FALSE	FALSE	TRUE	TRUE			FALSE	FALSE	FALSE	FALSE	FALSE	FALSE	FALSE	FALSE	FALSE	FALSE	FALSE	FALSE	FALSE	FALSE	FALSE	50	65	107	105	107	86	520	Red	Head		Levitate					0	Amorphous		20	2560	Medium Fast	"1,000,000"	0.3	1′00″	0.3	0.7	50	182	0	0	0	1	0	1	2	Unknown		1	2	1	0.5	1	0.5	2	1	2	0.5	1	1	2	1	1	1	1	1	310-1|104-1|84-5|109-10|268-15|486-20|86-25|351-30|506-35|164-40|271-45|435-50|253-55	182-TM|109-TM|168-TM|451-TM|263-TM|506-TM|129-TM|500-TM|101-TM|203-TM|521-TM|241-TM|240-TM|492-TM|214-TM|486-TM|115-TM|113-TM|86-TM|156-TM|399-TM|598-TM|164-TM|261-TM|271-TM|247-TM|304-TM|85-TM|270-TM|604-TM|417-TM|87-TM|851-TM|268-TM|180-TM|253-TM|809-TM|220-TM|527-TM		59-R	
479		Fan Rotom	Plasma Pokémon	Electric	Flying													FALSE	FALSE	TRUE	FALSE	FALSE	TRUE	TRUE	TRUE	TRUE	TRUE	TRUE	FALSE	FALSE	FALSE	FALSE	TRUE	TRUE			FALSE	FALSE	FALSE	FALSE	FALSE	FALSE	FALSE	FALSE	FALSE	FALSE	FALSE	FALSE	FALSE	FALSE	FALSE	50	65	107	105	107	86	520	Red	Head		Levitate					0	Amorphous		20	2560	Medium Fast	"1,000,000"	0.3	1′00″	0.3	0.7	50	182	0	0	0	1	0	1	2	Unknown		1	1	1	1	0.5	2	0.5	1	0	0.5	1	0.5	2	1	1	1	0.5	1	310-1|104-1|84-5|109-10|268-15|486-20|86-25|351-30|506-35|164-40|271-45|435-50|253-55	182-TM|109-TM|168-TM|451-TM|263-TM|506-TM|129-TM|500-TM|101-TM|203-TM|521-TM|241-TM|240-TM|492-TM|214-TM|486-TM|115-TM|113-TM|86-TM|156-TM|399-TM|598-TM|164-TM|261-TM|271-TM|247-TM|304-TM|85-TM|270-TM|604-TM|417-TM|87-TM|851-TM|268-TM|180-TM|253-TM|809-TM|220-TM|527-TM		403-R	
479		Mow Rotom	Plasma Pokémon	Electric	Grass													FALSE	FALSE	TRUE	FALSE	FALSE	TRUE	TRUE	TRUE	TRUE	TRUE	TRUE	FALSE	FALSE	FALSE	FALSE	TRUE	TRUE			FALSE	FALSE	FALSE	FALSE	FALSE	FALSE	FALSE	FALSE	FALSE	FALSE	FALSE	FALSE	FALSE	FALSE	FALSE	50	65	107	105	107	86	520	Red	Head		Levitate					0	Amorphous		20	2560	Medium Fast	"1,000,000"	0.3	1′00″	0.3	0.7	50	182	0	0	0	1	0	1	2	Unknown		1	2	0.5	0.25	0.5	2	1	2	1	1	1	2	1	1	1	1	0.5	1	310-1|104-1|84-5|109-10|268-15|486-20|86-25|351-30|506-35|164-40|271-45|435-50|253-55	182-TM|109-TM|168-TM|451-TM|263-TM|506-TM|129-TM|500-TM|101-TM|203-TM|521-TM|241-TM|240-TM|492-TM|214-TM|486-TM|115-TM|113-TM|86-TM|156-TM|399-TM|598-TM|164-TM|261-TM|271-TM|247-TM|304-TM|85-TM|270-TM|604-TM|417-TM|87-TM|851-TM|268-TM|180-TM|253-TM|809-TM|220-TM|527-TM		437-R	
480	480	Uxie	Knowledge Pokémon	Psychic														TRUE	TRUE	TRUE	FALSE	FALSE	FALSE	FALSE	TRUE	TRUE	FALSE	FALSE	TRUE	TRUE	FALSE	FALSE	TRUE	TRUE			FALSE	FALSE	FALSE	FALSE	TRUE	TRUE	TRUE	TRUE	TRUE	FALSE	FALSE	FALSE	FALSE	FALSE	FALSE	75	75	130	75	130	95	580	Yellow	Bipedal+Tail		Levitate				3	1	No Eggs Discovered		80	10240	Slow	"1,250,000"	0.3	1′00″	0.3	0.7	140	290	0	0	2	0	1	0	3	Unknown		1	1	1	1	1	1	0.5	1	1	1	0.5	2	1	2	1	2	1	1	93-1|156-1|129-7|203-14|60-21|286-28|326-35|133-42|94-49|281-56|248-63|175-70|262-77|832-84	189-TM|182-TM|352-TM|512-TM|60-TM|109-TM|451-TM|263-TM|129-TM|577-TM|500-TM|374-TM|203-TM|241-TM|240-TM|201-TM|473-TM|428-TM|369-TM|492-TM|7-TM|9-TM|8-TM|214-TM|409-TM|115-TM|113-TM|605-TM|118-TM|447-TM|86-TM|156-TM|286-TM|285-TM|164-TM|271-TM|202-TM|247-TM|446-TM|412-TM|94-TM|227-TM|85-TM|583-TM|133-TM|347-TM|270-TM|226-TM|417-TM|416-TM|433-TM|63-TM|87-TM|76-TM|851-TM|282-TM|220-TM|244-TM|248-TM|797-TM|917-TM			502-R|797-R|231-R|478-R|427-R|496-R|219-R|173-R|161-R|472-R
481	481	Mesprit	Emotion Pokémon	Psychic														TRUE	TRUE	TRUE	FALSE	FALSE	FALSE	FALSE	TRUE	TRUE	FALSE	FALSE	TRUE	TRUE	FALSE	FALSE	TRUE	TRUE			FALSE	FALSE	FALSE	FALSE	TRUE	TRUE	TRUE	TRUE	TRUE	FALSE	FALSE	FALSE	FALSE	FALSE	FALSE	80	105	105	105	105	80	580	Pink	Bipedal+Tail		Levitate				3	1	No Eggs Discovered		80	10240	Slow	"1,250,000"	0.3	1′00″	0.3	0.7	140	290	0	1	0	1	1	0	3	Unknown		1	1	1	1	1	1	0.5	1	1	1	0.5	2	1	2	1	2	1	1	93-1|156-1|129-7|182-14|60-21|286-28|326-35|204-42|94-49|260-56|248-63|383-70|361-77|832-84	204-TM|182-TM|352-TM|512-TM|60-TM|109-TM|451-TM|263-TM|129-TM|577-TM|500-TM|374-TM|203-TM|241-TM|240-TM|201-TM|473-TM|428-TM|369-TM|7-TM|9-TM|8-TM|214-TM|409-TM|115-TM|113-TM|605-TM|118-TM|447-TM|86-TM|156-TM|286-TM|285-TM|164-TM|271-TM|247-TM|446-TM|412-TM|94-TM|227-TM|85-TM|583-TM|347-TM|270-TM|226-TM|58-TM|417-TM|59-TM|416-TM|433-TM|63-TM|87-TM|851-TM|282-TM|220-TM|244-TM|38-TM|248-TM|797-TM|917-TM			502-R|797-R|231-R|478-R|427-R|496-R|219-R|173-R|161-R|472-R
482	482	Azelf	Willpower Pokémon	Psychic														TRUE	TRUE	TRUE	FALSE	FALSE	FALSE	FALSE	TRUE	TRUE	FALSE	FALSE	TRUE	TRUE	FALSE	FALSE	TRUE	TRUE			FALSE	FALSE	FALSE	FALSE	TRUE	TRUE	TRUE	TRUE	TRUE	FALSE	FALSE	FALSE	FALSE	FALSE	FALSE	75	125	70	125	70	115	580	Blue	Bipedal+Tail		Levitate				3	1	No Eggs Discovered		80	10240	Slow	"1,250,000"	0.3	1′00″	0.3	0.7	140	290	0	2	0	1	0	0	3	Unknown		1	1	1	1	1	1	0.5	1	1	1	0.5	2	1	2	1	2	1	1	93-1|156-1|129-7|197-14|60-21|286-28|326-35|417-42|94-49|253-56|248-63|387-70|153-77|832-84	189-TM|182-TM|352-TM|512-TM|60-TM|451-TM|263-TM|129-TM|577-TM|500-TM|374-TM|203-TM|241-TM|240-TM|201-TM|473-TM|428-TM|369-TM|7-TM|9-TM|8-TM|214-TM|409-TM|115-TM|113-TM|605-TM|118-TM|447-TM|86-TM|156-TM|269-TM|286-TM|285-TM|164-TM|271-TM|247-TM|446-TM|412-TM|94-TM|227-TM|53-TM|85-TM|583-TM|347-TM|270-TM|226-TM|417-TM|126-TM|416-TM|433-TM|63-TM|87-TM|851-TM|282-TM|253-TM|244-TM|38-TM|283-TM|248-TM|797-TM			502-R|372-R|797-R|231-R|478-R|371-R|427-R|496-R|219-R|120-R|173-R|161-R|472-R
483	483	Dialga	Temporal Pokémon	Steel	Dragon													TRUE	FALSE	TRUE	TRUE	TRUE	FALSE	FALSE	FALSE	FALSE	FALSE	FALSE	TRUE	TRUE	FALSE	FALSE	TRUE	TRUE			FALSE	FALSE	FALSE	FALSE	TRUE	FALSE	TRUE	TRUE	TRUE	FALSE	FALSE	FALSE	FALSE	FALSE	FALSE	100	120	120	150	100	90	680	White	Quadruped		Pressure		Telepathy		3	1	No Eggs Discovered		120	15360	Slow	"1,250,000"	5.4	17′09″	683	1505.8	0	340	0	0	0	3	0	0	3	Unknown		0.5	1	0.5	0.5	0.25	1	2	0	2	0.5	0.5	0.5	0.5	1	1	1	0.5	1	232-1|184-1|225-8|246-16|163-24|430-32|337-40|396-48|408-56|368-64|414-72|231-80|459-88	36-TM|184-TM|182-TM|263-TM|523-TM|232-TM|129-TM|317-TM|525-TM|203-TM|241-TM|240-TM|201-TM|280-TM|421-TM|339-TM|34-TM|214-TM|337-TM|86-TM|707-TM|156-TM|157-TM|776-TM|430-TM|442-TM|408-TM|164-TM|334-TM|271-TM|396-TM|406-TM|446-TM|304-TM|484-TM|53-TM|85-TM|414-TM|58-TM|126-TM|59-TM|89-TM|444-TM|416-TM|200-TM|315-TM|411-TM|433-TM|63-TM|87-TM|434-TM|796-TM|851-TM|46-TM|356-TM|799-TM|244-TM|784-TM|319-TM			
483		Origin Dialga	Temporal Pokémon	Steel	Dragon																																								FALSE	FALSE	FALSE	FALSE	FALSE	FALSE	FALSE	100	100	120	150	120	90	680	Blue	Quadruped		Pressure		Telepathy			0			120	15360	Slow	"1,250,000"	7	23′00″	850	1873.9	0	340	0	0	0	3	0	0	3	Unknown		0.5	1	0.5	0.5	0.25	1	2	0	2	0.5	0.5	0.5	0.5	1	1	1	0.5	1	232-1|184-1|225-8|246-16|163-24|430-32|337-40|396-48|408-56|368-64|414-72|231-80|459-88	36-TM|184-TM|182-TM|263-TM|523-TM|232-TM|129-TM|317-TM|525-TM|203-TM|241-TM|240-TM|201-TM|280-TM|421-TM|339-TM|34-TM|214-TM|337-TM|86-TM|707-TM|156-TM|157-TM|776-TM|430-TM|442-TM|408-TM|164-TM|334-TM|271-TM|396-TM|406-TM|446-TM|304-TM|484-TM|53-TM|85-TM|414-TM|58-TM|126-TM|59-TM|89-TM|444-TM|416-TM|200-TM|315-TM|411-TM|433-TM|63-TM|87-TM|434-TM|796-TM|851-TM|46-TM|356-TM|799-TM|244-TM|784-TM|319-TM			
484	484	Palkia	Spatial Pokémon	Water	Dragon													FALSE	TRUE	TRUE	TRUE	TRUE	FALSE	FALSE	FALSE	FALSE	FALSE	FALSE	TRUE	TRUE	FALSE	FALSE	TRUE	TRUE			FALSE	FALSE	FALSE	FALSE	FALSE	TRUE	TRUE	TRUE	TRUE	FALSE	FALSE	FALSE	FALSE	FALSE	FALSE	90	120	100	150	120	100	680	Purple	Bipedal+Tail		Pressure		Telepathy		3	1	No Eggs Discovered		120	15360	Slow	"1,250,000"	4.2	13′09″	336	740.8	0	340	0	0	0	3	0	0	3	Unknown		1	0.25	0.25	1	1	1	1	1	1	1	1	1	1	1	2	1	0.5	2	184-1|352-1|225-8|246-16|163-24|392-32|396-48|408-56|401-64|414-72|460-80|56-88	36-TM|184-TM|182-TM|352-TM|886-TM|263-TM|332-TM|523-TM|129-TM|196-TM|317-TM|374-TM|525-TM|419-TM|203-TM|241-TM|240-TM|201-TM|883-TM|280-TM|421-TM|339-TM|34-TM|214-TM|127-TM|337-TM|86-TM|707-TM|156-TM|157-TM|776-TM|408-TM|164-TM|271-TM|710-TM|396-TM|406-TM|304-TM|484-TM|57-TM|53-TM|85-TM|414-TM|58-TM|126-TM|56-TM|59-TM|89-TM|444-TM|416-TM|200-TM|411-TM|433-TM|63-TM|87-TM|434-TM|851-TM|46-TM|356-TM|814-TM|799-TM|244-TM|250-TM|784-TM			
484		Origin Palkia	Spatial Pokémon	Water	Dragon																																								FALSE	FALSE	FALSE	FALSE	FALSE	FALSE	FALSE	90	100	100	150	120	120	680	Purple	Quadruped		Pressure		Telepathy			0			120	15360	Slow	"1,250,000"	6.3	20′08″	660	1455	0	340	0	0	0	3	0	0	3	Unknown		1	0.25	0.25	1	1	1	1	1	1	1	1	1	1	1	2	1	0.5	2	184-1|352-1|225-8|246-16|163-24|392-32|396-48|408-56|401-64|414-72|460-80|56-88	36-TM|184-TM|182-TM|352-TM|886-TM|263-TM|332-TM|523-TM|129-TM|196-TM|317-TM|374-TM|525-TM|419-TM|203-TM|241-TM|240-TM|201-TM|883-TM|280-TM|421-TM|339-TM|34-TM|214-TM|127-TM|337-TM|86-TM|707-TM|156-TM|157-TM|776-TM|408-TM|164-TM|271-TM|710-TM|396-TM|406-TM|304-TM|484-TM|57-TM|53-TM|85-TM|414-TM|58-TM|126-TM|56-TM|59-TM|89-TM|444-TM|416-TM|200-TM|411-TM|433-TM|63-TM|87-TM|434-TM|851-TM|46-TM|356-TM|814-TM|799-TM|244-TM|250-TM|784-TM			
485	485	Heatran	Lava Dome Pokémon	Fire	Steel													TRUE	TRUE	TRUE	FALSE	FALSE	FALSE	FALSE	TRUE	TRUE	FALSE	FALSE	TRUE	TRUE	FALSE	FALSE	TRUE	TRUE			FALSE	FALSE	FALSE	FALSE	TRUE	TRUE	TRUE	TRUE	TRUE	FALSE	FALSE	FALSE	FALSE	FALSE	FALSE	91	90	106	130	106	77	600	Brown	Quadruped		Flash Fire		Flame Body		3	1	No Eggs Discovered		10	1280	Slow	"1,250,000"	1.7	5′07″	430	948	100	300	0	0	0	3	0	0	3	50%	50%	0.5	1	2	1	0.25	0.25	2	0	4	0.5	0.5	0.25	1	1	0.5	1	0.25	0.25	83-1|43-1|232-6|246-12|424-18|184-24|442-30|242-36|436-42|319-48|414-54|257-60|444-66|463-72	36-TM|184-TM|182-TM|424-TM|884-TM|83-TM|263-TM|523-TM|232-TM|317-TM|488-TM|203-TM|241-TM|201-TM|91-TM|34-TM|214-TM|350-TM|707-TM|156-TM|157-TM|269-TM|776-TM|430-TM|399-TM|442-TM|408-TM|164-TM|334-TM|261-TM|242-TM|406-TM|446-TM|257-TM|484-TM|53-TM|414-TM|126-TM|89-TM|444-TM|416-TM|315-TM|63-TM|394-TM|76-TM|796-TM|851-TM|679-TM|535-TM|807-TM|815-TM|319-TM|912-TM			
486	486	Regigigas	Colossal Pokémon	Normal														TRUE	TRUE	TRUE	FALSE	FALSE	FALSE	FALSE	TRUE	TRUE	FALSE	FALSE	TRUE	TRUE	FALSE	FALSE	TRUE	TRUE			FALSE	FALSE	FALSE	FALSE	TRUE	TRUE	TRUE	TRUE	TRUE							110	160	110	80	110	100	670	White	Bipedal+Tailless		Slow Start				3	1	No Eggs Discovered		120	15360	Slow	"1,250,000"	3.7	12′02″	420	925.9	0	335	0	3	0	0	0	0	3	Unknown		1	1	1	1	1	1	2	1	1	1	1	1	1	0	1	1	1	1	109-1|1-1|371-6|263-12|23-18|182-24|282-30|5-36|776-42|469-48|428-54|484-60|359-66|416-72|462-78	5-TM|182-TM|109-TM|263-TM|523-TM|196-TM|317-TM|374-TM|419-TM|203-TM|241-TM|240-TM|280-TM|428-TM|34-TM|7-TM|9-TM|8-TM|214-TM|409-TM|86-TM|707-TM|156-TM|157-TM|776-TM|442-TM|164-TM|484-TM|85-TM|414-TM|89-TM|444-TM|416-TM|411-TM|63-TM|87-TM|851-TM|356-TM|479-TM|282-TM|667-TM|535-TM|264-TM|38-TM|912-TM			
487	487	Giratina	Renegade Pokémon	Ghost	Dragon													FALSE	FALSE	TRUE	TRUE	TRUE	FALSE	FALSE	FALSE	FALSE	FALSE	FALSE	TRUE	TRUE	FALSE	FALSE	TRUE	TRUE			FALSE	FALSE	FALSE	TRUE	TRUE	TRUE	TRUE	TRUE	TRUE	FALSE	FALSE	FALSE	FALSE	FALSE	FALSE	150	100	120	100	120	90	680	Black	Tentacles		Pressure		Telepathy		3	1	No Eggs Discovered		120	15360	Slow	"1,250,000"	4.5	14′09″	750	1653.5	0	340	3	0	0	0	0	0	3	Unknown		0	0.5	0.5	0.5	0.5	2	0	0.5	1	1	1	0.5	1	2	2	2	1	2	432-1|425-1|225-7|246-14|506-21|163-28|184-35|421-42|220-49|396-56|337-63|414-70|467-77|194-84	36-TM|184-TM|182-TM|109-TM|263-TM|523-TM|506-TM|129-TM|196-TM|525-TM|203-TM|241-TM|240-TM|421-TM|34-TM|214-TM|337-TM|86-TM|156-TM|399-TM|19-TM|442-TM|164-TM|261-TM|396-TM|247-TM|406-TM|304-TM|412-TM|94-TM|85-TM|347-TM|414-TM|89-TM|444-TM|566-TM|416-TM|200-TM|63-TM|87-TM|434-TM|851-TM|46-TM|180-TM|356-TM|814-TM|809-TM|220-TM|806-TM|784-TM|174-TM			
487		Origin Giratina	Renegade Pokémon	Ghost	Dragon																																FALSE	FALSE	FALSE	FALSE	FALSE	FALSE	FALSE	FALSE	FALSE	FALSE	FALSE	FALSE	FALSE	FALSE	FALSE	150	120	100	120	100	90	680	Black	Serpentine		Pressure		Telepathy			0			120	15360	Slow	"1,250,000"	6.9	22′08″	650	1433	0	340	3	0	0	0	0	0	3	Unknown		0	0.5	0.5	0.5	0.5	2	0	0.5	1	1	1	0.5	1	2	2	2	1	2	432-1|425-1|225-7|246-14|506-21|163-28|184-35|421-42|220-49|396-56|337-63|414-70|467-77|194-84	36-TM|184-TM|182-TM|109-TM|263-TM|523-TM|506-TM|129-TM|196-TM|525-TM|203-TM|241-TM|240-TM|421-TM|34-TM|214-TM|337-TM|86-TM|156-TM|399-TM|19-TM|442-TM|164-TM|261-TM|396-TM|247-TM|406-TM|304-TM|412-TM|94-TM|85-TM|347-TM|414-TM|89-TM|444-TM|566-TM|416-TM|200-TM|63-TM|87-TM|434-TM|851-TM|46-TM|180-TM|356-TM|814-TM|809-TM|220-TM|806-TM|784-TM|174-TM			
488	488	Cresselia	Lunar Pokémon	Psychic														TRUE	TRUE	TRUE	FALSE	FALSE	FALSE	FALSE	TRUE	TRUE	FALSE	FALSE	TRUE	TRUE	FALSE	FALSE	TRUE	TRUE			FALSE	FALSE	FALSE	FALSE	TRUE	TRUE	TRUE	TRUE	TRUE	FALSE	FALSE	FALSE	FALSE	FALSE	FALSE	120	70	110	75	120	85	580	Yellow	Serpentine		Levitate				30	10	No Eggs Discovered		120	15360	Slow	"1,250,000"	1.5	4′11″	85.6	188.7	100	300	0	0	0	0	3	0	3	0%	100%	1	1	1	1	1	1	0.5	1	1	1	0.5	2	1	2	1	2	1	1	93-1|104-1|54-6|62-12|60-18|502-24|163-30|427-36|236-42|219-48|94-54|585-60|248-66|849-72|461-72	189-TM|184-TM|182-TM|60-TM|109-TM|451-TM|263-TM|129-TM|196-TM|500-TM|203-TM|241-TM|240-TM|473-TM|428-TM|34-TM|214-TM|115-TM|113-TM|605-TM|447-TM|86-TM|156-TM|285-TM|408-TM|164-TM|271-TM|247-TM|412-TM|94-TM|85-TM|347-TM|270-TM|58-TM|678-TM|416-TM|433-TM|63-TM|87-TM|76-TM|851-TM|356-TM|244-TM|248-TM|797-TM			
489	489	Phione	Sea Drifter Pokémon	Water														TRUE	TRUE	TRUE	FALSE	FALSE	FALSE	FALSE	FALSE	FALSE	FALSE	FALSE	FALSE	FALSE	FALSE	FALSE	FALSE	FALSE									FALSE	FALSE	TRUE	FALSE	FALSE	FALSE	FALSE	FALSE	FALSE	80	80	80	80	80	80	480	Blue	Head+Arms		Hydration				3	1	Water 1	Fairy	40	5120	Slow	"1,250,000"	0.4	1′04″	3.1	6.8	50	240	1	0	0	0	0	0	1	Unknown		1	0.5	0.5	2	2	0.5	1	1	1	1	1	1	1	1	1	1	0.5	1	55-1|204-9|48-16|61-24|151-31|250-39|352-46|392-54|291-61|240-69|850-75	204-TM|182-TM|352-TM|574-TM|886-TM|263-TM|129-TM|196-TM|374-TM|203-TM|240-TM|428-TM|369-TM|214-TM|127-TM|605-TM|447-TM|156-TM|164-TM|710-TM|57-TM|270-TM|226-TM|58-TM|56-TM|59-TM|851-TM|114-TM|282-TM|503-TM|311-TM|812-TM|244-TM|250-TM|914-TM			
490	490	Manaphy	Seafaring Pokémon	Water														FALSE	FALSE	FALSE	FALSE	FALSE	FALSE	FALSE	FALSE	FALSE	FALSE	FALSE	FALSE	FALSE	FALSE	FALSE	FALSE	FALSE									FALSE	FALSE	TRUE	FALSE	FALSE	FALSE	FALSE	FALSE	FALSE	100	100	100	100	100	100	600	Blue	Bipedal+Tailless		Hydration				3	1	Water 1	Fairy	10	1280	Slow	"1,250,000"	0.3	1′00″	1.4	3.1	50	300	3	0	0	0	0	0	3	Unknown		1	0.5	0.5	2	2	0.5	1	1	1	1	1	1	1	1	1	1	0.5	1	391-1|294-1|55-1|204-9|48-16|61-24|151-31|250-39|352-46|392-54|291-61|240-69|850-76	204-TM|313-TM|189-TM|182-TM|352-TM|60-TM|574-TM|886-TM|263-TM|129-TM|196-TM|500-TM|374-TM|203-TM|240-TM|428-TM|369-TM|214-TM|115-TM|113-TM|127-TM|605-TM|447-TM|156-TM|285-TM|164-TM|710-TM|247-TM|412-TM|94-TM|57-TM|347-TM|270-TM|226-TM|58-TM|56-TM|59-TM|416-TM|63-TM|851-TM|114-TM|282-TM|503-TM|311-TM|812-TM|244-TM|250-TM|914-TM			
491	491	Darkrai	Pitch-Black Pokémon	Dark														TRUE	TRUE	TRUE	FALSE	FALSE	FALSE	FALSE	FALSE	FALSE	FALSE	FALSE	FALSE	FALSE	FALSE	FALSE	FALSE	FALSE									TRUE	TRUE	TRUE	FALSE	FALSE	FALSE	FALSE	FALSE	FALSE	70	90	90	135	90	125	600	Black	Bipedal+Tailless		Bad Dreams				45	15	No Eggs Discovered		120	15360	Slow	"1,250,000"	1.5	4′11″	50.5	111.3	0	300	0	0	0	2	0	1	3	Unknown		1	1	1	1	1	1	2	1	1	1	0	2	1	0.5	1	0.5	1	2	50-1|98-11|95-20|389-29|101-38|104-47|114-57|464-66|417-75|138-84|399-93	184-TM|182-TM|109-TM|168-TM|451-TM|263-TM|506-TM|555-TM|129-TM|196-TM|317-TM|101-TM|374-TM|203-TM|241-TM|240-TM|473-TM|280-TM|421-TM|492-TM|214-TM|409-TM|86-TM|398-TM|156-TM|157-TM|269-TM|14-TM|399-TM|164-TM|404-TM|261-TM|271-TM|247-TM|94-TM|347-TM|58-TM|417-TM|59-TM|188-TM|416-TM|411-TM|63-TM|87-TM|851-TM|114-TM|180-TM|282-TM|264-TM|808-TM|244-TM|675-TM|174-TM			
492	492	Shaymin	Gratitude Pokémon	Grass														TRUE	TRUE	TRUE	FALSE	FALSE	FALSE	FALSE	FALSE	FALSE	FALSE	FALSE	FALSE	FALSE	FALSE	FALSE	FALSE	FALSE									TRUE	TRUE	TRUE	FALSE	FALSE	FALSE	FALSE	FALSE	FALSE	100	100	100	100	100	100	600	Green	Quadruped		Natural Cure				3	1	No Eggs Discovered		120	15360	Medium Slow	"1,059,860"	0.2	0′08″	2.1	4.6	100	300	3	0	0	0	0	0	3	Unknown		1	2	0.5	0.5	0.5	2	1	2	0.5	2	1	2	1	1	1	1	1	1	74-1|345-10|73-19|235-28|230-37|583-46|388-55|580-64|412-73|186-82|361-91|465-100	36-TM|182-TM|574-TM|885-TM|263-TM|129-TM|345-TM|314-TM|203-TM|241-TM|331-TM|428-TM|403-TM|214-TM|402-TM|605-TM|447-TM|156-TM|14-TM|164-TM|202-TM|366-TM|412-TM|94-TM|583-TM|226-TM|414-TM|580-TM|416-TM|437-TM|63-TM|76-TM|851-TM|803-TM|244-TM|38-TM|283-TM|572-TM			
492		Sky Shaymin	Gratitude Pokémon	Grass	Flying													FALSE	FALSE	TRUE	FALSE	FALSE	FALSE	FALSE	FALSE	FALSE	FALSE	FALSE	FALSE	FALSE	FALSE	FALSE	FALSE	FALSE									FALSE	FALSE	FALSE	FALSE	FALSE	FALSE	FALSE	FALSE	FALSE	100	103	75	120	75	127	600	Green	Quadruped		Serene Grace					0			120	15360	Medium Slow	"1,059,860"	0.4	1′04″	5.2	11.5	100	300	0	0	0	0	0	3	3	Unknown		1	2	0.5	1	0.25	4	0.5	2	0	2	1	1	2	1	1	1	1	1	74-1|345-10|73-19|98-28|230-37|583-46|388-55|403-64|412-73|186-82|437-91|465-100	36-TM|182-TM|574-TM|885-TM|263-TM|129-TM|345-TM|314-TM|203-TM|241-TM|331-TM|428-TM|403-TM|214-TM|402-TM|605-TM|447-TM|156-TM|14-TM|164-TM|202-TM|366-TM|412-TM|94-TM|583-TM|226-TM|414-TM|580-TM|416-TM|437-TM|63-TM|76-TM|851-TM|803-TM|244-TM|38-TM|283-TM|572-TM			
493	493	Arceus	Alpha Pokémon	Normal														TRUE	TRUE	TRUE	FALSE	FALSE	FALSE	FALSE	FALSE	FALSE	FALSE	FALSE	FALSE	FALSE	FALSE	FALSE	FALSE	FALSE									TRUE	TRUE	TRUE	FALSE	FALSE	FALSE	FALSE	FALSE	FALSE	120	120	120	120	120	120	720	White	Quadruped		Multitype				3	1	No Eggs Discovered		120	15360	Slow	"1,250,000"	3.2	10′06″	320	705.5	0	360	3	0	0	0	0	0	3	Unknown		1	1	1	1	1	1	2	1	1	1	1	1	1	0	1	1	1	1	322-1|69-1|356-10|414-20|304-30|245-40|361-50|248-60|105-70|63-80|195-90|449-100	36-TM|97-TM|184-TM|182-TM|352-TM|491-TM|109-TM|885-TM|886-TM|451-TM|263-TM|523-TM|506-TM|555-TM|129-TM|345-TM|196-TM|317-TM|500-TM|525-TM|419-TM|203-TM|241-TM|240-TM|201-TM|473-TM|331-TM|280-TM|428-TM|421-TM|492-TM|339-TM|403-TM|34-TM|214-TM|115-TM|113-TM|127-TM|337-TM|605-TM|447-TM|86-TM|398-TM|707-TM|156-TM|157-TM|269-TM|14-TM|776-TM|286-TM|430-TM|399-TM|19-TM|442-TM|349-TM|408-TM|441-TM|164-TM|334-TM|404-TM|261-TM|271-TM|710-TM|202-TM|396-TM|366-TM|247-TM|406-TM|446-TM|304-TM|257-TM|412-TM|94-TM|484-TM|57-TM|53-TM|85-TM|347-TM|414-TM|58-TM|604-TM|580-TM|678-TM|581-TM|126-TM|56-TM|59-TM|528-TM|188-TM|89-TM|444-TM|566-TM|416-TM|200-TM|315-TM|411-TM|542-TM|433-TM|405-TM|63-TM|394-TM|87-TM|76-TM|434-TM|796-TM|851-TM|46-TM|356-TM|244-TM|38-TM|916-TM|815-TM|248-TM|800-TM			
493		Arceus Fighting	Alpha Pokémon	Fighting														TRUE	TRUE	TRUE	FALSE	FALSE	FALSE	FALSE	FALSE	FALSE	FALSE	FALSE	FALSE	FALSE	FALSE	FALSE	FALSE	FALSE									TRUE	TRUE	TRUE	FALSE	FALSE	FALSE	FALSE	FALSE	FALSE	120	120	120	120	120	120	720	White	Quadruped		Multitype				3	1	No Eggs Discovered		120	15360	Slow	"1,250,000"	3.2	10′06″	320	705.5	0	360	3	0	0	0	0	0	3	Unknown		1	1	1	1	1	1	1	1	1	2	2	0.5	0.5	1	1	0.5	1	2	322-1|69-1|356-10|414-20|304-30|245-40|361-50|248-60|105-70|63-80|195-90|449-100	36-TM|97-TM|184-TM|182-TM|352-TM|491-TM|109-TM|885-TM|886-TM|451-TM|263-TM|523-TM|506-TM|555-TM|129-TM|345-TM|196-TM|317-TM|500-TM|525-TM|419-TM|203-TM|241-TM|240-TM|201-TM|473-TM|331-TM|280-TM|428-TM|421-TM|492-TM|339-TM|403-TM|34-TM|214-TM|115-TM|113-TM|127-TM|337-TM|605-TM|447-TM|86-TM|398-TM|707-TM|156-TM|157-TM|269-TM|14-TM|776-TM|286-TM|430-TM|399-TM|19-TM|442-TM|349-TM|408-TM|441-TM|164-TM|334-TM|404-TM|261-TM|271-TM|710-TM|202-TM|396-TM|366-TM|247-TM|406-TM|446-TM|304-TM|257-TM|412-TM|94-TM|484-TM|57-TM|53-TM|85-TM|347-TM|414-TM|58-TM|604-TM|580-TM|678-TM|581-TM|126-TM|56-TM|59-TM|528-TM|188-TM|89-TM|444-TM|566-TM|416-TM|200-TM|315-TM|411-TM|542-TM|433-TM|405-TM|63-TM|394-TM|87-TM|76-TM|434-TM|796-TM|851-TM|46-TM|356-TM|244-TM|38-TM|916-TM|815-TM|248-TM|800-TM			
493		Arceus Flying	Alpha Pokémon	Flying														TRUE	TRUE	TRUE	FALSE	FALSE	FALSE	FALSE	FALSE	FALSE	FALSE	FALSE	FALSE	FALSE	FALSE	FALSE	FALSE	FALSE									TRUE	TRUE	TRUE	FALSE	FALSE	FALSE	FALSE	FALSE	FALSE	120	120	120	120	120	120	720	White	Quadruped		Multitype				3	1	No Eggs Discovered		120	15360	Slow	"1,250,000"	3.2	10′06″	320	705.5	0	360	3	0	0	0	0	0	3	Unknown		1	1	1	2	0.5	2	0.5	1	0	1	1	0.5	2	1	1	1	1	1	322-1|69-1|356-10|414-20|304-30|245-40|361-50|248-60|105-70|63-80|195-90|449-100	36-TM|97-TM|184-TM|182-TM|352-TM|491-TM|109-TM|885-TM|886-TM|451-TM|263-TM|523-TM|506-TM|555-TM|129-TM|345-TM|196-TM|317-TM|500-TM|525-TM|419-TM|203-TM|241-TM|240-TM|201-TM|473-TM|331-TM|280-TM|428-TM|421-TM|492-TM|339-TM|403-TM|34-TM|214-TM|115-TM|113-TM|127-TM|337-TM|605-TM|447-TM|86-TM|398-TM|707-TM|156-TM|157-TM|269-TM|14-TM|776-TM|286-TM|430-TM|399-TM|19-TM|442-TM|349-TM|408-TM|441-TM|164-TM|334-TM|404-TM|261-TM|271-TM|710-TM|202-TM|396-TM|366-TM|247-TM|406-TM|446-TM|304-TM|257-TM|412-TM|94-TM|484-TM|57-TM|53-TM|85-TM|347-TM|414-TM|58-TM|604-TM|580-TM|678-TM|581-TM|126-TM|56-TM|59-TM|528-TM|188-TM|89-TM|444-TM|566-TM|416-TM|200-TM|315-TM|411-TM|542-TM|433-TM|405-TM|63-TM|394-TM|87-TM|76-TM|434-TM|796-TM|851-TM|46-TM|356-TM|244-TM|38-TM|916-TM|815-TM|248-TM|800-TM			
493		Arceus Poison	Alpha Pokémon	Poison														TRUE	TRUE	TRUE	FALSE	FALSE	FALSE	FALSE	FALSE	FALSE	FALSE	FALSE	FALSE	FALSE	FALSE	FALSE	FALSE	FALSE									TRUE	TRUE	TRUE	FALSE	FALSE	FALSE	FALSE	FALSE	FALSE	120	120	120	120	120	120	720	White	Quadruped		Multitype				3	1	No Eggs Discovered		120	15360	Slow	"1,250,000"	3.2	10′06″	320	705.5	0	360	3	0	0	0	0	0	3	Unknown		1	1	1	1	0.5	1	0.5	0.5	2	1	2	0.5	1	1	1	1	1	0.5	322-1|69-1|356-10|414-20|304-30|245-40|361-50|248-60|105-70|63-80|195-90|449-100	36-TM|97-TM|184-TM|182-TM|352-TM|491-TM|109-TM|885-TM|886-TM|451-TM|263-TM|523-TM|506-TM|555-TM|129-TM|345-TM|196-TM|317-TM|500-TM|525-TM|419-TM|203-TM|241-TM|240-TM|201-TM|473-TM|331-TM|280-TM|428-TM|421-TM|492-TM|339-TM|403-TM|34-TM|214-TM|115-TM|113-TM|127-TM|337-TM|605-TM|447-TM|86-TM|398-TM|707-TM|156-TM|157-TM|269-TM|14-TM|776-TM|286-TM|430-TM|399-TM|19-TM|442-TM|349-TM|408-TM|441-TM|164-TM|334-TM|404-TM|261-TM|271-TM|710-TM|202-TM|396-TM|366-TM|247-TM|406-TM|446-TM|304-TM|257-TM|412-TM|94-TM|484-TM|57-TM|53-TM|85-TM|347-TM|414-TM|58-TM|604-TM|580-TM|678-TM|581-TM|126-TM|56-TM|59-TM|528-TM|188-TM|89-TM|444-TM|566-TM|416-TM|200-TM|315-TM|411-TM|542-TM|433-TM|405-TM|63-TM|394-TM|87-TM|76-TM|434-TM|796-TM|851-TM|46-TM|356-TM|244-TM|38-TM|916-TM|815-TM|248-TM|800-TM			
493		Arceus Ground	Alpha Pokémon	Ground														TRUE	TRUE	TRUE	FALSE	FALSE	FALSE	FALSE	FALSE	FALSE	FALSE	FALSE	FALSE	FALSE	FALSE	FALSE	FALSE	FALSE									TRUE	TRUE	TRUE	FALSE	FALSE	FALSE	FALSE	FALSE	FALSE	120	120	120	120	120	120	720	White	Quadruped		Multitype				3	1	No Eggs Discovered		120	15360	Slow	"1,250,000"	3.2	10′06″	320	705.5	0	360	3	0	0	0	0	0	3	Unknown		1	1	2	0	2	2	1	0.5	1	1	1	1	0.5	1	1	1	1	1	322-1|69-1|356-10|414-20|304-30|245-40|361-50|248-60|105-70|63-80|195-90|449-100	36-TM|97-TM|184-TM|182-TM|352-TM|491-TM|109-TM|885-TM|886-TM|451-TM|263-TM|523-TM|506-TM|555-TM|129-TM|345-TM|196-TM|317-TM|500-TM|525-TM|419-TM|203-TM|241-TM|240-TM|201-TM|473-TM|331-TM|280-TM|428-TM|421-TM|492-TM|339-TM|403-TM|34-TM|214-TM|115-TM|113-TM|127-TM|337-TM|605-TM|447-TM|86-TM|398-TM|707-TM|156-TM|157-TM|269-TM|14-TM|776-TM|286-TM|430-TM|399-TM|19-TM|442-TM|349-TM|408-TM|441-TM|164-TM|334-TM|404-TM|261-TM|271-TM|710-TM|202-TM|396-TM|366-TM|247-TM|406-TM|446-TM|304-TM|257-TM|412-TM|94-TM|484-TM|57-TM|53-TM|85-TM|347-TM|414-TM|58-TM|604-TM|580-TM|678-TM|581-TM|126-TM|56-TM|59-TM|528-TM|188-TM|89-TM|444-TM|566-TM|416-TM|200-TM|315-TM|411-TM|542-TM|433-TM|405-TM|63-TM|394-TM|87-TM|76-TM|434-TM|796-TM|851-TM|46-TM|356-TM|244-TM|38-TM|916-TM|815-TM|248-TM|800-TM			
493		Arceus Rock	Alpha Pokémon	Rock														TRUE	TRUE	TRUE	FALSE	FALSE	FALSE	FALSE	FALSE	FALSE	FALSE	FALSE	FALSE	FALSE	FALSE	FALSE	FALSE	FALSE									TRUE	TRUE	TRUE	FALSE	FALSE	FALSE	FALSE	FALSE	FALSE	120	120	120	120	120	120	720	White	Quadruped		Multitype				3	1	No Eggs Discovered		120	15360	Slow	"1,250,000"	3.2	10′06″	320	705.5	0	360	3	0	0	0	0	0	3	Unknown		0.5	0.5	2	1	2	1	2	0.5	2	0.5	1	1	1	1	1	1	2	1	322-1|69-1|356-10|414-20|304-30|245-40|361-50|248-60|105-70|63-80|195-90|449-100	36-TM|97-TM|184-TM|182-TM|352-TM|491-TM|109-TM|885-TM|886-TM|451-TM|263-TM|523-TM|506-TM|555-TM|129-TM|345-TM|196-TM|317-TM|500-TM|525-TM|419-TM|203-TM|241-TM|240-TM|201-TM|473-TM|331-TM|280-TM|428-TM|421-TM|492-TM|339-TM|403-TM|34-TM|214-TM|115-TM|113-TM|127-TM|337-TM|605-TM|447-TM|86-TM|398-TM|707-TM|156-TM|157-TM|269-TM|14-TM|776-TM|286-TM|430-TM|399-TM|19-TM|442-TM|349-TM|408-TM|441-TM|164-TM|334-TM|404-TM|261-TM|271-TM|710-TM|202-TM|396-TM|366-TM|247-TM|406-TM|446-TM|304-TM|257-TM|412-TM|94-TM|484-TM|57-TM|53-TM|85-TM|347-TM|414-TM|58-TM|604-TM|580-TM|678-TM|581-TM|126-TM|56-TM|59-TM|528-TM|188-TM|89-TM|444-TM|566-TM|416-TM|200-TM|315-TM|411-TM|542-TM|433-TM|405-TM|63-TM|394-TM|87-TM|76-TM|434-TM|796-TM|851-TM|46-TM|356-TM|244-TM|38-TM|916-TM|815-TM|248-TM|800-TM			
493		Arceus Bug	Alpha Pokémon	Bug														TRUE	TRUE	TRUE	FALSE	FALSE	FALSE	FALSE	FALSE	FALSE	FALSE	FALSE	FALSE	FALSE	FALSE	FALSE	FALSE	FALSE									TRUE	TRUE	TRUE	FALSE	FALSE	FALSE	FALSE	FALSE	FALSE	120	120	120	120	120	120	720	White	Quadruped		Multitype				3	1	No Eggs Discovered		120	15360	Slow	"1,250,000"	3.2	10′06″	320	705.5	0	360	3	0	0	0	0	0	3	Unknown		1	2	1	1	0.5	1	0.5	1	0.5	2	1	1	2	1	1	1	1	1	322-1|69-1|356-10|414-20|304-30|245-40|361-50|248-60|105-70|63-80|195-90|449-100	36-TM|97-TM|184-TM|182-TM|352-TM|491-TM|109-TM|885-TM|886-TM|451-TM|263-TM|523-TM|506-TM|555-TM|129-TM|345-TM|196-TM|317-TM|500-TM|525-TM|419-TM|203-TM|241-TM|240-TM|201-TM|473-TM|331-TM|280-TM|428-TM|421-TM|492-TM|339-TM|403-TM|34-TM|214-TM|115-TM|113-TM|127-TM|337-TM|605-TM|447-TM|86-TM|398-TM|707-TM|156-TM|157-TM|269-TM|14-TM|776-TM|286-TM|430-TM|399-TM|19-TM|442-TM|349-TM|408-TM|441-TM|164-TM|334-TM|404-TM|261-TM|271-TM|710-TM|202-TM|396-TM|366-TM|247-TM|406-TM|446-TM|304-TM|257-TM|412-TM|94-TM|484-TM|57-TM|53-TM|85-TM|347-TM|414-TM|58-TM|604-TM|580-TM|678-TM|581-TM|126-TM|56-TM|59-TM|528-TM|188-TM|89-TM|444-TM|566-TM|416-TM|200-TM|315-TM|411-TM|542-TM|433-TM|405-TM|63-TM|394-TM|87-TM|76-TM|434-TM|796-TM|851-TM|46-TM|356-TM|244-TM|38-TM|916-TM|815-TM|248-TM|800-TM			
493		Arceus Ghost	Alpha Pokémon	Ghost														TRUE	TRUE	TRUE	FALSE	FALSE	FALSE	FALSE	FALSE	FALSE	FALSE	FALSE	FALSE	FALSE	FALSE	FALSE	FALSE	FALSE									TRUE	TRUE	TRUE	FALSE	FALSE	FALSE	FALSE	FALSE	FALSE	120	120	120	120	120	120	720	White	Quadruped		Multitype				3	1	No Eggs Discovered		120	15360	Slow	"1,250,000"	3.2	10′06″	320	705.5	0	360	3	0	0	0	0	0	3	Unknown		0	1	1	1	1	1	0	0.5	1	1	1	0.5	1	2	1	2	1	1	322-1|69-1|356-10|414-20|304-30|245-40|361-50|248-60|105-70|63-80|195-90|449-100	36-TM|97-TM|184-TM|182-TM|352-TM|491-TM|109-TM|885-TM|886-TM|451-TM|263-TM|523-TM|506-TM|555-TM|129-TM|345-TM|196-TM|317-TM|500-TM|525-TM|419-TM|203-TM|241-TM|240-TM|201-TM|473-TM|331-TM|280-TM|428-TM|421-TM|492-TM|339-TM|403-TM|34-TM|214-TM|115-TM|113-TM|127-TM|337-TM|605-TM|447-TM|86-TM|398-TM|707-TM|156-TM|157-TM|269-TM|14-TM|776-TM|286-TM|430-TM|399-TM|19-TM|442-TM|349-TM|408-TM|441-TM|164-TM|334-TM|404-TM|261-TM|271-TM|710-TM|202-TM|396-TM|366-TM|247-TM|406-TM|446-TM|304-TM|257-TM|412-TM|94-TM|484-TM|57-TM|53-TM|85-TM|347-TM|414-TM|58-TM|604-TM|580-TM|678-TM|581-TM|126-TM|56-TM|59-TM|528-TM|188-TM|89-TM|444-TM|566-TM|416-TM|200-TM|315-TM|411-TM|542-TM|433-TM|405-TM|63-TM|394-TM|87-TM|76-TM|434-TM|796-TM|851-TM|46-TM|356-TM|244-TM|38-TM|916-TM|815-TM|248-TM|800-TM			
493		Arceus Steel	Alpha Pokémon	Steel														TRUE	TRUE	TRUE	FALSE	FALSE	FALSE	FALSE	FALSE	FALSE	FALSE	FALSE	FALSE	FALSE	FALSE	FALSE	FALSE	FALSE									TRUE	TRUE	TRUE	FALSE	FALSE	FALSE	FALSE	FALSE	FALSE	120	120	120	120	120	120	720	White	Quadruped		Multitype				3	1	No Eggs Discovered		120	15360	Slow	"1,250,000"	3.2	10′06″	320	705.5	0	360	3	0	0	0	0	0	3	Unknown		0.5	2	1	1	0.5	0.5	2	0	2	0.5	0.5	0.5	0.5	1	0.5	1	0.5	0.5	322-1|69-1|356-10|414-20|304-30|245-40|361-50|248-60|105-70|63-80|195-90|449-100	36-TM|97-TM|184-TM|182-TM|352-TM|491-TM|109-TM|885-TM|886-TM|451-TM|263-TM|523-TM|506-TM|555-TM|129-TM|345-TM|196-TM|317-TM|500-TM|525-TM|419-TM|203-TM|241-TM|240-TM|201-TM|473-TM|331-TM|280-TM|428-TM|421-TM|492-TM|339-TM|403-TM|34-TM|214-TM|115-TM|113-TM|127-TM|337-TM|605-TM|447-TM|86-TM|398-TM|707-TM|156-TM|157-TM|269-TM|14-TM|776-TM|286-TM|430-TM|399-TM|19-TM|442-TM|349-TM|408-TM|441-TM|164-TM|334-TM|404-TM|261-TM|271-TM|710-TM|202-TM|396-TM|366-TM|247-TM|406-TM|446-TM|304-TM|257-TM|412-TM|94-TM|484-TM|57-TM|53-TM|85-TM|347-TM|414-TM|58-TM|604-TM|580-TM|678-TM|581-TM|126-TM|56-TM|59-TM|528-TM|188-TM|89-TM|444-TM|566-TM|416-TM|200-TM|315-TM|411-TM|542-TM|433-TM|405-TM|63-TM|394-TM|87-TM|76-TM|434-TM|796-TM|851-TM|46-TM|356-TM|244-TM|38-TM|916-TM|815-TM|248-TM|800-TM			
493		Arceus Fire	Alpha Pokémon	Fire														TRUE	TRUE	TRUE	FALSE	FALSE	FALSE	FALSE	FALSE	FALSE	FALSE	FALSE	FALSE	FALSE	FALSE	FALSE	FALSE	FALSE									TRUE	TRUE	TRUE	FALSE	FALSE	FALSE	FALSE	FALSE	FALSE	120	120	120	120	120	120	720	White	Quadruped		Multitype				3	1	No Eggs Discovered		120	15360	Slow	"1,250,000"	3.2	10′06″	320	705.5	0	360	3	0	0	0	0	0	3	Unknown		1	0.5	2	1	0.5	0.5	1	1	2	1	1	0.5	2	1	1	1	0.5	0.5	322-1|69-1|356-10|414-20|304-30|245-40|361-50|248-60|105-70|63-80|195-90|449-100	36-TM|97-TM|184-TM|182-TM|352-TM|491-TM|109-TM|885-TM|886-TM|451-TM|263-TM|523-TM|506-TM|555-TM|129-TM|345-TM|196-TM|317-TM|500-TM|525-TM|419-TM|203-TM|241-TM|240-TM|201-TM|473-TM|331-TM|280-TM|428-TM|421-TM|492-TM|339-TM|403-TM|34-TM|214-TM|115-TM|113-TM|127-TM|337-TM|605-TM|447-TM|86-TM|398-TM|707-TM|156-TM|157-TM|269-TM|14-TM|776-TM|286-TM|430-TM|399-TM|19-TM|442-TM|349-TM|408-TM|441-TM|164-TM|334-TM|404-TM|261-TM|271-TM|710-TM|202-TM|396-TM|366-TM|247-TM|406-TM|446-TM|304-TM|257-TM|412-TM|94-TM|484-TM|57-TM|53-TM|85-TM|347-TM|414-TM|58-TM|604-TM|580-TM|678-TM|581-TM|126-TM|56-TM|59-TM|528-TM|188-TM|89-TM|444-TM|566-TM|416-TM|200-TM|315-TM|411-TM|542-TM|433-TM|405-TM|63-TM|394-TM|87-TM|76-TM|434-TM|796-TM|851-TM|46-TM|356-TM|244-TM|38-TM|916-TM|815-TM|248-TM|800-TM			
493		Arceus Water	Alpha Pokémon	Water														TRUE	TRUE	TRUE	FALSE	FALSE	FALSE	FALSE	FALSE	FALSE	FALSE	FALSE	FALSE	FALSE	FALSE	FALSE	FALSE	FALSE									TRUE	TRUE	TRUE	FALSE	FALSE	FALSE	FALSE	FALSE	FALSE	120	120	120	120	120	120	720	White	Quadruped		Multitype				3	1	No Eggs Discovered		120	15360	Slow	"1,250,000"	3.2	10′06″	320	705.5	0	360	3	0	0	0	0	0	3	Unknown		1	0.5	0.5	2	2	0.5	1	1	1	1	1	1	1	1	1	1	0.5	1	322-1|69-1|356-10|414-20|304-30|245-40|361-50|248-60|105-70|63-80|195-90|449-100	36-TM|97-TM|184-TM|182-TM|352-TM|491-TM|109-TM|885-TM|886-TM|451-TM|263-TM|523-TM|506-TM|555-TM|129-TM|345-TM|196-TM|317-TM|500-TM|525-TM|419-TM|203-TM|241-TM|240-TM|201-TM|473-TM|331-TM|280-TM|428-TM|421-TM|492-TM|339-TM|403-TM|34-TM|214-TM|115-TM|113-TM|127-TM|337-TM|605-TM|447-TM|86-TM|398-TM|707-TM|156-TM|157-TM|269-TM|14-TM|776-TM|286-TM|430-TM|399-TM|19-TM|442-TM|349-TM|408-TM|441-TM|164-TM|334-TM|404-TM|261-TM|271-TM|710-TM|202-TM|396-TM|366-TM|247-TM|406-TM|446-TM|304-TM|257-TM|412-TM|94-TM|484-TM|57-TM|53-TM|85-TM|347-TM|414-TM|58-TM|604-TM|580-TM|678-TM|581-TM|126-TM|56-TM|59-TM|528-TM|188-TM|89-TM|444-TM|566-TM|416-TM|200-TM|315-TM|411-TM|542-TM|433-TM|405-TM|63-TM|394-TM|87-TM|76-TM|434-TM|796-TM|851-TM|46-TM|356-TM|244-TM|38-TM|916-TM|815-TM|248-TM|800-TM			
493		Arceus Grass	Alpha Pokémon	Grass														TRUE	TRUE	TRUE	FALSE	FALSE	FALSE	FALSE	FALSE	FALSE	FALSE	FALSE	FALSE	FALSE	FALSE	FALSE	FALSE	FALSE									TRUE	TRUE	TRUE	FALSE	FALSE	FALSE	FALSE	FALSE	FALSE	120	120	120	120	120	120	720	White	Quadruped		Multitype				3	1	No Eggs Discovered		120	15360	Slow	"1,250,000"	3.2	10′06″	320	705.5	0	360	3	0	0	0	0	0	3	Unknown		1	2	0.5	0.5	0.5	2	1	2	0.5	2	1	2	1	1	1	1	1	1	322-1|69-1|356-10|414-20|304-30|245-40|361-50|248-60|105-70|63-80|195-90|449-100	36-TM|97-TM|184-TM|182-TM|352-TM|491-TM|109-TM|885-TM|886-TM|451-TM|263-TM|523-TM|506-TM|555-TM|129-TM|345-TM|196-TM|317-TM|500-TM|525-TM|419-TM|203-TM|241-TM|240-TM|201-TM|473-TM|331-TM|280-TM|428-TM|421-TM|492-TM|339-TM|403-TM|34-TM|214-TM|115-TM|113-TM|127-TM|337-TM|605-TM|447-TM|86-TM|398-TM|707-TM|156-TM|157-TM|269-TM|14-TM|776-TM|286-TM|430-TM|399-TM|19-TM|442-TM|349-TM|408-TM|441-TM|164-TM|334-TM|404-TM|261-TM|271-TM|710-TM|202-TM|396-TM|366-TM|247-TM|406-TM|446-TM|304-TM|257-TM|412-TM|94-TM|484-TM|57-TM|53-TM|85-TM|347-TM|414-TM|58-TM|604-TM|580-TM|678-TM|581-TM|126-TM|56-TM|59-TM|528-TM|188-TM|89-TM|444-TM|566-TM|416-TM|200-TM|315-TM|411-TM|542-TM|433-TM|405-TM|63-TM|394-TM|87-TM|76-TM|434-TM|796-TM|851-TM|46-TM|356-TM|244-TM|38-TM|916-TM|815-TM|248-TM|800-TM			
493		Arceus Electric	Alpha Pokémon	Electric														TRUE	TRUE	TRUE	FALSE	FALSE	FALSE	FALSE	FALSE	FALSE	FALSE	FALSE	FALSE	FALSE	FALSE	FALSE	FALSE	FALSE									TRUE	TRUE	TRUE	FALSE	FALSE	FALSE	FALSE	FALSE	FALSE	120	120	120	120	120	120	720	White	Quadruped		Multitype				3	1	No Eggs Discovered		120	15360	Slow	"1,250,000"	3.2	10′06″	320	705.5	0	360	3	0	0	0	0	0	3	Unknown		1	1	1	0.5	1	1	1	1	2	0.5	1	1	1	1	1	1	0.5	1	322-1|69-1|356-10|414-20|304-30|245-40|361-50|248-60|105-70|63-80|195-90|449-100	36-TM|97-TM|184-TM|182-TM|352-TM|491-TM|109-TM|885-TM|886-TM|451-TM|263-TM|523-TM|506-TM|555-TM|129-TM|345-TM|196-TM|317-TM|500-TM|525-TM|419-TM|203-TM|241-TM|240-TM|201-TM|473-TM|331-TM|280-TM|428-TM|421-TM|492-TM|339-TM|403-TM|34-TM|214-TM|115-TM|113-TM|127-TM|337-TM|605-TM|447-TM|86-TM|398-TM|707-TM|156-TM|157-TM|269-TM|14-TM|776-TM|286-TM|430-TM|399-TM|19-TM|442-TM|349-TM|408-TM|441-TM|164-TM|334-TM|404-TM|261-TM|271-TM|710-TM|202-TM|396-TM|366-TM|247-TM|406-TM|446-TM|304-TM|257-TM|412-TM|94-TM|484-TM|57-TM|53-TM|85-TM|347-TM|414-TM|58-TM|604-TM|580-TM|678-TM|581-TM|126-TM|56-TM|59-TM|528-TM|188-TM|89-TM|444-TM|566-TM|416-TM|200-TM|315-TM|411-TM|542-TM|433-TM|405-TM|63-TM|394-TM|87-TM|76-TM|434-TM|796-TM|851-TM|46-TM|356-TM|244-TM|38-TM|916-TM|815-TM|248-TM|800-TM			
493		Arceus Psychic	Alpha Pokémon	Psychic														TRUE	TRUE	TRUE	FALSE	FALSE	FALSE	FALSE	FALSE	FALSE	FALSE	FALSE	FALSE	FALSE	FALSE	FALSE	FALSE	FALSE									TRUE	TRUE	TRUE	FALSE	FALSE	FALSE	FALSE	FALSE	FALSE	120	120	120	120	120	120	720	White	Quadruped		Multitype				3	1	No Eggs Discovered		120	15360	Slow	"1,250,000"	3.2	10′06″	320	705.5	0	360	3	0	0	0	0	0	3	Unknown		1	1	1	1	1	1	0.5	1	1	1	0.5	2	1	2	1	2	1	1	322-1|69-1|356-10|414-20|304-30|245-40|361-50|248-60|105-70|63-80|195-90|449-100	36-TM|97-TM|184-TM|182-TM|352-TM|491-TM|109-TM|885-TM|886-TM|451-TM|263-TM|523-TM|506-TM|555-TM|129-TM|345-TM|196-TM|317-TM|500-TM|525-TM|419-TM|203-TM|241-TM|240-TM|201-TM|473-TM|331-TM|280-TM|428-TM|421-TM|492-TM|339-TM|403-TM|34-TM|214-TM|115-TM|113-TM|127-TM|337-TM|605-TM|447-TM|86-TM|398-TM|707-TM|156-TM|157-TM|269-TM|14-TM|776-TM|286-TM|430-TM|399-TM|19-TM|442-TM|349-TM|408-TM|441-TM|164-TM|334-TM|404-TM|261-TM|271-TM|710-TM|202-TM|396-TM|366-TM|247-TM|406-TM|446-TM|304-TM|257-TM|412-TM|94-TM|484-TM|57-TM|53-TM|85-TM|347-TM|414-TM|58-TM|604-TM|580-TM|678-TM|581-TM|126-TM|56-TM|59-TM|528-TM|188-TM|89-TM|444-TM|566-TM|416-TM|200-TM|315-TM|411-TM|542-TM|433-TM|405-TM|63-TM|394-TM|87-TM|76-TM|434-TM|796-TM|851-TM|46-TM|356-TM|244-TM|38-TM|916-TM|815-TM|248-TM|800-TM			
493		Arceus Ice	Alpha Pokémon	Ice														TRUE	TRUE	TRUE	FALSE	FALSE	FALSE	FALSE	FALSE	FALSE	FALSE	FALSE	FALSE	FALSE	FALSE	FALSE	FALSE	FALSE									TRUE	TRUE	TRUE	FALSE	FALSE	FALSE	FALSE	FALSE	FALSE	120	120	120	120	120	120	720	White	Quadruped		Multitype				3	1	No Eggs Discovered		120	15360	Slow	"1,250,000"	3.2	10′06″	320	705.5	0	360	3	0	0	0	0	0	3	Unknown		1	2	1	1	1	0.5	2	1	1	1	1	1	2	1	1	1	2	1	322-1|69-1|356-10|414-20|304-30|245-40|361-50|248-60|105-70|63-80|195-90|449-100	36-TM|97-TM|184-TM|182-TM|352-TM|491-TM|109-TM|885-TM|886-TM|451-TM|263-TM|523-TM|506-TM|555-TM|129-TM|345-TM|196-TM|317-TM|500-TM|525-TM|419-TM|203-TM|241-TM|240-TM|201-TM|473-TM|331-TM|280-TM|428-TM|421-TM|492-TM|339-TM|403-TM|34-TM|214-TM|115-TM|113-TM|127-TM|337-TM|605-TM|447-TM|86-TM|398-TM|707-TM|156-TM|157-TM|269-TM|14-TM|776-TM|286-TM|430-TM|399-TM|19-TM|442-TM|349-TM|408-TM|441-TM|164-TM|334-TM|404-TM|261-TM|271-TM|710-TM|202-TM|396-TM|366-TM|247-TM|406-TM|446-TM|304-TM|257-TM|412-TM|94-TM|484-TM|57-TM|53-TM|85-TM|347-TM|414-TM|58-TM|604-TM|580-TM|678-TM|581-TM|126-TM|56-TM|59-TM|528-TM|188-TM|89-TM|444-TM|566-TM|416-TM|200-TM|315-TM|411-TM|542-TM|433-TM|405-TM|63-TM|394-TM|87-TM|76-TM|434-TM|796-TM|851-TM|46-TM|356-TM|244-TM|38-TM|916-TM|815-TM|248-TM|800-TM			
493		Arceus Dragon	Alpha Pokémon	Dragon														TRUE	TRUE	TRUE	FALSE	FALSE	FALSE	FALSE	FALSE	FALSE	FALSE	FALSE	FALSE	FALSE	FALSE	FALSE	FALSE	FALSE									TRUE	TRUE	TRUE	FALSE	FALSE	FALSE	FALSE	FALSE	FALSE	120	120	120	120	120	120	720	White	Quadruped		Multitype				3	1	No Eggs Discovered		120	15360	Slow	"1,250,000"	3.2	10′06″	320	705.5	0	360	3	0	0	0	0	0	3	Unknown		1	0.5	0.5	0.5	0.5	2	1	1	1	1	1	1	1	1	2	1	1	2	322-1|69-1|356-10|414-20|304-30|245-40|361-50|248-60|105-70|63-80|195-90|449-100	36-TM|97-TM|184-TM|182-TM|352-TM|491-TM|109-TM|885-TM|886-TM|451-TM|263-TM|523-TM|506-TM|555-TM|129-TM|345-TM|196-TM|317-TM|500-TM|525-TM|419-TM|203-TM|241-TM|240-TM|201-TM|473-TM|331-TM|280-TM|428-TM|421-TM|492-TM|339-TM|403-TM|34-TM|214-TM|115-TM|113-TM|127-TM|337-TM|605-TM|447-TM|86-TM|398-TM|707-TM|156-TM|157-TM|269-TM|14-TM|776-TM|286-TM|430-TM|399-TM|19-TM|442-TM|349-TM|408-TM|441-TM|164-TM|334-TM|404-TM|261-TM|271-TM|710-TM|202-TM|396-TM|366-TM|247-TM|406-TM|446-TM|304-TM|257-TM|412-TM|94-TM|484-TM|57-TM|53-TM|85-TM|347-TM|414-TM|58-TM|604-TM|580-TM|678-TM|581-TM|126-TM|56-TM|59-TM|528-TM|188-TM|89-TM|444-TM|566-TM|416-TM|200-TM|315-TM|411-TM|542-TM|433-TM|405-TM|63-TM|394-TM|87-TM|76-TM|434-TM|796-TM|851-TM|46-TM|356-TM|244-TM|38-TM|916-TM|815-TM|248-TM|800-TM			
493		Arceus Dark	Alpha Pokémon	Dark														TRUE	TRUE	TRUE	FALSE	FALSE	FALSE	FALSE	FALSE	FALSE	FALSE	FALSE	FALSE	FALSE	FALSE	FALSE	FALSE	FALSE									TRUE	TRUE	TRUE	FALSE	FALSE	FALSE	FALSE	FALSE	FALSE	120	120	120	120	120	120	720	White	Quadruped		Multitype				3	1	No Eggs Discovered		120	15360	Slow	"1,250,000"	3.2	10′06″	320	705.5	0	360	3	0	0	0	0	0	3	Unknown		1	1	1	1	1	1	2	1	1	1	1	1	1	0	1	1	1	1	322-1|69-1|356-10|414-20|304-30|245-40|361-50|248-60|105-70|63-80|195-90|449-100	36-TM|97-TM|184-TM|182-TM|352-TM|491-TM|109-TM|885-TM|886-TM|451-TM|263-TM|523-TM|506-TM|555-TM|129-TM|345-TM|196-TM|317-TM|500-TM|525-TM|419-TM|203-TM|241-TM|240-TM|201-TM|473-TM|331-TM|280-TM|428-TM|421-TM|492-TM|339-TM|403-TM|34-TM|214-TM|115-TM|113-TM|127-TM|337-TM|605-TM|447-TM|86-TM|398-TM|707-TM|156-TM|157-TM|269-TM|14-TM|776-TM|286-TM|430-TM|399-TM|19-TM|442-TM|349-TM|408-TM|441-TM|164-TM|334-TM|404-TM|261-TM|271-TM|710-TM|202-TM|396-TM|366-TM|247-TM|406-TM|446-TM|304-TM|257-TM|412-TM|94-TM|484-TM|57-TM|53-TM|85-TM|347-TM|414-TM|58-TM|604-TM|580-TM|678-TM|581-TM|126-TM|56-TM|59-TM|528-TM|188-TM|89-TM|444-TM|566-TM|416-TM|200-TM|315-TM|411-TM|542-TM|433-TM|405-TM|63-TM|394-TM|87-TM|76-TM|434-TM|796-TM|851-TM|46-TM|356-TM|244-TM|38-TM|916-TM|815-TM|248-TM|800-TM			
493		Arceus Fairy	Alpha Pokémon	Fairy																							FALSE	FALSE	FALSE	FALSE	FALSE	FALSE	FALSE	FALSE									TRUE	TRUE	TRUE	FALSE	FALSE	FALSE	FALSE	FALSE	FALSE	120	120	120	120	120	120	720	White	Quadruped		Multitype				3	1	No Eggs Discovered		120	15360	Slow	"1,250,000"	3.2	10′06″	320	705.5	0	360	3	0	0	0	0	0	3	Unknown		1	1	1	1	1	1	2	1	1	1	1	1	1	0	1	1	1	1	322-1|69-1|356-10|414-20|304-30|245-40|361-50|248-60|105-70|63-80|195-90|449-100	36-TM|97-TM|184-TM|182-TM|352-TM|491-TM|109-TM|885-TM|886-TM|451-TM|263-TM|523-TM|506-TM|555-TM|129-TM|345-TM|196-TM|317-TM|500-TM|525-TM|419-TM|203-TM|241-TM|240-TM|201-TM|473-TM|331-TM|280-TM|428-TM|421-TM|492-TM|339-TM|403-TM|34-TM|214-TM|115-TM|113-TM|127-TM|337-TM|605-TM|447-TM|86-TM|398-TM|707-TM|156-TM|157-TM|269-TM|14-TM|776-TM|286-TM|430-TM|399-TM|19-TM|442-TM|349-TM|408-TM|441-TM|164-TM|334-TM|404-TM|261-TM|271-TM|710-TM|202-TM|396-TM|366-TM|247-TM|406-TM|446-TM|304-TM|257-TM|412-TM|94-TM|484-TM|57-TM|53-TM|85-TM|347-TM|414-TM|58-TM|604-TM|580-TM|678-TM|581-TM|126-TM|56-TM|59-TM|528-TM|188-TM|89-TM|444-TM|566-TM|416-TM|200-TM|315-TM|411-TM|542-TM|433-TM|405-TM|63-TM|394-TM|87-TM|76-TM|434-TM|796-TM|851-TM|46-TM|356-TM|244-TM|38-TM|916-TM|815-TM|248-TM|800-TM			
494	494	Victini	Victory Pokémon	Psychic	Fire																		TRUE	TRUE	TRUE	TRUE	FALSE	FALSE	FALSE	FALSE	FALSE	FALSE	FALSE	FALSE			FALSE	FALSE	FALSE	FALSE	FALSE	FALSE										100	100	100	100	100	100	600	Yellow	Bipedal+Tailless		Victory Star				45	15	No Eggs Discovered		120	15360	Slow	"1,250,000"	0.4	1′04″	4	8.8	100	300	3	0	0	0	0	0	3	Unknown		1	0.5	2	1	0.5	0.5	0.5	1	2	1	0.5	1	2	2	1	2	0.5	0.5					
495	495	Snivy	Grass Snake Pokémon	Grass																			TRUE	TRUE	TRUE	TRUE	FALSE	FALSE	TRUE	TRUE	TRUE	TRUE	FALSE	FALSE												FALSE	FALSE	FALSE	FALSE	TRUE	TRUE	45	45	55	45	55	63	308	Green	Bipedal+Tail		Overgrow		Contrary		45	15	Field	Grass	20	2560	Medium Slow	"1,059,860"	0.6	2′00″	8.1	17.9	50	62	0	0	0	0	0	1	1	87.50%	12.50%	1	2	0.5	0.5	0.5	2	1	2	0.5	2	1	2	1	1	1	1	1	1	33-1|43-4|22-7|35-10|74-13|345-16|73-19|72-22|21-25|348-28|489-31|202-34|380-37|437-40	36-TM|182-TM|885-TM|263-TM|332-TM|129-TM|345-TM|203-TM|241-TM|331-TM|214-TM|402-TM|115-TM|113-TM|447-TM|156-TM|269-TM|14-TM|164-TM|202-TM|412-TM|347-TM|270-TM|580-TM|520-TM|437-TM|76-TM|851-TM|282-TM|803-TM|38-TM|572-TM	137-EM|231-EM|212-EM|243-EM|230-EM|235-EM|239-EM		
496	496	Servine	Grass Snake Pokémon	Grass																			TRUE	TRUE	TRUE	TRUE	FALSE	FALSE	TRUE	TRUE	TRUE	TRUE	FALSE	FALSE												FALSE	FALSE	FALSE	FALSE	TRUE	TRUE	60	60	75	60	75	83	413	Green	Bipedal+Tail		Overgrow		Contrary	Level 17	45	15	Field	Grass	20	2560	Medium Slow	"1,059,860"	0.8	2′07″	16	35.3	50	145	0	0	0	0	0	2	2	87.50%	12.50%	1	2	0.5	0.5	0.5	2	1	2	0.5	2	1	2	1	1	1	1	1	1	43-1|33-1|22-1|35-1|74-13|345-16|73-20|72-24|21-28|348-32|489-36|202-40|380-44|437-48	36-TM|182-TM|885-TM|263-TM|332-TM|129-TM|345-TM|203-TM|241-TM|331-TM|214-TM|402-TM|115-TM|113-TM|447-TM|156-TM|269-TM|14-TM|164-TM|202-TM|412-TM|347-TM|270-TM|580-TM|520-TM|437-TM|76-TM|851-TM|282-TM|803-TM|38-TM|572-TM			
497	497	Serperior	Regal Pokémon	Grass																			TRUE	TRUE	TRUE	TRUE	FALSE	FALSE	TRUE	TRUE	TRUE	TRUE	FALSE	FALSE												FALSE	FALSE	FALSE	FALSE	TRUE	TRUE	75	75	95	75	95	113	528	Green	Serpentine		Overgrow		Contrary	Level 36	45	15	Field	Grass	20	2560	Medium Slow	"1,059,860"	3.3	10′10″	63	138.9	50	264	0	0	0	0	0	3	3	87.50%	12.50%	1	2	0.5	0.5	0.5	2	1	2	0.5	2	1	2	1	1	1	1	1	1	43-1|33-1|22-1|35-1|74-13|345-16|73-20|72-24|21-28|348-32|489-38|202-44|380-50|437-56	36-TM|184-TM|182-TM|885-TM|263-TM|332-TM|129-TM|345-TM|525-TM|203-TM|241-TM|331-TM|34-TM|214-TM|402-TM|115-TM|113-TM|447-TM|156-TM|269-TM|14-TM|164-TM|202-TM|406-TM|412-TM|347-TM|270-TM|580-TM|520-TM|416-TM|338-TM|200-TM|437-TM|63-TM|76-TM|851-TM|282-TM|803-TM|799-TM|38-TM|572-TM|784-TM			
498	498	Tepig	Fire Pig Pokémon	Fire																			TRUE	TRUE	TRUE	TRUE	FALSE	FALSE	TRUE	TRUE	TRUE	TRUE	FALSE	FALSE												FALSE	FALSE	FALSE	FALSE	TRUE	TRUE	65	63	45	45	45	45	308	Red	Quadruped		Blaze		Thick Fat		45	15	Field		20	2560	Medium Slow	"1,059,860"	0.5	1′08″	9.9	21.8	50	62	1	0	0	0	0	0	1	87.50%	12.50%	1	0.5	2	1	0.5	0.5	1	1	2	1	1	0.5	2	1	1	1	0.5	0.5	33-1|39-3|52-7|203-9|111-13|488-15|123-19|205-21|36-25|535-27|372-31|53-33|457-37|46-39|394-43	36-TM|189-TM|182-TM|885-TM|83-TM|263-TM|317-TM|488-TM|203-TM|241-TM|91-TM|428-TM|34-TM|7-TM|214-TM|447-TM|707-TM|156-TM|269-TM|164-TM|261-TM|257-TM|484-TM|53-TM|270-TM|126-TM|519-TM|528-TM|315-TM|394-TM|76-TM|851-TM|46-TM|360-TM|535-TM|38-TM|283-TM|915-TM|174-TM	389-EM|276-EM|37-EM|281-EM		
499	499	Pignite	Fire Pig Pokémon	Fire	Fighting																		TRUE	TRUE	TRUE	TRUE	FALSE	FALSE	TRUE	TRUE	TRUE	TRUE	FALSE	FALSE												FALSE	FALSE	FALSE	FALSE	TRUE	TRUE	90	93	55	70	55	55	418	Red	Bipedal+Tail		Blaze		Thick Fat	Level 17	45	15	Field		20	2560	Medium Slow	"1,059,860"	1	3′03″	55.5	122.4	50	146	0	2	0	0	0	0	2	87.50%	12.50%	1	0.5	2	1	0.5	0.5	1	1	2	2	2	0.25	1	1	1	0.5	0.5	1	52-1|203-1|33-1|39-1|111-13|488-15|123-20|205-23|36-28|535-31|372-36|53-39|457-44|46-47|394-52	36-TM|189-TM|184-TM|182-TM|67-TM|885-TM|83-TM|263-TM|523-TM|317-TM|488-TM|490-TM|374-TM|203-TM|241-TM|91-TM|280-TM|428-TM|339-TM|34-TM|7-TM|9-TM|214-TM|409-TM|447-TM|398-TM|707-TM|156-TM|157-TM|269-TM|164-TM|261-TM|257-TM|484-TM|53-TM|270-TM|179-TM|126-TM|519-TM|528-TM|444-TM|315-TM|411-TM|394-TM|370-TM|76-TM|851-TM|46-TM|360-TM|282-TM|667-TM|535-TM|264-TM|38-TM|283-TM|915-TM|811-TM|174-TM		292-EV	
500	500	Emboar	Mega Fire Pig Pokémon	Fire	Fighting																		TRUE	TRUE	TRUE	TRUE	FALSE	FALSE	TRUE	TRUE	TRUE	TRUE	FALSE	FALSE												FALSE	FALSE	FALSE	FALSE	TRUE	TRUE	110	123	65	100	65	65	528	Red	Bipedal+Tail		Blaze		Thick Fat	Level 36	45	15	Field		20	2560	Medium Slow	"1,059,860"	1.6	5′03″	150	330.7	50	264	0	3	0	0	0	0	3	87.50%	12.50%	1	0.5	2	1	0.5	0.5	1	1	2	2	2	0.25	1	1	1	0.5	0.5	1	292-1|52-1|33-1|39-1|111-13|488-15|123-20|205-23|36-28|535-31|372-38|53-43|457-50|46-55|394-62	36-TM|189-TM|184-TM|182-TM|67-TM|885-TM|83-TM|263-TM|523-TM|317-TM|488-TM|490-TM|374-TM|203-TM|241-TM|91-TM|280-TM|428-TM|339-TM|34-TM|7-TM|9-TM|214-TM|409-TM|447-TM|398-TM|707-TM|156-TM|157-TM|269-TM|776-TM|442-TM|164-TM|261-TM|257-TM|484-TM|53-TM|270-TM|179-TM|126-TM|519-TM|528-TM|89-TM|444-TM|416-TM|307-TM|315-TM|411-TM|63-TM|394-TM|370-TM|76-TM|851-TM|46-TM|479-TM|360-TM|282-TM|667-TM|503-TM|535-TM|264-TM|38-TM|283-TM|915-TM|811-TM|174-TM|912-TM			203-R|359-R
501	501	Oshawott	Sea Otter Pokémon	Water																			TRUE	TRUE	TRUE	TRUE	FALSE	FALSE	TRUE	TRUE	TRUE	TRUE	FALSE	FALSE											TRUE	FALSE	FALSE	FALSE	FALSE	TRUE	TRUE	55	55	45	63	45	45	308	Blue	Bipedal+Tail		Torrent		Shell Armor		45	15	Field		20	2560	Medium Slow	"1,059,860"	0.5	1′08″	5.9	13	50	62	0	0	0	1	0	0	1	87.50%	12.50%	1	0.5	0.5	2	2	0.5	1	1	1	1	1	1	1	1	1	1	0.5	1	33-1|39-5|55-7|487-11|116-13|534-17|210-19|352-23|332-25|453-29|227-31|401-35|514-37|14-41|56-43	36-TM|182-TM|352-TM|168-TM|886-TM|263-TM|332-TM|129-TM|196-TM|374-TM|419-TM|203-TM|240-TM|883-TM|91-TM|206-TM|403-TM|214-TM|127-TM|447-TM|156-TM|269-TM|14-TM|164-TM|404-TM|710-TM|227-TM|57-TM|270-TM|58-TM|56-TM|59-TM|518-TM|851-TM|282-TM|812-TM|250-TM	403-EM|895-EM|383-EM|197-EM|282-EM|400-EM|533-EM|103-EM		
502	502	Dewott	Discipline Pokémon	Water																			TRUE	TRUE	TRUE	TRUE	FALSE	FALSE	TRUE	TRUE	TRUE	TRUE	FALSE	FALSE											TRUE	FALSE	FALSE	FALSE	FALSE	TRUE	TRUE	75	75	60	83	60	60	413	Blue	Bipedal+Tail		Torrent		Shell Armor	Level 17	45	15	Field		20	2560	Medium Slow	"1,059,860"	0.8	2′07″	24.5	54	50	145	0	0	0	2	0	0	2	87.50%	12.50%	1	0.5	0.5	2	2	0.5	1	1	1	1	1	1	1	1	1	1	0.5	1	487-1|33-1|39-1|55-1|116-13|534-18|210-21|352-26|332-29|453-34|227-37|401-42|514-45|14-50|56-53	36-TM|182-TM|352-TM|168-TM|886-TM|263-TM|332-TM|129-TM|196-TM|374-TM|419-TM|203-TM|240-TM|883-TM|91-TM|206-TM|280-TM|403-TM|214-TM|127-TM|447-TM|156-TM|269-TM|14-TM|164-TM|404-TM|710-TM|227-TM|57-TM|270-TM|58-TM|56-TM|59-TM|518-TM|851-TM|282-TM|410-TM|812-TM|250-TM	403-EM|895-EM|383-EM|197-EM|282-EM|400-EM|533-EM|103-EM		
503	503	Samurott	Formidable Pokémon	Water																			TRUE	TRUE	TRUE	TRUE	FALSE	FALSE	TRUE	TRUE	TRUE	TRUE	FALSE	FALSE												FALSE	FALSE	FALSE	FALSE	TRUE	TRUE	95	100	85	108	70	70	528	Blue	Quadruped		Torrent		Shell Armor	Level 36	45	15	Field		20	2560	Medium Slow	"1,059,860"	1.5	4′11″	94.6	208.6	50	264	0	0	0	3	0	0	3	87.50%	12.50%	1	0.5	0.5	2	2	0.5	1	1	1	1	1	1	1	1	1	1	0.5	1	224-1|487-1|33-1|39-1|55-1|116-13|534-18|210-21|352-25|332-29|453-34|227-39|401-46|514-51|14-58|56-63	36-TM|184-TM|182-TM|352-TM|168-TM|886-TM|263-TM|332-TM|523-TM|129-TM|196-TM|374-TM|419-TM|203-TM|240-TM|883-TM|684-TM|91-TM|206-TM|280-TM|403-TM|34-TM|214-TM|127-TM|447-TM|156-TM|269-TM|14-TM|164-TM|404-TM|529-TM|710-TM|227-TM|57-TM|270-TM|58-TM|56-TM|59-TM|518-TM|416-TM|308-TM|63-TM|851-TM|282-TM|410-TM|812-TM|250-TM|918-TM	403-EM|895-EM|383-EM|197-EM|282-EM|400-EM|533-EM|103-EM	163-EV	
503		Hisuian Samurott	Formidable Pokémon	Water	Dark																																								TRUE	FALSE	FALSE	FALSE	FALSE	FALSE	FALSE	90	108	80	100	65	85	528	Blue	Quadruped		Torrent		Sharpness	Level 36 in Hisui	45	15	Field		20	2560	Medium Slow	"1,059,860"	1.5	4′11″	58.2	128.3	50	264	0	0	0	3	0	0	3	87.50%	12.50%	1	0.5	0.5	2	2	0.5	2	1	1	1	0	2	1	0.5	1	0.5	0.5	2	224-1|163-1|389-1|33-1|39-1|55-1|116-13|534-18|210-21|352-25|332-29|453-34|227-39|401-46|514-51|14-58|56-63	36-TM|184-TM|182-TM|352-TM|168-TM|886-TM|263-TM|332-TM|523-TM|555-TM|129-TM|196-TM|374-TM|419-TM|203-TM|240-TM|883-TM|684-TM|91-TM|206-TM|280-TM|403-TM|34-TM|214-TM|127-TM|447-TM|156-TM|269-TM|14-TM|399-TM|164-TM|404-TM|529-TM|710-TM|227-TM|57-TM|270-TM|58-TM|56-TM|59-TM|518-TM|416-TM|308-TM|63-TM|851-TM|282-TM|410-TM|812-TM|808-TM|250-TM|675-TM|918-TM	403-EM|895-EM|383-EM|197-EM|282-EM|400-EM|533-EM|103-EM	845-EV	
504	504	Patrat	Scout Pokémon	Normal																			TRUE	TRUE	TRUE	TRUE	TRUE	TRUE	FALSE	FALSE	FALSE	FALSE	FALSE	FALSE																		45	55	39	35	39	42	255	Brown	Quadruped		Run Away	Keen Eye	Analytic		255	85	Field		15	1920	Medium Fast	"1,000,000"	0.5	1′08″	11.6	25.6	50	51	0	1	0	0	0	0	1	50%	50%	1	1	1	1	1	1	2	1	1	1	1	1	1	0	1	1	1	1					
505	505	Watchog	Lookout Pokémon	Normal																			TRUE	TRUE	TRUE	TRUE	TRUE	TRUE	FALSE	FALSE	FALSE	FALSE	FALSE	FALSE																		60	85	69	60	69	77	420	Brown	Bipedal+Tail		Illuminate	Keen Eye	Analytic	Level 20	255	85	Field		20	2560	Medium Fast	"1,000,000"	1.1	3′07″	27	59.5	50	147	0	2	0	0	0	0	2	50%	50%	1	1	1	1	1	1	2	1	1	1	1	1	1	0	1	1	1	1					
506	506	Lillipup	Puppy Pokémon	Normal																			TRUE	TRUE	TRUE	TRUE	TRUE	TRUE	TRUE	TRUE	TRUE	TRUE	TRUE	TRUE			FALSE	FALSE	TRUE	TRUE	FALSE	FALSE										45	60	45	25	45	55	275	Brown	Quadruped		Vital Spirit	Pickup	Run Away		255	85	Field		15	1920	Medium Slow	"1,059,860"	0.4	1′04″	4.1	9	50	55	0	1	0	0	0	0	1	50%	50%	1	1	1	1	1	1	2	1	1	1	1	1	1	0	1	1	1	1					
507	507	Herdier	Loyal Dog Pokémon	Normal																			TRUE	TRUE	TRUE	TRUE	TRUE	TRUE	TRUE	TRUE	TRUE	TRUE	TRUE	TRUE			FALSE	FALSE	TRUE	TRUE	FALSE	FALSE										65	80	65	35	65	60	370	Gray	Quadruped		Intimidate	Sand Rush	Scrappy	Level 16	120	40	Field		15	1920	Medium Slow	"1,059,860"	0.9	2′11″	14.7	32.4	50	130	0	2	0	0	0	0	2	50%	50%	1	1	1	1	1	1	2	1	1	1	1	1	1	0	1	1	1	1					
508	508	Stoutland	Big-Hearted Pokémon	Normal																			TRUE	TRUE	TRUE	TRUE	TRUE	TRUE	TRUE	TRUE	TRUE	TRUE	TRUE	TRUE			FALSE	FALSE	TRUE	TRUE	FALSE	FALSE										85	110	90	45	90	80	500	Gray	Quadruped		Intimidate	Sand Rush	Scrappy	Level 32	45	15	Field		15	1920	Medium Slow	"1,059,860"	1.2	3′11″	61	134.5	50	250	0	3	0	0	0	0	3	50%	50%	1	1	1	1	1	1	2	1	1	1	1	1	1	0	1	1	1	1					
509	509	Purrloin	Devious Pokémon	Dark																			TRUE	TRUE	TRUE	TRUE	FALSE	TRUE	TRUE	TRUE	FALSE	FALSE	FALSE	FALSE			TRUE	TRUE	FALSE	FALSE	FALSE	FALSE										41	50	37	50	37	66	281	Purple	Quadruped		Limber	Unburden	Prankster		255	85	Field		20	2560	Medium Fast	"1,000,000"	0.4	1′04″	10.1	22.3	50	56	0	0	0	0	0	1	1	50%	50%	1	1	1	1	1	1	2	1	1	1	0	2	1	0.5	1	0.5	1	2					
510	510	Liepard	Cruel Pokémon	Dark																			TRUE	TRUE	TRUE	TRUE	FALSE	TRUE	TRUE	TRUE	FALSE	FALSE	FALSE	FALSE			TRUE	TRUE	FALSE	FALSE	FALSE	FALSE										64	88	50	88	50	106	446	Purple	Quadruped		Limber	Unburden	Prankster	Level 20	90	30	Field		20	2560	Medium Fast	"1,000,000"	1.1	3′07″	37.5	82.7	50	156	0	0	0	0	0	2	2	50%	50%	1	1	1	1	1	1	2	1	1	1	0	2	1	0.5	1	0.5	1	2					
511	511	Pansage	Grass Monkey Pokémon	Grass																			TRUE	TRUE	TRUE	TRUE	TRUE	TRUE	FALSE	FALSE	FALSE	FALSE	FALSE	FALSE																		50	53	48	53	48	64	316	Green	Bipedal+Tail		Gluttony		Overgrow		190	63.33	Field		20	2560	Medium Fast	"1,000,000"	0.6	2′00″	10.5	23.1	50	63	0	0	0	0	0	1	1	87.50%	12.50%	1	2	0.5	0.5	0.5	2	1	2	0.5	2	1	2	1	1	1	1	1	1					
512	512	Simisage	Thorn Monkey Pokémon	Grass																			TRUE	TRUE	TRUE	TRUE	TRUE	TRUE	FALSE	FALSE	FALSE	FALSE	FALSE	FALSE																		75	98	63	98	63	101	498	Green	Bipedal+Tail		Gluttony		Overgrow	Leaf Stone	75	25	Field		20	2560	Medium Fast	"1,000,000"	1.1	3′07″	30.5	67.2	50	174	0	0	0	0	0	2	2	87.50%	12.50%	1	2	0.5	0.5	0.5	2	1	2	0.5	2	1	2	1	1	1	1	1	1					
513	513	Pansear	High Temp Pokémon	Fire																			TRUE	TRUE	TRUE	TRUE	TRUE	TRUE	FALSE	FALSE	FALSE	FALSE	FALSE	FALSE																		50	53	48	53	48	64	316	Red	Bipedal+Tail		Gluttony		Blaze		190	63.33	Field		20	2560	Medium Fast	"1,000,000"	0.6	2′00″	11	24.3	50	63	0	0	0	0	0	1	1	87.50%	12.50%	1	0.5	2	1	0.5	0.5	1	1	2	1	1	0.5	2	1	1	1	0.5	0.5					
514	514	Simisear	Ember Pokémon	Fire																			TRUE	TRUE	TRUE	TRUE	TRUE	TRUE	FALSE	FALSE	FALSE	FALSE	FALSE	FALSE																		75	98	63	98	63	101	498	Red	Bipedal+Tail		Gluttony		Blaze	Fire Stone	75	25	Field		20	2560	Medium Fast	"1,000,000"	1	3′03″	28	61.7	50	174	0	0	0	0	0	2	2	87.50%	12.50%	1	0.5	2	1	0.5	0.5	1	1	2	1	1	0.5	2	1	1	1	0.5	0.5					
515	515	Panpour	Spray Pokémon	Water																			TRUE	TRUE	TRUE	TRUE	TRUE	TRUE	FALSE	FALSE	FALSE	FALSE	FALSE	FALSE																		50	53	48	53	48	64	316	Blue	Bipedal+Tail		Gluttony		Torrrent		190	63.33	Field		20	2560	Medium Fast	"1,000,000"	0.6	2′00″	13.5	29.8	50	63	0	0	0	0	0	1	1	87.50%	12.50%	1	0.5	0.5	2	2	0.5	1	1	1	1	1	1	1	1	1	1	0.5	1					
516	516	Simipour	Geyser Pokémon	Water																			TRUE	TRUE	TRUE	TRUE	TRUE	TRUE	FALSE	FALSE	FALSE	FALSE	FALSE	FALSE																		75	98	63	98	63	101	498	Blue	Bipedal+Tail		Gluttony		Torrrent	Water Stone	75	25	Field		20	2560	Medium Fast	"1,000,000"	1	3′03″	29	63.9	50	174	0	0	0	0	0	2	2	87.50%	12.50%	1	0.5	0.5	2	2	0.5	1	1	1	1	1	1	1	1	1	1	0.5	1					
517	517	Munna	Dream Eater Pokémon	Psychic																			TRUE	TRUE	TRUE	TRUE	TRUE	TRUE	TRUE	TRUE	FALSE	FALSE	FALSE	FALSE			TRUE	TRUE	FALSE	FALSE	FALSE	FALSE										76	25	45	67	55	24	292	Pink	Quadruped		Forewarn	Synchronize	Telepathy		190	63.33	Field		10	1280	Fast	"800,000"	0.6	2′00″	23.3	51.4	50	58	1	0	0	0	0	0	1	50%	50%	1	1	1	1	1	1	0.5	1	1	1	0.5	2	1	2	1	2	1	1					
518	518	Musharna	Drowsing Pokémon	Psychic																			TRUE	TRUE	TRUE	TRUE	TRUE	TRUE	TRUE	TRUE	FALSE	FALSE	FALSE	FALSE			TRUE	TRUE	FALSE	FALSE	FALSE	FALSE										116	55	85	107	95	29	487	Pink	Bipedal+Tailless		Forewarn	Synchronize	Telepathy	Moon Stone	75	25	Field		10	1280	Fast	"800,000"	1.1	3′07″	60.5	133.4	50	170	2	0	0	0	0	0	2	50%	50%	1	1	1	1	1	1	0.5	1	1	1	0.5	2	1	2	1	2	1	1					
519	519	Pidove	Tiny Pigeon Pokémon	Normal	Flying																		TRUE	TRUE	TRUE	TRUE	TRUE	TRUE	TRUE	TRUE	FALSE	FALSE	FALSE	FALSE			TRUE	TRUE	FALSE	FALSE	FALSE	FALSE										50	55	50	36	30	43	264	Gray	1 Pair of Wings		Big Pecks	Super Luck	Rivalry		255	85	Flying		15	1920	Medium Slow	"1,059,860"	0.3	1′00″	2.1	4.6	50	53	0	1	0	0	0	0	1	50%	50%	1	1	1	2	0.5	2	1	1	0	1	1	0.5	2	0	1	1	1	1					
520	520	Tranquill	Wild Pigeon Pokémon	Normal	Flying																		TRUE	TRUE	TRUE	TRUE	TRUE	TRUE	TRUE	TRUE	FALSE	FALSE	FALSE	FALSE			TRUE	TRUE	FALSE	FALSE	FALSE	FALSE										62	77	62	50	42	65	358	Gray	1 Pair of Wings		Big Pecks	Super Luck	Rivalry	Level 21	120	40	Flying		15	1920	Medium Slow	"1,059,860"	0.6	2′00″	15	33.1	50	125	0	2	0	0	0	0	2	50%	50%	1	1	1	2	0.5	2	1	1	0	1	1	0.5	2	0	1	1	1	1					
521	521	Unfezant	Proud Pokémon	Normal	Flying																		TRUE	TRUE	TRUE	TRUE	TRUE	TRUE	TRUE	TRUE	FALSE	FALSE	FALSE	FALSE			TRUE	TRUE	FALSE	FALSE	FALSE	FALSE										80	115	80	65	55	93	488	Gray	1 Pair of Wings		Big Pecks	Super Luck	Rivalry	Level 32	45	15	Flying		15	1920	Medium Slow	"1,059,860"	1.2	3′11″	29	63.9	50	244	0	3	0	0	0	0	3	50%	50%	1	1	1	2	0.5	2	1	1	0	1	1	0.5	2	0	1	1	1	1					
522	522	Blitzle	Electrified Pokémon	Electric																			TRUE	TRUE	TRUE	TRUE	TRUE	TRUE	TRUE	TRUE	FALSE	FALSE	FALSE	FALSE												FALSE	FALSE	FALSE	FALSE	TRUE	TRUE	45	60	32	50	32	76	295	Black	Quadruped		Lightning Rod	Motor Drive	Sap Sipper		190	63.33	Field		20	2560	Medium Fast	"1,000,000"	0.8	2′07″	29.8	65.7	50	59	0	0	0	0	0	1	1	50%	50%	1	1	1	0.5	1	1	1	1	2	0.5	1	1	1	1	1	1	0.5	1	98-1|39-4|268-8|351-11|86-15|488-18|209-22|23-25|435-29|97-33|528-35|37-40	36-TM|97-TM|182-TM|67-TM|885-TM|451-TM|263-TM|129-TM|488-TM|203-TM|521-TM|241-TM|240-TM|684-TM|34-TM|214-TM|486-TM|113-TM|86-TM|156-TM|598-TM|164-TM|85-TM|270-TM|226-TM|604-TM|528-TM|87-TM|851-TM|268-TM|253-TM|38-TM|283-TM|916-TM|527-TM	24-EM|364-EM|28-EM|103-EM		
523	523	Zebstrika	Thunderbolt Pokémon	Electric																			TRUE	TRUE	TRUE	TRUE	TRUE	TRUE	TRUE	TRUE	FALSE	FALSE	FALSE	FALSE												FALSE	FALSE	FALSE	FALSE	TRUE	TRUE	75	100	63	80	63	116	497	Black	Quadruped		Lightning Rod	Motor Drive	Sap Sipper	Level 27	75	25	Field		20	2560	Medium Fast	"1,000,000"	1.6	5′03″	79.5	175.3	50	174	0	0	0	0	0	2	2	50%	50%	1	1	1	0.5	1	1	1	1	2	0.5	1	1	1	1	1	1	0.5	1	268-1|98-1|39-1|86-1|351-11|488-18|209-25|23-31|435-36|97-42|528-47|37-53	36-TM|97-TM|182-TM|67-TM|885-TM|451-TM|263-TM|523-TM|129-TM|488-TM|203-TM|521-TM|241-TM|240-TM|684-TM|34-TM|214-TM|486-TM|113-TM|86-TM|156-TM|269-TM|598-TM|164-TM|85-TM|270-TM|226-TM|604-TM|528-TM|416-TM|315-TM|63-TM|87-TM|851-TM|46-TM|268-TM|667-TM|253-TM|38-TM|283-TM|916-TM|527-TM			
524	524	Roggenrola	Mantle Pokémon	Rock																			TRUE	TRUE	TRUE	TRUE	TRUE	TRUE	TRUE	TRUE	TRUE	TRUE	TRUE	TRUE			TRUE	TRUE	TRUE	TRUE	FALSE	FALSE										55	75	85	25	25	15	280	Blue	Head+Legs		Sturdy	Weak Armor	Sand Force		255	85	Mineral		15	1920	Medium Slow	"1,059,860"	0.4	1′04″	18	39.7	50	56	0	0	1	0	0	0	1	50%	50%	0.5	0.5	2	1	2	1	2	0.5	2	0.5	1	1	1	1	1	1	2	1					
525	525	Boldore	Ore Pokémon	Rock																			TRUE	TRUE	TRUE	TRUE	TRUE	TRUE	TRUE	TRUE	TRUE	TRUE	TRUE	TRUE			TRUE	TRUE	TRUE	TRUE	FALSE	FALSE										70	105	105	50	40	20	390	Blue	Tentacles		Sturdy	Weak Armor	Sand Force	Level 25	120	40	Mineral		15	1920	Medium Slow	"1,059,860"	0.9	2′11″	102	224.9	50	137	0	1	1	0	0	0	2	50%	50%	0.5	0.5	2	1	2	1	2	0.5	2	0.5	1	1	1	1	1	1	2	1					
526	526	Gigalith	Compressed Pokémon	Rock																			TRUE	TRUE	TRUE	TRUE	TRUE	TRUE	TRUE	TRUE	TRUE	TRUE	TRUE	TRUE			TRUE	TRUE	TRUE	TRUE	FALSE	FALSE										85	135	130	60	80	25	515	Blue	Tentacles		Sturdy	Sand Stream	Sand Force	Trade	45	15	Mineral		15	1920	Medium Slow	"1,059,860"	1.7	5′07″	260	573.2	50	258	0	3	0	0	0	0	3	50%	50%	0.5	0.5	2	1	2	1	2	0.5	2	0.5	1	1	1	1	1	1	2	1					
527	527	Woobat	Bat Pokémon	Psychic	Flying																		TRUE	TRUE	TRUE	TRUE	TRUE	TRUE	FALSE	FALSE	FALSE	FALSE	FALSE	FALSE			TRUE	TRUE	TRUE	TRUE	FALSE	FALSE										65	45	43	55	43	72	323	Blue	1 Pair of Wings		Unaware	Klutz	Simple		190	63.33	Field	Flying	15	1920	Medium Fast	"1,000,000"	0.4	1′04″	2.1	4.6	50	65	0	0	0	0	0	1	1	50%	50%	1	1	1	2	0.5	2	0.25	1	0	1	0.5	1	2	2	1	2	1	1					
528	528	Swoobat	Courting Pokémon	Psychic	Flying																		TRUE	TRUE	TRUE	TRUE	TRUE	TRUE	FALSE	FALSE	FALSE	FALSE	FALSE	FALSE			TRUE	TRUE	TRUE	TRUE	FALSE	FALSE										67	57	55	77	55	114	425	Blue	1 Pair of Wings		Unaware	Klutz	Simple	High Friendship	45	15	Field	Flying	15	1920	Medium Fast	"1,000,000"	0.9	2′11″	10.5	23.1	50	149	0	0	0	0	0	2	2	50%	50%	1	1	1	2	0.5	2	0.25	1	0	1	0.5	1	2	2	1	2	1	1					
529	529	Drilbur	Mole Pokémon	Ground																			TRUE	TRUE	TRUE	TRUE	TRUE	TRUE	TRUE	TRUE	FALSE	FALSE	FALSE	FALSE			TRUE	TRUE	FALSE	FALSE	FALSE	FALSE				FALSE	FALSE	FALSE	FALSE	TRUE	TRUE	60	85	40	30	45	68	328	Gray	Bipedal+Tail		Sand Rush	Sand Force	Mold Breaker		120	40	Field		20	2560	Medium Fast	"1,000,000"	0.3	1′00″	8.5	18.7	50	66	0	1	0	0	0	0	1	50%	50%	1	1	2	0	2	2	1	0.5	1	1	1	1	0.5	1	1	1	1	1	189-1|229-1|10-4|468-8|154-12|232-16|201-20|306-24|157-28|91-32|14-36|529-40|89-44|90-48	36-TM|189-TM|182-TM|263-TM|332-TM|523-TM|232-TM|341-TM|317-TM|374-TM|203-TM|241-TM|201-TM|91-TM|280-TM|421-TM|214-TM|398-TM|707-TM|156-TM|157-TM|14-TM|164-TM|334-TM|404-TM|529-TM|446-TM|270-TM|414-TM|89-TM|851-TM|328-TM|667-TM|38-TM|815-TM|319-TM|174-TM	319-EM|163-EM		
530	530	Excadrill	Subterrene Pokémon	Ground	Steel																		TRUE	TRUE	TRUE	TRUE	TRUE	TRUE	TRUE	TRUE	FALSE	FALSE	FALSE	FALSE			TRUE	TRUE	FALSE	FALSE	FALSE	FALSE				FALSE	FALSE	FALSE	FALSE	TRUE	TRUE	110	135	60	50	65	88	508	Gray	Bipedal+Tailless		Sand Rush	Sand Force	Mold Breaker	Level 31	60	20	Field		20	2560	Medium Fast	"1,000,000"	0.7	2′04″	40.4	89.1	50	178	0	2	0	0	0	0	2	50%	50%	0.5	2	2	0	1	1	2	0	2	0.5	0.5	0.5	0.25	1	0.5	1	0.5	0.5	468-1|189-1|229-1|10-1|154-12|232-16|201-20|306-24|157-28|91-34|14-40|529-46|89-52|90-58	36-TM|189-TM|184-TM|182-TM|263-TM|332-TM|523-TM|232-TM|341-TM|317-TM|374-TM|203-TM|241-TM|201-TM|684-TM|91-TM|280-TM|421-TM|34-TM|214-TM|350-TM|398-TM|707-TM|156-TM|157-TM|14-TM|442-TM|164-TM|334-TM|404-TM|529-TM|446-TM|270-TM|414-TM|89-TM|416-TM|411-TM|63-TM|796-TM|851-TM|328-TM|667-TM|38-TM|815-TM|675-TM|319-TM|174-TM		32-EV	
531	531	Audino	Hearing Pokémon	Normal																			TRUE	TRUE	TRUE	TRUE	TRUE	TRUE	TRUE	TRUE	FALSE	FALSE	TRUE	TRUE			FALSE	FALSE	FALSE	FALSE	TRUE	TRUE										103	60	86	60	86	50	445	Pink	Bipedal+Tail		Healer	Regenerator	Klutz		255	85	Fairy		20	2560	Fast	"800,000"	1.1	3′07″	31	68.3	50	390	2	0	0	0	0	0	2	50%	50%	1	1	1	1	1	1	2	1	1	1	1	1	1	0	1	1	1	1					
531		Mega Audino	Hearing Pokémon	Normal	Fairy																								TRUE	TRUE	FALSE	FALSE	TRUE	TRUE																		103	60	126	80	126	50	545	White	Bipedal+Tail		Healer			Audinite		0			20	2560	Fast	"800,000"	1.5	4′11″	32	70.5	50	425	2	0	0	0	0	0	2	50%	50%	1	1	1	1	1	1	1	2	1	1	1	0.5	1	0	0	0.5	2	1					
532	532	Timburr	Muscular Pokémon	Fighting																			TRUE	TRUE	TRUE	TRUE	TRUE	TRUE	TRUE	TRUE	TRUE	TRUE	FALSE	FALSE			TRUE	TRUE	FALSE	FALSE	TRUE	TRUE				FALSE	FALSE	TRUE	TRUE	FALSE	FALSE	75	80	55	25	35	35	305	Gray	Bipedal+Tailless		Guts	Sheer Force	Iron Fist		180	60	Human-Like		20	2560	Medium Slow	"1,059,860"	0.6	2′00″	12.5	27.6	70	61	0	1	0	0	0	0	1	75%	25%	1	1	1	1	1	1	1	1	1	2	2	0.5	0.5	1	1	0.5	1	2	43-1|1-1|67-4|88-8|116-12|339-16|157-20|21-24|184-28|223-32|359-36|444-40|276-44|264-48	36-TM|184-TM|182-TM|67-TM|168-TM|263-TM|317-TM|490-TM|374-TM|203-TM|241-TM|240-TM|91-TM|280-TM|339-TM|7-TM|9-TM|8-TM|214-TM|409-TM|447-TM|398-TM|156-TM|157-TM|269-TM|164-TM|270-TM|179-TM|444-TM|411-TM|370-TM|851-TM|479-TM|282-TM|264-TM|38-TM|811-TM|174-TM	68-EM|432-EM|197-EM|183-EM|469-EM		
533	533	Gurdurr	Muscular Pokémon	Fighting																			TRUE	TRUE	TRUE	TRUE	TRUE	TRUE	TRUE	TRUE	TRUE	TRUE	FALSE	FALSE			TRUE	TRUE	FALSE	FALSE	TRUE	TRUE				FALSE	FALSE	TRUE	TRUE	FALSE	FALSE	85	105	85	40	50	40	405	Gray	Bipedal+Tailless		Guts	Sheer Force	Iron Fist	Level 25	90	30	Human-Like		20	2560	Medium Slow	"1,059,860"	1.2	3′11″	40	88.2	50	142	0	2	0	0	0	0	2	75%	25%	1	1	1	1	1	1	1	1	1	2	2	0.5	0.5	1	1	0.5	1	2	43-1|67-1|1-1|88-1|116-12|339-16|157-20|21-24|184-30|223-36|359-42|444-48|276-54|264-60	36-TM|184-TM|182-TM|67-TM|168-TM|263-TM|317-TM|490-TM|374-TM|203-TM|241-TM|240-TM|91-TM|280-TM|339-TM|7-TM|9-TM|8-TM|214-TM|409-TM|447-TM|398-TM|156-TM|157-TM|269-TM|164-TM|270-TM|179-TM|444-TM|411-TM|370-TM|851-TM|479-TM|282-TM|667-TM|264-TM|38-TM|811-TM|174-TM			
534	534	Conkeldurr	Muscular Pokémon	Fighting																			TRUE	TRUE	TRUE	TRUE	TRUE	TRUE	TRUE	TRUE	TRUE	TRUE	FALSE	FALSE			TRUE	TRUE	FALSE	FALSE	TRUE	TRUE				FALSE	FALSE	TRUE	TRUE	FALSE	FALSE	105	140	95	55	65	45	505	Brown	Bipedal+Tailless		Guts	Sheer Force	Iron Fist	Trade	45	15	Human-Like		20	2560	Medium Slow	"1,059,860"	1.4	4′07″	87	191.8	50	253	0	3	0	0	0	0	3	75%	25%	1	1	1	1	1	1	1	1	1	2	2	0.5	0.5	1	1	0.5	1	2	43-1|67-1|1-1|88-1|116-12|339-16|157-20|21-24|184-30|223-36|359-42|444-48|276-54|264-60	36-TM|184-TM|182-TM|67-TM|168-TM|263-TM|523-TM|317-TM|490-TM|374-TM|203-TM|241-TM|240-TM|91-TM|280-TM|339-TM|34-TM|7-TM|9-TM|8-TM|214-TM|409-TM|350-TM|447-TM|398-TM|707-TM|156-TM|157-TM|269-TM|164-TM|270-TM|179-TM|89-TM|444-TM|416-TM|411-TM|63-TM|370-TM|851-TM|479-TM|282-TM|667-TM|264-TM|38-TM|811-TM|174-TM|912-TM|918-TM			
535	535	Tympole	Tadpole Pokémon	Water																			TRUE	TRUE	TRUE	TRUE	TRUE	TRUE	TRUE	TRUE	FALSE	FALSE	FALSE	FALSE			TRUE	TRUE	FALSE	FALSE	FALSE	FALSE										50	50	40	50	40	64	294	Blue	Fins		Swift Swim	Hydration	Water Absorb		255	85	Water 1		20	2560	Medium Slow	"1,059,860"	0.5	1′08″	4.5	9.9	50	59	0	0	0	0	0	1	1	50%	50%	1	0.5	0.5	2	2	0.5	1	1	1	1	1	1	1	1	1	1	0.5	1					
536	536	Palpitoad	Vibration Pokémon	Water	Ground																		TRUE	TRUE	TRUE	TRUE	TRUE	TRUE	TRUE	TRUE	FALSE	FALSE	FALSE	FALSE			TRUE	TRUE	FALSE	FALSE	FALSE	FALSE										75	65	55	65	55	69	384	Blue	Bipedal+Tail		Swift Swim	Hydration	Water Absorb	Level 25	120	40	Water 1		20	2560	Medium Slow	"1,059,860"	0.8	2′07″	17	37.5	50	134	2	0	0	0	0	0	2	50%	50%	1	0.5	1	0	4	1	1	0.5	1	1	1	1	0.5	1	1	1	0.5	1					
537	537	Seismitoad	Vibration Pokémon	Water	Ground																		TRUE	TRUE	TRUE	TRUE	TRUE	TRUE	TRUE	TRUE	FALSE	FALSE	FALSE	FALSE			TRUE	TRUE	FALSE	FALSE	FALSE	FALSE										105	95	75	85	75	74	509	Blue	Bipedal+Tailless		Swift Swim	Poison Touch	Water Absorb	Level 36	45	15	Water 1		20	2560	Medium Slow	"1,059,860"	1.5	4′11″	62	136.7	50	255	3	0	0	0	0	0	3	50%	50%	1	0.5	1	0	4	1	1	0.5	1	1	1	1	0.5	1	1	1	0.5	1					
538	538	Throh	Judo Pokémon	Fighting																			TRUE	TRUE	TRUE	TRUE	FALSE	TRUE	TRUE	TRUE	FALSE	FALSE	FALSE	FALSE			TRUE	TRUE	FALSE	FALSE	FALSE	FALSE										120	100	85	30	85	45	465	Red	Bipedal+Tailless		Guts	Inner Focus	Mold Breaker		45	15	Human-Like		20	2560	Medium Fast	"1,000,000"	1.3	4′03″	55.5	122.4	50	163	2	0	0	0	0	0	2	100%	0%	1	1	1	1	1	1	1	1	1	2	2	0.5	0.5	1	1	0.5	1	2					
539	539	Sawk	Karate Pokémon	Fighting																			TRUE	TRUE	TRUE	TRUE	TRUE	FALSE	TRUE	TRUE	FALSE	FALSE	FALSE	FALSE			TRUE	TRUE	FALSE	FALSE	FALSE	FALSE										75	125	75	30	75	85	465	Blue	Bipedal+Tailless		Sturdy	Inner Focus	Mold Breaker		45	15	Human-Like		20	2560	Medium Fast	"1,000,000"	1.4	4′07″	51	112.4	50	163	0	2	0	0	0	0	2	100%	0%	1	1	1	1	1	1	1	1	1	2	2	0.5	0.5	1	1	0.5	1	2					
540	540	Sewaddle	Sewing Pokémon	Bug	Grass																		TRUE	TRUE	TRUE	TRUE	TRUE	TRUE	TRUE	TRUE	TRUE	TRUE	TRUE	TRUE												FALSE	FALSE	TRUE	TRUE	FALSE	FALSE	45	53	70	40	60	42	310	Yellow	Insectoid		Swarm	Chlorophyll	Overcoat		255	85	Bug		15	1920	Medium Slow	"1,059,860"	0.3	1′00″	2.5	5.5	50	62	0	0	1	0	0	0	1	50%	50%	1	4	0.5	0.5	0.25	2	0.5	2	0.25	4	1	2	2	1	1	1	1	1	81-1|33-1|450-8|75-15|522-22|203-29|564-31|405-36|175-43	36-TM|204-TM|182-TM|522-TM|885-TM|884-TM|263-TM|345-TM|203-TM|241-TM|240-TM|214-TM|402-TM|447-TM|156-TM|164-TM|334-TM|202-TM|412-TM|226-TM|580-TM|405-TM|76-TM|851-TM|450-TM|679-TM|803-TM|527-TM|806-TM	103-EM|173-EM|415-EM|235-EM|388-EM		
541	541	Swadloon	Leaf-Wrapped Pokémon	Bug	Grass																		TRUE	TRUE	TRUE	TRUE	TRUE	TRUE	TRUE	TRUE	TRUE	TRUE	TRUE	TRUE												FALSE	FALSE	TRUE	TRUE	FALSE	FALSE	55	63	90	50	80	42	380	Green	Head+Arms		Leaf Guard	Chlorophyll	Overcoat	Level 20	120	40	Bug		15	1920	Medium Slow	"1,059,860"	0.5	1′08″	7.3	16.1	50	133	0	0	2	0	0	0	2	50%	50%	1	4	0.5	0.5	0.25	2	0.5	2	0.25	4	1	2	2	1	1	1	1	1	450-1|75-1|81-1|33-1|522-22|203-29|564-31|405-36|175-43	36-TM|204-TM|182-TM|522-TM|885-TM|884-TM|263-TM|345-TM|203-TM|241-TM|240-TM|214-TM|402-TM|113-TM|447-TM|156-TM|164-TM|334-TM|202-TM|412-TM|226-TM|580-TM|405-TM|76-TM|851-TM|450-TM|679-TM|803-TM|527-TM|806-TM		182-EV	
542	542	Leavanny	Nurturing Pokémon	Bug	Grass																		TRUE	TRUE	TRUE	TRUE	TRUE	TRUE	TRUE	TRUE	TRUE	TRUE	TRUE	TRUE												FALSE	FALSE	TRUE	TRUE	FALSE	FALSE	75	103	80	70	80	92	500	Yellow	Bipedal+Tailless		Swarm	Chlorophyll	Overcoat	High Friendsdhip	45	15	Bug		15	1920	Medium Slow	"1,059,860"	1.2	3′11″	20.5	45.2	50	250	0	3	0	0	0	0	3	50%	50%	1	4	0.5	0.5	0.25	2	0.5	2	0.25	4	1	2	2	1	1	1	1	1	206-1|75-1|81-1|33-1|522-22|565-29|270-32|348-36|404-39|494-43|14-46|437-50	36-TM|204-TM|97-TM|182-TM|67-TM|522-TM|885-TM|884-TM|263-TM|345-TM|203-TM|241-TM|240-TM|331-TM|206-TM|421-TM|403-TM|214-TM|402-TM|115-TM|113-TM|447-TM|398-TM|156-TM|14-TM|164-TM|334-TM|404-TM|202-TM|412-TM|347-TM|270-TM|676-TM|226-TM|580-TM|416-TM|437-TM|405-TM|63-TM|76-TM|851-TM|282-TM|450-TM|679-TM|803-TM|527-TM|813-TM|806-TM|675-TM		163-EV	450-R
543	543	Venipede	Centipede Pokémon	Bug	Poison																		TRUE	TRUE	TRUE	TRUE	TRUE	TRUE	FALSE	FALSE	TRUE	TRUE	FALSE	FALSE			FALSE	FALSE	TRUE	TRUE	FALSE	FALSE										30	45	59	30	39	57	260	Red	Insectoid		Poison Point	Swarm	Speed Boost		255	85	Bug		15	1920	Medium Slow	"1,059,860"	0.4	1′04″	5.3	11.7	50	52	0	0	1	0	0	0	1	50%	50%	1	2	1	1	0.25	1	0.25	0.5	1	2	2	0.5	2	1	1	1	1	0.5					
544	544	Whirlipede	Curlipede Pokémon	Bug	Poison																		TRUE	TRUE	TRUE	TRUE	TRUE	TRUE	FALSE	FALSE	TRUE	TRUE	FALSE	FALSE			FALSE	FALSE	TRUE	TRUE	FALSE	FALSE										40	55	99	40	79	47	360	Gray	Bipedal+Tailless		Poison Point	Swarm	Speed Boost	Level 22	120	40	Bug		15	1920	Medium Slow	"1,059,860"	1.2	3′11″	58.5	129	50	126	0	0	2	0	0	0	2	50%	50%	1	2	1	1	0.25	1	0.25	0.5	1	2	2	0.5	2	1	1	1	1	0.5					
545	545	Scolipede	Megapede Pokémon	Bug	Poison																		TRUE	TRUE	TRUE	TRUE	TRUE	TRUE	FALSE	FALSE	TRUE	TRUE	FALSE	FALSE			FALSE	FALSE	TRUE	TRUE	FALSE	FALSE										60	100	89	55	69	112	485	Red	Insectoid		Poison Point	Swarm	Speed Boost	Level 30	45	15	Bug		20	2560	Medium Slow	"1,059,860"	2.5	8′02″	200.5	442	50	243	0	0	0	0	0	3	3	50%	50%	1	2	1	1	0.25	1	0.25	0.5	1	2	2	0.5	2	1	1	1	1	0.5					
546	546	Cottonee	Cotton Puff Pokémon	Grass	Fairy																		TRUE	FALSE	TRUE	FALSE	FALSE	TRUE	TRUE	TRUE	TRUE	FALSE	TRUE	TRUE			TRUE	TRUE	FALSE	FALSE	TRUE	TRUE				FALSE	FALSE	FALSE	FALSE	TRUE	TRUE	40	27	60	37	50	66	280	Green	Head		Prankster	Infiltrator	Chlorophyll		190	63.33	Grass	Fairy	20	2560	Medium Fast	"1,000,000"	0.3	1′00″	0.6	1.3	50	56	0	0	0	0	0	1	1	50%	50%	1	2	0.5	0.5	0.5	2	0.5	4	0.5	2	1	1	1	1	0	0.5	2	1	71-1|270-1|584-3|78-6|72-12|75-15|74-18|77-21|202-24|204-27|73-30|178-33|412-36|241-39|283-42|538-45|76-48	204-TM|313-TM|182-TM|263-TM|129-TM|203-TM|241-TM|214-TM|402-TM|605-TM|447-TM|156-TM|269-TM|164-TM|202-TM|412-TM|227-TM|270-TM|580-TM|581-TM|76-TM|851-TM|803-TM|283-TM	251-EM|262-EM|415-EM|321-EM|388-EM		
547	547	Whimsicott	Windveiled Pokémon	Grass	Fairy																		TRUE	FALSE	TRUE	FALSE	FALSE	FALSE	TRUE	TRUE	TRUE	FALSE	TRUE	TRUE			TRUE	TRUE	FALSE	FALSE	TRUE	TRUE				FALSE	FALSE	FALSE	FALSE	TRUE	TRUE	60	67	85	77	75	116	480	Green	Bipedal+Tailless		Prankster	Infiltrator	Chlorophyll	Sun Stone	75	25	Grass	Fairy	20	2560	Medium Fast	"1,000,000"	0.7	2′04″	6.6	14.6	50	168	0	0	0	0	0	2	2	50%	50%	1	2	0.5	0.5	0.5	2	0.5	4	0.5	2	1	1	1	1	0	0.5	2	1	71-1|204-1|538-1|178-1|283-1|412-1|584-1|202-1|74-1|16-1|270-1|542-1|73-1|72-1|262-1|585-1|77-1|75-1|76-1|78-1|241-1|366-1	204-TM|313-TM|182-TM|168-TM|263-TM|129-TM|374-TM|203-TM|241-TM|369-TM|214-TM|402-TM|113-TM|605-TM|447-TM|156-TM|269-TM|164-TM|202-TM|366-TM|247-TM|412-TM|94-TM|227-TM|583-TM|270-TM|580-TM|581-TM|416-TM|542-TM|433-TM|63-TM|76-TM|851-TM|803-TM|283-TM			
548	548	Petilil	Bulb Pokémon	Grass																			FALSE	TRUE	FALSE	TRUE	TRUE	TRUE	TRUE	TRUE	FALSE	TRUE	TRUE	TRUE			FALSE	FALSE	TRUE	TRUE	FALSE	FALSE			TRUE	TRUE	TRUE	TRUE	TRUE	FALSE	FALSE	45	35	50	70	50	30	280	Green	Head+Base		Chlorophyll	Own Tempo	Leaf Guard		190	63.33	Grass		20	2560	Medium Fast	"1,000,000"	0.5	1′08″	6.6	14.6	50	56	0	0	0	1	0	0	1	0%	100%	1	2	0.5	0.5	0.5	2	1	2	0.5	2	1	2	1	1	1	1	1	1	71-1|74-1|270-3|78-6|72-9|204-12|345-15|79-18|202-21|73-24|495-27|412-30|235-33|241-36|494-39|437-42	204-TM|182-TM|885-TM|263-TM|345-TM|203-TM|241-TM|331-TM|214-TM|402-TM|447-TM|156-TM|164-TM|202-TM|412-TM|227-TM|270-TM|676-TM|437-TM|76-TM|851-TM|803-TM	361-EM|275-EM|230-EM|388-EM		
549	549	Lilligant	Flowering Pokémon	Grass																			FALSE	TRUE	FALSE	TRUE	TRUE	TRUE	TRUE	TRUE	FALSE	TRUE	TRUE	TRUE			FALSE	FALSE	TRUE	TRUE	FALSE	FALSE				TRUE	TRUE	TRUE	TRUE	FALSE	FALSE	70	60	75	110	75	90	480	Green	Head+Base		Chlorophyll	Own Tempo	Leaf Guard	Sun Stone	75	25	Grass		20	2560	Medium Fast	"1,000,000"	1.1	3′07″	16.3	35.9	50	168	0	0	0	2	0	0	2	0%	100%	1	2	0.5	0.5	0.5	2	1	2	0.5	2	1	2	1	1	1	1	1	1	71-1|495-1|204-1|412-1|494-1|202-1|74-1|270-1|437-1|73-1|72-1|572-1|483-1|79-1|78-1|241-1|235-1|298-1|345-5	204-TM|182-TM|885-TM|263-TM|345-TM|203-TM|241-TM|331-TM|214-TM|402-TM|113-TM|447-TM|156-TM|14-TM|164-TM|202-TM|412-TM|227-TM|270-TM|676-TM|580-TM|416-TM|437-TM|63-TM|76-TM|851-TM|669-TM|311-TM|803-TM|244-TM|572-TM|914-TM	361-EM|275-EM|230-EM|388-EM	80-EV	
549		Hisuian Lilligant	Spin Pokémon	Grass	Fighting																																								TRUE	FALSE	FALSE	FALSE	FALSE	FALSE	FALSE	70	105	75	50	75	105	480	Green	Bipedal+Tailless		Chlorophyll	Hustle	Leaf Guard	Sun Stone in Hisui	75	25	Grass		20	2560	Medium Fast	"1,000,000"	1.2	3′11″	19.2	42.3	50	168	0	0	0	2	0	0	2	0%	100%	1	2	0.5	0.5	0.5	2	1	2	0.5	4	2	1	0.5	1	1	0.5	1	2	71-1|495-1|432-1|412-1|494-1|202-1|74-1|270-1|348-1|437-1|73-1|345-1|72-1|25-1|572-1|79-1|669-1|78-1|241-1|235-1|298-1|853-5	36-TM|204-TM|182-TM|67-TM|512-TM|885-TM|263-TM|332-TM|345-TM|490-TM|203-TM|241-TM|240-TM|331-TM|280-TM|403-TM|214-TM|402-TM|118-TM|447-TM|398-TM|156-TM|14-TM|164-TM|202-TM|412-TM|227-TM|861-TM|270-TM|676-TM|580-TM|416-TM|437-TM|542-TM|63-TM|370-TM|76-TM|851-TM|410-TM|669-TM|311-TM|803-TM|244-TM|572-TM|813-TM|811-TM|918-TM	361-EM|275-EM|230-EM|388-EM	837-EV	
550	550	Basculin Red-Striped Form	Hostile Pokémon	Water																			TRUE	TRUE	TRUE	TRUE	TRUE	TRUE	FALSE	FALSE	FALSE	FALSE	TRUE	TRUE			TRUE	TRUE	FALSE	FALSE	TRUE	TRUE			TRUE	TRUE	TRUE	FALSE	FALSE	FALSE	FALSE	70	92	65	80	55	98	460	Green	Fins		Reckless	Adaptability	Mold Breaker		25	8.33	Water 2		40	5120	Medium Fast	"1,000,000"	1	3′03″	18	39.7	50	161	0	0	0	0	0	2	2	50%	50%	1	0.5	0.5	2	2	0.5	1	1	1	1	1	1	1	1	1	1	0.5	1	39-1|55-1|33-4|175-8|453-12|44-16|184-20|29-24|487-28|242-32|36-36|515-40|834-44|37-48|38-52|457-56	36-TM|97-TM|184-TM|182-TM|423-TM|352-TM|886-TM|263-TM|129-TM|196-TM|341-TM|203-TM|240-TM|883-TM|428-TM|706-TM|214-TM|127-TM|156-TM|269-TM|164-TM|242-TM|710-TM|57-TM|179-TM|58-TM|56-TM|59-TM|416-TM|63-TM|851-TM|812-TM|799-TM|38-TM|283-TM|250-TM|330-TM	61-EM|283-EM		
550		Basculin Blue-Striped Form	Hostile Pokémon	Water																			TRUE	TRUE	TRUE	TRUE	TRUE	TRUE	FALSE	FALSE	FALSE	FALSE	TRUE	TRUE			TRUE	TRUE	FALSE	FALSE	TRUE	TRUE			TRUE	TRUE	TRUE	FALSE	FALSE	FALSE	FALSE	70	92	65	80	55	98	460	Green	Fins		Rock Head	Adaptability	Mold Breaker		25	8.33	Water 2		40	5120	Medium Fast	"1,000,000"	1	3′03″	18	39.7	50	161	0	0	0	0	0	2	2	50%	50%	1	0.5	0.5	2	2	0.5	1	1	1	1	1	1	1	1	1	1	0.5	1	39-1|55-1|33-4|175-8|453-12|44-16|184-20|29-24|487-28|242-32|36-36|515-40|834-44|37-48|38-52|457-56	36-TM|97-TM|184-TM|182-TM|423-TM|352-TM|886-TM|263-TM|129-TM|196-TM|341-TM|203-TM|240-TM|883-TM|428-TM|706-TM|214-TM|127-TM|156-TM|269-TM|164-TM|242-TM|710-TM|57-TM|179-TM|58-TM|56-TM|59-TM|416-TM|63-TM|851-TM|812-TM|799-TM|38-TM|283-TM|250-TM|330-TM	61-EM|283-EM		
550		Basculin White-Striped Form	Hostile Pokémon	Water																																									TRUE	FALSE	FALSE	TRUE	TRUE	FALSE	FALSE	70	92	65	80	55	98	460	Green	Fins		Rattled	Adaptability	Mold Breaker		25	8.33	Water 2		40	5120	Medium Fast	"1,000,000"	1	3′03″	18	39.7	50	161	0	0	0	0	0	2	2	50%	50%	1	0.5	0.5	2	2	0.5	1	1	1	1	1	1	1	1	1	1	0.5	1	39-1|55-1|33-4|175-8|453-12|44-16|184-20|29-24|487-28|242-32|36-36|253-40|834-44|37-48|38-52|457-56	36-TM|97-TM|184-TM|182-TM|423-TM|352-TM|886-TM|263-TM|129-TM|196-TM|341-TM|203-TM|240-TM|883-TM|428-TM|706-TM|214-TM|127-TM|156-TM|164-TM|242-TM|710-TM|57-TM|58-TM|56-TM|59-TM|851-TM|253-TM|812-TM|799-TM|38-TM|283-TM|250-TM|330-TM	283-EM|854-EM		
551	551	Sandile	Desert Croc Pokémon	Ground	Dark																		TRUE	TRUE	TRUE	TRUE	TRUE	TRUE	TRUE	TRUE	TRUE	TRUE	TRUE	TRUE			FALSE	FALSE	TRUE	TRUE	FALSE	FALSE				TRUE	TRUE	FALSE	FALSE	TRUE	TRUE	50	72	35	35	35	65	292	Brown	Quadruped		Intimidate	Moxie	Anger Point		180	60	Field		20	2560	Medium Slow	"1,059,860"	0.7	2′04″	15.2	33.5	50	58	0	1	0	0	0	0	1	50%	50%	1	1	2	0	2	2	2	0.5	1	1	0	2	0.5	0.5	1	0.5	1	2	43-1|681-1|28-3|468-6|328-9|184-12|44-15|259-18|91-21|207-24|242-27|201-30|492-33|89-36|37-39	36-TM|189-TM|184-TM|182-TM|424-TM|422-TM|168-TM|263-TM|523-TM|555-TM|341-TM|317-TM|374-TM|203-TM|201-TM|91-TM|280-TM|421-TM|492-TM|34-TM|214-TM|447-TM|707-TM|156-TM|157-TM|269-TM|399-TM|164-TM|242-TM|446-TM|270-TM|414-TM|188-TM|89-TM|444-TM|851-TM|46-TM|328-TM|180-TM|808-TM|38-TM|815-TM|806-TM|174-TM	401-EM|68-EM|38-EM|180-EM		
552	552	Krokorok	Desert Croc Pokémon	Ground	Dark																		TRUE	TRUE	TRUE	TRUE	TRUE	TRUE	TRUE	TRUE	TRUE	TRUE	TRUE	TRUE			FALSE	FALSE	TRUE	TRUE	FALSE	FALSE				TRUE	TRUE	FALSE	FALSE	TRUE	TRUE	60	82	45	45	45	74	351	Brown	Quadruped		Intimidate	Moxie	Anger Point	Level 29	90	30	Field		20	2560	Medium Slow	"1,059,860"	1	3′03″	33.4	73.6	50	123	0	2	0	0	0	0	2	50%	50%	1	1	2	0	2	2	2	0.5	1	1	0	2	0.5	0.5	1	0.5	1	2	468-1|43-1|681-1|28-1|328-9|184-12|44-15|259-18|91-21|207-24|242-27|201-32|492-35|89-42|37-47	36-TM|189-TM|184-TM|182-TM|424-TM|422-TM|67-TM|168-TM|263-TM|332-TM|523-TM|555-TM|341-TM|317-TM|490-TM|374-TM|525-TM|203-TM|201-TM|91-TM|280-TM|421-TM|492-TM|34-TM|214-TM|337-TM|447-TM|707-TM|156-TM|157-TM|269-TM|399-TM|164-TM|242-TM|446-TM|270-TM|414-TM|188-TM|89-TM|444-TM|851-TM|46-TM|328-TM|180-TM|282-TM|264-TM|808-TM|799-TM|38-TM|283-TM|815-TM|806-TM|784-TM|174-TM	401-EM|68-EM|38-EM|180-EM		
553	553	Krookodile	Intimidation Pokémon	Ground	Dark																		TRUE	TRUE	TRUE	TRUE	TRUE	TRUE	TRUE	TRUE	TRUE	TRUE	TRUE	TRUE			FALSE	FALSE	TRUE	TRUE	FALSE	FALSE				TRUE	TRUE	FALSE	FALSE	TRUE	TRUE	95	117	80	65	70	92	519	Red	Bipedal+Tail		Intimidate	Moxie	Anger Point	Level 40	45	15	Field		20	2560	Medium Slow	"1,059,860"	1.5	4′11″	96.3	212.3	50	260	0	3	0	0	0	0	3	50%	50%	1	1	2	0	2	2	2	0.5	1	1	0	2	0.5	0.5	1	0.5	1	2	468-1|43-1|681-1|28-1|328-9|184-12|44-15|259-18|91-21|207-24|242-27|201-32|492-35|89-44|37-51|200-58	36-TM|189-TM|184-TM|182-TM|424-TM|422-TM|67-TM|168-TM|263-TM|332-TM|523-TM|555-TM|341-TM|317-TM|490-TM|374-TM|525-TM|203-TM|201-TM|91-TM|280-TM|421-TM|492-TM|339-TM|34-TM|214-TM|337-TM|447-TM|707-TM|156-TM|157-TM|269-TM|399-TM|441-TM|164-TM|242-TM|406-TM|446-TM|270-TM|414-TM|188-TM|89-TM|444-TM|416-TM|200-TM|411-TM|63-TM|370-TM|851-TM|46-TM|328-TM|180-TM|479-TM|282-TM|667-TM|264-TM|808-TM|799-TM|38-TM|283-TM|815-TM|806-TM|675-TM|784-TM|174-TM	401-EM|68-EM|38-EM|180-EM		
554	554	Darumaka	Zen Charm Pokémon	Fire																			TRUE	TRUE	TRUE	TRUE	FALSE	FALSE	TRUE	TRUE	FALSE	FALSE	FALSE	FALSE			FALSE	FALSE	TRUE	TRUE	FALSE	FALSE										70	90	45	15	45	50	315	Red	Bipedal+Tailless		Hustle		Inner Focus		120	40	Field		20	2560	Medium Slow	"1,059,860"	0.6	2′00″	37.5	82.7	50	63	0	1	0	0	0	0	1	50%	50%	1	0.5	2	1	0.5	0.5	1	1	2	1	1	0.5	2	1	1	1	0.5	0.5					
554		Galarian Darumaka	Zen Charm Pokémon	Ice																																	TRUE	FALSE	FALSE	FALSE	TRUE	FALSE										70	90	45	15	45	50	315	White	Bipedal+Tailless		Hustle		Inner Focus		120	40	Field		20	2560	Medium Slow	"1,059,860"	0.7	2′04″	40	88.2	50	63	0	1	0	0	0	0	1	50%	50%	1	2	1	1	1	0.5	2	1	1	1	1	1	2	1	1	1	2	1					
555	555	Darmanitan Standard Mode	Blazing Pokémon	Fire																			TRUE	TRUE	TRUE	TRUE	FALSE	FALSE	TRUE	TRUE	FALSE	FALSE	FALSE	FALSE			FALSE	FALSE	TRUE	TRUE	FALSE	FALSE										105	140	55	30	55	95	480	Red	Quadruped		Sheer Force		Zen Mode	Level 35	60	20	Field		20	2560	Medium Slow	"1,059,860"	1.3	4′03″	92.9	204.8	50	168	0	2	0	0	0	0	2	50%	50%	1	0.5	2	1	0.5	0.5	1	1	2	1	1	0.5	2	1	1	1	0.5	0.5					
555		Galarian Darmanitan	Zen Charm Pokémon	Ice																																	TRUE	FALSE	FALSE	FALSE	TRUE	FALSE										105	140	55	30	55	95	480	White	Quadruped		Gorilla Tactics		Zen Mode	Ice Stone	60	20	Field		20	2560	Medium Slow	"1,059,860"	1.7	5′07″	120	264.6	50	168	0	2	0	0	0	0	2	50%	50%	1	2	1	1	1	0.5	2	1	1	1	1	1	2	1	1	1	2	1					
555		Darmanitan Zen Mode	Blazing Pokémon	Fire	Psychic																		TRUE	TRUE	TRUE	TRUE	FALSE	FALSE	TRUE	TRUE	FALSE	FALSE	FALSE	FALSE			FALSE	FALSE	FALSE	FALSE	FALSE	FALSE										105	30	105	140	105	55	540	Blue	Quadruped		Zen Mode					0			20	2560	Medium Slow	"1,059,860"	1.3	4′03″	92.9	204.8	50	189	0	0	0	2	0	0	2	50%	50%	1	0.5	2	1	0.5	0.5	0.5	1	2	1	0.5	1	2	2	1	2	0.5	0.5					
555		Galarian Darmanitan Zen Mode	Zen Charm Pokémon	Ice	Fire																																FALSE	FALSE	FALSE	FALSE	FALSE	FALSE										105	160	55	30	55	135	540	White	Quadruped		Zen Mode					0			20	2560	Medium Slow	"1,059,860"	1.7	5′07″	120	264.6	50	189	0	0	0	2	0	0	2	50%	50%	1	1	2	1	0.5	0.25	2	1	2	1	1	0.5	4	1	1	1	1	0.5					
556	556	Maractus	Cactus Pokémon	Grass																			TRUE	TRUE	TRUE	TRUE	TRUE	TRUE	TRUE	TRUE	FALSE	FALSE	FALSE	FALSE			TRUE	TRUE	FALSE	FALSE	FALSE	FALSE										75	86	67	106	67	60	461	Green	Head+Base		Water Absorb	Chlorophyll	Storm Drain		255	85	Grass		20	2560	Medium Fast	"1,000,000"	1	3′03″	28	61.7	50	161	0	0	0	2	0	0	2	50%	50%	1	2	0.5	0.5	0.5	2	1	2	0.5	2	1	2	1	1	1	1	1	1					
557	557	Dwebble	Rock Inn Pokémon	Bug	Rock																		TRUE	TRUE	TRUE	TRUE	TRUE	TRUE	TRUE	TRUE	FALSE	FALSE	TRUE	TRUE			TRUE	TRUE	TRUE	TRUE	FALSE	FALSE										50	65	85	35	35	55	325	Red	Insectoid		Sturdy	Shell Armor	Weak Armor		190	63.33	Bug	Mineral	20	2560	Medium Fast	"1,000,000"	0.3	1′00″	14.5	32	50	65	0	0	1	0	0	0	1	50%	50%	0.5	1	2	1	1	1	1	0.5	1	1	1	1	2	1	1	1	2	1					
558	558	Crustle	Stone Home Pokémon	Bug	Rock																		TRUE	TRUE	TRUE	TRUE	TRUE	TRUE	TRUE	TRUE	FALSE	FALSE	TRUE	TRUE			TRUE	TRUE	TRUE	TRUE	FALSE	FALSE										70	105	125	65	75	45	485	Red	Insectoid		Sturdy	Shell Armor	Weak Armor	Level 34	75	25	Bug	Mineral	20	2560	Medium Fast	"1,000,000"	1.4	4′07″	200	440.9	50	170	0	0	2	0	0	0	2	50%	50%	0.5	1	2	1	1	1	1	0.5	1	1	1	1	2	1	1	1	2	1					
559	559	Scraggy	Shedding Pokémon	Dark	Fighting																		TRUE	TRUE	TRUE	TRUE	TRUE	TRUE	TRUE	TRUE	FALSE	FALSE	TRUE	TRUE			TRUE	FALSE	TRUE	FALSE	FALSE	FALSE				FALSE	FALSE	FALSE	FALSE	TRUE	TRUE	50	75	70	35	70	48	348	Yellow	Bipedal+Tail		Shed Skin	Moxie	Intimidate		180	60	Field	Dragon	15	1920	Medium Fast	"1,000,000"	0.6	2′00″	11.8	26	35	70	0	1	0	0	0	0	1	50%	50%	1	1	1	1	1	1	2	1	1	2	0	1	0.5	0.5	1	0.25	1	4	43-1|67-1|371-4|29-8|28-12|263-16|259-20|251-24|184-28|280-32|207-36|242-40|136-44|264-48|457-52	36-TM|313-TM|184-TM|182-TM|67-TM|491-TM|168-TM|885-TM|263-TM|555-TM|317-TM|490-TM|374-TM|525-TM|203-TM|241-TM|240-TM|91-TM|280-TM|428-TM|492-TM|339-TM|7-TM|9-TM|8-TM|214-TM|409-TM|337-TM|447-TM|398-TM|156-TM|157-TM|269-TM|399-TM|442-TM|349-TM|164-TM|334-TM|242-TM|406-TM|227-TM|133-TM|270-TM|188-TM|444-TM|411-TM|370-TM|851-TM|46-TM|479-TM|282-TM|162-TM|253-TM|264-TM|808-TM|38-TM|283-TM|811-TM|675-TM|174-TM|918-TM	68-EM|197-EM|252-EM|501-EM		
560	560	Scrafty	Hoodlum Pokémon	Dark	Fighting																		TRUE	TRUE	TRUE	TRUE	TRUE	TRUE	TRUE	TRUE	FALSE	FALSE	TRUE	TRUE			TRUE	FALSE	TRUE	FALSE	FALSE	FALSE				FALSE	FALSE	FALSE	FALSE	TRUE	TRUE	65	90	115	45	115	58	488	Red	Bipedal+Tail		Shed Skin	Moxie	Intimidate	Level 39	90	30	Field	Dragon	15	1920	Medium Fast	"1,000,000"	1.1	3′07″	30	66.1	50	171	0	0	1	0	1	0	2	50%	50%	1	1	1	1	1	1	2	1	1	2	0	1	0.5	0.5	1	0.25	1	4	29-1|43-1|67-1|371-1|28-12|263-16|259-20|251-24|184-28|280-32|207-36|242-42|136-48|264-54|457-60	36-TM|313-TM|184-TM|182-TM|67-TM|491-TM|168-TM|885-TM|263-TM|555-TM|317-TM|490-TM|374-TM|525-TM|203-TM|241-TM|240-TM|91-TM|280-TM|428-TM|492-TM|339-TM|34-TM|7-TM|9-TM|8-TM|214-TM|409-TM|337-TM|118-TM|447-TM|398-TM|156-TM|157-TM|269-TM|14-TM|399-TM|442-TM|349-TM|164-TM|334-TM|242-TM|406-TM|227-TM|133-TM|270-TM|179-TM|188-TM|444-TM|416-TM|200-TM|411-TM|63-TM|370-TM|851-TM|46-TM|180-TM|479-TM|282-TM|162-TM|253-TM|264-TM|808-TM|38-TM|283-TM|811-TM|675-TM|174-TM|918-TM			
561	561	Sigilyph	Avianoid Pokémon	Psychic	Flying																		TRUE	TRUE	TRUE	TRUE	TRUE	TRUE	FALSE	FALSE	FALSE	FALSE	TRUE	TRUE			TRUE	TRUE	FALSE	FALSE	FALSE	FALSE										72	58	80	103	80	97	490	Black	1 Pair of Wings		Wonder Skin	Magic Guard	Tinted Lens		45	15	Flying		20	2560	Medium Fast	"1,000,000"	1.4	4′07″	14	30.9	50	172	0	0	0	2	0	0	2	50%	50%	1	1	1	2	0.5	2	0.25	1	0	1	0.5	1	2	2	1	2	1	1					
562	562	Yamask	Spirit Pokémon	Ghost																			TRUE	TRUE	TRUE	TRUE	FALSE	FALSE	TRUE	TRUE	FALSE	FALSE	FALSE	FALSE			TRUE	TRUE	FALSE	FALSE	FALSE	FALSE										38	30	85	55	65	30	303	Black	Head+Arms		Mummy				190	63.33	Mineral	Amorphous	25	3200	Medium Fast	"1,000,000"	0.5	1′08″	1.5	3.3	50	61	0	0	1	0	0	0	1	50%	50%	0	1	1	1	1	1	0	0.5	1	1	1	0.5	1	2	1	2	1	1					
562		Galarian Yamask	Spirit Pokémon	Ground	Ghost																																TRUE	TRUE	FALSE	FALSE	FALSE	FALSE										38	55	85	30	65	30	303	Black	Head+Arms		Wandering Spirit				190	63.33	Mineral	Amorphous	25	3200	Medium Fast	"1,000,000"	0.5	1′08″	1.5	3.3	50	61	0	0	1	0	0	0	1	50%	50%	0	1	2	0	2	2	0	0.25	1	1	1	0.5	0.5	2	1	2	1	1					
563	563	Cofagrigus	Coffin Pokémon	Ghost																			TRUE	TRUE	TRUE	TRUE	FALSE	FALSE	TRUE	TRUE	FALSE	FALSE	FALSE	FALSE			TRUE	TRUE	FALSE	FALSE	FALSE	FALSE										58	50	145	95	105	30	483	Yellow	Head+Base		Mummy			Level 34	90	30	Mineral	Amorphous	25	3200	Medium Fast	"1,000,000"	1.7	5′07″	76.5	168.7	50	169	0	0	2	0	0	0	2	50%	50%	0	1	1	1	1	1	0	0.5	1	1	1	0.5	1	2	1	2	1	1					
564	564	Tirtouga	Prototurtle Pokémon	Water	Rock																		TRUE	TRUE	TRUE	TRUE	TRUE	TRUE	TRUE	TRUE	TRUE	TRUE	TRUE	TRUE			FALSE	FALSE	FALSE	FALSE	TRUE	TRUE										54	78	103	53	45	22	355	Blue	Quadruped		Solid Rock	Sturdy	Swift Swim		45	15	Water 1	Water 3	30	3840	Medium Fast	"1,000,000"	0.7	2′04″	16.5	36.4	50	71	0	0	1	0	0	0	1	87.50%	12.50%	0.5	0.25	1	2	4	0.5	2	0.5	2	0.5	1	1	1	1	1	1	1	1					
565	565	Carracosta	Prototurtle Pokémon	Water	Rock																		TRUE	TRUE	TRUE	TRUE	TRUE	TRUE	TRUE	TRUE	TRUE	TRUE	TRUE	TRUE			FALSE	FALSE	FALSE	FALSE	TRUE	TRUE										74	108	133	83	65	32	495	Blue	Bipedal+Tail		Solid Rock	Sturdy	Swift Swim	Level 37	45	15	Water 1	Water 3	30	3840	Medium Fast	"1,000,000"	1.2	3′11″	81	178.6	50	173	0	0	2	0	0	0	2	87.50%	12.50%	0.5	0.25	1	2	4	0.5	2	0.5	2	0.5	1	1	1	1	1	1	1	1					
566	566	Archen	First Bird Pokémon	Rock	Flying																		TRUE	TRUE	TRUE	TRUE	TRUE	TRUE	TRUE	TRUE	TRUE	TRUE	TRUE	TRUE			FALSE	FALSE	FALSE	FALSE	TRUE	TRUE										55	112	45	74	45	70	401	Yellow	1 Pair of Wings		Defeatist				45	15	Flying	Water 3	30	3840	Medium Fast	"1,000,000"	0.5	1′08″	9.5	20.9	50	71	0	1	0	0	0	0	1	87.50%	12.50%	0.5	0.5	2	2	1	2	1	0.5	0	0.5	1	0.5	2	1	1	1	2	1					
567	567	Archeops	First Bird Pokémon	Rock	Flying																		TRUE	TRUE	TRUE	TRUE	TRUE	TRUE	TRUE	TRUE	TRUE	TRUE	TRUE	TRUE			FALSE	FALSE	FALSE	FALSE	TRUE	TRUE										75	140	65	112	65	110	567	Yellow	1 Pair of Wings		Defeatist			Level 37	45	15	Flying	Water 3	30	3840	Medium Fast	"1,000,000"	1.4	4′07″	32	70.5	50	177	0	2	0	0	0	0	2	87.50%	12.50%	0.5	0.5	2	2	1	2	1	0.5	0	0.5	1	0.5	2	1	1	1	2	1					
568	568	Trubbish	Trash Bag Pokémon	Poison																			TRUE	TRUE	TRUE	TRUE	TRUE	TRUE	TRUE	TRUE	TRUE	TRUE	TRUE	TRUE			TRUE	TRUE	FALSE	FALSE	FALSE	FALSE										50	50	62	40	62	65	329	Green	Bipedal+Tailless		Stench	Sticky Hold	Aftermath		190	63.33	Mineral		20	2560	Medium Fast	"1,000,000"	0.6	2′00″	31	68.3	50	66	0	0	0	0	0	1	1	50%	50%	1	1	1	1	0.5	1	0.5	0.5	2	1	2	0.5	1	1	1	1	1	0.5					
569		GMAX Garbodor	Trash Heap Pokémon	Poison																																	TRUE	TRUE	TRUE	TRUE	TRUE	TRUE										80	95	82	60	82	75	474	Green	Bipedal+Tailless		Stench	Weak Armor	Aftermath	GMAX Factor	3	1					Medium Fast	"1,000,000"	21	"68'11"""	???	???	50	0	0	0	0	0	0	0	0	50%	50%	1	1	1	1	0.5	1	0.5	0.5	2	1	2	0.5	1	1	1	1	1	0.5					
569	569	Garbodor	Trash Heap Pokémon	Poison																			TRUE	TRUE	TRUE	TRUE	TRUE	TRUE	TRUE	TRUE	TRUE	TRUE	TRUE	TRUE			TRUE	TRUE	FALSE	FALSE	FALSE	FALSE										80	95	82	60	82	75	474	Green	Bipedal+Tailless		Stench	Weak Armor	Aftermath	Level 36	60	20	Mineral		20	2560	Medium Fast	"1,000,000"	1.9	6′03″	107.3	236.6	50	166	0	2	0	0	0	0	2	50%	50%	1	1	1	1	0.5	1	0.5	0.5	2	1	2	0.5	1	1	1	1	1	0.5					
570	570	Zorua	Tricky Fox Pokémon	Dark																			TRUE	TRUE	TRUE	TRUE	TRUE	TRUE	TRUE	TRUE	FALSE	FALSE	TRUE	TRUE			FALSE	FALSE	TRUE	TRUE	FALSE	FALSE				TRUE	TRUE	FALSE	FALSE	FALSE	FALSE	40	65	40	80	40	65	330	Gray	Quadruped		Illusion				75	25	Field		25	3200	Medium Slow	"1,059,860"	0.7	2′04″	12.5	27.6	50	66	0	0	0	1	0	0	1	87.50%	12.50%	1	1	1	1	1	1	2	1	1	1	0	2	1	0.5	1	0.5	1	2	43-1|10-1|259-4|468-8|154-12|184-16|269-20|282-24|313-28|97-32|286-36|539-40|417-44|492-48	36-TM|313-TM|97-TM|184-TM|182-TM|109-TM|168-TM|263-TM|506-TM|555-TM|129-TM|101-TM|374-TM|203-TM|241-TM|240-TM|91-TM|369-TM|421-TM|492-TM|214-TM|447-TM|156-TM|269-TM|14-TM|286-TM|399-TM|164-TM|271-TM|247-TM|304-TM|227-TM|347-TM|270-TM|417-TM|188-TM|851-TM|46-TM|180-TM|282-TM|807-TM|808-TM|220-TM|244-TM|806-TM	383-EM|68-EM|197-EM|326-EM|262-EM|389-EM		
570		Hisuian Zorua	Grudge Fox Pokémon	Normal	Ghost																																								TRUE	FALSE	FALSE	FALSE	FALSE	FALSE	FALSE	35	60	40	85	40	70	330	Gray	Quadruped		Illusion				75	25	Field		25	3200	Medium Slow	"1,059,860"	0.7	2′04″	12.5	27.6	50	66	0	0	0	1	0	0	1	87.50%	12.50%	0	1	1	1	1	1	0	0.5	1	1	1	0.5	1	0	1	2	1	1	43-1|10-1|259-4|468-8|425-12|174-16|269-20|282-24|180-28|97-32|247-36|841-40|417-44|492-48	36-TM|313-TM|97-TM|182-TM|109-TM|168-TM|263-TM|506-TM|555-TM|129-TM|196-TM|101-TM|374-TM|203-TM|240-TM|883-TM|91-TM|369-TM|421-TM|492-TM|214-TM|156-TM|269-TM|286-TM|399-TM|164-TM|261-TM|271-TM|247-TM|347-TM|417-TM|188-TM|566-TM|416-TM|63-TM|851-TM|46-TM|180-TM|282-TM|264-TM|807-TM|808-TM|220-TM|244-TM|806-TM|174-TM	894-EM|197-EM|326-EM|262-EM		
571	571	Zoroark	Illusion Fox Pokémon	Dark																			TRUE	TRUE	TRUE	TRUE	TRUE	TRUE	TRUE	TRUE	FALSE	FALSE	TRUE	TRUE			FALSE	FALSE	TRUE	TRUE	FALSE	FALSE				TRUE	TRUE	FALSE	FALSE	FALSE	FALSE	60	105	60	120	60	105	510	Gray	Bipedal+Tail		Illusion			Level 30	45	15	Field		20	2560	Medium Slow	"1,059,860"	1.6	5′03″	81.1	178.8	50	179	0	0	0	2	0	0	2	87.50%	12.50%	1	1	1	1	1	1	2	1	1	1	0	2	1	0.5	1	0.5	1	2	468-1|43-1|10-1|259-1|369-1|154-12|269-20|282-24|313-28|97-34|286-40|539-46|417-52|492-58	36-TM|313-TM|97-TM|184-TM|182-TM|67-TM|109-TM|168-TM|263-TM|332-TM|506-TM|555-TM|129-TM|490-TM|101-TM|374-TM|203-TM|241-TM|240-TM|91-TM|280-TM|369-TM|421-TM|492-TM|34-TM|214-TM|447-TM|156-TM|269-TM|14-TM|286-TM|399-TM|164-TM|242-TM|271-TM|247-TM|304-TM|94-TM|227-TM|53-TM|347-TM|270-TM|417-TM|188-TM|416-TM|411-TM|63-TM|851-TM|46-TM|92-TM|180-TM|282-TM|807-TM|808-TM|220-TM|244-TM|806-TM|675-TM	383-EM|68-EM|197-EM|326-EM|262-EM|389-EM	400-EV	
571		Hisuian Zoroark	Curse Fox Pokémon	Normal	Ghost																																								TRUE	FALSE	FALSE	FALSE	FALSE	FALSE	FALSE	60	105	60	120	60	105	510	Gray	Bipedal+Tail		Illusion			Level 30 in Hisui	45	15	Field		20	2560	Medium Slow	"1,059,860"	1.6	5′03″	73	160.9	50	179	0	0	0	2	0	0	2	87.50%	12.50%	0	1	1	1	1	1	0	0.5	1	1	1	0.5	1	0	1	2	1	1	468-1|43-1|10-1|259-1|369-1|425-12|174-16|269-20|282-24|180-28|97-34|247-40|841-46|417-52|492-58	36-TM|313-TM|97-TM|184-TM|182-TM|67-TM|109-TM|168-TM|263-TM|332-TM|506-TM|555-TM|129-TM|196-TM|490-TM|101-TM|374-TM|203-TM|240-TM|883-TM|91-TM|280-TM|369-TM|421-TM|492-TM|34-TM|214-TM|447-TM|156-TM|269-TM|14-TM|286-TM|399-TM|164-TM|261-TM|242-TM|271-TM|247-TM|304-TM|94-TM|53-TM|347-TM|270-TM|417-TM|188-TM|566-TM|416-TM|411-TM|63-TM|851-TM|46-TM|180-TM|282-TM|264-TM|807-TM|809-TM|808-TM|220-TM|244-TM|806-TM|675-TM|174-TM	894-EM|197-EM|326-EM|262-EM	421-EV	
572	572	Minccino	Chinchilla Pokémon	Normal																			TRUE	TRUE	TRUE	TRUE	TRUE	TRUE	TRUE	TRUE	FALSE	FALSE	TRUE	TRUE			TRUE	TRUE	FALSE	FALSE	FALSE	FALSE				FALSE	FALSE	FALSE	FALSE	TRUE	TRUE	55	50	40	40	40	75	300	Gray	Quadruped		Cute Charm	Technician	Skill Link		255	85	Field		15	1920	Fast	"800,000"	0.4	1′04″	5.8	12.8	50	60	0	0	0	0	0	1	1	25%	75%	1	1	1	1	1	1	2	1	1	1	1	1	1	0	1	1	1	1	608-1|1-1|270-4|497-8|47-12|204-16|129-20|227-24|495-28|541-32|321-36|21-40|304-44|387-48	36-TM|204-TM|313-TM|189-TM|182-TM|168-TM|885-TM|886-TM|263-TM|129-TM|374-TM|203-TM|241-TM|240-TM|91-TM|331-TM|369-TM|214-TM|402-TM|605-TM|447-TM|86-TM|156-TM|441-TM|164-TM|304-TM|227-TM|85-TM|583-TM|347-TM|270-TM|226-TM|851-TM|282-TM|162-TM|253-TM|283-TM|813-TM|914-TM	401-EM|175-EM|282-EM|39-EM|882-EM		
573	573	Cinccino	Scarf Pokémon	Normal																			TRUE	TRUE	TRUE	TRUE	TRUE	TRUE	TRUE	TRUE	FALSE	FALSE	TRUE	TRUE			TRUE	TRUE	FALSE	FALSE	FALSE	FALSE				FALSE	FALSE	FALSE	FALSE	TRUE	TRUE	75	95	60	65	60	115	470	Gray	Quadruped		Cute Charm	Technician	Skill Link	Shiny Stone	60	20	Field		15	1920	Fast	"800,000"	0.5	1′08″	7.5	16.5	50	165	0	0	0	0	0	2	2	25%	75%	1	1	1	1	1	1	2	1	1	1	1	1	1	0	1	1	1	1	331-1|204-1|1-1|47-1	36-TM|204-TM|313-TM|189-TM|182-TM|168-TM|885-TM|886-TM|263-TM|129-TM|374-TM|203-TM|241-TM|240-TM|91-TM|331-TM|369-TM|214-TM|402-TM|113-TM|350-TM|605-TM|447-TM|86-TM|156-TM|441-TM|164-TM|304-TM|227-TM|861-TM|85-TM|583-TM|347-TM|270-TM|226-TM|416-TM|411-TM|63-TM|87-TM|851-TM|282-TM|162-TM|253-TM|38-TM|283-TM|813-TM|914-TM		541-EV	495-R|608-R|497-R|227-R|270-R|304-R|387-R|350-R|21-R|129-R|321-R
574	574	Gothita	Fixation Pokémon	Psychic																			TRUE	FALSE	TRUE	FALSE	TRUE	TRUE	TRUE	TRUE	TRUE	TRUE	FALSE	FALSE			TRUE	FALSE	FALSE	FALSE	TRUE	FALSE				TRUE	TRUE	FALSE	FALSE	TRUE	TRUE	45	30	50	55	65	45	290	Purple	Bipedal+Tailless		Frisk	Competitive	Shadow Tag		200	66.67	Human-Like		20	2560	Medium Slow	"1,059,860"	0.4	1′04″	5.8	12.8	50	58	0	0	0	0	1	0	1	25%	75%	1	1	1	1	1	1	0.5	1	1	1	0.5	2	1	2	1	2	1	1	93-1|1-1|589-4|321-8|60-12|204-16|473-20|95-24|313-28|244-33|94-36|260-40|248-44|478-48	204-TM|313-TM|182-TM|60-TM|168-TM|263-TM|129-TM|317-TM|500-TM|374-TM|203-TM|240-TM|473-TM|428-TM|492-TM|214-TM|115-TM|113-TM|447-TM|86-TM|156-TM|157-TM|269-TM|286-TM|399-TM|285-TM|164-TM|271-TM|247-TM|412-TM|94-TM|85-TM|347-TM|270-TM|678-TM|417-TM|433-TM|851-TM|356-TM|244-TM|248-TM|797-TM|917-TM	252-EM|505-EM|212-EM|243-EM|259-EM		
575	575	Gothorita	Manipulate Pokémon	Psychic																			TRUE	FALSE	TRUE	FALSE	TRUE	TRUE	TRUE	TRUE	TRUE	TRUE	FALSE	FALSE			TRUE	FALSE	FALSE	FALSE	TRUE	FALSE				TRUE	TRUE	FALSE	FALSE	TRUE	TRUE	60	45	70	75	85	55	390	Purple	Bipedal+Tailless		Frisk	Competitive	Shadow Tag	Level 32	100	33.33	Human-Like		20	2560	Medium Slow	"1,059,860"	0.7	2′04″	18	39.7	50	137	0	0	0	0	2	0	2	25%	75%	1	1	1	1	1	1	0.5	1	1	1	0.5	2	1	2	1	2	1	1	93-1|589-1|1-1|321-1|60-12|204-16|473-20|95-24|313-28|244-35|260-46|248-52|478-58	204-TM|313-TM|182-TM|60-TM|168-TM|263-TM|129-TM|317-TM|500-TM|374-TM|203-TM|240-TM|473-TM|428-TM|492-TM|214-TM|115-TM|113-TM|118-TM|447-TM|86-TM|156-TM|157-TM|269-TM|286-TM|399-TM|285-TM|164-TM|271-TM|247-TM|412-TM|94-TM|85-TM|347-TM|270-TM|678-TM|417-TM|433-TM|851-TM|356-TM|244-TM|248-TM|797-TM|917-TM	252-EM|505-EM|212-EM|243-EM|259-EM		
576	576	Gothitelle	Astral Body Pokémon	Psychic																			TRUE	FALSE	TRUE	FALSE	TRUE	TRUE	TRUE	TRUE	TRUE	TRUE	FALSE	FALSE			TRUE	FALSE	FALSE	FALSE	TRUE	FALSE				TRUE	TRUE	FALSE	FALSE	TRUE	TRUE	70	55	95	95	110	65	490	Purple	Bipedal+Tailless		Frisk	Competitive	Shadow Tag	Level 41	50	16.67	Human-Like		20	2560	Medium Slow	"1,059,860"	1.5	4′11″	44	97	50	245	0	0	0	0	3	0	3	25%	75%	1	1	1	1	1	1	0.5	1	1	1	0.5	2	1	2	1	2	1	1	93-1|589-1|1-1|321-1|60-12|204-16|473-20|95-24|313-28|244-35|94-40|260-48|248-56|478-64	204-TM|313-TM|182-TM|60-TM|168-TM|263-TM|129-TM|317-TM|490-TM|500-TM|374-TM|203-TM|240-TM|473-TM|280-TM|428-TM|492-TM|34-TM|214-TM|115-TM|113-TM|118-TM|447-TM|86-TM|156-TM|157-TM|269-TM|286-TM|399-TM|285-TM|164-TM|271-TM|247-TM|412-TM|94-TM|85-TM|347-TM|270-TM|678-TM|417-TM|416-TM|411-TM|433-TM|63-TM|851-TM|356-TM|244-TM|248-TM|797-TM|917-TM	252-EM|505-EM|212-EM|243-EM|259-EM		
577	577	Solosis	Cell Pokémon	Psychic																			FALSE	TRUE	FALSE	TRUE	TRUE	TRUE	FALSE	FALSE	TRUE	TRUE	FALSE	FALSE			FALSE	TRUE	FALSE	FALSE	FALSE	TRUE				FALSE	FALSE	FALSE	FALSE	TRUE	TRUE	45	30	40	105	50	20	290	Green	Head		Overcoat	Magic Guard	Regenerator		200	66.67	Amorphous		20	2560	Medium Slow	"1,059,860"	0.3	1′00″	1	2.2	50	58	0	0	0	1	0	0	1	50%	50%	1	1	1	1	1	1	0.5	1	1	1	0.5	2	1	2	1	2	1	1	93-1|182-1|105-4|283-8|60-12|204-16|473-20|113-24|115-24|502-28|220-33|94-36|285-40|248-44|472-48	204-TM|182-TM|60-TM|109-TM|263-TM|129-TM|317-TM|500-TM|101-TM|203-TM|241-TM|240-TM|473-TM|428-TM|214-TM|115-TM|113-TM|86-TM|156-TM|157-TM|286-TM|430-TM|285-TM|164-TM|334-TM|271-TM|247-TM|412-TM|94-TM|227-TM|347-TM|270-TM|678-TM|433-TM|87-TM|851-TM|356-TM|360-TM|220-TM|244-TM|283-TM|248-TM|797-TM	151-EM|310-EM|109-EM		
578	578	Duosion	Mitosis Pokémon	Psychic																			FALSE	TRUE	FALSE	TRUE	TRUE	TRUE	FALSE	FALSE	TRUE	TRUE	FALSE	FALSE			FALSE	TRUE	FALSE	FALSE	FALSE	TRUE				FALSE	FALSE	FALSE	FALSE	TRUE	TRUE	65	40	50	125	60	30	370	Green	Head		Overcoat	Magic Guard	Regenerator	Level 32	100	33.33	Amorphous		20	2560	Medium Slow	"1,059,860"	0.6	2′00″	8	17.6	50	130	0	0	0	2	0	0	2	50%	50%	1	1	1	1	1	1	0.5	1	1	1	0.5	2	1	2	1	2	1	1	93-1|283-1|182-1|105-1|60-12|204-16|473-20|113-24|115-24|502-28|220-35|94-40|285-46|248-52|472-58	204-TM|182-TM|60-TM|109-TM|263-TM|129-TM|317-TM|500-TM|101-TM|203-TM|241-TM|240-TM|473-TM|428-TM|214-TM|115-TM|113-TM|86-TM|156-TM|157-TM|286-TM|430-TM|285-TM|164-TM|334-TM|271-TM|247-TM|412-TM|94-TM|227-TM|347-TM|270-TM|678-TM|433-TM|87-TM|851-TM|356-TM|360-TM|220-TM|244-TM|283-TM|248-TM|797-TM			
579	579	Reuniclus	Multiplying Pokémon	Psychic																			FALSE	TRUE	FALSE	TRUE	TRUE	TRUE	FALSE	FALSE	TRUE	TRUE	FALSE	FALSE			FALSE	TRUE	FALSE	FALSE	FALSE	TRUE				FALSE	FALSE	FALSE	FALSE	TRUE	TRUE	110	65	75	125	85	30	490	Green	Head+Arms		Overcoat	Magic Guard	Regenerator	Level 41	50	16.67	Amorphous		20	2560	Medium Slow	"1,059,860"	1	3′03″	20.1	44.3	50	245	0	0	0	3	0	0	3	50%	50%	1	1	1	1	1	1	0.5	1	1	1	0.5	2	1	2	1	2	1	1	93-1|283-1|182-1|105-1|60-12|204-16|473-20|113-24|115-24|502-28|220-35|94-40|285-48|248-56|472-64	204-TM|182-TM|60-TM|109-TM|263-TM|129-TM|317-TM|500-TM|101-TM|374-TM|203-TM|241-TM|240-TM|473-TM|428-TM|34-TM|7-TM|9-TM|8-TM|214-TM|409-TM|115-TM|113-TM|447-TM|86-TM|156-TM|157-TM|286-TM|430-TM|285-TM|164-TM|334-TM|271-TM|247-TM|412-TM|94-TM|227-TM|347-TM|270-TM|678-TM|416-TM|411-TM|433-TM|63-TM|87-TM|851-TM|356-TM|360-TM|282-TM|264-TM|220-TM|244-TM|283-TM|248-TM|797-TM|917-TM		359-EV	
580	580	Ducklett	Water Bird Pokémon	Water	Flying																		TRUE	TRUE	TRUE	TRUE	TRUE	TRUE	FALSE	FALSE	FALSE	FALSE	TRUE	TRUE												FALSE	FALSE	TRUE	TRUE	FALSE	FALSE	62	44	50	44	50	55	305	Blue	1 Pair of Wings		Keen Eye	Big Pecks	Hydration		190	63.33	Water 1	Flying	20	2560	Medium Fast	"1,000,000"	0.5	1′08″	5.5	12.1	50	61	1	0	0	0	0	0	1	50%	50%	1	0.5	0.5	4	1	1	0.5	1	0	1	1	0.5	2	1	1	1	0.5	1	55-1|432-6|17-9|352-13|332-15|61-19|297-21|392-24|403-27|355-30|240-34|366-37|413-41|542-46	182-TM|352-TM|574-TM|885-TM|886-TM|263-TM|332-TM|129-TM|196-TM|314-TM|203-TM|240-TM|403-TM|214-TM|156-TM|19-TM|164-TM|710-TM|366-TM|57-TM|270-TM|58-TM|542-TM|413-TM|851-TM|38-TM|283-TM|250-TM|297-TM	453-EM|362-EM|291-EM|283-EM|16-EM|211-EM		
581	581	Swanna	White Bird Pokémon	Water	Flying																		TRUE	TRUE	TRUE	TRUE	TRUE	TRUE	FALSE	FALSE	FALSE	FALSE	TRUE	TRUE												FALSE	FALSE	TRUE	TRUE	FALSE	FALSE	75	87	63	87	63	98	473	White	1 Pair of Wings		Keen Eye	Big Pecks	Hydration	Level 35	45	15	Water 1	Flying	20	2560	Medium Fast	"1,000,000"	1.3	4′03″	24.2	53.4	50	166	0	0	0	0	0	2	2	50%	50%	1	0.5	0.5	4	1	1	0.5	1	0	1	1	0.5	2	1	1	1	0.5	1	432-1|55-1|17-1|352-13|332-15|61-19|297-21|392-24|403-27|355-30|240-34|366-40|413-47|542-55	182-TM|352-TM|512-TM|574-TM|885-TM|886-TM|263-TM|332-TM|129-TM|196-TM|314-TM|203-TM|240-TM|403-TM|214-TM|156-TM|19-TM|164-TM|710-TM|366-TM|57-TM|270-TM|58-TM|56-TM|416-TM|542-TM|63-TM|413-TM|851-TM|282-TM|311-TM|812-TM|38-TM|283-TM|250-TM|297-TM|914-TM			
582	582	Vanillite	Fresh Snow Pokémon	Ice																			TRUE	TRUE	TRUE	TRUE	TRUE	TRUE	FALSE	FALSE	TRUE	TRUE	TRUE	TRUE			TRUE	TRUE	FALSE	FALSE	TRUE	TRUE										36	50	50	65	60	44	305	White	Head+Base		Ice Body	Snow Cloak	Weak Armor		255	85	Mineral		20	2560	Slow	"1,250,000"	0.4	1′04″	5.7	12.6	50	61	0	0	0	1	0	0	1	50%	50%	1	2	1	1	1	0.5	2	1	1	1	1	1	2	1	1	1	2	1					
583	583	Vanillish	Icy Snow Pokémon	Ice																			TRUE	TRUE	TRUE	TRUE	TRUE	TRUE	FALSE	FALSE	TRUE	TRUE	TRUE	TRUE			TRUE	TRUE	FALSE	FALSE	TRUE	TRUE										51	65	65	80	75	59	395	White	Head+Base		Ice Body	Snow Cloak	Weak Armor	Level 35	120	40	Mineral		20	2560	Slow	"1,250,000"	1.1	3′07″	41	90.4	50	138	0	0	0	2	0	0	2	50%	50%	1	2	1	1	1	0.5	2	1	1	1	1	1	2	1	1	1	2	1					
584	584	Vanilluxe	Snowstorm Pokémon	Ice																			TRUE	TRUE	TRUE	TRUE	TRUE	TRUE	FALSE	FALSE	TRUE	TRUE	TRUE	TRUE			TRUE	TRUE	FALSE	FALSE	TRUE	TRUE										71	95	85	110	95	79	535	White	Multiple Bodies		Ice Body	Snow Cloak	Weak Armor	Level 47	45	15	Mineral		20	2560	Slow	"1,250,000"	1.3	4′03″	57.5	126.8	50	268	0	0	0	3	0	0	3	50%	50%	1	2	1	1	1	0.5	2	1	1	1	1	1	2	1	1	1	2	1					
585	585	Deerling Spring Form	Season Pokémon	Normal	Grass																		TRUE	TRUE	TRUE	TRUE	TRUE	TRUE	TRUE	TRUE	FALSE	FALSE	FALSE	FALSE												TRUE	TRUE	FALSE	FALSE	TRUE	TRUE	60	60	50	40	50	75	335	Pink	Quadruped		Chlorophyll	Sap Sipper	Serene Grace		190	63.33	Field		20	2560	Medium Fast	"1,000,000"	0.6	2′00″	19.5	43	50	67	0	0	0	0	0	1	1	50%	50%	1	2	0.5	0.5	0.5	2	2	2	0.5	2	1	2	1	0	1	1	1	1	33-1|45-4|28-7|24-10|73-13|331-16|36-20|428-24|412-28|204-32|38-37|76-42	36-TM|204-TM|313-TM|97-TM|182-TM|885-TM|263-TM|523-TM|345-TM|203-TM|241-TM|240-TM|91-TM|331-TM|428-TM|34-TM|214-TM|402-TM|113-TM|447-TM|86-TM|156-TM|164-TM|202-TM|247-TM|412-TM|583-TM|270-TM|226-TM|580-TM|528-TM|437-TM|76-TM|851-TM|803-TM|38-TM|283-TM	97-EM|226-EM|313-EM|29-EM|214-EM|235-EM|388-EM		
585		Deerling Summer Form	Season Pokémon	Normal	Grass																		TRUE	TRUE	TRUE	TRUE	TRUE	TRUE	TRUE	TRUE	FALSE	FALSE	FALSE	FALSE												TRUE	TRUE	FALSE	FALSE	TRUE	TRUE	60	60	50	40	50	75	335	Green	Quadruped		Chlorophyll	Sap Sipper	Serene Grace		190	63.33	Field		20	2560	Medium Fast	"1,000,000"	0.6	2′00″	19.5	43	50	67	0	0	0	0	0	1	1	50%	50%	1	2	0.5	0.5	0.5	2	2	2	0.5	2	1	2	1	0	1	1	1	1	33-1|45-4|28-7|24-10|73-13|331-16|36-20|428-24|412-28|204-32|38-37|76-42	36-TM|204-TM|313-TM|97-TM|182-TM|885-TM|263-TM|523-TM|345-TM|203-TM|241-TM|240-TM|91-TM|331-TM|428-TM|34-TM|214-TM|402-TM|113-TM|447-TM|86-TM|156-TM|164-TM|202-TM|247-TM|412-TM|583-TM|270-TM|226-TM|580-TM|528-TM|437-TM|76-TM|851-TM|803-TM|38-TM|283-TM	97-EM|226-EM|313-EM|29-EM|214-EM|235-EM|388-EM		
585		Deerling Autumn Form	Season Pokémon	Normal	Grass																		TRUE	TRUE	TRUE	TRUE	TRUE	TRUE	TRUE	TRUE	FALSE	FALSE	FALSE	FALSE												TRUE	TRUE	FALSE	FALSE	TRUE	TRUE	60	60	50	40	50	75	335	Red	Quadruped		Chlorophyll	Sap Sipper	Serene Grace		190	63.33	Field		20	2560	Medium Fast	"1,000,000"	0.6	2′00″	19.5	43	50	67	0	0	0	0	0	1	1	50%	50%	1	2	0.5	0.5	0.5	2	2	2	0.5	2	1	2	1	0	1	1	1	1	33-1|45-4|28-7|24-10|73-13|331-16|36-20|428-24|412-28|204-32|38-37|76-42	36-TM|204-TM|313-TM|97-TM|182-TM|885-TM|263-TM|523-TM|345-TM|203-TM|241-TM|240-TM|91-TM|331-TM|428-TM|34-TM|214-TM|402-TM|113-TM|447-TM|86-TM|156-TM|164-TM|202-TM|247-TM|412-TM|583-TM|270-TM|226-TM|580-TM|528-TM|437-TM|76-TM|851-TM|803-TM|38-TM|283-TM	97-EM|226-EM|313-EM|29-EM|214-EM|235-EM|388-EM		
585		Deerling Winter Form	Season Pokémon	Normal	Grass																		TRUE	TRUE	TRUE	TRUE	TRUE	TRUE	TRUE	TRUE	FALSE	FALSE	FALSE	FALSE												TRUE	TRUE	FALSE	FALSE	TRUE	TRUE	60	60	50	40	50	75	335	Brown	Quadruped		Chlorophyll	Sap Sipper	Serene Grace		190	63.33	Field		20	2560	Medium Fast	"1,000,000"	0.6	2′00″	19.5	43	50	67	0	0	0	0	0	1	1	50%	50%	1	2	0.5	0.5	0.5	2	2	2	0.5	2	1	2	1	0	1	1	1	1	33-1|45-4|28-7|24-10|73-13|331-16|36-20|428-24|412-28|204-32|38-37|76-42	36-TM|204-TM|313-TM|97-TM|182-TM|885-TM|263-TM|523-TM|345-TM|203-TM|241-TM|240-TM|91-TM|331-TM|428-TM|34-TM|214-TM|402-TM|113-TM|447-TM|86-TM|156-TM|164-TM|202-TM|247-TM|412-TM|583-TM|270-TM|226-TM|580-TM|528-TM|437-TM|76-TM|851-TM|803-TM|38-TM|283-TM	97-EM|226-EM|313-EM|29-EM|214-EM|235-EM|388-EM		
586	586	Sawsbuck Spring Form	Season Pokémon	Normal	Grass																		TRUE	TRUE	TRUE	TRUE	TRUE	TRUE	TRUE	TRUE	FALSE	FALSE	FALSE	FALSE												TRUE	TRUE	FALSE	FALSE	TRUE	TRUE	80	100	70	60	70	95	475	Brown	Quadruped		Chlorophyll	Sap Sipper	Serene Grace	Level 34	75	25	Field		20	2560	Medium Fast	"1,000,000"	1.9	6′03″	92.5	203.9	50	166	0	2	0	0	0	0	2	50%	50%	1	2	0.5	0.5	0.5	2	2	2	0.5	2	1	2	1	0	1	1	1	1	45-1|224-1|28-1|33-1|24-10|73-13|331-16|36-20|428-24|412-28|204-36|38-44|76-52	36-TM|204-TM|313-TM|97-TM|182-TM|885-TM|263-TM|523-TM|345-TM|203-TM|241-TM|240-TM|684-TM|91-TM|331-TM|428-TM|34-TM|214-TM|402-TM|113-TM|447-TM|86-TM|707-TM|156-TM|14-TM|164-TM|202-TM|247-TM|412-TM|583-TM|270-TM|226-TM|580-TM|528-TM|416-TM|437-TM|63-TM|76-TM|851-TM|667-TM|803-TM|38-TM|283-TM|572-TM|675-TM|174-TM	97-EM|226-EM|313-EM|29-EM|214-EM|235-EM|388-EM	532-EV	
586		Sawsbuck Summer Form	Season Pokémon	Normal	Grass																		TRUE	TRUE	TRUE	TRUE	TRUE	TRUE	TRUE	TRUE	FALSE	FALSE	FALSE	FALSE												TRUE	TRUE	FALSE	FALSE	TRUE	TRUE	80	100	70	60	70	95	475	Brown	Quadruped		Chlorophyll	Sap Sipper	Serene Grace	Level 34	75	25	Field		20	2560	Medium Fast	"1,000,000"	1.9	6′03″	92.5	203.9	50	166	0	2	0	0	0	0	2	50%	50%	1	2	0.5	0.5	0.5	2	2	2	0.5	2	1	2	1	0	1	1	1	1	45-1|224-1|28-1|33-1|24-10|73-13|331-16|36-20|428-24|412-28|204-36|38-44|76-52	36-TM|204-TM|313-TM|97-TM|182-TM|885-TM|263-TM|523-TM|345-TM|203-TM|241-TM|240-TM|684-TM|91-TM|331-TM|428-TM|34-TM|214-TM|402-TM|113-TM|447-TM|86-TM|707-TM|156-TM|14-TM|164-TM|202-TM|247-TM|412-TM|583-TM|270-TM|226-TM|580-TM|528-TM|416-TM|437-TM|63-TM|76-TM|851-TM|667-TM|803-TM|38-TM|283-TM|572-TM|675-TM|174-TM	97-EM|226-EM|313-EM|29-EM|214-EM|235-EM|388-EM	532-EV	
586		Sawsbuck Autumn Form	Season Pokémon	Normal	Grass																		TRUE	TRUE	TRUE	TRUE	TRUE	TRUE	TRUE	TRUE	FALSE	FALSE	FALSE	FALSE												TRUE	TRUE	FALSE	FALSE	TRUE	TRUE	80	100	70	60	70	95	475	Brown	Quadruped		Chlorophyll	Sap Sipper	Serene Grace	Level 34	75	25	Field		20	2560	Medium Fast	"1,000,000"	1.9	6′03″	92.5	203.9	50	166	0	2	0	0	0	0	2	50%	50%	1	2	0.5	0.5	0.5	2	2	2	0.5	2	1	2	1	0	1	1	1	1	45-1|224-1|28-1|33-1|24-10|73-13|331-16|36-20|428-24|412-28|204-36|38-44|76-52	36-TM|204-TM|313-TM|97-TM|182-TM|885-TM|263-TM|523-TM|345-TM|203-TM|241-TM|240-TM|684-TM|91-TM|331-TM|428-TM|34-TM|214-TM|402-TM|113-TM|447-TM|86-TM|707-TM|156-TM|14-TM|164-TM|202-TM|247-TM|412-TM|583-TM|270-TM|226-TM|580-TM|528-TM|416-TM|437-TM|63-TM|76-TM|851-TM|667-TM|803-TM|38-TM|283-TM|572-TM|675-TM|174-TM	97-EM|226-EM|313-EM|29-EM|214-EM|235-EM|388-EM	532-EV	
586		Sawsbuck Winter Form	Season Pokémon	Normal	Grass																		TRUE	TRUE	TRUE	TRUE	TRUE	TRUE	TRUE	TRUE	FALSE	FALSE	FALSE	FALSE												TRUE	TRUE	FALSE	FALSE	TRUE	TRUE	80	100	70	60	70	95	475	Brown	Quadruped		Chlorophyll	Sap Sipper	Serene Grace	Level 34	75	25	Field		20	2560	Medium Fast	"1,000,000"	1.9	6′03″	92.5	203.9	50	166	0	2	0	0	0	0	2	50%	50%	1	2	0.5	0.5	0.5	2	2	2	0.5	2	1	2	1	0	1	1	1	1	45-1|224-1|28-1|33-1|24-10|73-13|331-16|36-20|428-24|412-28|204-36|38-44|76-52	36-TM|204-TM|313-TM|97-TM|182-TM|885-TM|263-TM|523-TM|345-TM|203-TM|241-TM|240-TM|684-TM|91-TM|331-TM|428-TM|34-TM|214-TM|402-TM|113-TM|447-TM|86-TM|707-TM|156-TM|14-TM|164-TM|202-TM|247-TM|412-TM|583-TM|270-TM|226-TM|580-TM|528-TM|416-TM|437-TM|63-TM|76-TM|851-TM|667-TM|803-TM|38-TM|283-TM|572-TM|675-TM|174-TM	97-EM|226-EM|313-EM|29-EM|214-EM|235-EM|388-EM	532-EV	
587	587	Emolga	Sky Squirrel Pokémon	Electric	Flying																		TRUE	TRUE	TRUE	TRUE	TRUE	TRUE	FALSE	FALSE	TRUE	TRUE	TRUE	TRUE			FALSE	FALSE	TRUE	TRUE	FALSE	FALSE										55	75	60	75	60	103	428	White	Quadruped		Static		Motor Drive		200	66.67	Field		20	2560	Medium Fast	"1,000,000"	0.4	1′04″	5	11	50	150	0	0	0	0	0	2	2	50%	50%	1	1	1	1	0.5	2	0.5	1	0	0.5	1	0.5	2	1	1	1	0.5	1					
588	588	Karrablast	Clamping Pokémon	Bug																			TRUE	TRUE	TRUE	TRUE	TRUE	TRUE	FALSE	FALSE	FALSE	FALSE	FALSE	FALSE			TRUE	TRUE	TRUE	TRUE	TRUE	TRUE										50	75	45	40	45	60	315	Blue	Bipedal+Tailless		Swam	Shed Skin	No Guard		200	66.67	Bug		15	1920	Medium Fast	"1,000,000"	0.5	1′08″	5.9	13	50	63	0	1	0	0	0	0	1	50%	50%	1	2	1	1	0.5	1	0.5	1	0.5	2	1	1	2	1	1	1	1	1					
589	589	Escavalier	Cavalry Pokémon	Bug	Steel																		TRUE	TRUE	TRUE	TRUE	TRUE	TRUE	FALSE	FALSE	FALSE	FALSE	FALSE	FALSE			TRUE	TRUE	TRUE	TRUE	TRUE	TRUE										70	135	105	60	105	20	495	Gray	Head+Arms		Swam	Shed Skin	Overcoat	Trade with Shelmet	75	25	Bug		15	1920	Medium Fast	"1,000,000"	1	3′03″	33	72.8	50	173	0	2	0	0	0	0	2	50%	50%	0.5	4	1	1	0.25	0.5	1	0	1	1	0.5	0.5	1	1	0.5	1	0.5	0.5					
590	590	Foongus	Mushroom Pokémon	Grass	Poison																		TRUE	TRUE	TRUE	TRUE	TRUE	TRUE	FALSE	FALSE	FALSE	FALSE	FALSE	FALSE			FALSE	FALSE	TRUE	TRUE	FALSE	FALSE				TRUE	TRUE	FALSE	FALSE	FALSE	FALSE	69	55	45	55	55	15	294	White	Head+Arms		Effect Spore		Regenerator		190	63.33	Grass		20	2560	Medium Fast	"1,000,000"	0.2	0′08″	1	2.2	50	59	1	0	0	0	0	0	1	50%	50%	1	2	0.5	0.5	0.25	2	0.5	1	1	2	2	1	1	1	1	1	1	0.5	71-1|310-1|74-4|78-8|72-12|235-16|499-20|230-24|202-28|275-32|92-36|476-40|76-44|147-48	182-TM|263-TM|345-TM|474-TM|203-TM|241-TM|240-TM|331-TM|492-TM|34-TM|214-TM|402-TM|447-TM|156-TM|164-TM|202-TM|412-TM|676-TM|580-TM|188-TM|437-TM|76-TM|851-TM|92-TM	111-EM|77-EM|205-EM|388-EM		
591	591	Amoonguss	Mushroom Pokémon	Grass	Poison																		TRUE	TRUE	TRUE	TRUE	TRUE	TRUE	FALSE	FALSE	FALSE	FALSE	FALSE	FALSE			FALSE	FALSE	TRUE	TRUE	FALSE	FALSE				TRUE	TRUE	FALSE	FALSE	FALSE	FALSE	114	85	70	85	80	30	464	White	Head+Arms		Effect Spore		Regenerator	Level 39	75	25	Grass		20	2560	Medium Fast	"1,000,000"	0.6	2′00″	10.5	23.1	50	162	2	0	0	0	0	0	2	50%	50%	1	2	0.5	0.5	0.25	2	0.5	1	1	2	2	1	1	1	1	1	1	0.5	71-1|310-1|74-1|78-1|72-12|235-16|499-20|230-24|202-28|275-32|92-36|476-42|76-48|147-54	184-TM|182-TM|263-TM|506-TM|345-TM|474-TM|203-TM|241-TM|240-TM|331-TM|492-TM|34-TM|214-TM|402-TM|447-TM|707-TM|156-TM|164-TM|202-TM|412-TM|676-TM|580-TM|188-TM|416-TM|437-TM|63-TM|76-TM|851-TM|92-TM	111-EM|77-EM|205-EM|388-EM		
592	592	Frillish	Floating Pokémon	Water	Ghost																		TRUE	TRUE	TRUE	TRUE	FALSE	FALSE	TRUE	TRUE	FALSE	FALSE	TRUE	TRUE			TRUE	TRUE	TRUE	TRUE	FALSE	FALSE										55	40	50	65	85	40	335	White	Tentacles		Water Absorb	Cursed Body	Damp		190	63.33	Amorphous		20	2560	Medium Fast	"1,000,000"	1.2	3′11″	33	72.8	50	67	0	0	0	0	1	0	1	50%	50%	0	0.5	0.5	2	2	0.5	0	0.5	1	1	1	0.5	1	2	1	2	0.5	1					
593	593	Jellicent	Floating Pokémon	Water	Ghost																		TRUE	TRUE	TRUE	TRUE	FALSE	FALSE	TRUE	TRUE	FALSE	FALSE	TRUE	TRUE			TRUE	TRUE	TRUE	TRUE	FALSE	FALSE										100	60	70	85	105	60	480	White	Tentacles		Water Absorb	Cursed Body	Damp	Level 40	60	20	Amorphous		20	2560	Medium Fast	"1,000,000"	2.2	7′03″	135	297.6	50	168	0	0	0	0	2	0	2	50%	50%	0	0.5	0.5	2	2	0.5	0	0.5	1	1	1	0.5	1	2	1	2	0.5	1					
594	594	Alomomola	Caring Pokémon	Water																			TRUE	TRUE	TRUE	TRUE	TRUE	TRUE	TRUE	TRUE	TRUE	TRUE	TRUE	TRUE												TRUE	TRUE	FALSE	FALSE	TRUE	TRUE	165	75	80	40	45	65	470	Pink	Fins		Healer	Hydration	Regenerator		75	25	Water 1	Water 2	40	5120	Fast	"800,000"	1.2	3′11″	31.6	69.7	50	165	2	0	0	0	0	0	2	50%	50%	1	0.5	0.5	2	2	0.5	1	1	1	1	1	1	1	1	1	1	0.5	1	589-1|1-1|392-5|453-9|270-13|469-13|182-21|352-25|361-29|487-33|273-37|362-41|219-45|250-49|56-55	36-TM|182-TM|352-TM|512-TM|886-TM|263-TM|196-TM|203-TM|240-TM|883-TM|428-TM|34-TM|214-TM|113-TM|127-TM|156-TM|285-TM|164-TM|710-TM|247-TM|94-TM|57-TM|583-TM|347-TM|270-TM|226-TM|58-TM|581-TM|56-TM|59-TM|416-TM|63-TM|851-TM|503-TM|812-TM|799-TM|220-TM|250-TM|914-TM	340-EM|203-EM|243-EM|54-EM|220-EM|321-EM		
595	595	Joltik	Attaching Pokémon	Bug	Electric																		TRUE	TRUE	TRUE	TRUE	TRUE	TRUE	TRUE	TRUE	FALSE	FALSE	FALSE	FALSE			TRUE	TRUE	FALSE	FALSE	TRUE	TRUE				FALSE	FALSE	FALSE	FALSE	TRUE	TRUE	50	47	50	57	50	65	319	Yellow	Insectoid		Compound Eyes	Unnerve	Swarm		190	63.33	Bug		20	2560	Medium Fast	"1,000,000"	0.1	0′04″	0.6	1.3	50	64	0	0	0	0	0	1	1	50%	50%	1	2	1	0.5	0.5	1	0.5	1	1	1	1	1	2	1	1	1	0.5	1	71-1|210-1|527-4|450-8|81-12|86-16|486-20|97-24|389-28|163-32|435-37|103-40|380-44|405-48	97-TM|182-TM|522-TM|168-TM|884-TM|451-TM|263-TM|129-TM|203-TM|521-TM|240-TM|214-TM|486-TM|113-TM|86-TM|398-TM|156-TM|141-TM|164-TM|404-TM|202-TM|412-TM|85-TM|270-TM|528-TM|405-TM|87-TM|851-TM|450-TM|679-TM|527-TM|806-TM	104-EM|611-EM|679-EM|40-EM|522-EM		
596	596	Galvantula	EleSpider Pokémon	Bug	Electric																		TRUE	TRUE	TRUE	TRUE	TRUE	TRUE	TRUE	TRUE	FALSE	FALSE	FALSE	FALSE			TRUE	TRUE	FALSE	FALSE	TRUE	TRUE				FALSE	FALSE	FALSE	FALSE	TRUE	TRUE	70	77	60	97	60	108	472	Yellow	Insectoid		Compound Eyes	Unnerve	Swarm	Level 36	75	25	Bug		20	2560	Medium Fast	"1,000,000"	0.8	2′07″	14.3	31.5	50	165	0	0	0	0	0	2	2	50%	50%	1	2	1	0.5	0.5	1	0.5	1	1	1	1	1	2	1	1	1	0.5	1	71-1|450-1|527-1|210-1|81-12|86-16|486-20|97-24|389-28|163-32|435-39|103-44|380-50|405-56	97-TM|182-TM|522-TM|168-TM|884-TM|451-TM|263-TM|129-TM|203-TM|521-TM|240-TM|214-TM|486-TM|113-TM|86-TM|398-TM|156-TM|141-TM|164-TM|404-TM|202-TM|412-TM|85-TM|270-TM|528-TM|416-TM|405-TM|63-TM|87-TM|851-TM|268-TM|450-TM|679-TM|527-TM|806-TM|675-TM		564-EV	
597	597	Ferroseed	Thorn Seed Pokémon	Grass	Steel																		TRUE	TRUE	TRUE	TRUE	TRUE	TRUE	FALSE	FALSE	FALSE	FALSE	FALSE	FALSE			TRUE	TRUE	FALSE	FALSE	TRUE	TRUE										44	50	91	24	86	10	305	Gray	Head		Iron Barbs				255	85	Grass	Mineral	20	2560	Medium Fast	"1,000,000"	0.6	2′00″	18.8	41.4	50	61	0	0	1	0	0	0	1	50%	50%	0.5	4	0.5	0.5	0.25	1	2	0	1	1	0.5	1	0.5	1	0.5	1	0.5	0.5					
598	598	Ferrothorn	Thorn Pod Pokémon	Grass	Steel																		TRUE	TRUE	TRUE	TRUE	TRUE	TRUE	FALSE	FALSE	FALSE	FALSE	FALSE	FALSE			TRUE	TRUE	FALSE	FALSE	TRUE	TRUE										74	94	131	54	116	20	489	Gray	Tentacles		Iron Barbs		Anticipation	Level 40	90	30	Grass	Mineral	20	2560	Medium Fast	"1,000,000"	1	3′03″	110	242.5	50	171	0	0	2	0	0	0	2	50%	50%	0.5	4	0.5	0.5	0.25	1	2	0	1	1	0.5	1	0.5	1	0.5	1	0.5	0.5					
599	599	Klink	Gear Pokémon	Steel																			TRUE	TRUE	TRUE	TRUE	TRUE	TRUE	TRUE	TRUE	TRUE	TRUE	FALSE	FALSE			TRUE	TRUE	FALSE	FALSE	FALSE	FALSE										40	55	70	45	60	30	300	Gray	Multiple Bodies		Plus	Minus	Clear Body		130	43.33	Mineral		20	2560	Medium Slow	"1,059,860"	0.3	1′00″	21	46.3	50	60	0	0	1	0	0	0	1	Unknown		0.5	2	1	1	0.5	0.5	2	0	2	0.5	0.5	0.5	0.5	1	0.5	1	0.5	0.5					
600	600	Klang	Gear Pokémon	Steel																			TRUE	TRUE	TRUE	TRUE	TRUE	TRUE	TRUE	TRUE	TRUE	TRUE	FALSE	FALSE			TRUE	TRUE	FALSE	FALSE	FALSE	FALSE										60	80	95	70	85	50	440	Gray	Multiple Bodies		Plus	Minus	Clear Body	Level 38	60	20	Mineral		20	2560	Medium Slow	"1,059,860"	0.6	2′00″	51	112.4	50	154	0	0	2	0	0	0	2	Unknown		0.5	2	1	1	0.5	0.5	2	0	2	0.5	0.5	0.5	0.5	1	0.5	1	0.5	0.5					
601	601	Klinklang	Gear Pokémon	Steel																			TRUE	TRUE	TRUE	TRUE	TRUE	TRUE	TRUE	TRUE	TRUE	TRUE	FALSE	FALSE			TRUE	TRUE	FALSE	FALSE	FALSE	FALSE										60	100	115	70	85	90	520	Gray	Multiple Bodies		Plus	Minus	Clear Body	Level 49	30	10	Mineral		20	2560	Medium Slow	"1,059,860"	0.6	2′00″	81	178.6	50	260	0	0	3	0	0	0	3	Unknown		0.5	2	1	1	0.5	0.5	2	0	2	0.5	0.5	0.5	0.5	1	0.5	1	0.5	0.5					
602	602	Tynamo	EleFish Pokémon	Electric																			TRUE	TRUE	TRUE	TRUE	FALSE	FALSE	TRUE	TRUE	TRUE	TRUE	TRUE	TRUE												TRUE	TRUE	TRUE	TRUE	TRUE	TRUE	35	55	40	45	40	60	275	White	Fins		Levitate				190	63.33	Amorphous		20	2560	Slow	"1,250,000"	0.2	0′08″	0.3	0.7	50	55	0	0	0	0	0	1	1	50%	50%	1	1	1	0.5	1	1	1	1	2	0.5	1	1	1	1	1	1	0.5	1	451-1|209-1|33-1|86-1	451-TM|86-TM|851-TM|268-TM|282-TM			
603	603	Eelektrik	EleFish Pokémon	Electric																			TRUE	TRUE	TRUE	TRUE	FALSE	FALSE	TRUE	TRUE	TRUE	TRUE	TRUE	TRUE												TRUE	TRUE	TRUE	TRUE	TRUE	TRUE	65	85	70	75	70	40	405	Blue	Fins		Levitate			Level 39	60	20	Amorphous		20	2560	Slow	"1,250,000"	1.2	3′11″	22	48.5	50	142	0	2	0	0	0	0	2	50%	50%	1	1	1	0.5	1	1	1	1	2	0.5	1	1	1	1	1	1	0.5	1	451-1|29-1|209-1|86-1|20-9|51-19|435-29|85-44|491-49|489-54|528-59|380-64|192-69|37-74	36-TM|184-TM|182-TM|422-TM|491-TM|512-TM|451-TM|263-TM|203-TM|521-TM|240-TM|369-TM|34-TM|214-TM|486-TM|113-TM|86-TM|156-TM|430-TM|598-TM|164-TM|242-TM|202-TM|85-TM|604-TM|528-TM|87-TM|851-TM|268-TM|282-TM|162-TM|679-TM|527-TM|675-TM		242-EV	
604	604	Eelektross	EleFish Pokémon	Electric																			TRUE	TRUE	TRUE	TRUE	FALSE	FALSE	TRUE	TRUE	TRUE	TRUE	TRUE	TRUE												TRUE	TRUE	TRUE	TRUE	TRUE	TRUE	85	115	80	105	80	50	515	Blue	Fins		Levitate			Thunder Stone	30	10	Amorphous		20	2560	Slow	"1,250,000"	2.1	6′11″	80.5	177.5	50	258	0	3	0	0	0	0	3	50%	50%	1	1	1	0.5	1	1	1	1	2	0.5	1	1	1	1	1	1	0.5	1	51-1|489-1|242-1|306-1|435-1|380-1|29-1|37-1|192-1|528-5	36-TM|184-TM|182-TM|422-TM|491-TM|512-TM|109-TM|451-TM|263-TM|523-TM|506-TM|129-TM|317-TM|525-TM|203-TM|521-TM|241-TM|240-TM|280-TM|428-TM|369-TM|339-TM|34-TM|7-TM|9-TM|214-TM|486-TM|409-TM|113-TM|337-TM|447-TM|86-TM|707-TM|156-TM|157-TM|776-TM|430-TM|598-TM|164-TM|242-TM|710-TM|202-TM|406-TM|484-TM|53-TM|85-TM|604-TM|528-TM|416-TM|200-TM|63-TM|87-TM|370-TM|851-TM|268-TM|282-TM|162-TM|679-TM|264-TM|916-TM|527-TM|675-TM			
605	605	Elgyem	Cerebral Pokémon	Psychic																			TRUE	TRUE	TRUE	TRUE	FALSE	FALSE	TRUE	TRUE	FALSE	FALSE	TRUE	TRUE			TRUE	TRUE	FALSE	FALSE	FALSE	FALSE										55	55	55	85	55	30	335	Blue	Bipedal+Tail		Telepathy	Synchronize	Analytic		255	85	Human-Like		20	2560	Medium Fast	"1,000,000"	0.5	1′08″	9	19.8	50	67	0	0	0	1	0	0	1	50%	50%	1	1	1	1	1	1	0.5	1	1	1	0.5	2	1	2	1	2	1	1					
606	606	Beheeyem	Cerebral Pokémon	Psychic																			TRUE	TRUE	TRUE	TRUE	FALSE	FALSE	TRUE	TRUE	FALSE	FALSE	TRUE	TRUE			TRUE	TRUE	FALSE	FALSE	FALSE	FALSE										75	75	75	125	95	40	485	Brown	Bipedal+Tailless		Telepathy	Synchronize	Analytic	Level 42	90	30	Human-Like		20	2560	Medium Fast	"1,000,000"	1	3′03″	34.5	76.1	50	170	0	0	0	2	0	0	2	50%	50%	1	1	1	1	1	1	0.5	1	1	1	0.5	2	1	2	1	2	1	1					
607	607	Litwick	Candle Pokémon	Ghost	Fire																		TRUE	TRUE	TRUE	TRUE	TRUE	TRUE	FALSE	FALSE	TRUE	TRUE	TRUE	TRUE			TRUE	TRUE	FALSE	FALSE	TRUE	TRUE				FALSE	FALSE	TRUE	TRUE	FALSE	FALSE	50	30	55	65	55	20	275	White	Head+Base		Flash Fire	Flame Body	Infiltrator		190	63.33	Amorphous		20	2560	Medium Slow	"1,059,860"	0.3	1′00″	3.1	6.8	50	55	0	0	0	1	0	0	1	50%	50%	0	0.5	2	1	0.5	0.5	0	0.5	2	1	1	0.25	2	2	1	2	0.5	0.5	310-1|123-1|52-4|107-8|109-12|506-16|261-20|83-24|101-28|174-32|247-36|517-40|286-44|220-48|315-52|262-56	182-TM|109-TM|168-TM|83-TM|263-TM|506-TM|488-TM|101-TM|203-TM|241-TM|214-TM|156-TM|269-TM|286-TM|399-TM|164-TM|261-TM|271-TM|247-TM|257-TM|412-TM|94-TM|53-TM|347-TM|126-TM|315-TM|433-TM|394-TM|76-TM|851-TM|114-TM|180-TM|807-TM|809-TM|220-TM|244-TM|915-TM|806-TM|174-TM	151-EM|499-EM|114-EM|471-EM		
608	608	Lampent	Lamp Pokémon	Ghost	Fire																		TRUE	TRUE	TRUE	TRUE	TRUE	TRUE	FALSE	FALSE	TRUE	TRUE	TRUE	TRUE			TRUE	TRUE	FALSE	FALSE	TRUE	TRUE				FALSE	FALSE	TRUE	TRUE	FALSE	FALSE	60	40	60	95	60	55	370	Black	Head+Arms		Flash Fire	Flame Body	Infiltrator	Level 41	90	30	Amorphous		20	2560	Medium Slow	"1,059,860"	0.6	2′00″	13	28.7	50	130	0	0	0	2	0	0	2	50%	50%	0	0.5	2	1	0.5	0.5	0	0.5	2	1	1	0.25	2	2	1	2	0.5	0.5	310-1|52-1|107-1|123-1|109-12|506-16|261-20|83-24|101-28|174-32|247-36|517-40|286-46|220-52|315-58|262-64	182-TM|109-TM|168-TM|83-TM|263-TM|506-TM|488-TM|101-TM|203-TM|241-TM|214-TM|156-TM|269-TM|286-TM|399-TM|164-TM|261-TM|271-TM|247-TM|257-TM|412-TM|94-TM|53-TM|347-TM|126-TM|315-TM|433-TM|394-TM|76-TM|851-TM|114-TM|180-TM|807-TM|809-TM|808-TM|220-TM|244-TM|915-TM|806-TM|174-TM			
609	609	Chandelure	Luring Pokémon	Ghost	Fire																		TRUE	TRUE	TRUE	TRUE	TRUE	TRUE	FALSE	FALSE	TRUE	TRUE	TRUE	TRUE			TRUE	TRUE	FALSE	FALSE	TRUE	TRUE				FALSE	FALSE	TRUE	TRUE	FALSE	FALSE	60	55	90	145	90	80	520	Black	Head+Arms		Flash Fire	Flame Body	Infiltrator	Dusk Stone	45	15	Amorphous		20	2560	Medium Slow	"1,059,860"	1	3′03″	34.3	75.6	50	260	0	0	0	3	0	0	3	50%	50%	0	0.5	2	1	0.5	0.5	0	0.5	2	1	1	0.25	2	2	1	2	0.5	0.5	310-1|109-1|174-1|52-1|83-1|506-1|286-1|517-1|262-1|107-1|101-1|315-1|220-1|247-1|123-1|261-1	182-TM|109-TM|168-TM|885-TM|83-TM|263-TM|506-TM|488-TM|101-TM|203-TM|241-TM|214-TM|156-TM|269-TM|286-TM|399-TM|164-TM|261-TM|271-TM|247-TM|257-TM|412-TM|94-TM|53-TM|347-TM|126-TM|416-TM|315-TM|433-TM|63-TM|394-TM|76-TM|851-TM|114-TM|180-TM|807-TM|809-TM|808-TM|220-TM|244-TM|915-TM|806-TM|174-TM			
610	610	Axew	Tusk Pokémon	Dragon																			TRUE	TRUE	TRUE	TRUE	TRUE	TRUE	TRUE	TRUE	TRUE	TRUE	TRUE	TRUE			TRUE	TRUE	FALSE	FALSE	FALSE	FALSE				TRUE	TRUE	FALSE	FALSE	TRUE	TRUE	46	87	60	30	40	57	320	Green	Bipedal+Tail		Rivalry	Mold Breaker	Unnerve		75	25	Monster	Dragon	40	5120	Slow	"1,250,000"	0.6	2′00″	18	39.7	35	64	0	1	0	0	0	0	1	50%	50%	1	0.5	0.5	0.5	0.5	2	1	1	1	1	1	1	1	1	2	1	1	2	43-1|10-1|44-3|206-6|372-9|269-12|163-15|337-18|184-21|242-24|349-27|784-30|116-33|406-36|14-39|200-42|12-45|416-48	36-TM|184-TM|182-TM|885-TM|263-TM|332-TM|523-TM|555-TM|129-TM|317-TM|374-TM|525-TM|203-TM|241-TM|240-TM|91-TM|206-TM|280-TM|421-TM|214-TM|337-TM|398-TM|707-TM|156-TM|269-TM|14-TM|442-TM|349-TM|164-TM|404-TM|242-TM|406-TM|57-TM|179-TM|416-TM|200-TM|434-TM|851-TM|46-TM|799-TM|38-TM|283-TM|784-TM|913-TM	401-EM|68-EM|283-EM|660-EM|231-EM|400-EM		
611	611	Fraxure	Axe Jaw Pokémon	Dragon																			TRUE	TRUE	TRUE	TRUE	TRUE	TRUE	TRUE	TRUE	TRUE	TRUE	TRUE	TRUE			TRUE	TRUE	FALSE	FALSE	FALSE	FALSE				TRUE	TRUE	FALSE	FALSE	TRUE	TRUE	66	117	70	40	50	67	410	Green	Bipedal+Tail		Rivalry	Mold Breaker	Unnerve	Level 38	60	20	Monster	Dragon	40	5120	Slow	"1,250,000"	1	3′03″	36	79.4	35	144	0	2	0	0	0	0	2	50%	50%	1	0.5	0.5	0.5	0.5	2	1	1	1	1	1	1	1	1	2	1	1	2	44-1|206-1|43-1|10-1|372-9|269-12|163-15|337-18|184-21|242-24|349-27|784-30|116-33|406-36|14-41|200-46|12-51|416-56	36-TM|184-TM|182-TM|67-TM|885-TM|263-TM|332-TM|523-TM|555-TM|129-TM|317-TM|374-TM|525-TM|203-TM|241-TM|240-TM|91-TM|206-TM|280-TM|421-TM|214-TM|337-TM|398-TM|707-TM|156-TM|269-TM|14-TM|442-TM|349-TM|164-TM|404-TM|242-TM|406-TM|57-TM|179-TM|416-TM|200-TM|434-TM|851-TM|46-TM|799-TM|38-TM|283-TM|784-TM|913-TM	401-EM|68-EM|283-EM|660-EM|231-EM|400-EM		
612	612	Haxorus	Axe Jaw Pokémon	Dragon																			TRUE	TRUE	TRUE	TRUE	TRUE	TRUE	TRUE	TRUE	TRUE	TRUE	TRUE	TRUE			TRUE	TRUE	FALSE	FALSE	FALSE	FALSE				TRUE	TRUE	FALSE	FALSE	TRUE	TRUE	76	147	90	60	70	97	540	Yellow	Bipedal+Tail		Rivalry	Mold Breaker	Unnerve	Level 48	45	15	Monster	Dragon	40	5120	Slow	"1,250,000"	1.8	5′11″	105.5	232.6	35	270	0	3	0	0	0	0	3	50%	50%	1	0.5	0.5	0.5	0.5	2	1	1	1	1	1	1	1	1	2	1	1	2	44-1|206-1|43-1|10-1|372-9|269-12|163-15|337-18|184-21|242-24|349-27|784-30|116-33|406-36|14-41|200-46|12-53|416-60	36-TM|184-TM|182-TM|67-TM|885-TM|263-TM|332-TM|523-TM|555-TM|129-TM|317-TM|490-TM|374-TM|525-TM|203-TM|241-TM|240-TM|91-TM|206-TM|280-TM|421-TM|34-TM|214-TM|337-TM|447-TM|398-TM|707-TM|156-TM|157-TM|269-TM|14-TM|442-TM|349-TM|164-TM|404-TM|242-TM|406-TM|57-TM|179-TM|89-TM|416-TM|200-TM|411-TM|63-TM|370-TM|434-TM|851-TM|46-TM|799-TM|38-TM|283-TM|784-TM|913-TM	401-EM|68-EM|283-EM|660-EM|231-EM|400-EM		
613	613	Cubchoo	Chill Pokémon	Ice																			TRUE	TRUE	TRUE	TRUE	TRUE	TRUE	TRUE	TRUE	FALSE	FALSE	FALSE	FALSE			TRUE	TRUE	FALSE	FALSE	TRUE	TRUE				TRUE	TRUE	FALSE	FALSE	TRUE	TRUE	55	70	40	60	40	40	305	White	Bipedal+Tail		Snow Cloak	Slush Rush	Rattled		120	40	Field		20	2560	Medium Fast	"1,000,000"	0.5	1′08″	8.5	18.7	50	61	0	1	0	0	0	0	1	50%	50%	1	2	1	1	1	0.5	2	1	1	1	1	1	2	1	1	1	2	1	45-1|181-1|203-3|154-6|196-9|589-12|362-15|524-18|163-21|175-24|204-27|883-30|37-33|156-36|59-39|329-42	36-TM|204-TM|189-TM|182-TM|423-TM|352-TM|67-TM|168-TM|885-TM|886-TM|263-TM|332-TM|523-TM|555-TM|232-TM|196-TM|341-TM|317-TM|374-TM|419-TM|203-TM|240-TM|883-TM|91-TM|421-TM|34-TM|8-TM|214-TM|447-TM|156-TM|157-TM|269-TM|776-TM|164-TM|404-TM|242-TM|710-TM|484-TM|227-TM|57-TM|583-TM|58-TM|59-TM|851-TM|333-TM|264-TM|283-TM	264-EM|400-EM|281-EM		
614	614	Beartic	Freezing Pokémon	Ice																			TRUE	TRUE	TRUE	TRUE	TRUE	TRUE	TRUE	TRUE	FALSE	FALSE	FALSE	FALSE			TRUE	TRUE	FALSE	FALSE	TRUE	TRUE				TRUE	TRUE	FALSE	FALSE	TRUE	TRUE	95	130	80	70	80	50	505	White	Quadruped		Snow Cloak	Slush Rush	Swift Swim	Level 37	60	20	Field		20	2560	Medium Fast	"1,000,000"	2.6	8′06″	260	573.2	50	177	0	2	0	0	0	0	2	50%	50%	1	2	1	1	1	0.5	2	1	1	1	1	1	2	1	1	1	2	1	453-1|204-1|203-1|154-1|45-1|181-1|196-9|589-12|362-15|524-18|163-21|175-24|207-27|883-30|37-33|156-36|59-41|329-46|276-51	36-TM|204-TM|189-TM|184-TM|182-TM|423-TM|352-TM|67-TM|168-TM|885-TM|886-TM|263-TM|332-TM|523-TM|555-TM|232-TM|196-TM|341-TM|317-TM|374-TM|419-TM|203-TM|240-TM|883-TM|91-TM|280-TM|421-TM|339-TM|34-TM|8-TM|214-TM|447-TM|156-TM|157-TM|269-TM|14-TM|776-TM|164-TM|404-TM|242-TM|710-TM|484-TM|227-TM|57-TM|583-TM|179-TM|58-TM|59-TM|89-TM|444-TM|416-TM|411-TM|63-TM|370-TM|851-TM|46-TM|333-TM|264-TM|38-TM|283-TM|675-TM|174-TM|912-TM	264-EM|400-EM|281-EM	556-EV	
615	615	Cryogonal	Crystallizing Pokémon	Ice																			TRUE	TRUE	TRUE	TRUE	TRUE	TRUE	FALSE	FALSE	FALSE	FALSE	FALSE	FALSE			FALSE	FALSE	FALSE	FALSE	TRUE	TRUE				TRUE	TRUE	FALSE	FALSE	FALSE	FALSE	80	50	50	95	135	105	515	Blue	Head		Levitate				25	8.33	Mineral		25	3200	Medium Fast	"1,000,000"	1.1	3′07″	148	326.3	50	180	0	0	0	0	2	0	2	Unknown		1	2	1	1	1	0.5	2	1	1	1	1	1	2	1	1	1	2	1	20-1|420-1|109-4|229-8|196-12|114-16|54-16|246-20|62-24|163-28|400-32|573-36|113-40|115-40|105-44|58-48|151-52|76-56|329-60	36-TM|184-TM|182-TM|352-TM|512-TM|109-TM|886-TM|263-TM|196-TM|419-TM|203-TM|240-TM|883-TM|34-TM|214-TM|115-TM|113-TM|398-TM|156-TM|430-TM|164-TM|334-TM|861-TM|58-TM|59-TM|416-TM|63-TM|76-TM|851-TM|114-TM|333-TM|813-TM	694-EM|153-EM|524-EM		
616	616	Shelmet	Snail Pokémon	Bug																			TRUE	TRUE	TRUE	TRUE	TRUE	TRUE	FALSE	FALSE	FALSE	FALSE	FALSE	FALSE			TRUE	TRUE	TRUE	TRUE	TRUE	TRUE										50	40	85	40	65	25	305	Red	Head		Hydration	Shell Amor	Overcoat		200	66.67	Bug		15	1920	Medium Fast	"1,000,000"	0.4	1′04″	7.7	17	50	61	0	0	1	0	0	0	1	50%	50%	1	2	1	1	0.5	1	0.5	1	0.5	2	1	1	2	1	1	1	1	1					
617	617	Accelgor	Shell Out Pokémon	Bug																			TRUE	TRUE	TRUE	TRUE	TRUE	TRUE	FALSE	FALSE	FALSE	FALSE	FALSE	FALSE			TRUE	TRUE	TRUE	TRUE	TRUE	TRUE										80	70	40	100	60	145	495	Red	Head+Arms		Hydration	Sticky Hold	Unburden	Trade with Karrablast	75	25	Bug		15	1920	Medium Fast	"1,000,000"	0.8	2′07″	25.3	55.8	50	173	0	0	0	0	0	2	2	50%	50%	1	2	1	1	0.5	1	0.5	1	0.5	2	1	1	2	1	1	1	1	1					
618	618	Stunfisk	Trap Pokémon	Ground	Electric																		TRUE	TRUE	TRUE	TRUE	TRUE	TRUE	FALSE	FALSE	FALSE	FALSE	TRUE	TRUE			FALSE	FALSE	TRUE	TRUE	FALSE	FALSE										109	66	84	81	99	32	471	Brown	Fins		Static	Limber	Sand Veil		75	25	Water 1	Amorphous	20	2560	Medium Fast	"1,000,000"	0.7	2′04″	11	24.3	70	165	2	0	0	0	0	0	2	50%	50%	1	1	2	0	2	2	1	0.5	2	0.5	1	1	0.5	1	1	1	0.5	1					
618		Galarian Stunfisk	Trap Pokémon	Ground	Steel																																TRUE	TRUE	FALSE	FALSE	FALSE	FALSE										109	81	99	66	84	32	471	Green	Fins		Mimicry				75	25	Water 1	Amorphous	20	2560	Medium Fast	"1,000,000"	0.7	2′04″	20.5	45.2	50	165	2	0	0	0	0	0	2	50%	50%	0.5	2	2	0	1	1	2	0	2	0.5	0.5	0.5	0.25	1	0.5	1	0.5	0.5					
619	619	Mienfoo	Martial Arts Pokémon	Fighting																			TRUE	TRUE	TRUE	TRUE	TRUE	TRUE	FALSE	FALSE	FALSE	FALSE	TRUE	TRUE			FALSE	FALSE	TRUE	TRUE	FALSE	FALSE				FALSE	FALSE	TRUE	TRUE	FALSE	FALSE	45	85	50	55	50	65	350	Yellow	Bipedal+Tail		Inner Focus	Regenerator	Reckless		180	60	Field	Human-Like	25	3200	Medium Slow	"1,059,860"	0.9	2′11″	20	44.1	50	70	0	1	0	0	0	0	1	50%	50%	1	1	1	1	1	1	1	1	1	2	2	0.5	0.5	1	1	0.5	1	2	197-1|1-1|252-5|179-10|154-15|501-20|395-25|369-30|409-35|468-40|396-45|340-51|347-55|136-60	36-TM|97-TM|182-TM|67-TM|512-TM|885-TM|263-TM|332-TM|129-TM|317-TM|490-TM|374-TM|203-TM|241-TM|240-TM|91-TM|280-TM|369-TM|339-TM|214-TM|409-TM|447-TM|398-TM|156-TM|269-TM|14-TM|164-TM|396-TM|347-TM|270-TM|226-TM|179-TM|444-TM|411-TM|370-TM|851-TM|282-TM|264-TM|244-TM|811-TM|918-TM	364-EM|264-EM|282-EM		
620	620	Mienshao	Martial Arts Pokémon	Fighting																			TRUE	TRUE	TRUE	TRUE	TRUE	TRUE	FALSE	FALSE	FALSE	FALSE	TRUE	TRUE			FALSE	FALSE	TRUE	TRUE	FALSE	FALSE				FALSE	FALSE	TRUE	TRUE	FALSE	FALSE	65	125	60	95	60	105	510	Purple	Bipedal+Tail		Inner Focus	Regenerator	Reckless	Level 50	45	15	Field	Human-Like	25	3200	Medium Slow	"1,059,860"	1.4	4′07″	35.5	78.3	50	179	0	2	0	0	0	0	2	50%	50%	1	1	1	1	1	1	1	1	1	2	2	0.5	0.5	1	1	0.5	1	2	197-1|252-1|1-1|501-1|179-1|154-15|469-20|395-25|369-30|409-35|468-40|396-45|340-53|347-59|136-66	36-TM|97-TM|182-TM|67-TM|512-TM|885-TM|263-TM|332-TM|129-TM|317-TM|490-TM|374-TM|203-TM|241-TM|240-TM|91-TM|280-TM|369-TM|339-TM|214-TM|409-TM|447-TM|398-TM|156-TM|269-TM|14-TM|164-TM|396-TM|861-TM|347-TM|270-TM|226-TM|179-TM|444-TM|416-TM|411-TM|63-TM|370-TM|851-TM|282-TM|410-TM|264-TM|244-TM|38-TM|813-TM|811-TM|918-TM			
621	621	Druddigon	Cave Pokémon	Dragon																			TRUE	TRUE	TRUE	TRUE	TRUE	TRUE	TRUE	TRUE	FALSE	FALSE	TRUE	TRUE			FALSE	FALSE	TRUE	TRUE	TRUE	TRUE										77	120	90	60	90	48	485	Red	Bipedal+Tail		Rough Skin	Sheer Force	Mold Breaker		45	15	Dragon	Monster	30	3840	Medium Fast	"1,000,000"	1.6	5′03″	139	306.4	50	170	0	2	0	0	0	0	2	50%	50%	1	0.5	0.5	0.5	0.5	2	1	1	1	1	1	1	1	1	2	1	1	2					
622	622	Golett	Automaton Pokémon	Ground	Ghost																		TRUE	TRUE	TRUE	TRUE	TRUE	TRUE	FALSE	FALSE	FALSE	FALSE	TRUE	TRUE			TRUE	TRUE	FALSE	FALSE	TRUE	TRUE				FALSE	FALSE	FALSE	FALSE	TRUE	TRUE	59	74	50	35	50	35	303	Green	Bipedal+Tailless		Iron Fist	Klutz	No Guard		190	63.33	Mineral		25	3200	Medium Fast	"1,000,000"	1	3′03″	92	202.8	50	61	0	1	0	0	0	0	1	Unknown		0	1	2	0	2	2	0	0.25	1	1	1	0.5	0.5	2	1	2	1	1	310-1|189-1|111-4|1-8|325-12|174-16|101-20|707-24|334-28|5-32|247-36|484-40|566-44|359-48|89-52|223-56	5-TM|36-TM|189-TM|182-TM|67-TM|109-TM|168-TM|263-TM|523-TM|506-TM|196-TM|317-TM|490-TM|101-TM|374-TM|203-TM|241-TM|240-TM|201-TM|91-TM|280-TM|34-TM|7-TM|9-TM|8-TM|214-TM|409-TM|115-TM|447-TM|707-TM|156-TM|157-TM|286-TM|164-TM|334-TM|247-TM|446-TM|94-TM|484-TM|270-TM|414-TM|58-TM|89-TM|566-TM|411-TM|851-TM|356-TM|479-TM|360-TM|282-TM|264-TM|809-TM|244-TM|38-TM|815-TM|174-TM			
623	623	Golurk	Automaton Pokémon	Ground	Ghost																		TRUE	TRUE	TRUE	TRUE	TRUE	TRUE	FALSE	FALSE	FALSE	FALSE	TRUE	TRUE			TRUE	TRUE	FALSE	FALSE	TRUE	TRUE				FALSE	FALSE	FALSE	FALSE	TRUE	TRUE	89	124	80	55	80	55	483	Green	Bipedal+Tailless		Iron Fist	Klutz	No Guard	Level 43	90	30	Mineral		25	3200	Medium Fast	"1,000,000"	2.8	9′02″	330	727.5	50	169	0	2	0	0	0	0	2	Unknown		0	1	2	0	2	2	0	0.25	1	1	1	0.5	0.5	2	1	2	1	1	310-1|111-1|667-1|1-1|325-12|174-16|101-20|707-24|334-28|5-32|247-36|484-40|566-46|359-52|89-58|223-64	5-TM|36-TM|189-TM|182-TM|67-TM|109-TM|168-TM|451-TM|263-TM|523-TM|506-TM|196-TM|317-TM|490-TM|101-TM|374-TM|203-TM|241-TM|240-TM|201-TM|91-TM|280-TM|428-TM|34-TM|7-TM|9-TM|8-TM|214-TM|409-TM|115-TM|447-TM|707-TM|156-TM|157-TM|776-TM|286-TM|430-TM|19-TM|164-TM|334-TM|271-TM|247-TM|446-TM|94-TM|484-TM|85-TM|270-TM|414-TM|58-TM|89-TM|444-TM|566-TM|416-TM|411-TM|63-TM|370-TM|76-TM|851-TM|356-TM|479-TM|360-TM|282-TM|667-TM|535-TM|264-TM|809-TM|244-TM|38-TM|815-TM|174-TM|912-TM			264-R|189-R
624	624	Pawniard	Sharp Blade Pokémon	Dark	Steel																		TRUE	TRUE	TRUE	TRUE	TRUE	TRUE	FALSE	FALSE	FALSE	FALSE	TRUE	TRUE			TRUE	TRUE	TRUE	TRUE	FALSE	FALSE				TRUE	TRUE	TRUE	TRUE	FALSE	FALSE	45	85	70	40	40	60	340	Red	Bipedal+Tailless		Defiant	Inner Focus	Pressure		120	40	Human-Like		20	2560	Medium Fast	"1,000,000"	0.5	1′08″	10.2	22.5	35	68	0	1	0	0	0	0	1	50%	50%	0.5	2	1	1	0.5	0.5	4	0	2	0.5	0	1	0.5	0.5	0.5	0.5	0.5	1	43-1|10-1|210-5|232-10|259-15|184-20|372-25|319-30|163-35|400-40|334-45|514-50|442-55|14-60|12-65	36-TM|184-TM|182-TM|67-TM|168-TM|263-TM|332-TM|555-TM|232-TM|317-TM|490-TM|374-TM|203-TM|240-TM|201-TM|91-TM|206-TM|280-TM|421-TM|492-TM|403-TM|214-TM|447-TM|86-TM|398-TM|156-TM|269-TM|14-TM|430-TM|399-TM|442-TM|164-TM|334-TM|404-TM|446-TM|444-TM|796-TM|851-TM|180-TM|808-TM|319-TM	29-EM|212-EM|501-EM|389-EM		
625	625	Bisharp	Sword Blade Pokémon	Dark	Steel																		TRUE	TRUE	TRUE	TRUE	TRUE	TRUE	FALSE	FALSE	FALSE	FALSE	TRUE	TRUE			TRUE	TRUE	TRUE	TRUE	FALSE	FALSE				TRUE	TRUE	TRUE	TRUE	FALSE	FALSE	65	125	100	60	70	70	490	Red	Bipedal+Tailless		Defiant	Inner Focus	Pressure	Level 52	45	15	Human-Like		20	2560	Medium Fast	"1,000,000"	1.6	5′03″	70	154.3	35	172	0	2	0	0	0	0	2	50%	50%	0.5	2	1	1	0.5	0.5	4	0	2	0.5	0	1	0.5	0.5	0.5	0.5	0.5	1	210-1|43-1|368-1|232-1|10-1|259-15|184-20|372-25|319-30|163-35|400-40|334-45|514-50|442-57|14-64|12-71	36-TM|184-TM|182-TM|67-TM|168-TM|263-TM|332-TM|555-TM|232-TM|317-TM|490-TM|374-TM|203-TM|240-TM|201-TM|91-TM|206-TM|280-TM|421-TM|492-TM|403-TM|214-TM|447-TM|86-TM|398-TM|156-TM|269-TM|14-TM|430-TM|399-TM|442-TM|164-TM|334-TM|404-TM|446-TM|179-TM|444-TM|416-TM|411-TM|63-TM|796-TM|851-TM|180-TM|808-TM|675-TM|319-TM	29-EM|212-EM|501-EM|389-EM		
626	626	Bouffalant	Bash Buffalo Pokémon	Normal																			TRUE	TRUE	TRUE	TRUE	FALSE	FALSE	TRUE	TRUE	FALSE	FALSE	FALSE	FALSE			FALSE	FALSE	TRUE	TRUE	FALSE	FALSE										95	110	95	40	95	55	490	Brown	Quadruped		Reckless	Sap Sipper	Soundproof		45	15	Field		20	2560	Medium Fast	"1,000,000"	1.6	5′03″	94.6	208.6	50	172	0	2	0	0	0	0	2	50%	50%	1	1	1	1	1	1	2	1	1	1	1	1	1	0	1	1	1	1					
627	627	Rufflet	Eaglet Pokémon	Normal	Flying																		FALSE	TRUE	FALSE	TRUE	TRUE	TRUE	TRUE	TRUE	TRUE	FALSE	TRUE	TRUE			TRUE	FALSE	TRUE	TRUE	FALSE	FALSE			TRUE	TRUE	TRUE	FALSE	FALSE	TRUE	TRUE	70	83	50	37	50	60	350	White	1 Pair of Wings		Keen Eye	Sheer Force	Hustle		190	63.33	Flying		20	2560	Slow	"1,250,000"	0.5	1′08″	10.5	23.1	50	70	0	1	0	0	0	0	1	100%	0%	1	1	1	2	0.5	2	1	1	0	1	1	0.5	2	0	1	1	1	1	43-1|64-1|468-6|17-12|366-18|184-24|332-30|163-36|18-42|306-48|403-55|432-60|37-66|413-72	36-TM|97-TM|184-TM|182-TM|512-TM|263-TM|332-TM|129-TM|317-TM|314-TM|203-TM|241-TM|240-TM|428-TM|369-TM|421-TM|339-TM|403-TM|34-TM|214-TM|156-TM|157-TM|19-TM|164-TM|366-TM|257-TM|270-TM|542-TM|413-TM|370-TM|851-TM|814-TM|38-TM|297-TM	249-EM|355-EM		
628	628	Bravaiary	Valiant Pokémon	Normal	Flying																		FALSE	TRUE	FALSE	TRUE	TRUE	TRUE	TRUE	TRUE	TRUE	FALSE	TRUE	TRUE			TRUE	FALSE	TRUE	TRUE	FALSE	FALSE				TRUE	TRUE	FALSE	FALSE	TRUE	TRUE	100	123	75	57	75	80	510	White	1 Pair of Wings		Keen Eye	Sheer Force	Defiant	Level 54	60	20	Flying		20	2560	Slow	"1,250,000"	1.5	4′11″	41	90.4	50	179	0	2	0	0	0	0	2	100%	0%	1	1	1	2	0.5	2	1	1	0	1	1	0.5	2	0	1	1	1	1	468-1|43-1|64-1|143-1|17-1|366-18|184-24|332-30|163-36|18-42|306-48|403-57|432-64|37-72	36-TM|97-TM|184-TM|182-TM|512-TM|263-TM|332-TM|232-TM|129-TM|317-TM|314-TM|203-TM|241-TM|240-TM|428-TM|369-TM|421-TM|339-TM|403-TM|34-TM|214-TM|156-TM|157-TM|19-TM|442-TM|164-TM|366-TM|257-TM|270-TM|179-TM|416-TM|542-TM|63-TM|413-TM|370-TM|851-TM|814-TM|38-TM|297-TM	249-EM|355-EM	276-EV	
628		Hisuian Braviary	War Cry Pokémon	Psychic	Flying																																								TRUE	FALSE	FALSE	FALSE	FALSE	FALSE	FALSE	110	83	70	112	70	65	510	White	1 Pair of Wings		Keen Eye	Sheer Force	Tinted Lens	Level 54 in Hisui	60	20	Flying		20	2560	Slow	"1,250,000"	1.7	5′07″	43.4	95.7	50	179	0	2	0	0	0	0	2	100%	0%	1	1	1	2	0.5	2	0.25	1	0	1	0.5	1	2	2	1	2	1	1	468-1|43-1|64-1|143-1|276-1|17-1|366-18|184-24|332-30|163-36|18-42|306-48|403-57|432-64|37-72|542-80	36-TM|97-TM|184-TM|182-TM|512-TM|60-TM|109-TM|263-TM|332-TM|555-TM|232-TM|129-TM|196-TM|317-TM|314-TM|500-TM|101-TM|203-TM|241-TM|240-TM|473-TM|428-TM|369-TM|421-TM|339-TM|403-TM|34-TM|214-TM|605-TM|156-TM|157-TM|19-TM|164-TM|366-TM|247-TM|304-TM|257-TM|94-TM|347-TM|270-TM|179-TM|678-TM|416-TM|542-TM|63-TM|413-TM|370-TM|851-TM|410-TM|814-TM|244-TM|38-TM|297-TM|248-TM|797-TM|917-TM	249-EM|355-EM	840-EV	
629	629	Vullaby	Diapered Pokémon	Dark	Flying																		TRUE	FALSE	TRUE	FALSE	TRUE	TRUE	TRUE	TRUE	FALSE	TRUE	TRUE	TRUE			FALSE	TRUE	FALSE	TRUE	FALSE	FALSE				FALSE	FALSE	TRUE	TRUE	TRUE	TRUE	70	55	75	45	65	60	370	Brown	1 Pair of Wings		Big Pecks	Overcoat	Weak Armor		190	63.33	Flying		20	2560	Slow	"1,250,000"	0.5	1′08″	9	19.8	35	74	0	0	1	0	0	0	1	0%	100%	1	1	1	2	0.5	2	1	1	0	1	0	1	2	0.5	1	0.5	1	2	16-1|43-1|260-6|365-12|366-18|282-24|334-30|18-36|403-42|399-48|417-54|432-60|213-66|413-72	36-TM|313-TM|184-TM|182-TM|168-TM|263-TM|555-TM|129-TM|317-TM|314-TM|203-TM|241-TM|240-TM|369-TM|492-TM|403-TM|214-TM|156-TM|269-TM|399-TM|19-TM|164-TM|334-TM|366-TM|247-TM|257-TM|417-TM|413-TM|851-TM|92-TM|180-TM|282-TM|253-TM|814-TM|808-TM|244-TM|38-TM|297-TM|675-TM	212-EM|355-EM|92-EM		
630	630	Mandibuzz	Bone Vulture Pokémon	Dark	Flying																		TRUE	FALSE	TRUE	FALSE	TRUE	TRUE	TRUE	TRUE	FALSE	TRUE	TRUE	TRUE			FALSE	TRUE	FALSE	TRUE	FALSE	FALSE				FALSE	FALSE	TRUE	TRUE	TRUE	TRUE	110	65	105	55	95	80	510	Brown	1 Pair of Wings		Big Pecks	Overcoat	Weak Armor	Level 54	60	20	Flying		20	2560	Slow	"1,250,000"	1.2	3′11″	39.5	87.1	35	179	0	0	0	2	0	0	2	0%	100%	1	1	1	2	0.5	2	1	1	0	1	0	1	2	0.5	1	0.5	1	2	260-1|16-1|43-1|365-1|143-1|92-1|366-18|282-24|334-30|18-36|403-42|399-48|417-57|432-64|213-72|413-80	36-TM|313-TM|184-TM|182-TM|512-TM|168-TM|263-TM|332-TM|555-TM|129-TM|317-TM|314-TM|203-TM|241-TM|240-TM|201-TM|369-TM|492-TM|403-TM|214-TM|156-TM|269-TM|399-TM|19-TM|164-TM|334-TM|366-TM|247-TM|257-TM|417-TM|416-TM|542-TM|63-TM|413-TM|851-TM|92-TM|180-TM|282-TM|253-TM|814-TM|808-TM|244-TM|38-TM|297-TM|675-TM		198-EV	
631	631	Heatmor	Anteater Pokémon	Fire																			TRUE	TRUE	TRUE	TRUE	TRUE	TRUE	FALSE	FALSE	FALSE	FALSE	FALSE	FALSE			TRUE	TRUE	FALSE	FALSE	TRUE	TRUE										85	97	66	105	66	65	484	Red	Bipedal+Tail		Gluttony	Flash Fire	White Smoke		90	30	Field		20	2560	Medium Fast	"1,000,000"	1.4	4′07″	58	127.9	50	169	0	0	0	2	0	0	2	50%	50%	1	0.5	2	1	0.5	0.5	1	1	2	1	1	0.5	2	1	1	1	0.5	0.5					
632	632	Durant	Iron Ant Pokémon	Bug	Steel																		TRUE	TRUE	TRUE	TRUE	TRUE	TRUE	FALSE	FALSE	FALSE	FALSE	FALSE	FALSE			TRUE	TRUE	FALSE	FALSE	TRUE	TRUE										58	109	112	48	48	109	484	Gray	Insectoid		Swarm	Hustle	Truant		90	30	Bug		20	2560	Medium Fast	"1,000,000"	0.3	1′00″	33	72.8	50	169	0	0	2	0	0	0	2	50%	50%	0.5	4	1	1	0.25	0.5	1	0	1	1	0.5	0.5	1	1	0.5	1	0.5	0.5					
633	633	Deino	Irate Pokémon	Dark	Dragon																		TRUE	TRUE	TRUE	TRUE	TRUE	TRUE	TRUE	TRUE	TRUE	TRUE	FALSE	FALSE			TRUE	FALSE	FALSE	FALSE	TRUE	TRUE				TRUE	FALSE	FALSE	FALSE	FALSE	FALSE	52	65	50	45	50	38	300	Blue	Quadruped		Hustle				45	15	Dragon		40	5120	Slow	"1,250,000"	0.8	2′07″	17.3	38.1	35	60	0	1	0	0	0	0	1	50%	50%	1	0.5	0.5	0.5	0.5	2	2	1	1	1	0	2	1	0.5	2	0.5	1	4	116-1|33-1|225-4|44-8|46-12|372-16|29-20|526-24|21-28|242-32|184-36|406-40|34-44|304-48|407-52|417-56|200-60	36-TM|184-TM|182-TM|424-TM|422-TM|423-TM|168-TM|263-TM|555-TM|525-TM|203-TM|241-TM|240-TM|428-TM|34-TM|214-TM|86-TM|156-TM|269-TM|399-TM|164-TM|242-TM|406-TM|304-TM|414-TM|417-TM|200-TM|434-TM|851-TM|46-TM|180-TM|244-TM|913-TM	310-EM|562-EM|458-EM|457-EM		
634	634	Zweilous	Hostile Pokémon	Dark	Dragon																		TRUE	TRUE	TRUE	TRUE	TRUE	TRUE	TRUE	TRUE	TRUE	TRUE	FALSE	FALSE			TRUE	FALSE	FALSE	FALSE	TRUE	TRUE				TRUE	FALSE	FALSE	FALSE	FALSE	FALSE	72	85	70	65	70	58	420	Blue	Quadruped		Hustle			Level 50	45	15	Dragon		40	5120	Slow	"1,250,000"	1.4	4′07″	50	110.2	35	147	0	2	0	0	0	0	2	50%	50%	1	0.5	0.5	0.5	0.5	2	2	1	1	1	0	2	1	0.5	2	0.5	1	4	44-1|458-1|225-1|116-1|33-1|46-12|372-16|29-20|526-24|21-28|242-32|184-36|406-40|34-44|304-48|407-54|417-60|200-66	36-TM|184-TM|182-TM|424-TM|422-TM|423-TM|168-TM|263-TM|555-TM|525-TM|203-TM|241-TM|240-TM|428-TM|34-TM|214-TM|86-TM|707-TM|156-TM|269-TM|399-TM|164-TM|242-TM|406-TM|304-TM|270-TM|414-TM|417-TM|200-TM|434-TM|851-TM|46-TM|180-TM|808-TM|244-TM|913-TM	310-EM|562-EM|458-EM|457-EM		
635	635	Hydreigon	Brutal Pokémon	Dark	Dragon																		TRUE	TRUE	TRUE	TRUE	TRUE	TRUE	TRUE	TRUE	TRUE	TRUE	FALSE	FALSE			TRUE	FALSE	FALSE	FALSE	TRUE	TRUE				TRUE	FALSE	FALSE	FALSE	FALSE	FALSE	92	105	90	125	90	98	600	Blue	Bipedal+Tail		Levitate			Level 64	45	15	Dragon		40	5120	Slow	"1,250,000"	1.8	5′11″	160	352.7	35	300	0	0	0	3	0	0	3	50%	50%	1	0.5	0.5	0.5	0.5	2	2	1	1	1	0	2	1	0.5	2	0.5	1	4	44-1|458-1|225-1|116-1|33-1|161-1|46-12|372-16|29-20|526-24|21-28|242-32|184-36|406-40|34-44|304-48|407-54|417-60|200-68|63-76	36-TM|184-TM|182-TM|424-TM|422-TM|423-TM|512-TM|168-TM|83-TM|263-TM|523-TM|555-TM|317-TM|525-TM|203-TM|241-TM|240-TM|428-TM|369-TM|34-TM|214-TM|115-TM|86-TM|707-TM|156-TM|157-TM|269-TM|430-TM|399-TM|19-TM|349-TM|164-TM|242-TM|366-TM|406-TM|446-TM|304-TM|257-TM|57-TM|53-TM|270-TM|414-TM|417-TM|126-TM|56-TM|89-TM|444-TM|416-TM|200-TM|411-TM|63-TM|434-TM|851-TM|46-TM|180-TM|814-TM|808-TM|799-TM|244-TM|675-TM|784-TM|913-TM	310-EM|562-EM|458-EM|457-EM		
636	636	Larvesta	Torch Pokémon	Bug	Fire																		TRUE	TRUE	TRUE	TRUE	TRUE	TRUE	TRUE	TRUE	FALSE	FALSE	TRUE	TRUE			FALSE	FALSE	TRUE	TRUE	FALSE	FALSE				TRUE	TRUE	FALSE	FALSE	FALSE	FALSE	55	85	55	50	55	60	360	White	Insectoid		Flame Body		Swarm		45	15	Bug		40	5120	Slow	"1,250,000"	1.1	3′07″	28.8	63.5	50	72	0	1	0	0	0	0	1	50%	50%	1	1	2	1	0.25	0.5	0.5	1	1	2	1	0.5	4	1	1	1	0.5	0.5	52-1|81-1|488-6|522-12|172-18|450-24|103-30|141-36|405-42|36-48|133-54|38-60|394-66	36-TM|182-TM|512-TM|522-TM|885-TM|884-TM|83-TM|263-TM|488-TM|203-TM|241-TM|428-TM|369-TM|34-TM|214-TM|113-TM|156-TM|141-TM|164-TM|261-TM|202-TM|257-TM|94-TM|53-TM|133-TM|347-TM|126-TM|528-TM|315-TM|405-TM|394-TM|76-TM|851-TM|450-TM|679-TM|38-TM|806-TM	71-EM|106-EM|234-EM|37-EM		
637	637	Volcarona	Sun Pokémon	Bug	Fire																		TRUE	TRUE	TRUE	TRUE	TRUE	TRUE	TRUE	TRUE	FALSE	FALSE	TRUE	TRUE			FALSE	FALSE	TRUE	TRUE	FALSE	FALSE				TRUE	TRUE	FALSE	FALSE	FALSE	FALSE	85	60	65	135	105	100	550	White	2+ Pair of Wings		Flame Body		Swarm	Level 59	15	5	Bug		40	5120	Slow	"1,250,000"	1.6	5′03″	46	101.4	50	275	0	0	0	3	0	0	3	50%	50%	1	1	2	1	0.25	0.5	0.5	1	1	2	1	0.5	4	1	1	1	0.5	0.5	38-1|52-1|552-1|83-1|488-1|394-1|16-1|81-1|522-1|36-1|18-1|172-18|450-24|103-30|141-36|405-42|257-48|133-54|542-62|126-70|476-78	36-TM|182-TM|512-TM|522-TM|885-TM|884-TM|83-TM|263-TM|488-TM|314-TM|203-TM|241-TM|240-TM|428-TM|369-TM|403-TM|34-TM|214-TM|113-TM|398-TM|156-TM|141-TM|19-TM|164-TM|261-TM|202-TM|366-TM|257-TM|94-TM|53-TM|133-TM|347-TM|126-TM|528-TM|416-TM|315-TM|542-TM|405-TM|63-TM|394-TM|76-TM|851-TM|450-TM|679-TM|814-TM|38-TM|806-TM	71-EM|106-EM|234-EM|37-EM	483-EV	
638	638	Cobalion	Iron Will Pokémon	Steel	Fighting																		TRUE	TRUE	TRUE	TRUE	FALSE	FALSE	TRUE	TRUE	FALSE	FALSE	TRUE	TRUE			FALSE	FALSE	FALSE	FALSE	TRUE	TRUE				FALSE	FALSE	FALSE	FALSE	TRUE	TRUE	91	90	129	90	72	108	580	Blue	Quadruped		Justified				3	1	No Eggs Discovered		80	10240	Slow	"1,250,000"	2.1	6′11″	250	551.2	35	290	0	0	3	0	0	0	3	Unknown		0.5	2	1	1	0.5	0.5	2	0	2	1	1	0.25	0.25	1	0.5	0.5	0.5	1	270-1|43-1|98-1|526-1|232-7|501-14|24-21|514-28|368-35|36-42|533-49|14-56|442-63|370-70	36-TM|184-TM|182-TM|263-TM|332-TM|232-TM|129-TM|203-TM|521-TM|241-TM|240-TM|201-TM|684-TM|206-TM|280-TM|428-TM|403-TM|34-TM|214-TM|115-TM|86-TM|398-TM|156-TM|269-TM|14-TM|776-TM|430-TM|442-TM|164-TM|334-TM|404-TM|396-TM|446-TM|484-TM|347-TM|270-TM|179-TM|444-TM|416-TM|411-TM|63-TM|370-TM|796-TM|851-TM|46-TM|410-TM|244-TM|38-TM|811-TM|319-TM|918-TM			
639	639	Terrakion	Cavern Pokémon	Rock	Fighting																		TRUE	TRUE	TRUE	TRUE	FALSE	FALSE	TRUE	TRUE	FALSE	FALSE	TRUE	TRUE			FALSE	FALSE	FALSE	FALSE	TRUE	TRUE				FALSE	FALSE	FALSE	FALSE	TRUE	TRUE	91	129	90	72	90	108	580	Gray	Quadruped		Justified				3	1	No Eggs Discovered		80	10240	Slow	"1,250,000"	1.9	6′03″	260	573.2	35	290	0	3	0	0	0	0	3	Unknown		0.5	0.5	2	1	2	1	2	0.5	2	1	2	0.5	0.5	1	1	0.5	2	2	270-1|43-1|98-1|526-1|479-7|501-14|24-21|514-28|157-35|36-42|533-49|14-56|444-63|370-70	36-TM|184-TM|182-TM|263-TM|332-TM|523-TM|129-TM|317-TM|203-TM|201-TM|684-TM|206-TM|280-TM|428-TM|403-TM|34-TM|214-TM|115-TM|350-TM|398-TM|707-TM|156-TM|157-TM|269-TM|14-TM|442-TM|164-TM|404-TM|396-TM|446-TM|347-TM|270-TM|414-TM|179-TM|89-TM|444-TM|416-TM|411-TM|63-TM|370-TM|851-TM|46-TM|479-TM|667-TM|244-TM|38-TM|811-TM|918-TM			
640	640	Virizion	Grassland Pokémon	Grass	Fighting																		TRUE	TRUE	TRUE	TRUE	FALSE	FALSE	TRUE	TRUE	FALSE	FALSE	TRUE	TRUE			FALSE	FALSE	FALSE	FALSE	TRUE	TRUE				FALSE	FALSE	FALSE	FALSE	TRUE	TRUE	91	90	72	90	129	108	580	Green	Quadruped		Justified				3	1	No Eggs Discovered		80	10240	Slow	"1,250,000"	2	6′07″	200	440.9	35	290	0	0	0	0	3	0	3	Unknown		1	2	0.5	0.5	0.5	2	1	2	0.5	4	2	1	0.5	1	1	0.5	1	2	270-1|43-1|98-1|526-1|345-7|501-14|24-21|514-28|202-35|235-42|533-49|14-56|348-63|370-70	36-TM|184-TM|182-TM|885-TM|263-TM|332-TM|129-TM|345-TM|203-TM|241-TM|684-TM|331-TM|206-TM|280-TM|428-TM|403-TM|34-TM|214-TM|402-TM|115-TM|113-TM|447-TM|156-TM|269-TM|14-TM|164-TM|404-TM|202-TM|396-TM|412-TM|347-TM|270-TM|179-TM|444-TM|416-TM|411-TM|437-TM|63-TM|370-TM|76-TM|851-TM|46-TM|410-TM|669-TM|803-TM|244-TM|38-TM|811-TM|918-TM			36-R
641	641	Tornadus Incarnate Forme	Cyclone Pokémon	Flying																			TRUE	FALSE	FALSE	FALSE	FALSE	FALSE	TRUE	TRUE	FALSE	FALSE	TRUE	TRUE			FALSE	FALSE	FALSE	FALSE	TRUE	FALSE			TRUE	FALSE	FALSE	FALSE	FALSE	FALSE	FALSE	79	115	70	125	80	111	580	Green	Head+Arms		Prankster		Defiant		3	1	No Eggs Discovered		120	15360	Slow	"1,250,000"	1.5	4′11″	63	138.9	90	290	0	3	0	0	0	0	3	100%	0%	1	1	1	2	0.5	2	0.5	1	0	1	1	0.5	2	1	1	1	1	1	310-1|16-1|43-5|207-10|44-15|314-20|97-25|366-30|403-35|242-40|326-45|253-50|359-55|240-60|542-65|37-70|846-77	36-TM|97-TM|184-TM|182-TM|512-TM|168-TM|886-TM|263-TM|196-TM|314-TM|374-TM|203-TM|241-TM|240-TM|201-TM|883-TM|280-TM|369-TM|492-TM|339-TM|403-TM|34-TM|214-TM|118-TM|447-TM|156-TM|269-TM|399-TM|19-TM|164-TM|242-TM|366-TM|257-TM|94-TM|179-TM|417-TM|188-TM|416-TM|411-TM|542-TM|63-TM|851-TM|479-TM|282-TM|253-TM|311-TM|808-TM|482-TM			
641		Tornadus Therian Forme	Cyclone Pokémon	Flying																			TRUE	FALSE	FALSE	FALSE	FALSE	FALSE	TRUE	TRUE	FALSE	FALSE	TRUE	TRUE			FALSE	FALSE	FALSE	FALSE	FALSE	FALSE			FALSE	FALSE	FALSE	FALSE	FALSE	FALSE	FALSE	79	100	80	110	90	121	580	Green	1 Pair of Wings		Regenerator					0			120	15360	Slow	"1,250,000"	1.4	4′07″	63	138.9	90	290	0	0	0	0	0	3	3	100%	0%	1	1	1	2	0.5	2	0.5	1	0	1	1	0.5	2	1	1	1	1	1	310-1|16-1|43-5|207-10|44-15|314-20|97-25|366-30|403-35|242-40|326-45|253-50|359-55|240-60|542-65|37-70|846-77	36-TM|97-TM|184-TM|182-TM|512-TM|168-TM|886-TM|263-TM|196-TM|314-TM|374-TM|203-TM|241-TM|240-TM|201-TM|883-TM|280-TM|369-TM|492-TM|339-TM|403-TM|34-TM|214-TM|118-TM|447-TM|156-TM|269-TM|399-TM|19-TM|164-TM|242-TM|366-TM|257-TM|94-TM|179-TM|417-TM|188-TM|416-TM|411-TM|542-TM|63-TM|851-TM|479-TM|282-TM|253-TM|311-TM|808-TM|482-TM			
642	642	Thundurus Incarnate Forme	Bolt Strike Pokémon	Electric	Flying																		FALSE	TRUE	FALSE	FALSE	FALSE	FALSE	TRUE	TRUE	FALSE	FALSE	TRUE	TRUE			FALSE	FALSE	FALSE	FALSE	FALSE	TRUE			TRUE	FALSE	FALSE	FALSE	FALSE	FALSE	FALSE	79	115	70	125	80	111	580	Blue	Head+Arms		Prankster		Defiant		3	1	No Eggs Discovered		120	15360	Slow	"1,250,000"	1.5	4′11″	61	134.5	90	290	0	3	0	0	0	0	3	100%	0%	1	1	1	1	0.5	2	0.5	1	0	0.5	1	0.5	2	1	1	1	0.5	1	310-1|84-1|43-5|207-10|44-15|351-20|97-25|268-30|521-35|242-40|435-45|253-50|359-55|240-60|87-65|37-70|847-75	36-TM|97-TM|184-TM|182-TM|512-TM|168-TM|451-TM|263-TM|555-TM|374-TM|203-TM|521-TM|241-TM|240-TM|684-TM|280-TM|428-TM|369-TM|492-TM|339-TM|34-TM|9-TM|214-TM|486-TM|447-TM|86-TM|156-TM|269-TM|430-TM|399-TM|598-TM|19-TM|164-TM|242-TM|94-TM|85-TM|604-TM|417-TM|528-TM|188-TM|416-TM|411-TM|63-TM|87-TM|851-TM|268-TM|479-TM|282-TM|253-TM|311-TM|808-TM|916-TM|527-TM|482-TM			
642		Thundurus Therian Forme	Bolt Strike Pokémon	Electric	Flying																		FALSE	TRUE	FALSE	FALSE	FALSE	FALSE	TRUE	TRUE	FALSE	FALSE	TRUE	TRUE			FALSE	FALSE	FALSE	FALSE	FALSE	FALSE			FALSE	FALSE	FALSE	FALSE	FALSE	FALSE	FALSE	79	105	70	145	80	101	580	Blue	Bipedal+Tail		Volt Absorb					0			120	15360	Slow	"1,250,000"	3	9′10″	61	134.5	90	290	0	0	0	3	0	0	3	100%	0%	1	1	1	1	0.5	2	0.5	1	0	0.5	1	0.5	2	1	1	1	0.5	1	310-1|84-1|43-5|207-10|44-15|351-20|97-25|268-30|521-35|242-40|435-45|253-50|359-55|240-60|87-65|37-70|847-75	36-TM|97-TM|184-TM|182-TM|512-TM|168-TM|451-TM|263-TM|555-TM|374-TM|203-TM|521-TM|241-TM|240-TM|684-TM|280-TM|428-TM|369-TM|492-TM|339-TM|34-TM|9-TM|214-TM|486-TM|447-TM|86-TM|156-TM|269-TM|430-TM|399-TM|598-TM|19-TM|164-TM|242-TM|94-TM|85-TM|604-TM|417-TM|528-TM|188-TM|416-TM|411-TM|63-TM|87-TM|851-TM|268-TM|479-TM|282-TM|253-TM|311-TM|808-TM|916-TM|527-TM|482-TM			
643	643	Reshiram	Vast White Pokémon	Dragon	Fire																		TRUE	FALSE	FALSE	TRUE	FALSE	FALSE	TRUE	TRUE	FALSE	FALSE	TRUE	TRUE			FALSE	FALSE	FALSE	FALSE	TRUE	FALSE				FALSE	FALSE	FALSE	FALSE	TRUE	TRUE	100	120	100	150	120	90	680	White	1 Pair of Wings		Turboblaze				3	1	No Eggs Discovered		120	15360	Slow	"1,250,000"	3.2	10′06″	330	727.5	0	340	0	0	0	3	0	0	3	Unknown		1	0.25	1	0.5	0.25	1	1	1	2	1	1	0.5	2	1	2	1	0.5	1	246-1|225-1|424-1|568-1|163-8|242-16|326-24|406-32|53-40|558-48|304-56|126-64|286-72|200-80|551-88	36-TM|184-TM|182-TM|424-TM|83-TM|263-TM|129-TM|317-TM|488-TM|374-TM|525-TM|203-TM|241-TM|240-TM|428-TM|421-TM|34-TM|214-TM|115-TM|113-TM|337-TM|156-TM|157-TM|776-TM|286-TM|19-TM|349-TM|164-TM|261-TM|242-TM|366-TM|247-TM|406-TM|304-TM|257-TM|94-TM|53-TM|270-TM|414-TM|126-TM|444-TM|416-TM|200-TM|315-TM|411-TM|63-TM|394-TM|76-TM|434-TM|851-TM|46-TM|535-TM|311-TM|814-TM|799-TM|38-TM|815-TM|784-TM|913-TM			
644	644	Zekrom	Deep Black Pokémon	Dragon	Electric																		FALSE	TRUE	TRUE	FALSE	FALSE	FALSE	TRUE	TRUE	FALSE	FALSE	TRUE	TRUE			FALSE	FALSE	FALSE	FALSE	FALSE	TRUE				FALSE	FALSE	FALSE	FALSE	TRUE	TRUE	100	150	120	120	100	90	680	Black	Bipedal+Tail		Teravolt				3	1	No Eggs Discovered		120	15360	Slow	"1,250,000"	2.9	9′06″	345	760.6	0	340	0	3	0	0	0	0	3	Unknown		1	0.5	0.5	0.25	0.5	2	1	1	2	0.5	1	1	1	1	2	1	0.5	2	246-1|225-1|568-1|422-1|163-8|242-16|428-24|337-32|85-40|559-48|304-56|87-64|286-72|200-80|550-88	36-TM|184-TM|182-TM|422-TM|451-TM|263-TM|129-TM|317-TM|374-TM|525-TM|203-TM|521-TM|241-TM|240-TM|280-TM|428-TM|421-TM|34-TM|9-TM|214-TM|486-TM|115-TM|113-TM|337-TM|86-TM|156-TM|157-TM|776-TM|286-TM|430-TM|19-TM|349-TM|164-TM|242-TM|366-TM|247-TM|406-TM|446-TM|304-TM|94-TM|85-TM|270-TM|414-TM|604-TM|528-TM|444-TM|416-TM|200-TM|411-TM|63-TM|87-TM|434-TM|851-TM|46-TM|268-TM|114-TM|264-TM|311-TM|814-TM|799-TM|38-TM|916-TM|784-TM|913-TM			
645	645	Landorus Incarnate Forme	Abundance Pokémon	Ground	Flying																		TRUE	TRUE	FALSE	FALSE	FALSE	FALSE	TRUE	TRUE	FALSE	FALSE	TRUE	TRUE			FALSE	FALSE	FALSE	FALSE	TRUE	TRUE			TRUE	FALSE	FALSE	FALSE	FALSE	FALSE	FALSE	89	125	90	115	80	101	600	Brown	Head+Arms		Sand Force		Sheer Force		3	1	No Eggs Discovered		120	15360	Slow	"1,250,000"	1.5	4′11″	68	149.9	90	300	0	0	0	3	0	0	3	100%	0%	1	1	2	0	1	4	0.5	0.5	0	1	1	0.5	1	1	1	1	1	1	328-1|479-1|43-5|335-10|523-15|317-20|286-30|157-35|414-40|326-45|444-50|359-55|201-60|89-65|200-70|90-75|848-80	36-TM|189-TM|184-TM|182-TM|263-TM|523-TM|341-TM|317-TM|374-TM|203-TM|241-TM|240-TM|201-TM|91-TM|280-TM|369-TM|339-TM|34-TM|214-TM|447-TM|707-TM|156-TM|157-TM|269-TM|14-TM|286-TM|19-TM|164-TM|242-TM|446-TM|94-TM|347-TM|414-TM|417-TM|188-TM|89-TM|444-TM|416-TM|200-TM|411-TM|63-TM|851-TM|328-TM|356-TM|479-TM|311-TM|482-TM|815-TM			
645		Landorus Therian Forme	Abundance Pokémon	Ground	Flying																		TRUE	TRUE	FALSE	FALSE	FALSE	FALSE	TRUE	TRUE	FALSE	FALSE	TRUE	TRUE			FALSE	FALSE	FALSE	FALSE	FALSE	FALSE			FALSE	FALSE	FALSE	FALSE	FALSE	FALSE	FALSE	89	145	90	105	80	91	600	Brown	Quadruped		Intimidate					0			120	15360	Slow	"1,250,000"	1.3	4′03″	68	149.9	90	300	0	3	0	0	0	0	3	100%	0%	1	1	2	0	1	4	0.5	0.5	0	1	1	0.5	1	1	1	1	1	1	328-1|479-1|43-5|335-10|523-15|317-20|286-30|157-35|414-40|326-45|444-50|359-55|201-60|89-65|200-70|90-75|848-80	36-TM|189-TM|184-TM|182-TM|263-TM|523-TM|341-TM|317-TM|374-TM|203-TM|241-TM|240-TM|201-TM|91-TM|280-TM|369-TM|339-TM|34-TM|214-TM|447-TM|707-TM|156-TM|157-TM|269-TM|14-TM|286-TM|19-TM|164-TM|242-TM|446-TM|94-TM|347-TM|414-TM|417-TM|188-TM|89-TM|444-TM|416-TM|200-TM|411-TM|63-TM|851-TM|328-TM|356-TM|479-TM|311-TM|482-TM|815-TM			
646	646	Kyurem	Boundary Pokémon	Dragon	Ice																		TRUE	TRUE	TRUE	TRUE	FALSE	FALSE	TRUE	TRUE	FALSE	FALSE	TRUE	TRUE			FALSE	FALSE	FALSE	FALSE	TRUE	TRUE				FALSE	FALSE	FALSE	FALSE	TRUE	TRUE	125	130	90	130	90	95	660	Gray	Bipedal+Tail		Pressure				3	1	No Eggs Discovered		120	15360	Slow	"1,250,000"	3	9′10″	325	716.5	0	330	1	1	0	1	0	0	3	Unknown		1	1	0.5	0.5	0.5	1	2	1	1	1	1	1	2	1	2	1	2	2	246-1|225-1|573-1|568-1|163-8|283-16|406-24|58-32|304-40|184-48|59-56|286-64|200-72|549-80|329-88	36-TM|184-TM|182-TM|423-TM|263-TM|332-TM|129-TM|196-TM|317-TM|374-TM|525-TM|419-TM|203-TM|241-TM|240-TM|883-TM|428-TM|421-TM|34-TM|214-TM|115-TM|113-TM|337-TM|156-TM|157-TM|776-TM|286-TM|430-TM|19-TM|442-TM|349-TM|164-TM|247-TM|406-TM|304-TM|94-TM|270-TM|414-TM|58-TM|59-TM|444-TM|416-TM|200-TM|411-TM|63-TM|434-TM|851-TM|46-TM|333-TM|311-TM|814-TM|799-TM|283-TM|784-TM|913-TM			
646		White Kyurem	Boundary Pokémon	Dragon	Ice																		TRUE	TRUE	FALSE	TRUE	FALSE	FALSE	TRUE	TRUE	FALSE	FALSE	TRUE	TRUE			FALSE	FALSE	FALSE	FALSE	FALSE	FALSE				FALSE	FALSE	FALSE	FALSE	FALSE	FALSE	125	120	90	170	100	95	700	Gray	Bipedal+Tail		Turboblaze					0			120	15360	Slow	"1,250,000"	3.6	11′10″	325	716.5	0	350	0	0	0	3	0	0	3	Unknown		1	1	0.5	0.5	0.5	1	2	1	1	1	1	1	2	1	2	1	2	2	246-1|225-1|573-1|568-1|163-8|283-16|406-24|58-32|304-40|558-48|59-56|286-64|200-72|554-80|329-88	36-TM|184-TM|182-TM|423-TM|263-TM|332-TM|129-TM|196-TM|317-TM|374-TM|525-TM|419-TM|203-TM|241-TM|240-TM|883-TM|428-TM|421-TM|34-TM|214-TM|115-TM|113-TM|337-TM|156-TM|157-TM|776-TM|286-TM|430-TM|19-TM|442-TM|349-TM|164-TM|247-TM|406-TM|304-TM|94-TM|270-TM|414-TM|58-TM|59-TM|444-TM|416-TM|200-TM|411-TM|63-TM|434-TM|851-TM|46-TM|333-TM|311-TM|814-TM|799-TM|283-TM|784-TM|913-TM			
646		Black Kyurem	Boundary Pokémon	Dragon	Ice																		TRUE	TRUE	TRUE	FALSE	FALSE	FALSE	TRUE	TRUE	FALSE	FALSE	TRUE	TRUE			FALSE	FALSE	FALSE	FALSE	FALSE	FALSE				FALSE	FALSE	FALSE	FALSE	FALSE	FALSE	125	170	100	120	90	95	700	Gray	Bipedal+Tail		Teravolt					0			120	15360	Slow	"1,250,000"	3.3	10′10″	325	716.5	0	350	0	3	0	0	0	0	3	Unknown		1	1	0.5	0.5	0.5	1	2	1	1	1	1	1	2	1	2	1	2	2	246-1|225-1|573-1|568-1|163-8|283-16|406-24|58-32|304-40|559-48|59-56|286-64|200-72|553-80|329-88	36-TM|184-TM|182-TM|423-TM|263-TM|332-TM|129-TM|196-TM|317-TM|374-TM|525-TM|419-TM|203-TM|241-TM|240-TM|883-TM|428-TM|421-TM|34-TM|214-TM|115-TM|113-TM|337-TM|156-TM|157-TM|776-TM|286-TM|430-TM|19-TM|442-TM|349-TM|164-TM|247-TM|406-TM|304-TM|94-TM|270-TM|414-TM|58-TM|59-TM|444-TM|416-TM|200-TM|411-TM|63-TM|434-TM|851-TM|46-TM|333-TM|311-TM|814-TM|799-TM|283-TM|784-TM|913-TM			
647	647	Keldeo Ordinary Form	Colt Pokémon	Water	Fighting																		FALSE	FALSE	FALSE	FALSE	FALSE	FALSE	FALSE	FALSE	FALSE	FALSE	FALSE	FALSE			FALSE	FALSE	FALSE	FALSE	TRUE	TRUE				FALSE	FALSE	FALSE	FALSE	FALSE	FALSE	91	72	90	129	90	108	580	Yellow	Quadruped		Justified				3	1	No Eggs Discovered		80	10240	Slow	"1,250,000"	1.4	4′07″	48.5	106.9	35	290	0	0	0	3	0	0	3	Unknown		1	0.5	0.5	2	2	0.5	1	1	1	2	2	0.5	0.5	1	1	0.5	0.5	2	453-1|270-1|43-1|548-1|526-1|61-7|501-14|24-21|514-28|401-35|36-42|533-49|14-56|56-63|370-70	36-TM|182-TM|352-TM|67-TM|885-TM|886-TM|263-TM|332-TM|129-TM|196-TM|203-TM|241-TM|240-TM|684-TM|206-TM|280-TM|403-TM|214-TM|115-TM|398-TM|156-TM|269-TM|14-TM|164-TM|404-TM|710-TM|396-TM|57-TM|347-TM|270-TM|226-TM|179-TM|56-TM|444-TM|416-TM|411-TM|63-TM|370-TM|851-TM|46-TM|410-TM|812-TM|220-TM|244-TM|38-TM|330-TM|811-TM|918-TM			
647		Keldeo Resolute Form	Colt Pokémon	Water	Fighting																		FALSE	FALSE	FALSE	FALSE	FALSE	FALSE	FALSE	FALSE	FALSE	FALSE	FALSE	FALSE			FALSE	FALSE	FALSE	FALSE	FALSE	FALSE				FALSE	FALSE	FALSE	FALSE	FALSE	FALSE	91	72	90	129	90	108	580	Yellow	Quadruped		Justified					0			80	10240	Slow	"1,250,000"	1.4	4′07″	48.5	106.9	35	290	0	0	0	3	0	0	3	Unknown		1	0.5	0.5	2	2	0.5	1	1	1	2	2	0.5	0.5	1	1	0.5	0.5	2	453-1|270-1|43-1|548-1|526-1|61-7|501-14|24-21|514-28|401-35|36-42|533-49|14-56|56-63|370-70	36-TM|182-TM|352-TM|67-TM|885-TM|886-TM|263-TM|332-TM|129-TM|196-TM|203-TM|241-TM|240-TM|684-TM|206-TM|280-TM|403-TM|214-TM|115-TM|398-TM|156-TM|269-TM|14-TM|164-TM|404-TM|710-TM|396-TM|57-TM|347-TM|270-TM|226-TM|179-TM|56-TM|444-TM|416-TM|411-TM|63-TM|370-TM|851-TM|46-TM|410-TM|812-TM|220-TM|244-TM|38-TM|330-TM|811-TM|918-TM			
648	648	Meloetta Aria Forme	Melody Pokémon	Normal	Psychic																		FALSE	FALSE	FALSE	FALSE	FALSE	FALSE	FALSE	FALSE	FALSE	FALSE	FALSE	FALSE												FALSE	FALSE	FALSE	FALSE	FALSE	FALSE	100	77	77	128	128	90	600	White	Bipedal+Tailless		Serene Grace				3	1	No Eggs Discovered		120	15360	Slow	"1,250,000"	0.6	2′00″	6.5	14.3	100	300	0	0	0	1	1	1	3	Unknown		1	1	1	1	1	1	1	1	1	1	0.5	2	1	0	1	2	1	1	93-1|98-1|496-1|47-1|298-21|512-26|60-31|497-36|369-43|547-50|94-57|304-64|272-71|370-78|195-85	204-TM|313-TM|182-TM|67-TM|512-TM|60-TM|574-TM|263-TM|129-TM|490-TM|374-TM|203-TM|241-TM|240-TM|473-TM|280-TM|428-TM|369-TM|421-TM|7-TM|9-TM|8-TM|214-TM|409-TM|113-TM|605-TM|118-TM|447-TM|86-TM|156-TM|14-TM|285-TM|164-TM|271-TM|247-TM|304-TM|412-TM|94-TM|85-TM|583-TM|347-TM|270-TM|226-TM|179-TM|444-TM|416-TM|411-TM|433-TM|63-TM|87-TM|370-TM|851-TM|356-TM|282-TM|264-TM|244-TM|813-TM|811-TM|914-TM			
648		Meloetta Priouette Forme	Melody Pokémon	Normal	Fighting																		FALSE	FALSE	FALSE	FALSE	FALSE	FALSE	FALSE	FALSE	FALSE	FALSE	FALSE	FALSE												FALSE	FALSE	FALSE	FALSE	FALSE	FALSE	100	128	90	77	77	128	600	White	Bipedal+Tailless		Serene Grace					0			120	15360	Slow	"1,250,000"	0.6	2′00″	6.5	14.3	100	300	0	1	1	0	0	1	3	Unknown		1	1	1	1	1	1	2	1	1	2	2	0.5	0.5	0	1	0.5	1	2	93-1|98-1|496-1|47-1|298-21|512-26|60-31|497-36|369-43|547-50|94-57|304-64|272-71|370-78|195-85	204-TM|313-TM|182-TM|67-TM|512-TM|60-TM|574-TM|263-TM|129-TM|490-TM|374-TM|203-TM|241-TM|240-TM|473-TM|280-TM|428-TM|369-TM|421-TM|7-TM|9-TM|8-TM|214-TM|409-TM|113-TM|605-TM|118-TM|447-TM|86-TM|156-TM|14-TM|285-TM|164-TM|271-TM|247-TM|304-TM|412-TM|94-TM|85-TM|583-TM|347-TM|270-TM|226-TM|179-TM|444-TM|416-TM|411-TM|433-TM|63-TM|87-TM|370-TM|851-TM|356-TM|282-TM|264-TM|244-TM|813-TM|811-TM|914-TM			
649	649	Genesect	Paleozoic Pokémon	Bug	Steel																		FALSE	FALSE	FALSE	FALSE	FALSE	FALSE	FALSE	FALSE	FALSE	FALSE	FALSE	FALSE			FALSE	FALSE	FALSE	FALSE	FALSE	FALSE										71	120	95	120	95	99	600	White	Bipedal+Tailless		Download				3	1	No Eggs Discovered		120	15360	Slow	"1,250,000"	1.5	4′11″	82.5	181.9	0	300	0	1	0	1	0	1	3	Unknown		0.5	4	1	1	0.25	0.5	1	0	1	1	0.5	0.5	1	1	0.5	1	0.5	0.5					
649		Genesect Shock	Paleozoic Pokémon	Bug	Steel																		FALSE	FALSE	FALSE	FALSE	FALSE	FALSE	FALSE	FALSE	FALSE	FALSE	FALSE	FALSE			FALSE	FALSE	FALSE	FALSE	FALSE	FALSE										71	120	95	120	95	99	600	Purple	Bipedal+Tailless		Download					0			120	15360	Slow	"1,250,000"	1.5	4′11″	82.5	181.9	0	300	0	1	0	1	0	1	3	Unknown		0.5	4	1	1	0.25	0.5	1	0	1	1	0.5	0.5	1	1	0.5	1	0.5	0.5					
649		Genesect Burn	Paleozoic Pokémon	Bug	Steel																		FALSE	FALSE	FALSE	FALSE	FALSE	FALSE	FALSE	FALSE	FALSE	FALSE	FALSE	FALSE			FALSE	FALSE	FALSE	FALSE	FALSE	FALSE										71	120	95	120	95	99	600	Purple	Bipedal+Tailless		Download					0			120	15360	Slow	"1,250,000"	1.5	4′11″	82.5	181.9	0	300	0	1	0	1	0	1	3	Unknown		0.5	4	1	1	0.25	0.5	1	0	1	1	0.5	0.5	1	1	0.5	1	0.5	0.5					
649		Genesect Chill	Paleozoic Pokémon	Bug	Steel																		FALSE	FALSE	FALSE	FALSE	FALSE	FALSE	FALSE	FALSE	FALSE	FALSE	FALSE	FALSE			FALSE	FALSE	FALSE	FALSE	FALSE	FALSE										71	120	95	120	95	99	600	Purple	Bipedal+Tailless		Download					0			120	15360	Slow	"1,250,000"	1.5	4′11″	82.5	181.9	0	300	0	1	0	1	0	1	3	Unknown		0.5	4	1	1	0.25	0.5	1	0	1	1	0.5	0.5	1	1	0.5	1	0.5	0.5					
649		Genesect Douse	Paleozoic Pokémon	Bug	Steel																		FALSE	FALSE	FALSE	FALSE	FALSE	FALSE	FALSE	FALSE	FALSE	FALSE	FALSE	FALSE			FALSE	FALSE	FALSE	FALSE	FALSE	FALSE										71	120	95	120	95	99	600	Purple	Bipedal+Tailless		Download					0			120	15360	Slow	"1,250,000"	1.5	4′11″	82.5	181.9	0	300	0	1	0	1	0	1	3	Unknown		0.5	4	1	1	0.25	0.5	1	0	1	1	0.5	0.5	1	1	0.5	1	0.5	0.5					
650	650	Chespin	Spiny Nut Pokémon	Grass																							TRUE	TRUE	FALSE	FALSE	FALSE	FALSE	TRUE	TRUE												FALSE	FALSE	FALSE	FALSE	TRUE	TRUE	56	61	65	48	45	38	313	Green	Bipedal+Tail		Overgrow		Bulletproof		45	15	Field		20	2560	Medium Slow	"1,059,860"	0.4	1′04″	9	19.8	50	63	0	0	1	0	0	0	1	87.50%	12.50%	1	2	0.5	0.5	0.5	2	1	2	0.5	2	1	2	1	1	1	1	1	1	45-1|22-1|205-8|44-11|73-15|42-18|36-27|402-32|341-35|34-42|220-45|452-48	36-TM|182-TM|67-TM|885-TM|263-TM|332-TM|523-TM|232-TM|129-TM|345-TM|341-TM|317-TM|374-TM|203-TM|241-TM|240-TM|91-TM|331-TM|280-TM|428-TM|421-TM|34-TM|9-TM|214-TM|402-TM|409-TM|115-TM|447-TM|398-TM|707-TM|156-TM|157-TM|191-TM|442-TM|164-TM|202-TM|412-TM|270-TM|580-TM|520-TM|437-TM|76-TM|851-TM|46-TM|162-TM|264-TM|803-TM|220-TM|283-TM|174-TM	187-EM|174-EM|501-EM|191-EM|162-EM|235-EM|469-EM		
651	651	Quilladin	Spiny Armor Pokémon	Grass																							TRUE	TRUE	FALSE	FALSE	FALSE	FALSE	TRUE	TRUE												FALSE	FALSE	FALSE	FALSE	TRUE	TRUE	61	78	95	56	58	57	405	Green	Bipedal+Tail		Overgrow		Bulletproof	Level 16	45	15	Field		20	2560	Medium Slow	"1,059,860"	0.7	2′04″	29	63.9	50	142	0	0	2	0	0	0	2	87.50%	12.50%	1	2	0.5	0.5	0.5	2	1	2	0.5	2	1	2	1	1	1	1	1	1	45-1|22-1|205-8|44-11|73-15|402-20|42-24|36-29|341-34|339-38|34-43|220-47|452-53	36-TM|182-TM|67-TM|885-TM|263-TM|332-TM|523-TM|232-TM|129-TM|345-TM|341-TM|317-TM|490-TM|374-TM|203-TM|241-TM|240-TM|91-TM|331-TM|280-TM|428-TM|421-TM|339-TM|34-TM|9-TM|214-TM|402-TM|409-TM|115-TM|447-TM|398-TM|707-TM|156-TM|157-TM|269-TM|191-TM|442-TM|164-TM|334-TM|202-TM|412-TM|270-TM|580-TM|520-TM|444-TM|437-TM|76-TM|851-TM|46-TM|360-TM|162-TM|264-TM|803-TM|220-TM|283-TM|174-TM	187-EM|174-EM|501-EM|191-EM|162-EM|235-EM|469-EM		
652	652	Chesnaught	Spiny Armor Pokémon	Grass	Fighting																						TRUE	TRUE	FALSE	FALSE	FALSE	FALSE	TRUE	TRUE												FALSE	FALSE	FALSE	FALSE	TRUE	TRUE	88	107	122	74	75	64	530	Green	Bipedal+Tail		Overgrow		Bulletproof	Level 36	45	15	Field		20	2560	Medium Slow	"1,059,860"	1.6	5′03″	90	198.4	50	265	0	0	3	0	0	0	3	87.50%	12.50%	1	2	0.5	0.5	0.5	2	1	2	0.5	4	2	1	0.5	1	1	0.5	1	2	364-1|45-1|359-1|205-1|33-1|22-1|44-11|73-15|42-19|36-29|402-35|341-41|339-48|34-54|220-60|452-66|416-78	36-TM|189-TM|184-TM|182-TM|67-TM|885-TM|263-TM|332-TM|523-TM|232-TM|129-TM|345-TM|341-TM|317-TM|490-TM|374-TM|203-TM|241-TM|240-TM|91-TM|331-TM|280-TM|428-TM|421-TM|339-TM|34-TM|9-TM|214-TM|402-TM|409-TM|115-TM|337-TM|447-TM|398-TM|707-TM|156-TM|157-TM|269-TM|14-TM|776-TM|191-TM|442-TM|164-TM|334-TM|242-TM|202-TM|412-TM|270-TM|179-TM|580-TM|520-TM|89-TM|444-TM|416-TM|338-TM|411-TM|437-TM|63-TM|370-TM|76-TM|851-TM|46-TM|479-TM|360-TM|282-TM|162-TM|667-TM|264-TM|803-TM|220-TM|38-TM|283-TM|811-TM|174-TM	187-EM|174-EM|501-EM|191-EM|162-EM|235-EM|469-EM	596-EV	
653	653	Fennekin	Fox Pokémon	Fire																							TRUE	TRUE	FALSE	FALSE	FALSE	FALSE	TRUE	TRUE												FALSE	FALSE	FALSE	FALSE	TRUE	TRUE	40	45	40	62	60	60	307	Red	Quadruped		Blaze		Magician		45	15	Field		20	2560	Medium Slow	"1,059,860"	0.4	1′04″	9.4	20.7	50	61	0	0	0	1	0	0	1	87.50%	12.50%	1	0.5	2	1	0.5	0.5	1	1	2	1	1	0.5	2	1	1	1	0.5	0.5	10-1|39-1|52-5|336-11|488-14|60-17|83-20|113-25|473-31|53-35|261-38|94-41|241-43|126-48	36-TM|204-TM|97-TM|189-TM|182-TM|60-TM|168-TM|83-TM|263-TM|129-TM|341-TM|488-TM|500-TM|203-TM|241-TM|240-TM|473-TM|492-TM|214-TM|113-TM|447-TM|156-TM|286-TM|285-TM|164-TM|261-TM|271-TM|257-TM|94-TM|227-TM|53-TM|347-TM|270-TM|678-TM|126-TM|519-TM|315-TM|433-TM|394-TM|76-TM|851-TM|807-TM	383-EM|257-EM|95-EM|478-EM|273-EM		
654	654	Braixen	Fox Pokémon	Fire																							TRUE	TRUE	FALSE	FALSE	FALSE	FALSE	TRUE	TRUE												FALSE	FALSE	FALSE	FALSE	TRUE	TRUE	59	59	58	90	70	73	409	Red	Bipedal+Tail		Blaze		Magician	Level 16	45	15	Field		20	2560	Medium Slow	"1,059,860"	1	3′03″	14.5	32	50	143	0	0	0	2	0	0	2	87.50%	12.50%	1	0.5	2	1	0.5	0.5	1	1	2	1	1	0.5	2	1	1	1	0.5	0.5	52-1|10-1|39-1|336-11|488-14|60-18|83-22|113-28|473-36|53-41|261-45|94-49|241-52|478-56|126-59	36-TM|204-TM|97-TM|189-TM|182-TM|67-TM|60-TM|168-TM|83-TM|263-TM|129-TM|341-TM|488-TM|500-TM|203-TM|241-TM|240-TM|473-TM|428-TM|492-TM|7-TM|9-TM|214-TM|113-TM|447-TM|156-TM|286-TM|285-TM|164-TM|261-TM|271-TM|257-TM|94-TM|227-TM|53-TM|347-TM|270-TM|678-TM|126-TM|519-TM|315-TM|433-TM|394-TM|76-TM|851-TM|807-TM	383-EM|257-EM|95-EM|478-EM|273-EM		
655	655	Delphox	Fox Pokémon	Fire	Psychic																						TRUE	TRUE	FALSE	FALSE	FALSE	FALSE	TRUE	TRUE												FALSE	FALSE	FALSE	FALSE	TRUE	TRUE	75	69	72	114	100	104	534	Red	Bipedal+Tail		Blaze		Magician	Level 36	45	15	Field		20	2560	Medium Slow	"1,059,860"	1.5	4′11″	39	86	50	267	0	0	0	3	0	0	3	87.50%	12.50%	1	0.5	2	1	0.5	0.5	0.5	1	2	1	0.5	1	2	2	1	2	0.5	0.5	52-1|248-1|336-1|272-1|10-1|247-1|415-1|39-1|488-14|60-18|83-22|113-28|473-38|53-45|261-51|94-57|241-62|478-68|126-74	36-TM|204-TM|97-TM|189-TM|182-TM|67-TM|60-TM|109-TM|168-TM|83-TM|263-TM|506-TM|129-TM|341-TM|488-TM|500-TM|101-TM|203-TM|241-TM|240-TM|473-TM|428-TM|492-TM|7-TM|9-TM|214-TM|115-TM|113-TM|605-TM|118-TM|447-TM|156-TM|286-TM|285-TM|164-TM|261-TM|271-TM|247-TM|304-TM|257-TM|94-TM|227-TM|53-TM|347-TM|270-TM|678-TM|417-TM|126-TM|519-TM|416-TM|307-TM|315-TM|411-TM|433-TM|63-TM|394-TM|76-TM|851-TM|807-TM|244-TM|815-TM|248-TM|797-TM|917-TM	383-EM|257-EM|95-EM|478-EM|273-EM	595-EV	
656	656	Froakie	Bubble Frog Pokémon	Water																							TRUE	TRUE	FALSE	FALSE	FALSE	FALSE	TRUE	TRUE												FALSE	FALSE	FALSE	FALSE	TRUE	TRUE	41	56	40	62	44	71	314	Blue	Quadruped		Torrent		Protean		45	15	Water 1		20	2560	Medium Slow	"1,059,860"	0.3	1′00″	7	15.4	50	63	0	0	0	0	0	1	1	87.50%	12.50%	1	0.5	0.5	2	2	0.5	1	1	1	1	1	1	1	1	1	1	0.5	1	45-1|1-1|55-5|98-8|122-10|352-14|108-18|496-21|374-25|479-29|164-35|340-39|104-43|56-48	36-TM|189-TM|182-TM|352-TM|512-TM|168-TM|885-TM|886-TM|263-TM|332-TM|129-TM|196-TM|341-TM|317-TM|374-TM|203-TM|240-TM|883-TM|91-TM|206-TM|369-TM|214-TM|127-TM|447-TM|156-TM|157-TM|269-TM|191-TM|390-TM|164-TM|710-TM|57-TM|270-TM|58-TM|56-TM|59-TM|518-TM|851-TM|479-TM	68-EM|514-EM|191-EM|415-EM|390-EM		
657	657	Frogadier	Bubble Frog Pokémon	Water																							TRUE	TRUE	FALSE	FALSE	FALSE	FALSE	TRUE	TRUE												FALSE	FALSE	FALSE	FALSE	TRUE	TRUE	54	63	52	83	56	97	405	Blue	Bipedal+Tailless		Torrent		Protean	Level 16	45	15	Water 1		20	2560	Medium Slow	"1,059,860"	0.6	2′00″	10.9	24	50	142	0	0	0	0	0	2	2	87.50%	12.50%	1	0.5	0.5	2	2	0.5	1	1	1	1	1	1	1	1	1	1	0.5	1	45-1|1-1|55-1|98-8|122-10|352-14|108-19|496-23|374-28|479-33|164-40|340-45|104-50|56-56	36-TM|189-TM|182-TM|352-TM|67-TM|512-TM|168-TM|885-TM|886-TM|263-TM|332-TM|129-TM|196-TM|341-TM|317-TM|374-TM|203-TM|240-TM|883-TM|91-TM|206-TM|369-TM|8-TM|214-TM|127-TM|447-TM|156-TM|157-TM|269-TM|14-TM|191-TM|390-TM|441-TM|164-TM|710-TM|57-TM|270-TM|58-TM|56-TM|59-TM|518-TM|851-TM|479-TM	68-EM|514-EM|191-EM|415-EM|390-EM		
658	658	Greninja	Ninja Pokémon	Water	Dark																						TRUE	TRUE	FALSE	FALSE	FALSE	FALSE	TRUE	TRUE												FALSE	FALSE	FALSE	FALSE	TRUE	TRUE	72	95	67	103	71	122	530	Blue	Bipedal+Tailless		Torrent		Protean	Level 36	45	15	Water 1		20	2560	Medium Slow	"1,059,860"	1.5	4′11″	40	88.2	50	265	0	0	0	0	0	3	3	87.50%	12.50%	1	0.5	0.5	2	2	0.5	2	1	1	1	0	2	1	0.5	1	0.5	0.5	2	45-1|114-1|400-1|1-1|98-1|272-1|55-1|122-10|352-14|108-19|425-23|191-28|332-33|164-42|326-49|104-56|56-68	36-TM|189-TM|182-TM|352-TM|67-TM|512-TM|168-TM|885-TM|886-TM|263-TM|332-TM|129-TM|196-TM|341-TM|317-TM|490-TM|374-TM|203-TM|240-TM|883-TM|91-TM|206-TM|280-TM|369-TM|8-TM|214-TM|127-TM|447-TM|156-TM|157-TM|269-TM|14-TM|191-TM|390-TM|399-TM|441-TM|164-TM|710-TM|57-TM|270-TM|58-TM|56-TM|59-TM|518-TM|416-TM|308-TM|63-TM|851-TM|114-TM|479-TM|311-TM|482-TM|918-TM	68-EM|514-EM|191-EM|415-EM|390-EM	594-EV	
658		Ash-Greninja	Ninja Pokémon	Water	Dark																										FALSE	FALSE	FALSE	FALSE																		72	145	67	153	71	132	640	Blue	Bipedal+Tailless		Battle Bond					0			20	2560	Medium Slow	"1,059,860"	1.5	4′11″	40	88.2	50	320	0	0	0	0	0	3	3	100%	0%	1	0.5	0.5	2	2	0.5	2	1	1	1	0	2	1	0.5	1	0.5	0.5	2					
659	659	Bunnelby	Digging Pokémon	Normal																							TRUE	TRUE	FALSE	FALSE	FALSE	FALSE	FALSE	FALSE			TRUE	TRUE	FALSE	FALSE	FALSE	FALSE										38	36	38	32	36	57	237	Brown	Bipedal+Tail		Pickup	Cheek Pouch	Huge Power		255	85	Field		15	1920	Medium Fast	"1,000,000"	0.4	1′04″	5	11	50	47	0	0	0	0	0	1	1	50%	50%	1	1	1	1	1	1	2	1	1	1	1	1	1	0	1	1	1	1					
660	660	Diggersby	Digging Pokémon	Normal	Ground																						TRUE	TRUE	FALSE	FALSE	FALSE	FALSE	FALSE	FALSE			TRUE	TRUE	FALSE	FALSE	FALSE	FALSE										85	56	77	50	77	78	423	Brown	Bipedal+Tail		Pickup	Cheek Pouch	Huge Power	Level 20	127	42.33	Field		15	1920	Medium Fast	"1,000,000"	1	3′03″	42.4	93.5	50	148	2	0	0	0	0	0	2	50%	50%	1	1	2	0	2	2	2	0.5	1	1	1	1	0.5	0	1	1	1	1		 			
661	661	Fletchling	Tiny Robin Pokémon	Normal	Flying																						TRUE	TRUE	FALSE	FALSE	TRUE	TRUE	TRUE	TRUE			FALSE	FALSE	TRUE	TRUE	FALSE	FALSE				TRUE	TRUE	FALSE	FALSE	TRUE	TRUE	45	50	43	40	38	62	278	Red	1 Pair of Wings		Big Pecks		Gale Wings		255	85	Flying		15	1920	Medium Slow	"1,059,860"	0.3	1′00″	1.7	3.7	50	56	0	0	0	0	0	1	1	50%	50%	1	1	1	2	0.5	2	1	1	0	1	1	0.5	2	0	1	1	1	1	45-1|64-1|98-5|52-10|175-15|512-20|97-25|332-30|366-35|211-40|355-45|19-50	36-TM|97-TM|182-TM|512-TM|168-TM|263-TM|332-TM|129-TM|488-TM|314-TM|203-TM|241-TM|240-TM|369-TM|403-TM|214-TM|156-TM|269-TM|14-TM|19-TM|164-TM|366-TM|257-TM|315-TM|542-TM|413-TM|394-TM|851-TM|814-TM|38-TM|297-TM	432-EM|488-EM|501-EM		
662	662	Fletchinder	Ember Pokémon	Fire	Flying																						TRUE	TRUE	FALSE	FALSE	TRUE	TRUE	TRUE	TRUE			FALSE	FALSE	TRUE	TRUE	FALSE	FALSE				TRUE	TRUE	FALSE	FALSE	TRUE	TRUE	62	73	55	56	52	84	382	Red	1 Pair of Wings		Flame Body		Gale Wings	Level 17	120	40	Flying		15	1920	Medium Slow	"1,059,860"	0.7	2′04″	16	35.3	50	134	0	0	0	0	0	2	2	50%	50%	1	0.5	2	2	0.25	1	0.5	1	0	1	1	0.25	4	1	1	1	0.5	0.5	52-1|364-1|45-1|64-1|98-1|175-15|512-22|97-29|332-36|366-43|211-50|355-57|19-64	36-TM|97-TM|182-TM|512-TM|168-TM|83-TM|263-TM|332-TM|129-TM|488-TM|314-TM|203-TM|241-TM|240-TM|369-TM|403-TM|214-TM|156-TM|269-TM|14-TM|19-TM|164-TM|261-TM|366-TM|257-TM|53-TM|126-TM|315-TM|542-TM|413-TM|394-TM|851-TM|814-TM|38-TM|915-TM|297-TM	432-EM|488-EM|501-EM	488-EV	
663	663	Talonflame	Scorching Pokémon	Fire	Flying																						TRUE	TRUE	FALSE	FALSE	TRUE	TRUE	TRUE	TRUE			FALSE	FALSE	TRUE	TRUE	FALSE	FALSE				TRUE	TRUE	FALSE	FALSE	TRUE	TRUE	78	81	71	74	69	126	499	Red	1 Pair of Wings		Flame Body		Gale Wings	Level 35	45	15	Flying		15	1920	Medium Slow	"1,059,860"	1.2	3′11″	24.5	54	50	175	0	0	0	0	0	3	3	50%	50%	1	0.5	2	2	0.25	1	0.5	1	0	1	1	0.25	4	1	1	1	0.5	0.5	52-1|364-1|488-1|394-1|45-1|64-1|98-1|175-15|512-22|97-29|332-38|366-47|211-56|355-65|19-74|413-83	36-TM|97-TM|182-TM|512-TM|168-TM|83-TM|263-TM|332-TM|129-TM|488-TM|314-TM|203-TM|241-TM|240-TM|369-TM|339-TM|403-TM|214-TM|156-TM|269-TM|14-TM|19-TM|164-TM|261-TM|366-TM|257-TM|53-TM|126-TM|416-TM|315-TM|542-TM|63-TM|413-TM|394-TM|76-TM|851-TM|814-TM|38-TM|915-TM|297-TM|918-TM	432-EM|488-EM|501-EM		
664	664	Scatterbug	Scatterdust Pokémon	Bug																							TRUE	TRUE	FALSE	FALSE	FALSE	FALSE	TRUE	TRUE												TRUE	TRUE	FALSE	FALSE	FALSE	FALSE	38	35	40	27	25	35	200	Black	Insectoid		Shield Dust	Compound Eyes	Friend Guard		255	85	Bug		15	1920	Medium Fast	"1,000,000"	0.3	1′00″	2.5	5.5	50	40	0	0	1	0	0	0	1	50%	50%	1	2	1	1	0.5	1	0.5	1	0.5	2	1	1	2	1	1	1	1	1	81-1|33-1|78-6|450-15	522-TM|884-TM|851-TM|450-TM	77-EM|476-EM		
665	665	Spewpa	Scatterdust Pokémon	Bug																							TRUE	TRUE	FALSE	FALSE	FALSE	FALSE	TRUE	TRUE												TRUE	TRUE	FALSE	FALSE	FALSE	FALSE	45	22	60	27	30	29	213	Black	Head+Base		Shed Skin		Friend Guard	Level 9	120	40	Bug		15	1920	Medium Fast	"1,000,000"	0.3	1′00″	8.4	18.5	50	75	0	0	2	0	0	0	2	50%	50%	1	2	1	1	0.5	1	0.5	1	0.5	2	1	1	2	1	1	1	1	1	106-1	182-TM|522-TM|884-TM|334-TM|851-TM|450-TM	77-EM|476-EM	182-EV	
666	666	Vivillon Icy Snow Pattern	Scale Pokémon	Bug	Flying																						TRUE	TRUE	FALSE	FALSE	FALSE	FALSE	TRUE	TRUE												TRUE	TRUE	FALSE	FALSE	FALSE	FALSE	80	52	50	90	50	89	411	White	2+ Pair of Wings		Shield Dust	Compound Eyes	Friend Guard	Level 12	45	15	Bug		15	1920	Medium Fast	"1,000,000"	1.2	3′11″	17	37.5	50	206	1	0	0	1	0	1	3	50%	50%	1	2	1	2	0.25	2	0.25	1	0	2	1	0.5	4	1	1	1	1	1	77-1|79-1|522-1|78-1|113-12|60-17|48-21|577-25|219-31|405-35|483-45|542-50	182-TM|512-TM|522-TM|60-TM|109-TM|168-TM|884-TM|263-TM|129-TM|577-TM|314-TM|203-TM|241-TM|240-TM|369-TM|403-TM|214-TM|113-TM|156-TM|164-TM|334-TM|202-TM|366-TM|412-TM|94-TM|676-TM|416-TM|542-TM|405-TM|63-TM|76-TM|851-TM|450-TM|311-TM|806-TM	77-EM|476-EM	16-EV	
666		Vivillon Polar Pattern	Scale Pokémon	Bug	Flying																						TRUE	TRUE	FALSE	FALSE	FALSE	FALSE	TRUE	TRUE												TRUE	TRUE	FALSE	FALSE	FALSE	FALSE	80	52	50	90	50	89	411	Blue	2+ Pair of Wings		Shield Dust	Compound Eyes	Friend Guard	Level 12	45	15	Bug		15	1920	Medium Fast	"1,000,000"	1.2	3′11″	17	37.5	50	206	1	0	0	1	0	1	3	50%	50%	1	2	1	2	0.25	2	0.25	1	0	2	1	0.5	4	1	1	1	1	1	77-1|79-1|522-1|78-1|113-12|60-17|48-21|577-25|219-31|405-35|483-45|542-50	182-TM|512-TM|522-TM|60-TM|109-TM|168-TM|884-TM|263-TM|129-TM|577-TM|314-TM|203-TM|241-TM|240-TM|369-TM|403-TM|214-TM|113-TM|156-TM|164-TM|334-TM|202-TM|366-TM|412-TM|94-TM|676-TM|416-TM|542-TM|405-TM|63-TM|76-TM|851-TM|450-TM|311-TM|806-TM	77-EM|476-EM	16-EV	
666		Vivillon Tundra Pattern	Scale Pokémon	Bug	Flying																						TRUE	TRUE	FALSE	FALSE	FALSE	FALSE	TRUE	TRUE												TRUE	TRUE	FALSE	FALSE	FALSE	FALSE	80	52	50	90	50	89	411	Blue	2+ Pair of Wings		Shield Dust	Compound Eyes	Friend Guard	Level 12	45	15	Bug		15	1920	Medium Fast	"1,000,000"	1.2	3′11″	17	37.5	50	206	1	0	0	1	0	1	3	50%	50%	1	2	1	2	0.25	2	0.25	1	0	2	1	0.5	4	1	1	1	1	1	77-1|79-1|522-1|78-1|113-12|60-17|48-21|577-25|219-31|405-35|483-45|542-50	182-TM|512-TM|522-TM|60-TM|109-TM|168-TM|884-TM|263-TM|129-TM|577-TM|314-TM|203-TM|241-TM|240-TM|369-TM|403-TM|214-TM|113-TM|156-TM|164-TM|334-TM|202-TM|366-TM|412-TM|94-TM|676-TM|416-TM|542-TM|405-TM|63-TM|76-TM|851-TM|450-TM|311-TM|806-TM	77-EM|476-EM	16-EV	
666		Vivillon Continental Pattern	Scale Pokémon	Bug	Flying																						TRUE	TRUE	FALSE	FALSE	FALSE	FALSE	TRUE	TRUE												TRUE	TRUE	FALSE	FALSE	FALSE	FALSE	80	52	50	90	50	89	411	Yellow	2+ Pair of Wings		Shield Dust	Compound Eyes	Friend Guard	Level 12	45	15	Bug		15	1920	Medium Fast	"1,000,000"	1.2	3′11″	17	37.5	50	206	1	0	0	1	0	1	3	50%	50%	1	2	1	2	0.25	2	0.25	1	0	2	1	0.5	4	1	1	1	1	1	77-1|79-1|522-1|78-1|113-12|60-17|48-21|577-25|219-31|405-35|483-45|542-50	182-TM|512-TM|522-TM|60-TM|109-TM|168-TM|884-TM|263-TM|129-TM|577-TM|314-TM|203-TM|241-TM|240-TM|369-TM|403-TM|214-TM|113-TM|156-TM|164-TM|334-TM|202-TM|366-TM|412-TM|94-TM|676-TM|416-TM|542-TM|405-TM|63-TM|76-TM|851-TM|450-TM|311-TM|806-TM	77-EM|476-EM	16-EV	
666		Vivillon Garden Pattern	Scale Pokémon	Bug	Flying																						TRUE	TRUE	FALSE	FALSE	FALSE	FALSE	TRUE	TRUE												TRUE	TRUE	FALSE	FALSE	FALSE	FALSE	80	52	50	90	50	89	411	Green	2+ Pair of Wings		Shield Dust	Compound Eyes	Friend Guard	Level 12	45	15	Bug		15	1920	Medium Fast	"1,000,000"	1.2	3′11″	17	37.5	50	206	1	0	0	1	0	1	3	50%	50%	1	2	1	2	0.25	2	0.25	1	0	2	1	0.5	4	1	1	1	1	1	77-1|79-1|522-1|78-1|113-12|60-17|48-21|577-25|219-31|405-35|483-45|542-50	182-TM|512-TM|522-TM|60-TM|109-TM|168-TM|884-TM|263-TM|129-TM|577-TM|314-TM|203-TM|241-TM|240-TM|369-TM|403-TM|214-TM|113-TM|156-TM|164-TM|334-TM|202-TM|366-TM|412-TM|94-TM|676-TM|416-TM|542-TM|405-TM|63-TM|76-TM|851-TM|450-TM|311-TM|806-TM	77-EM|476-EM	16-EV	
666		Vivillon Elegant Pattern	Scale Pokémon	Bug	Flying																						TRUE	TRUE	FALSE	FALSE	FALSE	FALSE	TRUE	TRUE												TRUE	TRUE	FALSE	FALSE	FALSE	FALSE	80	52	50	90	50	89	411	Purple	2+ Pair of Wings		Shield Dust	Compound Eyes	Friend Guard	Level 12	45	15	Bug		15	1920	Medium Fast	"1,000,000"	1.2	3′11″	17	37.5	50	206	1	0	0	1	0	1	3	50%	50%	1	2	1	2	0.25	2	0.25	1	0	2	1	0.5	4	1	1	1	1	1	77-1|79-1|522-1|78-1|113-12|60-17|48-21|577-25|219-31|405-35|483-45|542-50	182-TM|512-TM|522-TM|60-TM|109-TM|168-TM|884-TM|263-TM|129-TM|577-TM|314-TM|203-TM|241-TM|240-TM|369-TM|403-TM|214-TM|113-TM|156-TM|164-TM|334-TM|202-TM|366-TM|412-TM|94-TM|676-TM|416-TM|542-TM|405-TM|63-TM|76-TM|851-TM|450-TM|311-TM|806-TM	77-EM|476-EM	16-EV	
666		Vivillon Meadow Pattern	Scale Pokémon	Bug	Flying																						TRUE	TRUE	FALSE	FALSE	FALSE	FALSE	TRUE	TRUE												TRUE	TRUE	FALSE	FALSE	FALSE	FALSE	80	52	50	90	50	89	411	Pink	2+ Pair of Wings		Shield Dust	Compound Eyes	Friend Guard	Level 12	45	15	Bug		15	1920	Medium Fast	"1,000,000"	1.2	3′11″	17	37.5	50	206	1	0	0	1	0	1	3	50%	50%	1	2	1	2	0.25	2	0.25	1	0	2	1	0.5	4	1	1	1	1	1	77-1|79-1|522-1|78-1|113-12|60-17|48-21|577-25|219-31|405-35|483-45|542-50	182-TM|512-TM|522-TM|60-TM|109-TM|168-TM|884-TM|263-TM|129-TM|577-TM|314-TM|203-TM|241-TM|240-TM|369-TM|403-TM|214-TM|113-TM|156-TM|164-TM|334-TM|202-TM|366-TM|412-TM|94-TM|676-TM|416-TM|542-TM|405-TM|63-TM|76-TM|851-TM|450-TM|311-TM|806-TM	77-EM|476-EM	16-EV	
666		Vivillon Modern Pattern	Scale Pokémon	Bug	Flying																						TRUE	TRUE	FALSE	FALSE	FALSE	FALSE	TRUE	TRUE												TRUE	TRUE	FALSE	FALSE	FALSE	FALSE	80	52	50	90	50	89	411	Red	2+ Pair of Wings		Shield Dust	Compound Eyes	Friend Guard	Level 12	45	15	Bug		15	1920	Medium Fast	"1,000,000"	1.2	3′11″	17	37.5	50	206	1	0	0	1	0	1	3	50%	50%	1	2	1	2	0.25	2	0.25	1	0	2	1	0.5	4	1	1	1	1	1	77-1|79-1|522-1|78-1|113-12|60-17|48-21|577-25|219-31|405-35|483-45|542-50	182-TM|512-TM|522-TM|60-TM|109-TM|168-TM|884-TM|263-TM|129-TM|577-TM|314-TM|203-TM|241-TM|240-TM|369-TM|403-TM|214-TM|113-TM|156-TM|164-TM|334-TM|202-TM|366-TM|412-TM|94-TM|676-TM|416-TM|542-TM|405-TM|63-TM|76-TM|851-TM|450-TM|311-TM|806-TM	77-EM|476-EM	16-EV	
666		Vivillon Marine Pattern	Scale Pokémon	Bug	Flying																						TRUE	TRUE	FALSE	FALSE	FALSE	FALSE	TRUE	TRUE												TRUE	TRUE	FALSE	FALSE	FALSE	FALSE	80	52	50	90	50	89	411	Blue	2+ Pair of Wings		Shield Dust	Compound Eyes	Friend Guard	Level 12	45	15	Bug		15	1920	Medium Fast	"1,000,000"	1.2	3′11″	17	37.5	50	206	1	0	0	1	0	1	3	50%	50%	1	2	1	2	0.25	2	0.25	1	0	2	1	0.5	4	1	1	1	1	1	77-1|79-1|522-1|78-1|113-12|60-17|48-21|577-25|219-31|405-35|483-45|542-50	182-TM|512-TM|522-TM|60-TM|109-TM|168-TM|884-TM|263-TM|129-TM|577-TM|314-TM|203-TM|241-TM|240-TM|369-TM|403-TM|214-TM|113-TM|156-TM|164-TM|334-TM|202-TM|366-TM|412-TM|94-TM|676-TM|416-TM|542-TM|405-TM|63-TM|76-TM|851-TM|450-TM|311-TM|806-TM	77-EM|476-EM	16-EV	
666		Vivillon Archipelago Pattern	Scale Pokémon	Bug	Flying																						TRUE	TRUE	FALSE	FALSE	FALSE	FALSE	TRUE	TRUE												TRUE	TRUE	FALSE	FALSE	FALSE	FALSE	80	52	50	90	50	89	411	Brown	2+ Pair of Wings		Shield Dust	Compound Eyes	Friend Guard	Level 12	45	15	Bug		15	1920	Medium Fast	"1,000,000"	1.2	3′11″	17	37.5	50	206	1	0	0	1	0	1	3	50%	50%	1	2	1	2	0.25	2	0.25	1	0	2	1	0.5	4	1	1	1	1	1	77-1|79-1|522-1|78-1|113-12|60-17|48-21|577-25|219-31|405-35|483-45|542-50	182-TM|512-TM|522-TM|60-TM|109-TM|168-TM|884-TM|263-TM|129-TM|577-TM|314-TM|203-TM|241-TM|240-TM|369-TM|403-TM|214-TM|113-TM|156-TM|164-TM|334-TM|202-TM|366-TM|412-TM|94-TM|676-TM|416-TM|542-TM|405-TM|63-TM|76-TM|851-TM|450-TM|311-TM|806-TM	77-EM|476-EM	16-EV	
666		Vivillon High Plains Pattern	Scale Pokémon	Bug	Flying																						TRUE	TRUE	FALSE	FALSE	FALSE	FALSE	TRUE	TRUE												TRUE	TRUE	FALSE	FALSE	FALSE	FALSE	80	52	50	90	50	89	411	Brown	2+ Pair of Wings		Shield Dust	Compound Eyes	Friend Guard	Level 12	45	15	Bug		15	1920	Medium Fast	"1,000,000"	1.2	3′11″	17	37.5	50	206	1	0	0	1	0	1	3	50%	50%	1	2	1	2	0.25	2	0.25	1	0	2	1	0.5	4	1	1	1	1	1	77-1|79-1|522-1|78-1|113-12|60-17|48-21|577-25|219-31|405-35|483-45|542-50	182-TM|512-TM|522-TM|60-TM|109-TM|168-TM|884-TM|263-TM|129-TM|577-TM|314-TM|203-TM|241-TM|240-TM|369-TM|403-TM|214-TM|113-TM|156-TM|164-TM|334-TM|202-TM|366-TM|412-TM|94-TM|676-TM|416-TM|542-TM|405-TM|63-TM|76-TM|851-TM|450-TM|311-TM|806-TM	77-EM|476-EM	16-EV	
666		Vivillon Sandstorm Pattern	Scale Pokémon	Bug	Flying																						TRUE	TRUE	FALSE	FALSE	FALSE	FALSE	TRUE	TRUE												TRUE	TRUE	FALSE	FALSE	FALSE	FALSE	80	52	50	90	50	89	411	Brown	2+ Pair of Wings		Shield Dust	Compound Eyes	Friend Guard	Level 12	45	15	Bug		15	1920	Medium Fast	"1,000,000"	1.2	3′11″	17	37.5	50	206	1	0	0	1	0	1	3	50%	50%	1	2	1	2	0.25	2	0.25	1	0	2	1	0.5	4	1	1	1	1	1	77-1|79-1|522-1|78-1|113-12|60-17|48-21|577-25|219-31|405-35|483-45|542-50	182-TM|512-TM|522-TM|60-TM|109-TM|168-TM|884-TM|263-TM|129-TM|577-TM|314-TM|203-TM|241-TM|240-TM|369-TM|403-TM|214-TM|113-TM|156-TM|164-TM|334-TM|202-TM|366-TM|412-TM|94-TM|676-TM|416-TM|542-TM|405-TM|63-TM|76-TM|851-TM|450-TM|311-TM|806-TM	77-EM|476-EM	16-EV	
666		Vivillon River Pattern	Scale Pokémon	Bug	Flying																						TRUE	TRUE	FALSE	FALSE	FALSE	FALSE	TRUE	TRUE												TRUE	TRUE	FALSE	FALSE	FALSE	FALSE	80	52	50	90	50	89	411	Brown	2+ Pair of Wings		Shield Dust	Compound Eyes	Friend Guard	Level 12	45	15	Bug		15	1920	Medium Fast	"1,000,000"	1.2	3′11″	17	37.5	50	206	1	0	0	1	0	1	3	50%	50%	1	2	1	2	0.25	2	0.25	1	0	2	1	0.5	4	1	1	1	1	1	77-1|79-1|522-1|78-1|113-12|60-17|48-21|577-25|219-31|405-35|483-45|542-50	182-TM|512-TM|522-TM|60-TM|109-TM|168-TM|884-TM|263-TM|129-TM|577-TM|314-TM|203-TM|241-TM|240-TM|369-TM|403-TM|214-TM|113-TM|156-TM|164-TM|334-TM|202-TM|366-TM|412-TM|94-TM|676-TM|416-TM|542-TM|405-TM|63-TM|76-TM|851-TM|450-TM|311-TM|806-TM	77-EM|476-EM	16-EV	
666		Vivillon Monsoon Pattern	Scale Pokémon	Bug	Flying																						TRUE	TRUE	FALSE	FALSE	FALSE	FALSE	TRUE	TRUE												TRUE	TRUE	FALSE	FALSE	FALSE	FALSE	80	52	50	90	50	89	411	Gray	2+ Pair of Wings		Shield Dust	Compound Eyes	Friend Guard	Level 12	45	15	Bug		15	1920	Medium Fast	"1,000,000"	1.2	3′11″	17	37.5	50	206	1	0	0	1	0	1	3	50%	50%	1	2	1	2	0.25	2	0.25	1	0	2	1	0.5	4	1	1	1	1	1	77-1|79-1|522-1|78-1|113-12|60-17|48-21|577-25|219-31|405-35|483-45|542-50	182-TM|512-TM|522-TM|60-TM|109-TM|168-TM|884-TM|263-TM|129-TM|577-TM|314-TM|203-TM|241-TM|240-TM|369-TM|403-TM|214-TM|113-TM|156-TM|164-TM|334-TM|202-TM|366-TM|412-TM|94-TM|676-TM|416-TM|542-TM|405-TM|63-TM|76-TM|851-TM|450-TM|311-TM|806-TM	77-EM|476-EM	16-EV	
666		Vivillon Savanna Pattern	Scale Pokémon	Bug	Flying																						TRUE	TRUE	FALSE	FALSE	FALSE	FALSE	TRUE	TRUE												TRUE	TRUE	FALSE	FALSE	FALSE	FALSE	80	52	50	90	50	89	411	Green	2+ Pair of Wings		Shield Dust	Compound Eyes	Friend Guard	Level 12	45	15	Bug		15	1920	Medium Fast	"1,000,000"	1.2	3′11″	17	37.5	50	206	1	0	0	1	0	1	3	50%	50%	1	2	1	2	0.25	2	0.25	1	0	2	1	0.5	4	1	1	1	1	1	77-1|79-1|522-1|78-1|113-12|60-17|48-21|577-25|219-31|405-35|483-45|542-50	182-TM|512-TM|522-TM|60-TM|109-TM|168-TM|884-TM|263-TM|129-TM|577-TM|314-TM|203-TM|241-TM|240-TM|369-TM|403-TM|214-TM|113-TM|156-TM|164-TM|334-TM|202-TM|366-TM|412-TM|94-TM|676-TM|416-TM|542-TM|405-TM|63-TM|76-TM|851-TM|450-TM|311-TM|806-TM	77-EM|476-EM	16-EV	
666		Vivillon Sun Pattern	Scale Pokémon	Bug	Flying																						TRUE	TRUE	FALSE	FALSE	FALSE	FALSE	TRUE	TRUE												TRUE	TRUE	FALSE	FALSE	FALSE	FALSE	80	52	50	90	50	89	411	Red	2+ Pair of Wings		Shield Dust	Compound Eyes	Friend Guard	Level 12	45	15	Bug		15	1920	Medium Fast	"1,000,000"	1.2	3′11″	17	37.5	50	206	1	0	0	1	0	1	3	50%	50%	1	2	1	2	0.25	2	0.25	1	0	2	1	0.5	4	1	1	1	1	1	77-1|79-1|522-1|78-1|113-12|60-17|48-21|577-25|219-31|405-35|483-45|542-50	182-TM|512-TM|522-TM|60-TM|109-TM|168-TM|884-TM|263-TM|129-TM|577-TM|314-TM|203-TM|241-TM|240-TM|369-TM|403-TM|214-TM|113-TM|156-TM|164-TM|334-TM|202-TM|366-TM|412-TM|94-TM|676-TM|416-TM|542-TM|405-TM|63-TM|76-TM|851-TM|450-TM|311-TM|806-TM	77-EM|476-EM	16-EV	
666		Vivillon Ocean Pattern	Scale Pokémon	Bug	Flying																						TRUE	TRUE	FALSE	FALSE	FALSE	FALSE	TRUE	TRUE												TRUE	TRUE	FALSE	FALSE	FALSE	FALSE	80	52	50	90	50	89	411	Red	2+ Pair of Wings		Shield Dust	Compound Eyes	Friend Guard	Level 12	45	15	Bug		15	1920	Medium Fast	"1,000,000"	1.2	3′11″	17	37.5	50	206	1	0	0	1	0	1	3	50%	50%	1	2	1	2	0.25	2	0.25	1	0	2	1	0.5	4	1	1	1	1	1	77-1|79-1|522-1|78-1|113-12|60-17|48-21|577-25|219-31|405-35|483-45|542-50	182-TM|512-TM|522-TM|60-TM|109-TM|168-TM|884-TM|263-TM|129-TM|577-TM|314-TM|203-TM|241-TM|240-TM|369-TM|403-TM|214-TM|113-TM|156-TM|164-TM|334-TM|202-TM|366-TM|412-TM|94-TM|676-TM|416-TM|542-TM|405-TM|63-TM|76-TM|851-TM|450-TM|311-TM|806-TM	77-EM|476-EM	16-EV	
666		Vivillon Jungle Pattern	Scale Pokémon	Bug	Flying																						TRUE	TRUE	FALSE	FALSE	FALSE	FALSE	TRUE	TRUE												TRUE	TRUE	FALSE	FALSE	FALSE	FALSE	80	52	50	90	50	89	411	Green	2+ Pair of Wings		Shield Dust	Compound Eyes	Friend Guard	Level 12	45	15	Bug		15	1920	Medium Fast	"1,000,000"	1.2	3′11″	17	37.5	50	206	1	0	0	1	0	1	3	50%	50%	1	2	1	2	0.25	2	0.25	1	0	2	1	0.5	4	1	1	1	1	1	77-1|79-1|522-1|78-1|113-12|60-17|48-21|577-25|219-31|405-35|483-45|542-50	182-TM|512-TM|522-TM|60-TM|109-TM|168-TM|884-TM|263-TM|129-TM|577-TM|314-TM|203-TM|241-TM|240-TM|369-TM|403-TM|214-TM|113-TM|156-TM|164-TM|334-TM|202-TM|366-TM|412-TM|94-TM|676-TM|416-TM|542-TM|405-TM|63-TM|76-TM|851-TM|450-TM|311-TM|806-TM	77-EM|476-EM	16-EV	
666		Vivillon Fancy Pattern	Scale Pokémon	Bug	Flying																						TRUE	TRUE	FALSE	FALSE	FALSE	FALSE	TRUE	TRUE												TRUE	TRUE	FALSE	FALSE	FALSE	FALSE	80	52	50	90	50	89	411	Pink	2+ Pair of Wings		Shield Dust	Compound Eyes	Friend Guard	Level 12	45	15	Bug		15	1920	Medium Fast	"1,000,000"	1.2	3′11″	17	37.5	50	206	1	0	0	1	0	1	3	50%	50%	1	2	1	2	0.25	2	0.25	1	0	2	1	0.5	4	1	1	1	1	1	77-1|79-1|522-1|78-1|113-12|60-17|48-21|577-25|219-31|405-35|483-45|542-50	182-TM|512-TM|522-TM|60-TM|109-TM|168-TM|884-TM|263-TM|129-TM|577-TM|314-TM|203-TM|241-TM|240-TM|369-TM|403-TM|214-TM|113-TM|156-TM|164-TM|334-TM|202-TM|366-TM|412-TM|94-TM|676-TM|416-TM|542-TM|405-TM|63-TM|76-TM|851-TM|450-TM|311-TM|806-TM	77-EM|476-EM	16-EV	
666		Vivillon Poke Ball Pattern	Scale Pokémon	Bug	Flying																						TRUE	TRUE	FALSE	FALSE	FALSE	FALSE	TRUE	TRUE												TRUE	TRUE	FALSE	FALSE	FALSE	FALSE	80	52	50	90	50	89	411	Red	2+ Pair of Wings		Shield Dust	Compound Eyes	Friend Guard	Level 12	45	15	Bug		15	1920	Medium Fast	"1,000,000"	1.2	3′11″	17	37.5	50	206	1	0	0	1	0	1	3	50%	50%	1	2	1	2	0.25	2	0.25	1	0	2	1	0.5	4	1	1	1	1	1	77-1|79-1|522-1|78-1|113-12|60-17|48-21|577-25|219-31|405-35|483-45|542-50	182-TM|512-TM|522-TM|60-TM|109-TM|168-TM|884-TM|263-TM|129-TM|577-TM|314-TM|203-TM|241-TM|240-TM|369-TM|403-TM|214-TM|113-TM|156-TM|164-TM|334-TM|202-TM|366-TM|412-TM|94-TM|676-TM|416-TM|542-TM|405-TM|63-TM|76-TM|851-TM|450-TM|311-TM|806-TM	77-EM|476-EM	16-EV	
667	667	Litleo	Lion Cub Pokémon	Fire	Normal																						TRUE	TRUE	FALSE	FALSE	FALSE	FALSE	TRUE	TRUE												TRUE	TRUE	FALSE	FALSE	TRUE	TRUE	62	50	58	73	54	72	369	Brown	Quadruped		Rivalry	Unnerve	Moxie		220	73.33	Field		20	2560	Medium Slow	"1,059,860"	0.6	2′00″	13.5	29.8	50	74	0	0	0	1	0	0	1	12.50%	87.50%	1	0.5	2	1	0.5	0.5	2	1	2	1	1	0.5	2	0	1	1	0.5	0.5	43-1|33-1|52-5|526-8|29-11|568-15|36-20|424-23|283-28|497-33|53-36|242-39|304-43|510-46|315-50	36-TM|189-TM|182-TM|424-TM|422-TM|512-TM|168-TM|885-TM|83-TM|263-TM|523-TM|555-TM|129-TM|488-TM|203-TM|241-TM|240-TM|91-TM|706-TM|34-TM|214-TM|156-TM|269-TM|164-TM|261-TM|242-TM|304-TM|257-TM|53-TM|270-TM|126-TM|528-TM|315-TM|394-TM|76-TM|851-TM|46-TM|38-TM|283-TM	494-EM|83-EM|394-EM|281-EM		
668	668	Pyroar	Royal Pokémon	Fire	Normal																						TRUE	TRUE	FALSE	FALSE	FALSE	FALSE	TRUE	TRUE												TRUE	TRUE	FALSE	FALSE	TRUE	TRUE	86	68	72	109	66	106	507	Brown	Quadruped		Rivalry	Unnerve	Moxie	Level 35	65	21.67	Field		20	2560	Medium Slow	"1,059,860"	1.5	4′11″	81.5	179.7	50	177	0	0	0	2	0	0	2	12.50%	87.50%	1	0.5	2	1	0.5	0.5	2	1	2	1	1	0.5	2	0	1	1	0.5	0.5	52-1|63-1|43-1|33-1|526-1|29-11|568-15|36-20|424-23|283-28|497-33|53-38|242-42|304-48|510-51|315-57	36-TM|189-TM|182-TM|424-TM|422-TM|512-TM|168-TM|885-TM|83-TM|263-TM|523-TM|555-TM|129-TM|488-TM|203-TM|241-TM|240-TM|91-TM|706-TM|34-TM|214-TM|156-TM|269-TM|399-TM|164-TM|261-TM|242-TM|304-TM|257-TM|53-TM|270-TM|126-TM|528-TM|416-TM|315-TM|63-TM|394-TM|76-TM|851-TM|46-TM|807-TM|38-TM|283-TM|915-TM	494-EM|83-EM|394-EM|281-EM		
669	669	Flabebe Red Flower	Single Bloom Pokémon	Fairy																							TRUE	TRUE	FALSE	FALSE	FALSE	FALSE	TRUE	TRUE												TRUE	TRUE	FALSE	FALSE	FALSE	FALSE	44	38	39	61	79	42	303	White	Head+Arms		Flower Veil		Symbiosis		225	75	Fairy		20	2560	Medium Fast	"1,000,000"	0.1	0′04″	0.1	0.2	50	61	0	0	0	0	1	0	1	0%	100%	1	1	1	1	1	1	0.5	2	1	1	1	0.5	1	1	0	0.5	2	1	33-1|22-1|584-6|219-10|75-15|273-20|345-22|580-24|572-28|235-33|581-37|585-41|80-45|76-48	204-TM|182-TM|574-TM|885-TM|886-TM|263-TM|129-TM|345-TM|577-TM|500-TM|203-TM|241-TM|240-TM|214-TM|402-TM|113-TM|605-TM|447-TM|156-TM|164-TM|202-TM|412-TM|94-TM|347-TM|270-TM|676-TM|226-TM|580-TM|581-TM|76-TM|851-TM|283-TM|572-TM|914-TM	383-EM|283-EM|715-EM		
669		Flabebe Yellow Flower	Single Bloom Pokémon	Fairy																							TRUE	TRUE	FALSE	FALSE	FALSE	FALSE	TRUE	TRUE												TRUE	TRUE	FALSE	FALSE	FALSE	FALSE	44	38	39	61	79	42	303	White	Head+Arms		Flower Veil		Symbiosis		225	75	Fairy		20	2560	Medium Fast	"1,000,000"	0.1	0′04″	0.1	0.2	50	61	0	0	0	0	1	0	1	0%	100%	1	1	1	1	1	1	0.5	2	1	1	1	0.5	1	1	0	0.5	2	1	33-1|22-1|584-6|219-10|75-15|273-20|345-22|580-24|572-28|235-33|581-37|585-41|80-45|76-48	204-TM|182-TM|574-TM|885-TM|886-TM|263-TM|129-TM|345-TM|577-TM|500-TM|203-TM|241-TM|240-TM|214-TM|402-TM|113-TM|605-TM|447-TM|156-TM|164-TM|202-TM|412-TM|94-TM|347-TM|270-TM|676-TM|226-TM|580-TM|581-TM|76-TM|851-TM|283-TM|572-TM|914-TM	383-EM|283-EM|715-EM		
669		Flabebe Orange Flower	Single Bloom Pokémon	Fairy																							TRUE	TRUE	FALSE	FALSE	FALSE	FALSE	TRUE	TRUE												TRUE	TRUE	FALSE	FALSE	FALSE	FALSE	44	38	39	61	79	42	303	White	Head+Arms		Flower Veil		Symbiosis		225	75	Fairy		20	2560	Medium Fast	"1,000,000"	0.1	0′04″	0.1	0.2	50	61	0	0	0	0	1	0	1	0%	100%	1	1	1	1	1	1	0.5	2	1	1	1	0.5	1	1	0	0.5	2	1	33-1|22-1|584-6|219-10|75-15|273-20|345-22|580-24|572-28|235-33|581-37|585-41|80-45|76-48	204-TM|182-TM|574-TM|885-TM|886-TM|263-TM|129-TM|345-TM|577-TM|500-TM|203-TM|241-TM|240-TM|214-TM|402-TM|113-TM|605-TM|447-TM|156-TM|164-TM|202-TM|412-TM|94-TM|347-TM|270-TM|676-TM|226-TM|580-TM|581-TM|76-TM|851-TM|283-TM|572-TM|914-TM	383-EM|283-EM|715-EM		
669		Flabebe Blue Flower	Single Bloom Pokémon	Fairy																							TRUE	TRUE	FALSE	FALSE	FALSE	FALSE	TRUE	TRUE												TRUE	TRUE	FALSE	FALSE	FALSE	FALSE	44	38	39	61	79	42	303	White	Head+Arms		Flower Veil		Symbiosis		225	75	Fairy		20	2560	Medium Fast	"1,000,000"	0.1	0′04″	0.1	0.2	50	61	0	0	0	0	1	0	1	0%	100%	1	1	1	1	1	1	0.5	2	1	1	1	0.5	1	1	0	0.5	2	1	33-1|22-1|584-6|219-10|75-15|273-20|345-22|580-24|572-28|235-33|581-37|585-41|80-45|76-48	204-TM|182-TM|574-TM|885-TM|886-TM|263-TM|129-TM|345-TM|577-TM|500-TM|203-TM|241-TM|240-TM|214-TM|402-TM|113-TM|605-TM|447-TM|156-TM|164-TM|202-TM|412-TM|94-TM|347-TM|270-TM|676-TM|226-TM|580-TM|581-TM|76-TM|851-TM|283-TM|572-TM|914-TM	383-EM|283-EM|715-EM		
670		Flabebe White Flower	Single Bloom Pokémon	Fairy																							TRUE	TRUE	FALSE	FALSE	FALSE	FALSE	TRUE	TRUE												TRUE	TRUE	FALSE	FALSE	FALSE	FALSE	54	45	47	75	98	52	371	White	Head+Arms		Flower Veil		Symbiosis	Level 19	120	40	Fairy		20	2560	Medium Fast	"1,000,000"	0.1	0′04″	0.1	0.2	50	61	0	0	0	0	1	0	1	0%	100%	1	1	1	1	1	1	0.5	2	1	1	1	0.5	1	1	0	0.5	2	1	33-1|22-1|584-6|219-10|75-15|273-20|345-22|580-24|572-28|235-33|581-37|585-41|80-45|76-48	204-TM|182-TM|574-TM|885-TM|886-TM|263-TM|129-TM|345-TM|577-TM|500-TM|203-TM|241-TM|240-TM|214-TM|402-TM|113-TM|605-TM|447-TM|156-TM|164-TM|202-TM|412-TM|94-TM|347-TM|270-TM|676-TM|226-TM|580-TM|581-TM|76-TM|851-TM|283-TM|572-TM|914-TM	383-EM|283-EM|715-EM		
670	670	Floette Red Flower	Single Bloom Pokémon	Fairy																							TRUE	TRUE	FALSE	FALSE	FALSE	FALSE	TRUE	TRUE												TRUE	TRUE	FALSE	FALSE	FALSE	FALSE	54	45	47	75	98	52	371	White	Head+Arms		Flower Veil		Symbiosis	Level 19	120	40	Fairy		20	2560	Medium Fast	"1,000,000"	0.2	0′08″	0.9	2	50	130	0	0	0	0	2	0	2	0%	100%	1	1	1	1	1	1	0.5	2	1	1	1	0.5	1	1	0	0.5	2	1	584-1|33-1|22-1|219-10|75-15|273-20|345-25|580-27|572-33|235-38|581-43|585-46|80-51|76-58	204-TM|182-TM|574-TM|885-TM|886-TM|263-TM|129-TM|345-TM|577-TM|500-TM|203-TM|241-TM|240-TM|214-TM|402-TM|113-TM|605-TM|118-TM|447-TM|156-TM|285-TM|164-TM|271-TM|202-TM|412-TM|94-TM|347-TM|270-TM|676-TM|226-TM|580-TM|581-TM|76-TM|851-TM|283-TM|572-TM|914-TM	383-EM|283-EM|715-EM		
670		Floette Yellow Flower	Single Bloom Pokémon	Fairy																							TRUE	TRUE	FALSE	FALSE	FALSE	FALSE	TRUE	TRUE												TRUE	TRUE	FALSE	FALSE	FALSE	FALSE	54	45	47	75	98	52	371	White	Head+Arms		Flower Veil		Symbiosis	Level 19	120	40	Fairy		20	2560	Medium Fast	"1,000,000"	0.2	0′08″	0.9	2	50	130	0	0	0	0	2	0	2	0%	100%	1	1	1	1	1	1	0.5	2	1	1	1	0.5	1	1	0	0.5	2	1	584-1|33-1|22-1|219-10|75-15|273-20|345-25|580-27|572-33|235-38|581-43|585-46|80-51|76-58	204-TM|182-TM|574-TM|885-TM|886-TM|263-TM|129-TM|345-TM|577-TM|500-TM|203-TM|241-TM|240-TM|214-TM|402-TM|113-TM|605-TM|118-TM|447-TM|156-TM|285-TM|164-TM|271-TM|202-TM|412-TM|94-TM|347-TM|270-TM|676-TM|226-TM|580-TM|581-TM|76-TM|851-TM|283-TM|572-TM|914-TM	383-EM|283-EM|715-EM		
670		Floette Orange Flower	Single Bloom Pokémon	Fairy																							TRUE	TRUE	FALSE	FALSE	FALSE	FALSE	TRUE	TRUE												TRUE	TRUE	FALSE	FALSE	FALSE	FALSE	54	45	47	75	98	52	371	White	Head+Arms		Flower Veil		Symbiosis	Level 19	120	40	Fairy		20	2560	Medium Fast	"1,000,000"	0.2	0′08″	0.9	2	50	130	0	0	0	0	2	0	2	0%	100%	1	1	1	1	1	1	0.5	2	1	1	1	0.5	1	1	0	0.5	2	1	584-1|33-1|22-1|219-10|75-15|273-20|345-25|580-27|572-33|235-38|581-43|585-46|80-51|76-58	204-TM|182-TM|574-TM|885-TM|886-TM|263-TM|129-TM|345-TM|577-TM|500-TM|203-TM|241-TM|240-TM|214-TM|402-TM|113-TM|605-TM|118-TM|447-TM|156-TM|285-TM|164-TM|271-TM|202-TM|412-TM|94-TM|347-TM|270-TM|676-TM|226-TM|580-TM|581-TM|76-TM|851-TM|283-TM|572-TM|914-TM	383-EM|283-EM|715-EM		
670		Floette Blue Flower	Single Bloom Pokémon	Fairy																							TRUE	TRUE	FALSE	FALSE	FALSE	FALSE	TRUE	TRUE												TRUE	TRUE	FALSE	FALSE	FALSE	FALSE	54	45	47	75	98	52	371	White	Head+Arms		Flower Veil		Symbiosis	Level 19	120	40	Fairy		20	2560	Medium Fast	"1,000,000"	0.2	0′08″	0.9	2	50	130	0	0	0	0	2	0	2	0%	100%	1	1	1	1	1	1	0.5	2	1	1	1	0.5	1	1	0	0.5	2	1	584-1|33-1|22-1|219-10|75-15|273-20|345-25|580-27|572-33|235-38|581-43|585-46|80-51|76-58	204-TM|182-TM|574-TM|885-TM|886-TM|263-TM|129-TM|345-TM|577-TM|500-TM|203-TM|241-TM|240-TM|214-TM|402-TM|113-TM|605-TM|118-TM|447-TM|156-TM|285-TM|164-TM|271-TM|202-TM|412-TM|94-TM|347-TM|270-TM|676-TM|226-TM|580-TM|581-TM|76-TM|851-TM|283-TM|572-TM|914-TM	383-EM|283-EM|715-EM		
670		Floette White Flower	Single Bloom Pokémon	Fairy																							TRUE	TRUE	FALSE	FALSE	FALSE	FALSE	TRUE	TRUE												TRUE	TRUE	FALSE	FALSE	FALSE	FALSE	54	45	47	75	98	52	371	White	Head+Arms		Flower Veil		Symbiosis	Level 19	120	40	Fairy		20	2560	Medium Fast	"1,000,000"	0.2	0′08″	0.9	2	50	130	0	0	0	0	2	0	2	0%	100%	1	1	1	1	1	1	0.5	2	1	1	1	0.5	1	1	0	0.5	2	1	584-1|33-1|22-1|219-10|75-15|273-20|345-25|580-27|572-33|235-38|581-43|585-46|80-51|76-58	204-TM|182-TM|574-TM|885-TM|886-TM|263-TM|129-TM|345-TM|577-TM|500-TM|203-TM|241-TM|240-TM|214-TM|402-TM|113-TM|605-TM|118-TM|447-TM|156-TM|285-TM|164-TM|271-TM|202-TM|412-TM|94-TM|347-TM|270-TM|676-TM|226-TM|580-TM|581-TM|76-TM|851-TM|283-TM|572-TM|914-TM	383-EM|283-EM|715-EM		
670		AZ's Floette	Single Bloom Pokémon	Fairy																																																74	65	67	125	128	92	551	White	Head+Arms		Flower Veil					0	Fairy		20	2560	Medium Fast	"1,000,000"	0.2	0′08″	0.9	2	50	243	0	0	0	0	2	0	2	0%	100%	1	1	1	1	1	1	0.5	2	1	1	1	0.5	1	1	0	0.5	2	1					
671	671	Florges Red Flower	Garden Pokémon	Fairy																							TRUE	TRUE	FALSE	FALSE	FALSE	FALSE	TRUE	TRUE												TRUE	TRUE	FALSE	FALSE	FALSE	FALSE	78	65	68	112	154	75	552	White	Head+Arms		Flower Veil		Symbiosis	Shiny Stone	45	15	Fairy		20	2560	Medium Fast	"1,000,000"	1.1	3′07″	10	22	50	276	0	0	0	0	3	0	3	0%	100%	1	1	1	1	1	1	0.5	2	1	1	1	0.5	1	1	0	0.5	2	1	574-1|447-1|580-1|345-1|581-1|572-1|80-1|219-1|76-1|235-1|273-1|585-5	204-TM|182-TM|574-TM|885-TM|886-TM|263-TM|129-TM|345-TM|577-TM|500-TM|203-TM|241-TM|240-TM|214-TM|402-TM|113-TM|605-TM|118-TM|447-TM|156-TM|285-TM|164-TM|271-TM|202-TM|412-TM|94-TM|347-TM|270-TM|676-TM|226-TM|580-TM|581-TM|416-TM|63-TM|76-TM|851-TM|802-TM|283-TM|572-TM|914-TM|917-TM	383-EM|283-EM|715-EM		
671		Florges Yellow Flower	Garden Pokémon	Fairy																							TRUE	TRUE	FALSE	FALSE	FALSE	FALSE	TRUE	TRUE												TRUE	TRUE	FALSE	FALSE	FALSE	FALSE								White	Head+Arms							0	Fairy		20	2560	Medium Fast	"1,000,000"	1.1	3′07″	10	22	50	276	0	0	0	0	3	0	3	0%	100%	1	1	1	1	1	1	0.5	2	1	1	1	0.5	1	1	0	0.5	2	1	574-1|447-1|580-1|345-1|581-1|572-1|80-1|219-1|76-1|235-1|273-1|585-5	204-TM|182-TM|574-TM|885-TM|886-TM|263-TM|129-TM|345-TM|577-TM|500-TM|203-TM|241-TM|240-TM|214-TM|402-TM|113-TM|605-TM|118-TM|447-TM|156-TM|285-TM|164-TM|271-TM|202-TM|412-TM|94-TM|347-TM|270-TM|676-TM|226-TM|580-TM|581-TM|416-TM|63-TM|76-TM|851-TM|802-TM|283-TM|572-TM|914-TM|917-TM	383-EM|283-EM|715-EM		
671		Florges Orange Flower	Garden Pokémon	Fairy																							TRUE	TRUE	FALSE	FALSE	FALSE	FALSE	TRUE	TRUE												TRUE	TRUE	FALSE	FALSE	FALSE	FALSE								White	Head+Arms							0	Fairy		20	2560	Medium Fast	"1,000,000"	1.1	3′07″	10	22	50	276	0	0	0	0	3	0	3	0%	100%	1	1	1	1	1	1	0.5	2	1	1	1	0.5	1	1	0	0.5	2	1	574-1|447-1|580-1|345-1|581-1|572-1|80-1|219-1|76-1|235-1|273-1|585-5	204-TM|182-TM|574-TM|885-TM|886-TM|263-TM|129-TM|345-TM|577-TM|500-TM|203-TM|241-TM|240-TM|214-TM|402-TM|113-TM|605-TM|118-TM|447-TM|156-TM|285-TM|164-TM|271-TM|202-TM|412-TM|94-TM|347-TM|270-TM|676-TM|226-TM|580-TM|581-TM|416-TM|63-TM|76-TM|851-TM|802-TM|283-TM|572-TM|914-TM|917-TM	383-EM|283-EM|715-EM		
671		Florges Blue Flower	Garden Pokémon	Fairy																							TRUE	TRUE	FALSE	FALSE	FALSE	FALSE	TRUE	TRUE												TRUE	TRUE	FALSE	FALSE	FALSE	FALSE								White	Head+Arms							0	Fairy		20	2560	Medium Fast	"1,000,000"	1.1	3′07″	10	22	50	276	0	0	0	0	3	0	3	0%	100%	1	1	1	1	1	1	0.5	2	1	1	1	0.5	1	1	0	0.5	2	1	574-1|447-1|580-1|345-1|581-1|572-1|80-1|219-1|76-1|235-1|273-1|585-5	204-TM|182-TM|574-TM|885-TM|886-TM|263-TM|129-TM|345-TM|577-TM|500-TM|203-TM|241-TM|240-TM|214-TM|402-TM|113-TM|605-TM|118-TM|447-TM|156-TM|285-TM|164-TM|271-TM|202-TM|412-TM|94-TM|347-TM|270-TM|676-TM|226-TM|580-TM|581-TM|416-TM|63-TM|76-TM|851-TM|802-TM|283-TM|572-TM|914-TM|917-TM	383-EM|283-EM|715-EM		
671		Florges White Flower	Garden Pokémon	Fairy																							TRUE	TRUE	FALSE	FALSE	FALSE	FALSE	TRUE	TRUE												TRUE	TRUE	FALSE	FALSE	FALSE	FALSE								Brown	Quadruped							0	Fairy		20	2560	Medium Fast	"1,000,000"	1.1	3′07″	10	22	50	276	0	0	0	0	3	0	3	0%	100%	1	1	1	1	1	1	0.5	2	1	1	1	0.5	1	1	0	0.5	2	1	574-1|447-1|580-1|345-1|581-1|572-1|80-1|219-1|76-1|235-1|273-1|585-5	204-TM|182-TM|574-TM|885-TM|886-TM|263-TM|129-TM|345-TM|577-TM|500-TM|203-TM|241-TM|240-TM|214-TM|402-TM|113-TM|605-TM|118-TM|447-TM|156-TM|285-TM|164-TM|271-TM|202-TM|412-TM|94-TM|347-TM|270-TM|676-TM|226-TM|580-TM|581-TM|416-TM|63-TM|76-TM|851-TM|802-TM|283-TM|572-TM|914-TM|917-TM	383-EM|283-EM|715-EM		
672	672	Skiddo	Mount Pokémon	Grass																							TRUE	TRUE	FALSE	FALSE	FALSE	FALSE	FALSE	FALSE												TRUE	TRUE	FALSE	FALSE	FALSE	FALSE	66	65	48	62	57	52	350	Brown	Quadruped		Sap Sipper		Grass Pelt		200	66.67	Field		20	2560	Medium Fast	"1,000,000"	0.9	2′11″	31	68.3	50	70	1	0	0	0	0	0	1	50%	50%	1	2	0.5	0.5	0.5	2	1	2	0.5	2	1	2	1	1	1	1	1	1	74-1|33-1|22-7|39-9|73-12|75-13|388-16|235-20|36-22|523-26|402-30|339-34|38-38|532-42|348-45	36-TM|189-TM|182-TM|885-TM|263-TM|523-TM|345-TM|341-TM|203-TM|241-TM|240-TM|91-TM|331-TM|280-TM|428-TM|339-TM|34-TM|214-TM|402-TM|447-TM|707-TM|156-TM|157-TM|164-TM|202-TM|412-TM|57-TM|583-TM|270-TM|580-TM|528-TM|437-TM|76-TM|851-TM|46-TM|803-TM|38-TM|283-TM	111-EM|580-EM|208-EM|205-EM		
673	673	Gogoat	Mount Pokémon	Grass																							TRUE	TRUE	FALSE	FALSE	FALSE	FALSE	FALSE	FALSE												TRUE	TRUE	FALSE	FALSE	FALSE	FALSE	123	100	62	97	81	68	531	White	Bipedal+Tail		Sap Sipper		Grass Pelt	Level 32	45	15	Field		20	2560	Medium Fast	"1,000,000"	1.7	5′07″	91	200.6	50	186	2	0	0	0	0	0	2	50%	50%	1	2	0.5	0.5	0.5	2	1	2	0.5	2	1	2	1	1	1	1	1	1	89-1|74-1|33-1|39-1|22-1|73-12|75-13|388-16|235-20|36-22|523-26|402-30|339-34|38-40|532-47|348-55|208-58	36-TM|189-TM|182-TM|885-TM|263-TM|332-TM|523-TM|345-TM|341-TM|203-TM|241-TM|240-TM|91-TM|331-TM|280-TM|428-TM|339-TM|34-TM|214-TM|402-TM|447-TM|707-TM|156-TM|157-TM|164-TM|202-TM|412-TM|57-TM|583-TM|270-TM|580-TM|528-TM|89-TM|416-TM|437-TM|63-TM|76-TM|851-TM|46-TM|667-TM|803-TM|38-TM|283-TM|675-TM	111-EM|580-EM|208-EM|205-EM	332-EV	
674	674	Pancham	Playful Pokémon	Fighting																							TRUE	TRUE	FALSE	FALSE	TRUE	TRUE	TRUE	TRUE			TRUE	TRUE	FALSE	FALSE	FALSE	FALSE										67	82	62	46	48	43	348	White	Bipedal+Tailless		Iron Fist	Mold Breaker	Scrappy		220	73.33	Field	Human-Like	25	3200	Medium Fast	"1,000,000"	0.6	2′00″	8	17.6	50	70	0	1	0	0	0	0	1	50%	50%	1	1	1	1	1	1	1	1	1	2	2	0.5	0.5	1	1	0.5	1	2					
675	675	Pangoro	Daunting Pokémon	Fighting	Dark																						TRUE	TRUE	FALSE	FALSE	TRUE	TRUE	TRUE	TRUE			TRUE	TRUE	FALSE	FALSE	FALSE	FALSE										95	124	78	69	71	58	495	White	Quadruped		Iron Fist	Mold Breaker	Scrappy	Level 32 with a Dark type in party	65	21.67	Field	Human-Like	25	3200	Medium Fast	"1,000,000"	2.1	6′11″	136	299.8	50	173	0	2	0	0	0	0	2	50%	50%	1	1	1	1	1	1	2	1	1	2	0	1	0.5	0.5	1	0.25	1	4					
676	676	Furfrou Natural Form	Poodle Pokémon	Normal																							TRUE	TRUE	FALSE	FALSE	FALSE	FALSE	TRUE	TRUE																		75	80	60	65	90	102	472	White	Quadruped		Fur Coat				160	53.33	Field		20	2560	Medium Fast	"1,000,000"	1.2	3′11″	28	61.7	50	165	0	0	0	0	0	1	1	50%	50%	1	1	1	1	1	1	2	1	1	1	1	1	1	0	1	1	1	1					
676		Furfrou Heart Trim	Poodle Pokémon	Normal																							TRUE	TRUE	FALSE	FALSE	FALSE	FALSE	TRUE	TRUE																		75	80	60	65	90	102	472	White	Quadruped		Fur Coat				160	53.33	Field		20	2560	Medium Fast	"1,000,000"	1.2	3′11″	28	61.7	50	165	0	0	0	0	0	1	1	50%	50%	1	1	1	1	1	1	2	1	1	1	1	1	1	0	1	1	1	1					
676		Furfrou Star Trim	Poodle Pokémon	Normal																							TRUE	TRUE	FALSE	FALSE	FALSE	FALSE	TRUE	TRUE																		75	80	60	65	90	102	472	White	Quadruped		Fur Coat				160	53.33	Field		20	2560	Medium Fast	"1,000,000"	1.2	3′11″	28	61.7	50	165	0	0	0	0	0	1	1	50%	50%	1	1	1	1	1	1	2	1	1	1	1	1	1	0	1	1	1	1					
676		Furfrou Diamond Trim	Poodle Pokémon	Normal																							TRUE	TRUE	FALSE	FALSE	FALSE	FALSE	TRUE	TRUE																		75	80	60	65	90	102	472	White	Quadruped		Fur Coat				160	53.33	Field		20	2560	Medium Fast	"1,000,000"	1.2	3′11″	28	61.7	50	165	0	0	0	0	0	1	1	50%	50%	1	1	1	1	1	1	2	1	1	1	1	1	1	0	1	1	1	1					
676		Furfrou Debutante Trim	Poodle Pokémon	Normal																							TRUE	TRUE	FALSE	FALSE	FALSE	FALSE	TRUE	TRUE																		75	80	60	65	90	102	472	White	Quadruped		Fur Coat				160	53.33	Field		20	2560	Medium Fast	"1,000,000"	1.2	3′11″	28	61.7	50	165	0	0	0	0	0	1	1	50%	50%	1	1	1	1	1	1	2	1	1	1	1	1	1	0	1	1	1	1					
676		Furfrou Matron Trim	Poodle Pokémon	Normal																							TRUE	TRUE	FALSE	FALSE	FALSE	FALSE	TRUE	TRUE																		75	80	60	65	90	102	472	White	Quadruped		Fur Coat				160	53.33	Field		20	2560	Medium Fast	"1,000,000"	1.2	3′11″	28	61.7	50	165	0	0	0	0	0	1	1	50%	50%	1	1	1	1	1	1	2	1	1	1	1	1	1	0	1	1	1	1					
676		Furfrou Dandy Trim	Poodle Pokémon	Normal																							TRUE	TRUE	FALSE	FALSE	FALSE	FALSE	TRUE	TRUE																		75	80	60	65	90	102	472	White	Quadruped		Fur Coat				160	53.33	Field		20	2560	Medium Fast	"1,000,000"	1.2	3′11″	28	61.7	50	165	0	0	0	0	0	1	1	50%	50%	1	1	1	1	1	1	2	1	1	1	1	1	1	0	1	1	1	1					
676		Furfrou La Reine Trim	Poodle Pokémon	Normal																							TRUE	TRUE	FALSE	FALSE	FALSE	FALSE	TRUE	TRUE																		75	80	60	65	90	102	472	White	Quadruped		Fur Coat				160	53.33	Field		20	2560	Medium Fast	"1,000,000"	1.2	3′11″	28	61.7	50	165	0	0	0	0	0	1	1	50%	50%	1	1	1	1	1	1	2	1	1	1	1	1	1	0	1	1	1	1					
676		Furfrou Kabuki Trim	Poodle Pokémon	Normal																							TRUE	TRUE	FALSE	FALSE	FALSE	FALSE	TRUE	TRUE																		75	80	60	65	90	102	472	White	Quadruped		Fur Coat				160	53.33	Field		20	2560	Medium Fast	"1,000,000"	1.2	3′11″	28	61.7	50	165	0	0	0	0	0	1	1	50%	50%	1	1	1	1	1	1	2	1	1	1	1	1	1	0	1	1	1	1					
676		Furfrou Pharoah Trim	Poodle Pokémon	Normal																							TRUE	TRUE	FALSE	FALSE	FALSE	FALSE	TRUE	TRUE																		75	80	60	65	90	102	472	Gray	Quadruped		Fur Coat				160	53.33	Field		20	2560	Medium Fast	"1,000,000"	1.2	3′11″	28	61.7	50	165	0	0	0	0	0	1	1	50%	50%	1	1	1	1	1	1	2	1	1	1	1	1	1	0	1	1	1	1					
677	677	Espurr	Restraint Pokémon	Psychic																							TRUE	TRUE	FALSE	FALSE	FALSE	FALSE	FALSE	FALSE			TRUE	TRUE	FALSE	FALSE	FALSE	FALSE				FALSE	FALSE	FALSE	FALSE	TRUE	TRUE	62	48	54	63	60	68	355	Blue	Bipedal+Tail		Keen Eye	Infiltrator	Own Tempo		190	63.33	Field		20	2560	Medium Fast	"1,000,000"	0.3	1′00″	3.5	7.7	50	71	0	0	0	0	0	1	1	50%	50%	1	1	1	1	1	1	0.5	1	1	1	0.5	2	1	2	1	2	1	1	43-1|10-1|252-3|574-6|93-9|343-18|60-21|113-30|115-30|473-33	204-TM|313-TM|182-TM|60-TM|574-TM|451-TM|263-TM|129-TM|203-TM|241-TM|240-TM|473-TM|428-TM|214-TM|115-TM|113-TM|86-TM|156-TM|399-TM|285-TM|164-TM|271-TM|247-TM|412-TM|94-TM|85-TM|583-TM|347-TM|270-TM|417-TM|433-TM|851-TM|356-TM|244-TM|797-TM|917-TM	321-EM|281-EM		
678	678	Meowstic Male	Constraint Pokémon	Psychic																							TRUE	TRUE	FALSE	FALSE	FALSE	FALSE	FALSE	FALSE			TRUE	TRUE	FALSE	FALSE	FALSE	FALSE				FALSE	FALSE	FALSE	FALSE	TRUE	TRUE	74	48	76	83	81	104	466	White	Bipedal+Tail		Keen Eye	Infiltrator	Prankster	Level 25	75	25	Field		20	2560	Medium Fast	"1,000,000"	0.6	2′00″	8.5	18.7	50	163	0	0	0	0	0	2	2	50%	50%	1	1	1	1	1	1	0.5	1	1	1	0.5	2	1	2	1	2	1	1	574-1|252-1|43-1|212-1|10-1|93-9|270-12|204-15|343-18|60-21|389-24|272-29|113-34|115-34|473-39|286-44|501-49|94-54|581-59	204-TM|313-TM|182-TM|60-TM|574-TM|885-TM|451-TM|263-TM|129-TM|500-TM|203-TM|241-TM|240-TM|473-TM|91-TM|428-TM|214-TM|115-TM|113-TM|86-TM|156-TM|286-TM|399-TM|285-TM|164-TM|271-TM|247-TM|412-TM|94-TM|85-TM|583-TM|347-TM|270-TM|226-TM|678-TM|581-TM|417-TM|416-TM|433-TM|63-TM|851-TM|356-TM|244-TM|797-TM|914-TM|917-TM			
678		Meowstic Female	Constraint Pokémon	Psychic																							TRUE	TRUE	FALSE	FALSE	FALSE	FALSE	FALSE	FALSE			TRUE	TRUE	FALSE	FALSE	FALSE	FALSE				FALSE	FALSE	FALSE	FALSE	TRUE	TRUE	74	48	76	83	81	104	466	Brown	Bipedal+Tail		Keen Eye	Infiltrator	Competitive	Level 25	75	25	Field		20	2560	Medium Fast	"1,000,000"	0.6	2′00″	8.5	18.7	50	163	0	0	0	0	0	2	2	50%	50%	1	1	1	1	1	1	0.5	1	1	1	0.5	2	1	2	1	2	1	1	574-1|252-1|43-1|345-1|10-1|93-9|500-12|451-15|343-18|60-21|389-24|272-29|113-34|115-34|473-39|326-44|247-49|94-54|248-59	204-TM|313-TM|182-TM|60-TM|574-TM|885-TM|451-TM|263-TM|129-TM|345-TM|500-TM|203-TM|241-TM|240-TM|473-TM|91-TM|428-TM|214-TM|115-TM|113-TM|86-TM|156-TM|399-TM|285-TM|164-TM|271-TM|247-TM|412-TM|94-TM|85-TM|583-TM|347-TM|270-TM|226-TM|678-TM|417-TM|416-TM|433-TM|63-TM|851-TM|356-TM|244-TM|248-TM|797-TM|914-TM|917-TM			
679	679	Honedge	Sword Pokémon	Steel	Ghost																						TRUE	TRUE	FALSE	FALSE	TRUE	TRUE	TRUE	TRUE			TRUE	TRUE	FALSE	FALSE	FALSE	FALSE										45	80	100	35	37	28	325	Brown	Head+Base		No Guard				180	60	Mineral		20	2560	Medium Fast	"1,000,000"	0.8	2′07″	2	4.4	50	65	0	0	1	0	0	0	1	50%	50%	0	2	1	1	0.5	0.5	0	0	2	0.5	0.5	0.25	0.5	2	0.5	2	0.5	0.5					
680	680	Doublade	Sword Pokémon	Steel	Ghost																						TRUE	TRUE	FALSE	FALSE	TRUE	TRUE	TRUE	TRUE			TRUE	TRUE	FALSE	FALSE	FALSE	FALSE										59	110	150	45	49	35	448	Brown	Multiple Bodies		No Guard			Leve l35	90	30	Mineral		20	2560	Medium Fast	"1,000,000"	0.8	2′07″	4.5	9.9	50	157	0	0	2	0	0	0	2	50%	50%	0	2	1	1	0.5	0.5	0	0	2	0.5	0.5	0.25	0.5	2	0.5	2	0.5	0.5					
681	681	Aegislash Shield Form	Royal Sword Pokémon	Steel	Ghost																						TRUE	TRUE	FALSE	FALSE	TRUE	TRUE	TRUE	TRUE			TRUE	TRUE	FALSE	FALSE	FALSE	FALSE										60	50	140	50	140	60	500	Brown	Head+Base		Stance Change			Dusk Stone	45	15	Mineral		20	2560	Medium Fast	"1,000,000"	1.7	5′07″	53	116.8	50	250	0	0	2	0	1	0	3	50%	50%	0	2	1	1	0.5	0.5	0	0	2	0.5	0.5	0.25	0.5	2	0.5	2	0.5	0.5					
681		Aegislash Blade Forme	Royal Sword Pokémon	Steel	Ghost																						TRUE	TRUE	FALSE	FALSE	TRUE	TRUE	TRUE	TRUE			FALSE	FALSE	FALSE	FALSE	FALSE	FALSE										60	140	50	140	50	60	500	Pink	Head+Base		Stance Change					0	Mineral		20	2560	Medium Fast	"1,000,000"	1.7	5′07″	53	116.8	50	250	0	2	0	1	0	0	3	50%	50%	0	2	1	1	0.5	0.5	0	0	2	0.5	0.5	0.25	0.5	2	0.5	2	0.5	0.5					
682	682	Spritzee	Perfume Pokémon	Fairy																							FALSE	TRUE	FALSE	FALSE	FALSE	FALSE	FALSE	FALSE			FALSE	TRUE	FALSE	FALSE	FALSE	FALSE										78	52	60	63	65	23	341	Pink	Head+Arms		Healer		Aroma Veil		200	66.67	Fairy		20	2560	Medium Fast	"1,000,000"	0.2	0′08″	0.5	1.1	50	68	1	0	0	0	0	0	1	50%	50%	1	1	1	1	1	1	0.5	2	1	1	1	0.5	1	1	0	0.5	2	1					
683	683	Aromatisse	Fragrance Pokémon	Fairy																							FALSE	TRUE	FALSE	FALSE	FALSE	FALSE	FALSE	FALSE			FALSE	TRUE	FALSE	FALSE	FALSE	FALSE										101	72	72	99	89	29	462	White	Bipedal+Tailless		Healer		Aroma Veil	Trade holding Sachet	140	46.67	Fairy		20	2560	Medium Fast	"1,000,000"	0.8	2′07″	15.5	34.2	50	162	2	0	0	0	0	0	2	50%	50%	1	1	1	1	1	1	0.5	2	1	1	1	0.5	1	1	0	0.5	2	1					
684	684	Swirlix	Cotton Candy Pokémon	Fairy																							TRUE	FALSE	FALSE	FALSE	FALSE	FALSE	FALSE	FALSE			TRUE	FALSE	FALSE	FALSE	FALSE	FALSE										62	48	66	59	57	49	341	White	Head+Legs		Sweet Veil		Unburden		200	66.67	Fairy		20	2560	Medium Fast	"1,000,000"	0.4	1′04″	3.5	7.7	50	68	0	0	1	0	0	0	1	50%	50%	1	1	1	1	1	1	0.5	2	1	1	1	0.5	1	1	0	0.5	2	1					
685	685	Slurpuff	Meringue Pokémon	Fairy																							TRUE	FALSE	FALSE	FALSE	FALSE	FALSE	FALSE	FALSE			TRUE	FALSE	FALSE	FALSE	FALSE	FALSE										82	80	86	85	75	72	480	Blue	Bipedal+Tailless		Sweet Veil		Unburden	Trade holding Whipped Dream	140	46.67	Fairy		20	2560	Medium Fast	"1,000,000"	0.8	2′07″	5	11	50	168	0	0	2	0	0	0	2	50%	50%	1	1	1	1	1	1	0.5	2	1	1	1	0.5	1	1	0	0.5	2	1					
686	686	Inkay	Revolving Pokémon	Dark	Psychic																						TRUE	TRUE	FALSE	FALSE	FALSE	FALSE	TRUE	TRUE			TRUE	TRUE	TRUE	TRUE	FALSE	FALSE				FALSE	FALSE	FALSE	FALSE	TRUE	TRUE	53	54	53	37	46	45	288	Blue	Tentacles		Contrary	Suction Cups	Infiltrator		190	63.33	Water 1	Water 2	20	2560	Medium Fast	"1,000,000"	0.4	1′04″	3.5	7.7	50	58	0	1	0	0	0	0	1	50%	50%	1	1	1	1	1	1	1	1	1	1	0	4	1	1	1	1	1	2	64-1|33-1|95-3|35-6|371-9|365-12|60-15|207-18|163-21|400-24|427-27|415-31|492-33|576-36|276-39	313-TM|182-TM|60-TM|168-TM|263-TM|332-TM|129-TM|500-TM|374-TM|203-TM|241-TM|240-TM|473-TM|492-TM|214-TM|115-TM|113-TM|156-TM|157-TM|269-TM|399-TM|285-TM|164-TM|271-TM|710-TM|94-TM|53-TM|85-TM|347-TM|270-TM|226-TM|417-TM|433-TM|851-TM|180-TM|356-TM|282-TM|679-TM|808-TM|244-TM|248-TM|797-TM	367-EM|194-EM|50-EM		
687	687	Malamar	Overturning Pokémon	Dark	Psychic																						TRUE	TRUE	FALSE	FALSE	FALSE	FALSE	TRUE	TRUE			TRUE	TRUE	TRUE	TRUE	FALSE	FALSE				FALSE	FALSE	FALSE	FALSE	TRUE	TRUE	86	92	88	68	75	73	482	Brown	Head+Base		Contrary	Suction Cups	Infiltrator	Level 30 while console upside down	80	26.67	Water 1	Water 2	20	2560	Medium Fast	"1,000,000"	1.5	4′11″	47	103.6	50	169	0	2	0	0	0	0	2	50%	50%	1	1	1	1	1	1	1	1	1	1	0	4	1	1	1	1	1	2	95-1|64-1|179-1|33-1|35-1|371-9|365-12|60-15|207-18|163-21|400-24|427-27|415-33|492-37|576-42|276-47	313-TM|184-TM|182-TM|60-TM|168-TM|885-TM|263-TM|332-TM|129-TM|500-TM|374-TM|203-TM|241-TM|240-TM|473-TM|492-TM|214-TM|115-TM|113-TM|156-TM|157-TM|269-TM|399-TM|285-TM|164-TM|271-TM|710-TM|94-TM|53-TM|85-TM|347-TM|270-TM|226-TM|179-TM|417-TM|416-TM|433-TM|63-TM|851-TM|180-TM|356-TM|282-TM|679-TM|808-TM|244-TM|248-TM|797-TM|675-TM|917-TM			
688	688	Binacle	Two-Handed Pokémon	Rock	Water																						TRUE	TRUE	TRUE	TRUE	FALSE	FALSE	TRUE	TRUE			TRUE	TRUE	FALSE	FALSE	FALSE	FALSE										42	52	67	39	56	50	306	Brown	Multiple Bodies		Tough Claws	Sniper	Pickpocket		120	40	Water 3		20	2560	Medium Fast	"1,000,000"	0.5	1′08″	31	68.3	50	61	0	1	0	0	0	0	1	50%	50%	0.5	0.25	1	2	4	0.5	2	0.5	2	0.5	1	1	1	1	1	1	1	1					
689	689	Barbaracle	Collective Pokémon	Rock	Water																						TRUE	TRUE	TRUE	TRUE	FALSE	FALSE	TRUE	TRUE			TRUE	TRUE	FALSE	FALSE	FALSE	FALSE										72	105	115	54	86	68	500	Brown	Head+Base		Tough Claws	Sniper	Pickpocket	Level 39	45	15	Water 3		20	2560	Medium Fast	"1,000,000"	1.3	4′03″	96	211.6	50	175	0	2	0	0	0	0	2	50%	50%	0.5	0.25	1	2	4	0.5	2	0.5	2	0.5	1	1	1	1	1	1	1	1					
690	690	Skrelp	Mock Kelp Pokémon	Poison	Water																						FALSE	TRUE	TRUE	TRUE	FALSE	FALSE	TRUE	TRUE			FALSE	FALSE	FALSE	TRUE	FALSE	FALSE				TRUE	FALSE	FALSE	FALSE	FALSE	FALSE	50	60	60	60	60	30	320	Brown	Head+Base		Poison Point	Poison Touch	Adaptability		225	75	Water 1	Dragon	20	2560	Medium Fast	"1,000,000"	0.5	1′08″	7.3	16.1	50	64	0	0	0	0	1	0	1	50%	50%	1	0.5	0.5	2	1	0.5	0.5	0.5	2	1	2	0.5	1	1	1	1	0.5	0.5	108-1|33-1|51-5|55-10|39-15|104-20|342-25|352-30|92-35|406-40|401-45|188-50|56-55	36-TM|189-TM|184-TM|182-TM|352-TM|491-TM|168-TM|886-TM|263-TM|342-TM|196-TM|341-TM|525-TM|474-TM|203-TM|240-TM|883-TM|214-TM|127-TM|156-TM|390-TM|441-TM|164-TM|710-TM|247-TM|406-TM|57-TM|85-TM|583-TM|56-TM|188-TM|200-TM|851-TM|114-TM|92-TM|180-TM|812-TM|799-TM|250-TM|330-TM|482-TM	151-EM|525-EM|114-EM|239-EM		
691	691	Dragalge	Mock Kelp Pokémon	Poison	Dragon																						FALSE	TRUE	TRUE	TRUE	FALSE	FALSE	TRUE	TRUE			FALSE	FALSE	FALSE	TRUE	FALSE	FALSE				TRUE	FALSE	FALSE	FALSE	FALSE	FALSE	65	75	90	97	123	44	494	Blue	Insectoid		Poison Point	Poison Touch	Adaptability	Level 48	55	18.33	Water 1	Dragon	20	2560	Medium Fast	"1,000,000"	1.8	5′11″	81.5	179.7	50	173	0	0	0	0	2	0	2	50%	50%	1	0.5	0.5	0.5	0.25	2	0.5	0.5	2	1	2	0.5	1	1	2	1	1	1	51-1|108-1|33-1|55-1|39-15|104-20|342-25|352-30|92-35|406-40|401-45|188-52|56-59|200-66	36-TM|189-TM|184-TM|182-TM|352-TM|491-TM|168-TM|886-TM|263-TM|342-TM|196-TM|341-TM|474-TM|203-TM|240-TM|883-TM|214-TM|127-TM|156-TM|390-TM|441-TM|164-TM|710-TM|247-TM|406-TM|57-TM|85-TM|583-TM|56-TM|188-TM|416-TM|200-TM|411-TM|63-TM|87-TM|434-TM|851-TM|114-TM|92-TM|180-TM|503-TM|812-TM|799-TM|250-TM|330-TM|482-TM	151-EM|525-EM|114-EM|239-EM		
692	692	Clauncher	Water Gun Pokémon	Water																							TRUE	FALSE	TRUE	TRUE	FALSE	FALSE	TRUE	TRUE			FALSE	FALSE	TRUE	FALSE	FALSE	FALSE				FALSE	TRUE	FALSE	FALSE	FALSE	FALSE	50	53	62	58	63	44	330	Blue	Serpentine		Mega Launcher				225	75	Water 1	Water 3	15	1920	Slow	"1,250,000"	0.5	1′08″	8.3	18.3	50	66	0	0	0	1	0	0	1	50%	50%	1	0.5	0.5	2	2	0.5	1	1	1	1	1	1	1	1	1	1	0.5	1	150-1|55-1|11-5|175-10|453-15|479-20|468-25|352-30|14-35|396-40|340-45|330-50|152-55	36-TM|189-TM|182-TM|352-TM|168-TM|884-TM|886-TM|263-TM|196-TM|341-TM|474-TM|203-TM|240-TM|369-TM|214-TM|127-TM|156-TM|157-TM|14-TM|430-TM|399-TM|164-TM|710-TM|396-TM|406-TM|57-TM|270-TM|58-TM|56-TM|59-TM|851-TM|479-TM|311-TM|812-TM|330-TM|482-TM	401-EM|61-EM|494-EM		
693	693	Clawitzer	Howitzer Pokémon	Water																							TRUE	FALSE	TRUE	TRUE	FALSE	FALSE	TRUE	TRUE			FALSE	FALSE	TRUE	FALSE	FALSE	FALSE				FALSE	TRUE	FALSE	FALSE	FALSE	FALSE	71	73	88	120	89	59	500	Yellow	Bipedal+Tail		Mega Launcher			Level 37	55	18.33	Water 1	Water 3	15	1920	Slow	"1,250,000"	1.3	4′03″	35.3	77.8	50	100	0	0	0	2	0	0	2	50%	50%	1	0.5	0.5	2	2	0.5	1	1	1	1	1	1	1	1	1	1	0.5	1	399-1|406-1|175-1|505-1|150-1|11-1|55-1|453-15|479-20|468-25|352-30|14-35|396-42|340-49|330-56|152-63	36-TM|189-TM|184-TM|182-TM|352-TM|168-TM|884-TM|886-TM|263-TM|196-TM|341-TM|474-TM|203-TM|240-TM|369-TM|34-TM|214-TM|127-TM|156-TM|157-TM|14-TM|430-TM|399-TM|164-TM|710-TM|396-TM|247-TM|406-TM|57-TM|270-TM|58-TM|56-TM|59-TM|188-TM|416-TM|411-TM|63-TM|851-TM|479-TM|311-TM|812-TM|330-TM|482-TM	401-EM|61-EM|494-EM		
694	694	Helioptile	Generator Pokémon	Electric	Normal																						TRUE	TRUE	FALSE	FALSE	FALSE	FALSE	TRUE	TRUE			TRUE	TRUE	FALSE	FALSE	FALSE	FALSE										44	38	33	61	43	70	289	Yellow	Bipedal+Tail		Dry Skin	Sand Veil	Solar Power		190	63.33	Monster	Dragon	20	2560	Medium Fast	"1,000,000"	0.5	1′08″	6	13.2	50	58	0	0	0	0	0	1	1	50%	50%	1	1	1	0.5	1	1	2	1	2	0.5	1	1	1	0	1	1	0.5	1					
695	695	Heliolisk	Generator Pokémon	Electric	Normal																						TRUE	TRUE	FALSE	FALSE	FALSE	FALSE	TRUE	TRUE			TRUE	TRUE	FALSE	FALSE	FALSE	FALSE										62	55	52	109	94	109	481	Brown	Bipedal+Tail		Dry Skin	Sand Veil	Solar Power	Sun Stone	75	25	Monster	Dragon	20	2560	Medium Fast	"1,000,000"	1	3′03″	21	46.3	50	168	0	0	0	1	0	1	2	50%	50%	1	1	1	0.5	1	1	2	1	2	0.5	1	1	1	0	1	1	0.5	1					
696	696	Tyrunt	Royal Heir Pokémon	Rock	Dragon																						TRUE	TRUE	FALSE	FALSE	FALSE	FALSE	TRUE	TRUE			FALSE	FALSE	FALSE	FALSE	TRUE	TRUE										58	89	77	45	45	48	362	Red	Bipedal+Tail		Strong Jaw		Sturdy		45	15	Monster	Dragon	30	3840	Medium Fast	"1,000,000"	0.8	2′07″	26	57.3	50	72	0	1	0	0	0	0	1	87.50%	12.50%	0.5	0.25	1	0.5	1	2	2	0.5	2	0.5	1	1	1	1	2	1	2	2					
697	697	Tyrantrum	Despot Pokémon	Rock	Dragon																						TRUE	TRUE	FALSE	FALSE	FALSE	FALSE	TRUE	TRUE			FALSE	FALSE	FALSE	FALSE	TRUE	TRUE										82	121	119	69	59	71	521	Blue	Quadruped		Strong Jaw		Rock Head	Level 39 during daytime	45	15	Monster	Dragon	30	3840	Medium Fast	"1,000,000"	2.5	8′02″	270	595.2	50	182	0	2	0	0	0	0	2	87.50%	12.50%	0.5	0.25	1	0.5	1	2	2	0.5	2	0.5	1	1	1	1	2	1	2	2					
698	698	Amaura	Tundra Pokémon	Rock	Ice																						TRUE	TRUE	FALSE	FALSE	FALSE	FALSE	TRUE	TRUE			FALSE	FALSE	FALSE	FALSE	TRUE	TRUE										77	59	50	67	63	46	362	Blue	Quadruped		Refrigerate		Snow Warning		45	15	Monster		30	3840	Medium Fast	"1,000,000"	1.3	4′03″	25.2	55.6	50	72	1	0	0	0	0	0	1	87.50%	12.50%	0.5	1	2	1	2	0.5	4	0.5	2	0.5	1	1	2	1	1	1	4	1					
699	699	Aurorus	Tundra Pokémon	Rock	Ice																						TRUE	TRUE	FALSE	FALSE	FALSE	FALSE	TRUE	TRUE			FALSE	FALSE	FALSE	FALSE	TRUE	TRUE										123	77	72	99	92	58	521	Pink	Quadruped		Refrigerate		Snow Warning	Level 39 during nighttime	45	15	Monster		30	3840	Medium Fast	"1,000,000"	2.7	8′10″	225	496	50	104	2	0	0	0	0	0	2	87.50%	12.50%	0.5	1	2	1	2	0.5	4	0.5	2	0.5	1	1	2	1	1	1	4	1					
700	700	Sylveon	Intertwining Pokémon	Fairy																							TRUE	TRUE	TRUE	TRUE	TRUE	TRUE	TRUE	TRUE			TRUE	TRUE	FALSE	FALSE	TRUE	TRUE			TRUE	TRUE	TRUE	FALSE	FALSE	FALSE	FALSE	95	65	65	110	130	60	525	Green	Bipedal+Tailless		Cute Charm		Pixilate	Learn Fairy move with high friendship	45	15	Field		35	4480	Medium Fast	"1,000,000"	1	3′03″	23.5	51.8	50	184	0	0	0	0	2	0	2	87.50%	12.50%	1	1	1	1	1	1	0.5	2	1	1	1	0.5	1	1	0	0.5	2	1	226-1|44-1|204-1|383-1|343-1|38-1|45-1|270-1|33-1|39-1|36-1|28-5|98-10|608-15|129-20|113-25|577-30|581-35|285-40|244-45|585-50|387-55	36-TM|204-TM|313-TM|189-TM|182-TM|574-TM|885-TM|263-TM|129-TM|345-TM|577-TM|500-TM|203-TM|241-TM|240-TM|473-TM|91-TM|34-TM|214-TM|115-TM|113-TM|605-TM|156-TM|285-TM|164-TM|247-TM|304-TM|94-TM|583-TM|347-TM|270-TM|226-TM|581-TM|416-TM|63-TM|851-TM|46-TM|311-TM|802-TM|244-TM|38-TM|174-TM|914-TM	174-EM|197-EM|24-EM|175-EM|189-EM|321-EM|273-EM|281-EM	574-EV	
701	701	Hawlucha	Wrestling Pokémon	Fighting	Flying																						TRUE	TRUE	FALSE	FALSE	FALSE	FALSE	TRUE	TRUE			TRUE	TRUE	FALSE	FALSE	FALSE	FALSE				TRUE	TRUE	FALSE	FALSE	FALSE	FALSE	78	92	75	74	63	118	500	Yellow	Bipedal+Tail		Limber	Unburden	Mold Breaker		100	33.33	Flying*	Human-Like	20	2560	Medium Fast	"1,000,000"	0.8	2′07″	21.5	47.4	50	175	0	2	0	0	0	0	2	50%	50%	1	1	1	2	0.5	2	0.5	1	0	2	2	0.25	1	1	1	0.5	1	2	468-1|33-1|17-4|197-8|332-12|227-16|297-20|280-24|340-28|269-32|355-36|14-40|560-44|136-48|283-52|143-56	36-TM|97-TM|182-TM|67-TM|512-TM|168-TM|885-TM|263-TM|332-TM|129-TM|317-TM|490-TM|374-TM|203-TM|241-TM|240-TM|91-TM|206-TM|280-TM|428-TM|369-TM|339-TM|34-TM|7-TM|9-TM|214-TM|409-TM|447-TM|398-TM|156-TM|157-TM|269-TM|14-TM|776-TM|19-TM|442-TM|164-TM|404-TM|227-TM|270-TM|226-TM|179-TM|444-TM|416-TM|411-TM|63-TM|413-TM|370-TM|851-TM|679-TM|253-TM|264-TM|814-TM|283-TM|811-TM|297-TM|675-TM|918-TM	238-EM|432-EM|494-EM|364-EM|212-EM|501-EM		
702	702	Dedenne	Antenna Pokémon	Electric	Fairy																						TRUE	TRUE	FALSE	FALSE	FALSE	FALSE	TRUE	TRUE			FALSE	FALSE	TRUE	TRUE	FALSE	FALSE				TRUE	TRUE	FALSE	FALSE	FALSE	FALSE	67	58	57	81	67	101	431	Gray	Head		Cheek Pouch	Pickup	Plus		180	60	Field	Fairy	20	2560	Medium Fast	"1,000,000"	0.2	0′08″	2.2	4.9	50	151	0	0	0	0	0	2	2	50%	50%	1	1	1	0.5	1	1	0.5	2	2	0.5	1	0.5	1	1	0	0.5	1	1	609-1|39-1|33-5|268-10|84-15|204-20|570-25|521-30|156-35|173-35|435-40|583-45|162-50|494-55|87-60	36-TM|204-TM|97-TM|182-TM|168-TM|885-TM|451-TM|263-TM|129-TM|577-TM|374-TM|203-TM|521-TM|241-TM|240-TM|91-TM|369-TM|9-TM|214-TM|402-TM|486-TM|113-TM|605-TM|447-TM|86-TM|156-TM|598-TM|164-TM|85-TM|583-TM|270-TM|604-TM|581-TM|528-TM|416-TM|63-TM|87-TM|851-TM|268-TM|162-TM|283-TM|527-TM	343-EM|393-EM|715-EM		
703	703	Carbink	Jewel Pokémon	Rock	Fairy																						TRUE	TRUE	FALSE	FALSE	TRUE	TRUE	TRUE	TRUE			FALSE	FALSE	FALSE	FALSE	TRUE	TRUE				FALSE	FALSE	TRUE	TRUE	FALSE	FALSE	50	50	150	50	150	50	500	Purple	Serpentine		Clear Body		Sturdy		60	20	Fairy	Mineral	25	3200	Slow	"1,250,000"	0.3	1′00″	5.7	12.6	50	100	0	0	1	0	1	0	2	Unknown		0.5	0.5	2	1	2	1	1	1	2	0.5	1	0.5	1	1	0	0.5	4	1	106-1|33-1|470-5|479-10|175-15|246-20|397-25|113-30|157-35|285-40|408-45|446-50|585-55|444-60	36-TM|204-TM|182-TM|263-TM|317-TM|203-TM|241-TM|240-TM|201-TM|34-TM|214-TM|115-TM|113-TM|350-TM|605-TM|707-TM|156-TM|157-TM|776-TM|191-TM|430-TM|285-TM|442-TM|408-TM|164-TM|334-TM|446-TM|94-TM|484-TM|347-TM|414-TM|581-TM|444-TM|416-TM|433-TM|63-TM|851-TM|328-TM|356-TM|479-TM|360-TM|802-TM|244-TM|38-TM|283-TM|800-TM			
704	704	Goomy	Soft Tissue Pokémon	Dragon																							TRUE	TRUE	FALSE	FALSE	TRUE	TRUE	TRUE	TRUE			FALSE	TRUE	FALSE	TRUE	FALSE	FALSE			TRUE	TRUE	TRUE	TRUE	TRUE	FALSE	FALSE	45	50	35	55	75	40	300	Purple	Serpentine		Sap Sipper	Hydration	Gooey		45	15	Dragon		40	5120	Slow	"1,250,000"	0.3	1′00″	2.8	6.2	35	60	0	0	0	0	1	0	1	50%	50%	1	0.5	0.5	0.5	0.5	2	1	1	1	1	1	1	1	1	2	1	1	2	71-1|33-1|55-5|225-10|182-15|175-20|352-25|240-30|406-35|174-41|34-45|330-50	36-TM|204-TM|182-TM|352-TM|886-TM|263-TM|341-TM|203-TM|241-TM|240-TM|34-TM|214-TM|156-TM|157-TM|164-TM|406-TM|85-TM|188-TM|200-TM|434-TM|851-TM|330-TM|482-TM|806-TM|174-TM	68-EM|791-EM		
705	705	Sliggoo	Soft Tissue Pokémon	Dragon																							TRUE	TRUE	FALSE	FALSE	TRUE	TRUE	TRUE	TRUE			FALSE	TRUE	FALSE	TRUE	FALSE	FALSE				TRUE	TRUE	TRUE	TRUE	FALSE	FALSE	68	75	53	83	113	60	452	Purple	Serpentine		Sap Sipper	Hydration	Gooey	Level 40	45	15	Dragon		40	5120	Slow	"1,250,000"	0.8	2′07″	17.5	38.6	35	158	0	0	0	0	2	0	2	50%	50%	1	0.5	0.5	0.5	0.5	2	1	1	1	1	1	1	1	1	2	1	1	2	71-1|151-1|225-1|33-1|55-1|182-15|175-20|352-25|240-30|406-35|174-43|34-49|330-56	36-TM|204-TM|182-TM|352-TM|491-TM|886-TM|263-TM|341-TM|203-TM|241-TM|240-TM|34-TM|214-TM|156-TM|157-TM|164-TM|406-TM|85-TM|58-TM|59-TM|188-TM|200-TM|87-TM|434-TM|851-TM|92-TM|330-TM|482-TM|806-TM|174-TM	68-EM|791-EM	491-EV	
705		Hisuian Sliggoo	Snail Pokémon	Steel	Dragon																																								TRUE	FALSE	FALSE	FALSE	FALSE	FALSE	FALSE	58	75	83	83	113	40	452	Purple	Bipedal+Tail		Sap Sipper	Shell Armor	Gooey	Level 40 in Hisui	45	15	Dragon		40	5120	Slow	"1,250,000"	0.7	2′04″	68.5	151	35	158	0	0	0	0	2	0	2	50%	50%	0.5	1	0.5	0.5	0.25	1	2	0	2	0.5	0.5	0.5	0.5	1	1	1	0.5	1	71-1|151-1|225-1|33-1|55-1|182-15|175-20|352-25|240-30|406-35|174-43|442-49|330-56	36-TM|204-TM|182-TM|352-TM|491-TM|886-TM|263-TM|341-TM|317-TM|203-TM|241-TM|240-TM|201-TM|34-TM|214-TM|156-TM|157-TM|430-TM|442-TM|164-TM|406-TM|484-TM|861-TM|85-TM|58-TM|59-TM|188-TM|200-TM|87-TM|434-TM|796-TM|851-TM|360-TM|330-TM|482-TM|806-TM|174-TM	68-EM|791-EM	842-EV	
706	706	Goodra	Dragon Pokémon	Dragon																							TRUE	TRUE	FALSE	FALSE	TRUE	TRUE	TRUE	TRUE			FALSE	TRUE	FALSE	TRUE	FALSE	FALSE				TRUE	TRUE	TRUE	TRUE	FALSE	FALSE	90	100	70	110	150	80	600	Purple	Bipedal+Tail		Sap Sipper	Hydration	Gooey	Level 50 during rain	45	15	Dragon		40	5120	Slow	"1,250,000"	2	6′07″	150.5	331.8	35	300	0	0	0	0	3	0	3	50%	50%	1	0.5	0.5	0.5	0.5	2	1	1	1	1	1	1	1	1	2	1	1	2	71-1|491-1|225-1|364-1|342-1|33-1|715-1|55-1|182-15|175-20|352-25|240-30|174-43|34-49|330-58|438-67	36-TM|204-TM|182-TM|352-TM|491-TM|886-TM|263-TM|342-TM|523-TM|341-TM|525-TM|203-TM|241-TM|240-TM|34-TM|7-TM|9-TM|214-TM|337-TM|707-TM|156-TM|157-TM|776-TM|164-TM|406-TM|57-TM|53-TM|85-TM|58-TM|126-TM|56-TM|59-TM|188-TM|89-TM|416-TM|200-TM|411-TM|63-TM|87-TM|434-TM|851-TM|92-TM|282-TM|503-TM|264-TM|311-TM|330-TM|482-TM|806-TM|784-TM|174-TM|913-TM	68-EM|791-EM	401-EV	
706		Hisuian Goodra	Shelled Pokémon	Steel	Dragon																																								TRUE	FALSE	FALSE	FALSE	FALSE	FALSE	FALSE	80	100	100	110	150	60	600	Gray	Head		Sap Sipper	Shell Armor	Gooey	Level 50 during rain in Hisui	45	15	Dragon		40	5120	Slow	"1,250,000"	1.7	5′07″	334.1	736.6	35	300	0	0	0	0	3	0	3	50%	50%	0.5	1	0.5	0.5	0.25	1	2	0	2	0.5	0.5	0.5	0.5	1	1	1	0.5	1	71-1|491-1|225-1|364-1|842-1|33-1|715-1|55-1|182-15|175-20|352-25|240-30|406-35|174-43|34-49|442-49|330-58|484-67	36-TM|204-TM|184-TM|182-TM|352-TM|491-TM|886-TM|263-TM|523-TM|341-TM|317-TM|525-TM|203-TM|241-TM|240-TM|201-TM|34-TM|7-TM|9-TM|214-TM|337-TM|707-TM|156-TM|157-TM|776-TM|430-TM|442-TM|164-TM|406-TM|484-TM|57-TM|861-TM|53-TM|85-TM|58-TM|126-TM|56-TM|59-TM|188-TM|89-TM|416-TM|200-TM|63-TM|87-TM|434-TM|796-TM|851-TM|360-TM|282-TM|311-TM|808-TM|330-TM|482-TM|806-TM|784-TM|174-TM|913-TM	68-EM|791-EM	231-EV	
707	707	Klefki	Key Ring Pokémon	Steel	Fairy																						TRUE	TRUE	TRUE	TRUE	TRUE	TRUE	TRUE	TRUE			FALSE	FALSE	TRUE	TRUE	FALSE	FALSE				TRUE	TRUE	FALSE	FALSE	FALSE	FALSE	57	80	91	80	87	75	470	Brown	Head+Arms		Prankster		Magician		75	25	Mineral		20	2560	Slow	"1,250,000"	0.2	0′08″	3	6.6	50	165	0	0	1	0	0	0	1	50%	50%	0.5	2	1	1	0.5	0.5	1	0	2	0.5	0.5	0.25	0.5	1	0	0.5	1	0.5	310-1|33-4|584-8|259-12|587-16|319-20|577-24|278-28|286-32|430-36|583-40|478-44|492-48|387-52	182-TM|168-TM|263-TM|129-TM|577-TM|500-TM|203-TM|241-TM|240-TM|201-TM|473-TM|492-TM|214-TM|115-TM|113-TM|605-TM|86-TM|156-TM|191-TM|286-TM|430-TM|164-TM|334-TM|94-TM|583-TM|347-TM|581-TM|416-TM|433-TM|63-TM|796-TM|851-TM|244-TM|806-TM|319-TM	393-EM|415-EM		
708	708	Phantump	Stump Pokémon	Ghost	Grass																						TRUE	TRUE	TRUE	TRUE	TRUE	TRUE	TRUE	TRUE			TRUE	TRUE	FALSE	FALSE	TRUE	TRUE				FALSE	FALSE	TRUE	TRUE	FALSE	FALSE	43	70	48	50	60	38	309	Brown	Tentacles		Natural Cure	Frisk	Harvest		120	40	Grass	Amorphous	20	2560	Fast	"800,000"	0.4	1′04″	7	15.4	50	62	0	1	0	0	0	0	1	50%	50%	0	2	0.5	0.5	0.5	2	0	1	0.5	2	1	1	1	2	1	2	1	1	310-1|33-1|785-4|73-8|109-12|261-16|506-20|74-24|532-28|174-32|566-36|275-40|452-44|194-48|571-52	182-TM|109-TM|168-TM|885-TM|263-TM|523-TM|506-TM|345-TM|101-TM|203-TM|241-TM|240-TM|91-TM|421-TM|492-TM|214-TM|402-TM|115-TM|447-TM|398-TM|156-TM|157-TM|286-TM|399-TM|285-TM|164-TM|261-TM|271-TM|202-TM|247-TM|412-TM|94-TM|580-TM|566-TM|433-TM|76-TM|851-TM|180-TM|803-TM|809-TM|808-TM|220-TM|244-TM|806-TM|174-TM	502-EM|50-EM|389-EM		
709	709	Trevenant	Elder Tree Pokémon	Ghost	Grass																						TRUE	TRUE	TRUE	TRUE	TRUE	TRUE	TRUE	TRUE			TRUE	TRUE	FALSE	FALSE	TRUE	TRUE				FALSE	FALSE	TRUE	TRUE	FALSE	FALSE	85	110	76	65	82	56	474	Brown	Head		Natural Cure	Frisk	Harvest	Trade	60	20	Grass	Amorphous	20	2560	Medium Fast	"1,000,000"	1.5	4′11″	71	156.5	50	166	0	2	0	0	0	0	2	50%	50%	0	2	0.5	0.5	0.5	2	0	1	0.5	2	1	1	1	2	1	2	1	1	310-1|785-1|73-1|33-1|109-12|261-16|506-20|74-24|532-28|174-32|566-36|275-40|452-44|194-48|571-52	36-TM|184-TM|182-TM|109-TM|168-TM|885-TM|263-TM|523-TM|506-TM|345-TM|101-TM|203-TM|241-TM|240-TM|91-TM|421-TM|492-TM|214-TM|402-TM|409-TM|115-TM|447-TM|398-TM|156-TM|157-TM|286-TM|399-TM|285-TM|164-TM|404-TM|261-TM|271-TM|202-TM|247-TM|412-TM|94-TM|347-TM|580-TM|89-TM|566-TM|416-TM|411-TM|437-TM|433-TM|63-TM|76-TM|851-TM|114-TM|92-TM|180-TM|282-TM|803-TM|807-TM|809-TM|808-TM|220-TM|244-TM|806-TM|174-TM|917-TM		421-EV	
710	710	Pumpkaboo Average Size	Pumpkin Pokémon	Ghost	Grass																						TRUE	TRUE	FALSE	FALSE	FALSE	FALSE	FALSE	FALSE			TRUE	TRUE	FALSE	FALSE	FALSE	FALSE										44	66	70	44	55	56	335	Brown	Head		Pickup	Frisk	Insomnia		120	40	Amorphous		20	2560	Medium Fast	"1,000,000"	0.4	1′04″	5	11	50	67	0	0	1	0	0	0	1	50%	50%	0	2	0.5	0.5	0.5	2	0	1	0.5	2	1	1	1	2	1	2	1	1					
710		Pumpkaboo Small Size	Pumpkin Pokémon	Ghost	Grass																						TRUE	TRUE	FALSE	FALSE	FALSE	FALSE	FALSE	FALSE			TRUE	TRUE	FALSE	FALSE	FALSE	FALSE										49	66	70	44	55	51	335	Brown	Head		Pickup	Frisk	Insomnia			0	Amorphous		20	2560	Medium Fast	"1,000,000"	0.3	1′00″	3.5	7.7	50	67	0	0	1	0	0	0	1	50%	50%	0	2	0.5	0.5	0.5	2	0	1	0.5	2	1	1	1	2	1	2	1	1					
710		Pumpkaboo Large Size	Pumpkin Pokémon	Ghost	Grass																						TRUE	TRUE	FALSE	FALSE	FALSE	FALSE	FALSE	FALSE			TRUE	TRUE	FALSE	FALSE	FALSE	FALSE										54	66	70	44	55	46	335	Brown	Head		Pickup	Frisk	Insomnia			0	Amorphous		20	2560	Medium Fast	"1,000,000"	0.5	1′08″	7.5	16.5	50	67	0	0	1	0	0	0	1	50%	50%	0	2	0.5	0.5	0.5	2	0	1	0.5	2	1	1	1	2	1	2	1	1					
710		Pumpkaboo Super Size	Pumpkin Pokémon	Ghost	Grass																						TRUE	TRUE	FALSE	FALSE	FALSE	FALSE	FALSE	FALSE			TRUE	TRUE	FALSE	FALSE	FALSE	FALSE										59	66	70	44	55	41	335	Brown	Head+Base		Pickup	Frisk	Insomnia			0	Amorphous		20	2560	Medium Fast	"1,000,000"	0.8	2′07″	15	33.1	50	67	0	0	1	0	0	0	1	50%	50%	0	2	0.5	0.5	0.5	2	0	1	0.5	2	1	1	1	2	1	2	1	1					
711	711	Gourgeist Average Size	Pumpkin Pokémon	Ghost	Grass																						TRUE	TRUE	FALSE	FALSE	FALSE	FALSE	FALSE	FALSE			TRUE	TRUE	FALSE	FALSE	FALSE	FALSE										55	90	122	58	75	99	499	Brown	Head+Base		Pickup	Frisk	Insomnia	Trade	60	20	Amorphous		20	2560	Medium Fast	"1,000,000"	0.9	2′11″	12.5	27.6	50	173	0	0	2	0	0	0	2	50%	50%	0	2	0.5	0.5	0.5	2	0	1	0.5	2	1	1	1	2	1	2	1	1					
711		Gourgeist Small Size	Pumpkin Pokémon	Ghost	Grass																						TRUE	TRUE	FALSE	FALSE	FALSE	FALSE	FALSE	FALSE			TRUE	TRUE	FALSE	FALSE	FALSE	FALSE										65	90	122	58	75	84	494	Brown	Head+Base		Pickup	Frisk	Insomnia	Trade		0	Amorphous		20	2560	Medium Fast	"1,000,000"	0.7	2′04″	9.5	20.9	50	173	0	0	2	0	0	0	2	50%	50%	0	2	0.5	0.5	0.5	2	0	1	0.5	2	1	1	1	2	1	2	1	1					
711		Gourgeist Large Size	Pumpkin Pokémon	Ghost	Grass																						TRUE	TRUE	FALSE	FALSE	FALSE	FALSE	FALSE	FALSE			TRUE	TRUE	FALSE	FALSE	FALSE	FALSE										75	90	122	58	75	69	489	Brown	Head+Base		Pickup	Frisk	Insomnia	Trade		0	Amorphous		20	2560	Medium Fast	"1,000,000"	1.1	3′07″	14	30.9	50	173	0	0	2	0	0	0	2	50%	50%	0	2	0.5	0.5	0.5	2	0	1	0.5	2	1	1	1	2	1	2	1	1					
711		Gourgeist Super Size	Pumpkin Pokémon	Ghost	Grass																						TRUE	TRUE	FALSE	FALSE	FALSE	FALSE	FALSE	FALSE			TRUE	TRUE	FALSE	FALSE	FALSE	FALSE										85	90	122	58	75	54	484	Blue	Quadruped		Pickup	Frisk	Insomnia	Trade		0	Amorphous		20	2560	Medium Fast	"1,000,000"	1.7	5′07″	39	86	50	173	0	0	2	0	0	0	2	50%	50%	0	2	0.5	0.5	0.5	2	0	1	0.5	2	1	1	1	2	1	2	1	1					
712	712	Bergmite	Ice Chunk Pokémon	Ice																							TRUE	TRUE	FALSE	FALSE	FALSE	FALSE	FALSE	FALSE			TRUE	TRUE	FALSE	FALSE	TRUE	TRUE			TRUE	TRUE	TRUE	FALSE	FALSE	FALSE	FALSE	55	69	85	32	35	28	304	Blue	Quadruped		Own Tempo	Ice Body	Sturdy		190	63.33	Monster	Mineral*	20	2560	Medium Fast	"1,000,000"	1	3′03″	99.5	219.4	50	61	0	0	1	0	0	0	1	50%	50%	1	2	1	1	1	0.5	2	1	1	1	1	1	2	1	1	1	2	1	106-1|229-1|33-3|181-6|174-9|196-12|182-15|419-18|44-21|423-24|334-27|105-30|242-33|36-36|59-39|38-42	36-TM|182-TM|423-TM|886-TM|263-TM|523-TM|196-TM|317-TM|419-TM|203-TM|240-TM|883-TM|34-TM|214-TM|156-TM|157-TM|164-TM|334-TM|242-TM|861-TM|58-TM|59-TM|444-TM|851-TM|360-TM|333-TM|38-TM|174-TM	694-EM|243-EM|54-EM		
713	713	Avalugg	Iceberg Pokémon	Ice																							TRUE	TRUE	FALSE	FALSE	FALSE	FALSE	FALSE	FALSE			TRUE	TRUE	FALSE	FALSE	TRUE	TRUE				TRUE	TRUE	FALSE	FALSE	FALSE	FALSE	95	117	184	44	46	28	514	Blue	Quadruped		Own Tempo	Ice Body	Sturdy	Level 37	55	18.33	Monster	Mineral*	20	2560	Medium Fast	"1,000,000"	2	6′07″	505	1113.3	50	180	0	0	2	0	0	0	2	50%	50%	1	2	1	1	1	0.5	2	1	1	1	1	1	2	1	1	1	2	1	106-1|181-1|229-1|33-1|469-1|174-9|196-12|182-15|419-18|44-21|423-24|334-27|105-30|242-33|36-36|59-41|38-46|556-51	36-TM|184-TM|182-TM|423-TM|886-TM|263-TM|523-TM|196-TM|317-TM|419-TM|203-TM|240-TM|883-TM|34-TM|214-TM|707-TM|156-TM|157-TM|776-TM|430-TM|442-TM|164-TM|334-TM|242-TM|484-TM|57-TM|861-TM|58-TM|56-TM|59-TM|89-TM|444-TM|416-TM|63-TM|851-TM|360-TM|667-TM|333-TM|38-TM|174-TM	694-EM|243-EM|54-EM	34-EV	
713		Hisuian Avalugg	Iceberg Pokémon	Ice	Rock																																								TRUE	FALSE	FALSE	FALSE	FALSE	FALSE	FALSE	95	127	184	34	36	38	514	Purple	1 Pair of Wings		Strong Jaw	Ice Body	Sturdy	Level 37 in Hisui	55	18.33	Monster	Mineral*	20	2560	Medium Fast	"1,000,000"	1.4	4′07″	262.4	578.5	50	180	0	0	2	0	0	0	2	50%	50%	0.5	1	2	1	2	0.5	4	0.5	2	0.5	1	1	2	1	1	1	4	1	106-1|181-1|229-1|33-1|469-1|174-9|196-12|182-15|419-18|44-21|423-24|334-27|105-30|242-33|36-36|59-41|38-46|444-51|836-61	36-TM|184-TM|182-TM|423-TM|886-TM|263-TM|523-TM|196-TM|317-TM|419-TM|203-TM|240-TM|201-TM|883-TM|91-TM|34-TM|214-TM|350-TM|707-TM|156-TM|157-TM|776-TM|442-TM|164-TM|334-TM|242-TM|446-TM|484-TM|861-TM|58-TM|59-TM|89-TM|444-TM|416-TM|63-TM|851-TM|360-TM|667-TM|333-TM|38-TM|800-TM|174-TM|912-TM	694-EM|243-EM|54-EM	157-EV	
714	714	Noibat	Sound Wave Pokémon	Flying	Dragon																						TRUE	TRUE	FALSE	FALSE	FALSE	FALSE	TRUE	TRUE			TRUE	TRUE	FALSE	FALSE	TRUE	TRUE				TRUE	TRUE	TRUE	TRUE	FALSE	FALSE	40	30	35	45	40	55	245	Purple	1 Pair of Wings		Frisk	Infiltrator	Telepathy		190	63.33	Flying	Dragon*	20	2560	Medium Fast	"1,000,000"	0.5	1′08″	8	17.6	50	49	0	0	0	0	0	1	1	50%	50%	1	0.5	0.5	1	0.25	4	0.5	1	0	1	1	0.5	2	1	2	1	1	2	71-1|33-1|16-4|48-8|104-12|17-16|44-20|314-24|18-28|162-32|403-36|103-40|355-44|366-49|542-52	36-TM|97-TM|182-TM|512-TM|168-TM|263-TM|332-TM|129-TM|314-TM|203-TM|241-TM|280-TM|369-TM|421-TM|403-TM|214-TM|337-TM|156-TM|269-TM|399-TM|141-TM|19-TM|164-TM|404-TM|366-TM|247-TM|406-TM|304-TM|257-TM|94-TM|528-TM|200-TM|542-TM|76-TM|434-TM|851-TM|162-TM|253-TM|814-TM	432-EM|407-EM|415-EM		
715	715	Noivern	Sound Wave Pokémon	Flying	Dragon																						TRUE	TRUE	FALSE	FALSE	FALSE	FALSE	TRUE	TRUE			TRUE	TRUE	FALSE	FALSE	TRUE	TRUE				TRUE	TRUE	TRUE	TRUE	FALSE	FALSE	85	70	80	97	80	123	535	Blue	Quadruped		Frisk	Infiltrator	Telepathy	Level 48	45	15	Flying	Dragon*	20	2560	Medium Fast	"1,000,000"	1.5	4′11″	85	187.4	50	187	0	0	0	0	0	2	2	50%	50%	1	0.5	0.5	1	0.25	4	0.5	1	0	1	1	0.5	2	1	2	1	1	2	71-1|16-1|236-1|48-1|33-1|104-12|17-16|44-20|314-24|18-28|162-32|403-36|103-40|355-44|366-51|542-56|586-62	36-TM|97-TM|184-TM|182-TM|352-TM|512-TM|168-TM|263-TM|332-TM|129-TM|314-TM|525-TM|203-TM|241-TM|280-TM|369-TM|421-TM|403-TM|34-TM|214-TM|337-TM|156-TM|269-TM|399-TM|141-TM|19-TM|349-TM|164-TM|404-TM|366-TM|247-TM|406-TM|304-TM|257-TM|94-TM|53-TM|528-TM|416-TM|200-TM|411-TM|542-TM|63-TM|76-TM|434-TM|851-TM|162-TM|253-TM|814-TM|38-TM|784-TM|913-TM|917-TM	432-EM|407-EM	406-EV	
716	716	Xerneas Neutral Mode	Life Pokémon	Fairy																							TRUE	FALSE	FALSE	FALSE	FALSE	FALSE	TRUE	TRUE			FALSE	FALSE	FALSE	FALSE	TRUE	FALSE										126	131	95	131	98	99	680	Blue	Quadruped		Fairy Aura				45	15	No Eggs Discovered		120	15360	Medium Fast	"1,000,000"	3	9′10″	215	474	0	340	3	0	0	0	0	0	3	Unknown		1	1	1	1	1	1	0.5	2	1	1	1	0.5	1	1	0	0.5	2	1					
716		Xerneas Active Mode	Life Pokémon	Fairy																							TRUE	FALSE	FALSE	FALSE	FALSE	FALSE	TRUE	TRUE			FALSE	FALSE	FALSE	FALSE	FALSE	FALSE										126	131	95	131	98	99	680	Red	1 Pair of Wings		Fairy Aura				45	15	No Eggs Discovered		120	15360	Medium Fast	"1,000,000"	3	9′10″	215	474	0	340	3	0	0	0	0	0	3	Unknown		1	1	1	1	1	1	0.5	2	1	1	1	0.5	1	1	0	0.5	2	1					
717	717	Yveltal	Destruction Pokémon	Dark	Flying																						FALSE	TRUE	FALSE	FALSE	FALSE	FALSE	TRUE	TRUE			FALSE	FALSE	FALSE	FALSE	FALSE	TRUE										126	131	95	131	98	99	680	Green	Serpentine		Dark Aura				45	15	No Eggs Discovered		120	15360	Slow	"1,250,000"	5.8	19′00″	203	447.5	0	340	3	0	0	0	0	0	3	Unknown		1	1	1	2	0.5	2	1	1	0	1	0	1	2	0.5	1	0.5	1	2					
718	718	Zygarde 50% Forme	Order Pokémon	Dragon	Ground																						TRUE	TRUE	FALSE	FALSE	TRUE	TRUE	TRUE	TRUE			FALSE	FALSE	FALSE	FALSE	TRUE	TRUE										54	100	71	61	85	115	486	Black	Quadruped		Aura Break	Power Construct			3	1	No Eggs Discovered		120	15360	Slow	"1,250,000"	1.2	3′11″	33.5	73.9	0	243	3	0	0	0	0	0	3	Unknown		1	0.5	1	0	1	4	1	0.5	1	1	1	1	0.5	1	2	1	1	2					
718		Zygarde 10% Forme	Order Pokémon	Dragon	Ground																										TRUE	TRUE	TRUE	TRUE			FALSE	FALSE	FALSE	FALSE	FALSE	FALSE										108	100	121	81	95	95	600	Black	Bipedal+Tail		Aura Break	Power Construct				0			120	15360	Slow	"1,250,000"	5	16′05″	305	672.4	0	300	3	0	0	0	0	0	3	Unknown		1	0.5	1	0	1	4	1	0.5	1	1	1	1	0.5	1	2	1	1	2					
718		Zygarde Complete Forme	Order Pokémon	Dragon	Ground																										TRUE	TRUE	TRUE	TRUE			FALSE	FALSE	FALSE	FALSE	FALSE	FALSE										216	100	121	91	95	85	708	Pink	Head+Arms		Power Construct					0			120	15360	Slow	"1,250,000"	4.5	14′09″	610	1344.8	0	354	3	0	0	0	0	0	3	Unknown		1	0.5	1	0	1	4	1	0.5	1	1	1	1	0.5	1	2	1	1	2					
719	719	Diancie	Jewel Pokémon	Rock	Fairy																						FALSE	FALSE	FALSE	FALSE	FALSE	FALSE	FALSE	FALSE			FALSE	FALSE	FALSE	FALSE	FALSE	FALSE				FALSE	FALSE	FALSE	FALSE	FALSE	FALSE	50	100	150	100	150	50	600	Pink	Head+Arms		Clear Body				3	1	No Eggs Discovered		25	3200	Slow	"1,250,000"	0.7	2′04″	8.8	19.4	50	300	0	0	1	0	2	0	3	Unknown		0.5	0.5	2	1	2	1	1	1	2	0.5	1	0.5	1	1	0	0.5	4	1	591-1|106-1|33-1|470-7|479-14|175-21|246-28|397-35|113-42|157-49|285-56|408-63|446-70|585-77|444-84	36-TM|204-TM|313-TM|182-TM|263-TM|523-TM|129-TM|317-TM|577-TM|500-TM|203-TM|241-TM|240-TM|201-TM|883-TM|473-TM|34-TM|214-TM|115-TM|113-TM|605-TM|118-TM|156-TM|157-TM|776-TM|191-TM|430-TM|285-TM|408-TM|164-TM|334-TM|446-TM|94-TM|227-TM|583-TM|133-TM|347-TM|270-TM|226-TM|414-TM|444-TM|416-TM|433-TM|63-TM|851-TM|328-TM|356-TM|479-TM|360-TM|802-TM|244-TM|283-TM|815-TM|800-TM			
719		Mega Diancie	Jewel Pokémon	Rock	Fairy																								FALSE	FALSE	FALSE	FALSE	TRUE	TRUE																		50	160	110	160	110	110	700	Purple	Head+Arms		Magic Bounce			Diancite		0			25	3200	Slow	"1,250,000"	1.1	3′07″	27.8	61.3	50	350	0	0	1	0	2	0	3	Unknown		0.5	0.5	2	1	2	1	1	1	2	0.5	1	0.5	1	1	0	0.5	4	1					
720	720	Hoopa Confined	Mischief Pokémon	Psychic	Ghost																						FALSE	FALSE	FALSE	FALSE	FALSE	FALSE	FALSE	FALSE												FALSE	FALSE	FALSE	FALSE	FALSE	FALSE	80	110	60	150	130	70	600	Purple	Bipedal+Tail		Magician				3	1	No Eggs Discovered		120	15360	Slow	"1,250,000"	0.5	1′08″	9	19.8	100	300	0	0	0	3	0	0	3	Unknown		0	1	1	1	1	1	0	0.5	1	1	0.5	1	1	4	1	4	1	1	502-1|93-1|194-1|310-6|271-10|113-15|60-19|285-25|470-29|471-29|566-35|428-46|433-50|472-50|247-55|417-68|94-75|593-85	36-TM|184-TM|182-TM|60-TM|168-TM|263-TM|129-TM|317-TM|374-TM|203-TM|241-TM|240-TM|201-TM|473-TM|280-TM|428-TM|492-TM|7-TM|9-TM|8-TM|214-TM|409-TM|115-TM|113-TM|447-TM|86-TM|156-TM|269-TM|399-TM|285-TM|441-TM|164-TM|271-TM|247-TM|412-TM|94-TM|85-TM|347-TM|678-TM|417-TM|566-TM|416-TM|411-TM|433-TM|63-TM|851-TM|356-TM|282-TM|264-TM|808-TM|244-TM|248-TM|797-TM|806-TM|675-TM|917-TM			
720		Hoopa Unbound	Mischief Pokémon	Psychic	Ghost																						FALSE	FALSE	FALSE	FALSE	FALSE	FALSE	FALSE	FALSE												FALSE	FALSE	FALSE	FALSE	FALSE	FALSE	80	160	60	170	130	80	680	Brown	Quadruped		Magician					0	No Eggs Discovered		120	15360	Slow	"1,250,000"	6.5	21′04″	490	1080.3	50	340	0	0	0	3	0	0	3	Unknown		0	1	1	1	1	1	0	0.5	1	1	0.5	1	1	4	1	4	1	1	502-1|93-1|194-1|310-6|271-10|113-15|60-19|285-25|470-29|471-29|282-46|433-50|472-50|399-55|94-75|621-85	36-TM|184-TM|182-TM|60-TM|168-TM|263-TM|129-TM|317-TM|374-TM|203-TM|241-TM|240-TM|201-TM|473-TM|280-TM|428-TM|492-TM|7-TM|9-TM|8-TM|214-TM|409-TM|115-TM|113-TM|447-TM|86-TM|156-TM|269-TM|399-TM|285-TM|441-TM|164-TM|271-TM|247-TM|412-TM|94-TM|85-TM|347-TM|678-TM|417-TM|566-TM|416-TM|411-TM|433-TM|63-TM|851-TM|356-TM|282-TM|264-TM|808-TM|244-TM|248-TM|797-TM|806-TM|675-TM|917-TM			
721	721	Volcanion	Steam Pokémon	Fire	Water																						FALSE	FALSE	FALSE	FALSE	FALSE	FALSE	FALSE	FALSE			FALSE	FALSE	FALSE	FALSE	TRUE	TRUE				FALSE	FALSE	FALSE	FALSE	FALSE	FALSE	80	110	120	130	90	70	600	Brown	1 Pair of Wings		Water Absorb				3	1	No Eggs Discovered		120	15360	Slow	"1,250,000"	1.7	5′07″	195	429.9	100	300	0	0	0	3	0	0	3	Unknown		1	0.25	1	2	1	0.25	1	1	2	1	1	0.5	2	1	1	1	0.25	0.5	83-1|592-1|55-1|43-6|311-12|488-18|352-24|184-30|510-36|23-42|503-48|36-54|114-60|54-60|56-66|394-78|315-84|153-90	36-TM|184-TM|182-TM|424-TM|422-TM|352-TM|83-TM|263-TM|523-TM|341-TM|317-TM|488-TM|374-TM|203-TM|241-TM|240-TM|201-TM|91-TM|280-TM|34-TM|214-TM|707-TM|156-TM|157-TM|269-TM|776-TM|430-TM|164-TM|261-TM|710-TM|257-TM|484-TM|53-TM|414-TM|581-TM|126-TM|56-TM|528-TM|188-TM|89-TM|444-TM|416-TM|315-TM|411-TM|63-TM|394-TM|76-TM|851-TM|46-TM|114-TM|479-TM|360-TM|503-TM|535-TM|311-TM|38-TM|482-TM|815-TM			
722	722	Rowlet	Grass Quill Pokémon	Grass	Flying																										FALSE	FALSE	FALSE	FALSE			FALSE	FALSE	FALSE	FALSE	TRUE	TRUE			TRUE	FALSE	FALSE	FALSE	FALSE	TRUE	TRUE	68	55	55	50	50	42	320	Brown	1 Pair of Wings		Overgrow		Long Reach		45	15	Flying		15	1920	Medium Slow	"1,059,860"	0.3	1′00″	1.5	3.3	50	64	1	0	0	0	0	0	1	87.50%	12.50%	1	2	0.5	1	0.25	4	0.5	2	0	2	1	1	2	1	1	1	1	1	45-1|33-1|670-3|310-6|64-9|425-12|75-15|235-18|365-21|417-24|389-27|348-30|297-33|413-36	36-TM|182-TM|109-TM|885-TM|263-TM|332-TM|129-TM|345-TM|314-TM|101-TM|203-TM|241-TM|240-TM|331-TM|206-TM|421-TM|403-TM|214-TM|402-TM|113-TM|447-TM|156-TM|14-TM|164-TM|202-TM|412-TM|270-TM|580-TM|417-TM|520-TM|437-TM|413-TM|76-TM|851-TM|114-TM|282-TM|803-TM|814-TM|297-TM	109-EM|432-EM|104-EM|282-EM|355-EM		
723	723	Dartrix	Blade Quill Pokémon	Grass	Flying																										FALSE	FALSE	FALSE	FALSE			FALSE	FALSE	FALSE	FALSE	TRUE	TRUE			TRUE	FALSE	FALSE	FALSE	FALSE	TRUE	TRUE	78	75	75	70	70	52	420	Brown	1 Pair of Wings		Overgrow		Long Reach	Level 17	45	15	Flying		15	1920	Medium Slow	"1,059,860"	0.7	2′04″	16	35.3	50	147	2	0	0	0	0	0	2	87.50%	12.50%	1	2	0.5	1	0.25	4	0.5	2	0	2	1	1	2	1	1	1	1	1	310-1|45-1|670-1|33-1|64-9|425-12|75-15|235-20|365-25|417-30|389-35|348-40|297-45|413-50	36-TM|182-TM|109-TM|885-TM|263-TM|332-TM|129-TM|345-TM|314-TM|101-TM|203-TM|241-TM|240-TM|331-TM|206-TM|421-TM|403-TM|214-TM|402-TM|113-TM|447-TM|156-TM|14-TM|164-TM|202-TM|366-TM|412-TM|270-TM|226-TM|580-TM|417-TM|520-TM|437-TM|413-TM|76-TM|851-TM|114-TM|282-TM|803-TM|814-TM|297-TM	109-EM|432-EM|104-EM|282-EM|355-EM		
724	724	Decidueye	Arrow Quill Pokémon	Grass	Ghost																										FALSE	FALSE	FALSE	FALSE			FALSE	FALSE	FALSE	FALSE	TRUE	TRUE				FALSE	FALSE	FALSE	FALSE	TRUE	TRUE	78	107	75	100	100	70	530	Brown	1 Pair of Wings		Overgrow		Long Reach	Level 34	45	15	Flying		15	1920	Medium Slow	"1,059,860"	1.6	5′03″	36.6	80.7	50	265	0	3	0	0	0	0	3	87.50%	12.50%	0	2	0.5	0.5	0.5	2	0	1	0.5	2	1	1	1	2	1	2	1	1	310-1|45-1|437-1|670-1|566-1|180-1|33-1|369-1|64-9|425-12|75-15|235-20|365-25|417-30|389-37|348-44|297-51|413-58	36-TM|182-TM|67-TM|512-TM|109-TM|885-TM|263-TM|332-TM|506-TM|129-TM|345-TM|490-TM|314-TM|101-TM|203-TM|241-TM|240-TM|331-TM|206-TM|369-TM|421-TM|403-TM|214-TM|402-TM|113-TM|447-TM|156-TM|14-TM|286-TM|164-TM|202-TM|366-TM|247-TM|412-TM|270-TM|226-TM|580-TM|417-TM|520-TM|566-TM|416-TM|338-TM|437-TM|542-TM|63-TM|413-TM|76-TM|851-TM|114-TM|180-TM|479-TM|282-TM|669-TM|803-TM|814-TM|809-TM|297-TM|806-TM|174-TM	109-EM|432-EM|104-EM|282-EM|355-EM	662-EV	
724		Hisuian Decidueye	Arrow Quill Pokémon	Grass	Fighting																																								TRUE	FALSE	FALSE	FALSE	FALSE	FALSE	FALSE	88	112	80	95	95	60	530	Red	Quadruped		Overgrow		Scrappy	Level 36 in Hisui	45	15	Flying		15	1920	Medium Slow	"1,059,860"	1.6	5′03″	37	81.6	50	265	0	3	0	0	0	0	3	87.50%	12.50%	1	2	0.5	0.5	0.5	2	1	2	0.5	4	2	1	0.5	1	1	0.5	1	2	45-1|437-1|670-1|33-1|369-1|64-9|425-12|75-15|235-20|365-25|339-30|389-37|348-44|297-51|413-58	36-TM|184-TM|182-TM|67-TM|109-TM|885-TM|263-TM|332-TM|129-TM|345-TM|317-TM|490-TM|314-TM|101-TM|203-TM|241-TM|240-TM|331-TM|206-TM|280-TM|369-TM|421-TM|339-TM|403-TM|214-TM|402-TM|113-TM|447-TM|156-TM|269-TM|14-TM|164-TM|202-TM|396-TM|366-TM|412-TM|270-TM|226-TM|179-TM|580-TM|417-TM|520-TM|416-TM|338-TM|411-TM|437-TM|63-TM|413-TM|370-TM|76-TM|851-TM|114-TM|479-TM|282-TM|264-TM|803-TM|814-TM|811-TM|297-TM|918-TM	109-EM|432-EM|104-EM|282-EM|355-EM	843-EV	
725	725	Litten	Fire Cat Pokémon	Fire																											TRUE	TRUE	TRUE	TRUE			FALSE	FALSE	FALSE	FALSE	FALSE	FALSE				FALSE	FALSE	FALSE	FALSE	TRUE	TRUE	45	65	40	60	40	70	320	Red	Quadruped		Blaze		Intimidate		45	15	Field		15	1920	Medium Slow	"1,059,860"	0.4	1′04″	4.3	9.5	50	64	0	0	0	0	0	1	1	87.50%	12.50%	1	0.5	2	1	0.5	0.5	1	1	2	1	1	0.5	2	1	1	1	0.5	0.5	45-1|10-1|52-3|122-6|46-9|154-12|44-15|24-18|424-21|184-24|207-27|53-30|37-33|394-36	36-TM|184-TM|182-TM|424-TM|512-TM|885-TM|83-TM|263-TM|488-TM|203-TM|241-TM|369-TM|421-TM|339-TM|34-TM|214-TM|156-TM|269-TM|14-TM|141-TM|164-TM|261-TM|242-TM|257-TM|53-TM|270-TM|417-TM|126-TM|519-TM|200-TM|315-TM|394-TM|851-TM|46-TM|38-TM|283-TM|915-TM	252-EM|575-EM|681-EM		
726	726	Torracat	Fire Cat Pokémon	Fire																											TRUE	TRUE	TRUE	TRUE			FALSE	FALSE	FALSE	FALSE	FALSE	FALSE				FALSE	FALSE	FALSE	FALSE	TRUE	TRUE	65	85	50	80	50	90	420	Red	Bipedal+Tail		Blaze		Intimidate	Level 17	45	15	Field		15	1920	Medium Slow	"1,059,860"	0.7	2′04″	25	55.1	50	147	0	0	0	0	0	2	2	87.50%	12.50%	1	0.5	2	1	0.5	0.5	1	1	2	1	1	0.5	2	1	1	1	0.5	0.5	52-1|45-1|122-1|10-1|46-9|154-12|44-15|24-20|424-25|184-30|207-35|53-40|37-45|394-50	36-TM|184-TM|182-TM|424-TM|512-TM|885-TM|83-TM|263-TM|488-TM|203-TM|241-TM|369-TM|421-TM|339-TM|34-TM|214-TM|156-TM|269-TM|14-TM|141-TM|164-TM|261-TM|242-TM|257-TM|53-TM|270-TM|417-TM|126-TM|519-TM|200-TM|315-TM|394-TM|851-TM|46-TM|38-TM|283-TM|915-TM			
727	727	Incineroar	Heel Pokémon	Fire	Dark																										TRUE	TRUE	TRUE	TRUE			FALSE	FALSE	FALSE	FALSE	FALSE	FALSE				FALSE	FALSE	FALSE	FALSE	TRUE	TRUE	95	115	90	80	90	60	530	Blue	Fins		Blaze		Intimidate	Level 34	45	15	Field		15	1920	Medium Slow	"1,059,860"	1.8	5′11″	83	183	50	265	0	3	0	0	0	0	3	87.50%	12.50%	1	0.5	2	1	0.5	0.5	2	1	2	1	0	1	2	0.5	1	0.5	0.5	1	339-1|238-1|52-1|122-1|46-9|154-12|44-15|24-20|424-25|184-30|207-32|53-44|37-51|394-58	36-TM|184-TM|182-TM|424-TM|67-TM|512-TM|168-TM|885-TM|83-TM|263-TM|332-TM|523-TM|555-TM|488-TM|490-TM|374-TM|203-TM|241-TM|280-TM|369-TM|421-TM|339-TM|34-TM|7-TM|9-TM|214-TM|409-TM|707-TM|156-TM|269-TM|14-TM|399-TM|141-TM|442-TM|164-TM|261-TM|242-TM|257-TM|53-TM|270-TM|226-TM|179-TM|417-TM|126-TM|519-TM|89-TM|416-TM|307-TM|200-TM|315-TM|411-TM|63-TM|394-TM|370-TM|851-TM|46-TM|282-TM|535-TM|264-TM|807-TM|808-TM|38-TM|283-TM|915-TM|815-TM|675-TM	45-EM|10-EM|675-EM	663-EV	
728	728	Popplio	Sea Lion Pokémon	Water																											TRUE	TRUE	TRUE	TRUE			FALSE	FALSE	FALSE	FALSE	FALSE	FALSE				FALSE	FALSE	FALSE	FALSE	TRUE	TRUE	50	54	54	66	56	40	320	Blue	Fins		Torrent		Liquid Voice		45	15	Water 1	Field	15	1920	Medium Slow	"1,059,860"	0.4	1′04″	7.5	16.5	50	64	0	0	0	1	0	0	1	87.50%	12.50%	1	0.5	0.5	2	2	0.5	1	1	1	1	1	1	1	1	1	1	0.5	1	45-1|1-1|55-3|574-6|453-9|608-12|196-15|47-18|61-21|227-24|581-27|304-30|585-33|56-36	204-TM|182-TM|352-TM|512-TM|574-TM|886-TM|263-TM|129-TM|196-TM|577-TM|203-TM|240-TM|214-TM|127-TM|156-TM|164-TM|304-TM|227-TM|57-TM|861-TM|583-TM|133-TM|270-TM|58-TM|581-TM|56-TM|59-TM|518-TM|851-TM|253-TM|812-TM|250-TM|813-TM	392-EM|791-EM|195-EM		
729	729	Brionne	Pop Star Pokémon	Water																											TRUE	TRUE	TRUE	TRUE			FALSE	FALSE	FALSE	FALSE	FALSE	FALSE				FALSE	FALSE	FALSE	FALSE	TRUE	TRUE	60	69	69	91	81	50	420	Blue	Fins		Torrent		Liquid Voice	Level 17	45	15	Water 1	Field	15	1920	Medium Slow	"1,059,860"	0.6	2′00″	17.5	38.6	50	147	0	0	0	2	0	0	2	87.50%	12.50%	1	0.5	0.5	2	2	0.5	1	1	1	1	1	1	1	1	1	1	0.5	1	574-1|45-1|1-1|55-1|453-9|608-12|196-15|47-20|61-25|227-30|581-35|304-40|585-45|56-50	204-TM|182-TM|352-TM|512-TM|574-TM|886-TM|263-TM|129-TM|196-TM|577-TM|203-TM|240-TM|34-TM|214-TM|127-TM|156-TM|164-TM|304-TM|227-TM|57-TM|861-TM|583-TM|133-TM|270-TM|58-TM|581-TM|56-TM|59-TM|518-TM|851-TM|253-TM|812-TM|250-TM|813-TM			
730	730	Primarina	Soloist Pokémon	Water	Fairy																										TRUE	TRUE	TRUE	TRUE			FALSE	FALSE	FALSE	FALSE	FALSE	FALSE				FALSE	FALSE	FALSE	FALSE	TRUE	TRUE	80	74	74	126	116	60	530	Black	1 Pair of Wings		Torrent		Liquid Voice	Level 34	45	15	Water 1	Field	15	1920	Medium Slow	"1,059,860"	1.8	5′11″	44	97	50	265	0	0	0	3	0	0	3	87.50%	12.50%	1	0.5	0.5	2	2	0.5	0.5	2	1	1	1	0.5	1	1	0	0.5	1	1	574-1|45-1|1-1|55-1|453-9|608-12|196-15|47-20|61-25|227-30|581-37|304-44|585-51|56-58	204-TM|182-TM|352-TM|512-TM|574-TM|886-TM|263-TM|129-TM|196-TM|577-TM|500-TM|203-TM|240-TM|883-TM|34-TM|214-TM|115-TM|113-TM|127-TM|605-TM|156-TM|164-TM|710-TM|247-TM|304-TM|412-TM|94-TM|227-TM|57-TM|861-TM|583-TM|133-TM|347-TM|270-TM|58-TM|581-TM|56-TM|59-TM|518-TM|416-TM|308-TM|63-TM|851-TM|114-TM|253-TM|311-TM|812-TM|802-TM|244-TM|250-TM|813-TM|914-TM|917-TM		664-EV	
731	731	Pikipek	Woodpecker Pokémon	Normal	Flying																										TRUE	TRUE	TRUE	TRUE												FALSE	FALSE	FALSE	FALSE	TRUE	TRUE	35	75	30	30	30	65	265	Black	1 Pair of Wings		Keen Eye	Skill Link	Pickup		255	85	Flying		15	1920	Medium Fast	"1,000,000"	0.3	1′00″	1.2	2.6	50	53	0	1	0	0	0	0	1	50%	50%	1	1	1	2	0.5	2	1	1	0	1	1	0.5	2	0	1	1	1	1	64-1|45-3|497-7|249-9|48-13|365-15|355-19|31-21|103-25|65-27|331-31|297-33|304-37	36-TM|182-TM|512-TM|168-TM|263-TM|332-TM|488-TM|314-TM|203-TM|241-TM|331-TM|280-TM|369-TM|403-TM|214-TM|156-TM|14-TM|19-TM|441-TM|164-TM|366-TM|304-TM|257-TM|270-TM|413-TM|851-TM|479-TM|282-TM|253-TM|814-TM|283-TM|297-TM	586-EM|441-EM|143-EM		
732	732	Trumbeak	Bugle Beak Pokémon	Normal	Flying																										TRUE	TRUE	TRUE	TRUE												FALSE	FALSE	FALSE	FALSE	TRUE	TRUE	55	85	50	40	50	75	355	Black	1 Pair of Wings		Keen Eye	Skill Link	Pickup	Level 14	120	40	Flying		15	1920	Medium Fast	"1,000,000"	0.6	2′00″	14.8	32.6	50	124	0	2	0	0	0	0	2	50%	50%	1	1	1	2	0.5	2	1	1	0	1	1	0.5	2	0	1	1	1	1	45-1|64-1|350-1|249-1|48-13|365-16|355-21|31-24|103-29|65-32|331-37|297-40|304-45	36-TM|182-TM|512-TM|168-TM|263-TM|332-TM|129-TM|488-TM|314-TM|203-TM|241-TM|331-TM|280-TM|369-TM|403-TM|214-TM|350-TM|156-TM|14-TM|19-TM|441-TM|164-TM|366-TM|304-TM|257-TM|270-TM|413-TM|851-TM|479-TM|282-TM|253-TM|814-TM|283-TM|297-TM			497-R
733	733	Toucannon	Cannon Pokémon	Normal	Flying																										TRUE	TRUE	TRUE	TRUE												FALSE	FALSE	FALSE	FALSE	TRUE	TRUE	80	120	75	75	75	60	485	Brown	Quadruped		Keen Eye	Skill Link	Sheer Force	Level 28	45	15	Flying		15	1920	Medium Fast	"1,000,000"	1.1	3′07″	26	57.3	50	243	0	3	0	0	0	0	3	50%	50%	1	1	1	2	0.5	2	1	1	0	1	1	0.5	2	0	1	1	1	1	497-1|45-1|64-1|350-1|249-1|48-13|365-16|355-21|31-24|103-30|65-34|331-40|297-44|304-50	36-TM|184-TM|182-TM|512-TM|168-TM|263-TM|332-TM|129-TM|488-TM|314-TM|203-TM|241-TM|331-TM|280-TM|369-TM|403-TM|214-TM|402-TM|350-TM|156-TM|14-TM|430-TM|19-TM|441-TM|164-TM|366-TM|304-TM|257-TM|227-TM|270-TM|416-TM|315-TM|542-TM|63-TM|413-TM|851-TM|479-TM|282-TM|253-TM|814-TM|244-TM|283-TM|915-TM|297-TM|675-TM		690-EV	
734	734	Yungoos	Loitering Pokémon	Normal																											TRUE	TRUE	TRUE	TRUE												TRUE	TRUE	FALSE	FALSE	FALSE	FALSE	48	70	30	30	30	45	253	Brown	Quadruped		Stakeout	Strong Jaw	Adaptability		255	85	Field		15	1920	Medium Fast	"1,000,000"	0.4	1′04″	6	13.2	50	51	0	1	0	0	0	0	1	50%	50%	1	1	1	1	1	1	2	1	1	1	1	1	1	0	1	1	1	1	33-1|43-3|371-7|28-10|526-13|44-19|189-22|162-25|36-28|184-31|242-34|281-37|37-40|156-43	36-TM|189-TM|184-TM|182-TM|424-TM|422-TM|423-TM|168-TM|885-TM|886-TM|263-TM|523-TM|341-TM|317-TM|203-TM|241-TM|240-TM|201-TM|91-TM|428-TM|369-TM|706-TM|214-TM|402-TM|707-TM|156-TM|269-TM|164-TM|242-TM|270-TM|179-TM|528-TM|851-TM|162-TM|38-TM|283-TM	283-EM|424-EM|423-EM|387-EM|422-EM		
735	735	Gumshoos	Stakeout Pokémon	Normal																											TRUE	TRUE	TRUE	TRUE												TRUE	TRUE	FALSE	FALSE	FALSE	FALSE	88	110	60	55	60	45	418	Gray	Insectoid		Stakeout	Strong Jaw	Adaptability	Level 20 during daytime	127	42.33	Field		15	1920	Medium Fast	"1,000,000"	0.7	2′04″	14.2	31.3	50	146	0	2	0	0	0	0	2	50%	50%	1	1	1	1	1	1	2	1	1	1	1	1	1	0	1	1	1	1	43-1|371-1|28-1|33-1|526-13|44-19|189-23|162-27|36-31|184-35|242-39|281-43|37-47|156-52	36-TM|189-TM|184-TM|182-TM|424-TM|422-TM|423-TM|168-TM|885-TM|886-TM|263-TM|523-TM|341-TM|317-TM|490-TM|374-TM|203-TM|241-TM|240-TM|201-TM|91-TM|428-TM|369-TM|706-TM|34-TM|7-TM|9-TM|8-TM|214-TM|402-TM|707-TM|156-TM|269-TM|442-TM|164-TM|242-TM|270-TM|179-TM|528-TM|89-TM|416-TM|63-TM|851-TM|46-TM|282-TM|162-TM|264-TM|38-TM|283-TM|174-TM	283-EM|424-EM|423-EM|387-EM|422-EM		
736	736	Grubbin	Larva Pokémon	Bug																											TRUE	TRUE	TRUE	TRUE			TRUE	TRUE	FALSE	FALSE	FALSE	FALSE				FALSE	FALSE	TRUE	TRUE	FALSE	FALSE	47	62	45	55	45	46	300	Green	Serpentine		Swarm				255	85	Bug		15	1920	Medium Fast	"1,000,000"	0.4	1′04″	4.4	9.7	50	60	0	1	0	0	0	0	1	50%	50%	1	2	1	1	0.5	1	0.5	1	0.5	2	1	1	2	1	1	1	1	1	189-1|11-1|81-5|450-10|44-15|209-21|564-25|404-30|242-35|91-40	36-TM|189-TM|182-TM|522-TM|884-TM|451-TM|263-TM|341-TM|203-TM|521-TM|240-TM|91-TM|214-TM|113-TM|86-TM|398-TM|156-TM|164-TM|404-TM|242-TM|85-TM|226-TM|604-TM|528-TM|851-TM|268-TM|450-TM|679-TM|527-TM|806-TM	435-EM|106-EM		
737	737	Charjabug	Battery Pokémon	Bug	Electric																										TRUE	TRUE	TRUE	TRUE			TRUE	TRUE	FALSE	FALSE	FALSE	FALSE				FALSE	FALSE	TRUE	TRUE	FALSE	FALSE	57	82	95	55	75	36	400	Blue	Insectoid		Battery			Level 20	120	40	Bug		15	1920	Medium Fast	"1,000,000"	0.5	1′08″	10.5	23.1	50	140	0	0	2	0	0	0	2	50%	50%	1	2	1	0.5	0.5	1	0.5	1	1	1	1	1	2	1	1	1	0.5	1	450-1|189-1|81-1|11-1|44-15|209-23|564-29|404-36|242-43|91-50|334-57|435-64	36-TM|189-TM|182-TM|522-TM|884-TM|451-TM|263-TM|341-TM|203-TM|521-TM|240-TM|91-TM|214-TM|486-TM|113-TM|86-TM|398-TM|156-TM|598-TM|164-TM|334-TM|404-TM|242-TM|85-TM|226-TM|604-TM|528-TM|87-TM|851-TM|268-TM|450-TM|679-TM|527-TM|806-TM		268-EV	
738	738	Vikavolt	Stag Beetle Pokémon	Bug	Electric																										TRUE	TRUE	TRUE	TRUE			TRUE	TRUE	FALSE	FALSE	FALSE	FALSE				FALSE	FALSE	TRUE	TRUE	FALSE	FALSE	77	70	90	145	75	43	500	Purple	Insectoid		Levitate			Thunder Stone or near magnetic field	45	15	Bug		15	1920	Medium Fast	"1,000,000"	1.5	4′11″	45	99.2	50	250	0	0	0	3	0	0	3	50%	50%	1	2	1	0.5	0.5	1	0.5	1	1	1	1	1	2	1	1	1	0.5	1	268-1|242-1|435-1|81-1|44-15|209-23|564-29|405-36|12-43|19-50|97-57|192-64	36-TM|97-TM|189-TM|182-TM|512-TM|522-TM|884-TM|451-TM|263-TM|523-TM|129-TM|341-TM|203-TM|521-TM|240-TM|91-TM|403-TM|214-TM|486-TM|113-TM|86-TM|398-TM|156-TM|430-TM|598-TM|19-TM|164-TM|334-TM|404-TM|242-TM|412-TM|85-TM|226-TM|604-TM|528-TM|416-TM|405-TM|63-TM|87-TM|76-TM|851-TM|268-TM|450-TM|679-TM|916-TM|527-TM|806-TM		85-EV	450-R|91-R|334-R|189-R|11-R|404-R
739	739	Crabrawler	Boxing Pokémon	Fighting																											TRUE	TRUE	TRUE	TRUE												TRUE	TRUE	FALSE	FALSE	TRUE	TRUE	47	82	57	42	47	63	338	White	Insectoid		Hyper Cutter	Iron Fist	Anger Point		225	75	Water 3		20	2560	Medium Fast	"1,000,000"	0.6	2′00″	7	15.4	50	68	0	1	0	0	0	0	1	50%	50%	1	1	1	1	1	1	1	1	1	2	2	0.5	0.5	1	1	0.5	1	2	11-1|249-5|43-9|61-13|182-17|280-22|21-25|371-29|179-33|152-37|334-42|223-45|370-49	36-TM|189-TM|182-TM|168-TM|886-TM|263-TM|523-TM|129-TM|341-TM|317-TM|374-TM|203-TM|241-TM|240-TM|91-TM|280-TM|428-TM|339-TM|34-TM|9-TM|8-TM|214-TM|409-TM|707-TM|156-TM|157-TM|442-TM|441-TM|164-TM|334-TM|710-TM|133-TM|270-TM|179-TM|89-TM|411-TM|370-TM|851-TM|282-TM|264-TM|283-TM|811-TM|918-TM	283-EM|264-EM|276-EM|469-EM		
740	740	Crabominable	Woolly Crab Pokémon	Fighting	Ice																										TRUE	TRUE	TRUE	TRUE												TRUE	TRUE	FALSE	FALSE	TRUE	TRUE	97	132	77	62	67	43	478	Red	1 Pair of Wings		Hyper Cutter	Iron Fist	Anger Point	Ice Stone	60	20	Water 3		20	2560	Medium Fast	"1,000,000"	1.7	5′07″	180	396.8	50	167	0	2	0	0	0	0	2	50%	50%	1	2	1	1	1	0.5	2	1	1	2	2	0.5	1	1	1	0.5	2	2	43-1|182-1|249-1|61-17|280-22|21-25|419-29|179-33|665-37|334-42|223-45|370-49	36-TM|189-TM|184-TM|182-TM|168-TM|886-TM|263-TM|523-TM|129-TM|196-TM|341-TM|317-TM|374-TM|419-TM|203-TM|241-TM|240-TM|883-TM|91-TM|280-TM|428-TM|339-TM|34-TM|9-TM|8-TM|214-TM|409-TM|707-TM|156-TM|157-TM|776-TM|442-TM|441-TM|164-TM|334-TM|710-TM|861-TM|133-TM|270-TM|179-TM|58-TM|59-TM|89-TM|416-TM|411-TM|63-TM|370-TM|851-TM|282-TM|264-TM|283-TM|811-TM|912-TM|918-TM	283-EM|264-EM|276-EM|469-EM	8-EV	
741	741	Oricorio Baile Style	Dancing Pokémon	Fire	Flying																										TRUE	TRUE	TRUE	TRUE												TRUE	TRUE	FALSE	FALSE	FALSE	FALSE	75	70	70	98	70	93	476	Yellow	1 Pair of Wings		Dancer				45	15	Flying		20	2560	Medium Fast	"1,000,000"	0.6	2′00″	3.4	7.5	50	167	0	0	0	2	0	0	2	25%	75%	1	0.5	2	2	0.25	1	0.5	1	0	1	1	0.25	4	1	1	1	0.5	0.5	1-1|45-4|64-6|270-10|314-13|226-16|297-20|512-23|298-26|355-30|260-33|403-36|686-40|97-43|542-47	36-TM|204-TM|97-TM|182-TM|512-TM|885-TM|263-TM|332-TM|129-TM|196-TM|314-TM|203-TM|241-TM|240-TM|201-TM|369-TM|403-TM|214-TM|156-TM|269-TM|14-TM|19-TM|164-TM|366-TM|347-TM|270-TM|226-TM|179-TM|542-TM|851-TM|814-TM|244-TM|297-TM|914-TM	213-EM|432-EM|365-EM|483-EM|219-EM		
741		Oricorio Pom-Pom Style	Dancing Pokémon	Electric	Flying																										TRUE	TRUE	TRUE	TRUE												TRUE	TRUE	FALSE	FALSE	FALSE	FALSE	75	70	70	98	70	93	476	Pink	1 Pair of Wings		Dancer				45	15	Flying		20	2560	Medium Fast	"1,000,000"	0.6	2′00″	3.4	7.5	50	167	0	0	0	2	0	0	2	25%	75%	1	1	1	1	0.5	2	0.5	1	0	0.5	1	0.5	2	1	1	1	0.5	1	1-1|45-4|64-6|270-10|314-13|226-16|297-20|512-23|298-26|355-30|260-33|403-36|686-40|97-43|542-47	36-TM|204-TM|97-TM|182-TM|512-TM|885-TM|263-TM|332-TM|129-TM|196-TM|314-TM|203-TM|241-TM|240-TM|201-TM|369-TM|403-TM|214-TM|156-TM|269-TM|14-TM|19-TM|164-TM|366-TM|347-TM|270-TM|226-TM|179-TM|542-TM|851-TM|814-TM|244-TM|297-TM|914-TM	213-EM|432-EM|365-EM|483-EM|219-EM		
741		Oricorio Pa'u Style	Dancing Pokémon	Psychic	Flying																										TRUE	TRUE	TRUE	TRUE												TRUE	TRUE	FALSE	FALSE	TRUE	TRUE	75	70	70	98	70	93	476	Purple	1 Pair of Wings		Dancer				45	15	Flying		20	2560	Medium Fast	"1,000,000"	0.6	2′00″	3.4	7.5	50	167	0	0	0	2	0	0	2	25%	75%	1	1	1	2	0.5	2	0.25	1	0	1	0.5	1	2	2	1	2	1	1	1-1|45-4|64-6|270-10|314-13|226-16|297-20|512-23|298-26|355-30|260-33|403-36|686-40|97-43|542-47	36-TM|204-TM|97-TM|182-TM|512-TM|885-TM|263-TM|332-TM|129-TM|196-TM|314-TM|203-TM|241-TM|240-TM|201-TM|369-TM|403-TM|214-TM|156-TM|269-TM|14-TM|19-TM|164-TM|366-TM|347-TM|270-TM|226-TM|179-TM|542-TM|851-TM|814-TM|244-TM|297-TM|914-TM	213-EM|432-EM|365-EM|483-EM|219-EM		
741		Oricorio Sensu Style	Dancing Pokémon	Ghost	Flying																										TRUE	TRUE	TRUE	TRUE												TRUE	TRUE	TRUE	TRUE	FALSE	FALSE	75	70	70	98	70	93	476	Yellow	Insectoid		Dancer				45	15	Flying		20	2560	Medium Fast	"1,000,000"	0.6	2′00″	3.4	7.5	50	167	0	0	0	2	0	0	2	25%	75%	0	1	1	2	0.5	2	0	0.5	0	1	1	0.25	2	2	1	2	1	1	1-1|45-4|64-6|270-10|314-13|226-16|297-20|512-23|298-26|355-30|260-33|403-36|686-40|97-43|542-47	36-TM|204-TM|97-TM|182-TM|512-TM|885-TM|263-TM|332-TM|129-TM|196-TM|314-TM|203-TM|241-TM|240-TM|201-TM|369-TM|403-TM|214-TM|156-TM|269-TM|14-TM|19-TM|164-TM|366-TM|347-TM|270-TM|226-TM|179-TM|542-TM|851-TM|814-TM|244-TM|297-TM|914-TM	213-EM|432-EM|365-EM|483-EM|219-EM		
742	742	Cutiefly	Bee Fly Pokémon	Bug	Fairy																										TRUE	TRUE	TRUE	TRUE			TRUE	TRUE	FALSE	FALSE	FALSE	FALSE				FALSE	FALSE	TRUE	TRUE	FALSE	FALSE	40	45	40	55	40	84	304	Yellow	2+ Pair of Wings		Honey Gather	Shield Dust	Sweet Veil		190	63.33	Bug	Fairy	20	2560	Medium Fast	"1,000,000"	0.1	0′04″	0.2	0.4	50	61	0	0	0	0	0	1	1	50%	50%	1	2	1	1	0.5	1	0.25	2	0.5	2	1	0.5	2	1	0	0.5	2	1	71-1|584-1|78-6|230-12|577-18|522-24|343-30|415-36|605-42|405-48|483-54	204-TM|313-TM|182-TM|512-TM|522-TM|168-TM|885-TM|884-TM|263-TM|129-TM|345-TM|577-TM|203-TM|241-TM|369-TM|214-TM|115-TM|113-TM|605-TM|447-TM|156-TM|286-TM|141-TM|285-TM|164-TM|271-TM|366-TM|412-TM|94-TM|583-TM|347-TM|270-TM|676-TM|226-TM|405-TM|851-TM|450-TM|244-TM|806-TM	597-EM|585-EM|564-EM		
743	743	Ribombee	Bee Fly Pokémon	Bug	Fairy																										TRUE	TRUE	TRUE	TRUE			TRUE	TRUE	FALSE	FALSE	FALSE	FALSE				FALSE	FALSE	TRUE	TRUE	FALSE	FALSE	60	55	60	95	70	124	464	Brown	Quadruped		Honey Gather	Shield Dust	Sweet Veil	Level 25	75	25	Bug	Fairy	20	2560	Medium Fast	"1,000,000"	0.2	0′08″	0.5	1.1	50	162	0	0	0	0	0	2	2	50%	50%	1	2	1	1	0.5	1	0.25	2	0.5	2	1	0.5	2	1	0	0.5	2	1	71-1|584-1|78-1|230-1|577-18|522-24|343-32|415-40|605-48|405-56|483-64	36-TM|204-TM|313-TM|97-TM|182-TM|512-TM|522-TM|168-TM|885-TM|884-TM|263-TM|129-TM|345-TM|577-TM|500-TM|203-TM|241-TM|369-TM|214-TM|115-TM|113-TM|605-TM|447-TM|156-TM|286-TM|141-TM|285-TM|164-TM|271-TM|366-TM|412-TM|94-TM|583-TM|347-TM|270-TM|676-TM|226-TM|416-TM|405-TM|63-TM|76-TM|851-TM|450-TM|679-TM|814-TM|244-TM|806-TM|914-TM|917-TM		676-EV	
744	744	Rockruff	Puppy Pokémon	Rock																											TRUE	TRUE	TRUE	TRUE			FALSE	FALSE	TRUE	TRUE	FALSE	FALSE				TRUE	TRUE	TRUE	TRUE	FALSE	FALSE	45	65	40	30	40	60	280	Brown	Quadruped		Keen Eye	Vital Spirit	Steadfast		190	63.33	Field		15	1920	Medium Fast	"1,000,000"	0.5	1′08″	9.2	20.3	50	56	0	1	0	0	0	0	1	50%	50%	0.5	0.5	2	1	2	1	2	0.5	2	0.5	1	1	1	1	1	1	2	1	43-1|33-1|28-4|104-8|88-12|336-16|44-20|317-24|46-28|157-32|242-36|184-40|446-44|444-48	36-TM|204-TM|189-TM|184-TM|182-TM|424-TM|422-TM|885-TM|263-TM|523-TM|555-TM|317-TM|203-TM|201-TM|91-TM|428-TM|706-TM|34-TM|214-TM|707-TM|156-TM|157-TM|269-TM|14-TM|442-TM|164-TM|334-TM|242-TM|446-TM|304-TM|583-TM|270-TM|414-TM|444-TM|851-TM|46-TM|38-TM|283-TM	283-EM|387-EM|389-EM|37-EM		
745	745	Lycanroc Midday	Wolf Pokémon	Rock																											TRUE	TRUE	TRUE	TRUE			FALSE	FALSE	TRUE	TRUE	FALSE	FALSE				TRUE	TRUE	TRUE	TRUE	FALSE	FALSE	75	117	65	55	65	110	487	Red	Bipedal+Tail		Keen Eye	Sand Rush	Steadfast	Level 25 during day	90	30	Field		15	1920	Medium Fast	"1,000,000"	0.8	2′07″	25	55.1	50	170	0	2	0	0	0	0	2	50%	50%	0.5	0.5	2	1	2	1	2	0.5	2	0.5	1	1	1	1	1	1	2	1	709-1|104-1|43-1|98-1|501-1|28-1|33-1|88-12|336-16|44-20|317-24|46-30|157-36|242-42|184-48|446-54|444-60	36-TM|204-TM|97-TM|189-TM|184-TM|182-TM|424-TM|422-TM|885-TM|263-TM|523-TM|555-TM|129-TM|317-TM|203-TM|241-TM|201-TM|91-TM|280-TM|428-TM|706-TM|339-TM|34-TM|214-TM|350-TM|707-TM|156-TM|157-TM|269-TM|14-TM|442-TM|164-TM|334-TM|529-TM|242-TM|446-TM|304-TM|583-TM|270-TM|414-TM|444-TM|416-TM|370-TM|851-TM|46-TM|38-TM|283-TM	283-EM|387-EM|37-EM	389-EV	
745		Lycanroc Midnight	Wolf Pokémon	Rock																											TRUE	TRUE	TRUE	TRUE			FALSE	FALSE	TRUE	TRUE	FALSE	FALSE				TRUE	TRUE	TRUE	TRUE	FALSE	FALSE	85	115	75	55	75	82	487	Brown	Quadruped		Keen Eye	Vital Spirit	No Guard	Level 25 during night	90	30	Field		15	1920	Medium Fast	"1,000,000"	1.1	3′07″	25	55.1	50	170	0	2	0	0	0	0	2	50%	50%	0.5	0.5	2	1	2	1	2	0.5	2	0.5	1	1	1	1	1	1	2	1	104-1|203-1|43-1|179-1|28-1|33-1|269-1|88-12|336-16|44-20|317-24|46-30|157-36|242-42|184-48|446-54|444-60	36-TM|204-TM|189-TM|184-TM|182-TM|424-TM|422-TM|885-TM|263-TM|523-TM|555-TM|317-TM|490-TM|374-TM|203-TM|241-TM|201-TM|91-TM|280-TM|428-TM|421-TM|492-TM|706-TM|339-TM|34-TM|7-TM|9-TM|214-TM|350-TM|707-TM|156-TM|157-TM|269-TM|14-TM|442-TM|164-TM|334-TM|242-TM|446-TM|304-TM|583-TM|270-TM|414-TM|179-TM|444-TM|416-TM|200-TM|370-TM|851-TM|46-TM|282-TM|264-TM|808-TM|38-TM|283-TM|675-TM|918-TM	283-EM|387-EM|37-EM	68-EV	
745		Lycanroc Dusk	Wolf Pokémon	Rock																											TRUE	TRUE	TRUE	TRUE			FALSE	FALSE	TRUE	TRUE	FALSE	FALSE				TRUE	TRUE	FALSE	FALSE	FALSE	FALSE	75	117	65	55	65	110	487	Blue	Fins		Tough Claws			Level 25 during dusk while having Own Tempo	90	30	Field		15	1920	Medium Fast	"1,000,000"	0.8	2′07″	25	55.1	50	170	0	2	0	0	0	0	2	50%	50%	0.5	0.5	2	1	2	1	2	0.5	2	0.5	1	1	1	1	1	1	2	1	709-1|68-1|104-1|203-1|43-1|98-1|501-1|179-1|28-1|389-1|33-1|269-1|88-12|336-16|44-20|317-24|46-30|157-36|242-42|184-48|446-54|444-60	36-TM|204-TM|189-TM|184-TM|182-TM|424-TM|422-TM|885-TM|263-TM|523-TM|555-TM|317-TM|203-TM|201-TM|91-TM|280-TM|428-TM|706-TM|339-TM|34-TM|214-TM|350-TM|707-TM|156-TM|157-TM|269-TM|14-TM|442-TM|164-TM|334-TM|529-TM|242-TM|446-TM|304-TM|583-TM|270-TM|414-TM|179-TM|444-TM|416-TM|200-TM|370-TM|851-TM|46-TM|38-TM|283-TM|675-TM	283-EM|387-EM|37-EM	306-EV	
746	746	Wishiwashi Solo Form	Small Fry Pokémon	Water																											TRUE	TRUE	TRUE	TRUE			FALSE	FALSE	TRUE	TRUE	FALSE	FALSE										45	20	20	25	25	40	175	Blue	Multiple Bodies		Schooling				60	20	Water 2		15	1920	Fast	"800,000"	0.2	0′08″	0.3	0.7	50	61	1	0	0	0	0	0	1	50%	50%	1	0.5	0.5	2	2	0.5	1	1	1	1	1	1	1	1	1	1	0.5	1					
746		Wishiwashi School Form	Small Fry Pokémon	Water																											TRUE	TRUE	TRUE	TRUE			FALSE	FALSE	TRUE	TRUE	FALSE	FALSE										45	140	130	140	135	30	620	Blue	Head+Base		Schooling				60	20	Water 2		15	1920	Fast	"800,000"	8.2	26′11″	78.6	173.3	50	217	1	0	0	0	0	0	1	50%	50%	1	0.5	0.5	2	2	0.5	1	1	1	1	1	1	1	1	1	1	0.5	1					
747	747	Mareanie	Brutal Star Pokémon	Poison	Water																										TRUE	TRUE	TRUE	TRUE			TRUE	TRUE	TRUE	TRUE	FALSE	FALSE				TRUE	TRUE	FALSE	FALSE	FALSE	FALSE	50	53	62	43	52	45	305	Blue	Tentacles		Merciless	Limber	Regenerator		190	63.33	Water 1		20	2560	Medium Fast	"1,000,000"	0.4	1′04″	8	17.6	50	61	0	0	1	0	0	0	1	50%	50%	1	0.5	0.5	2	1	0.5	0.5	0.5	2	1	2	0.5	1	1	1	1	0.5	0.5	64-1|40-1|469-5|44-10|474-15|105-20|42-25|390-30|710-35|491-40|398-45|92-50	182-TM|352-TM|491-TM|884-TM|886-TM|263-TM|196-TM|341-TM|474-TM|203-TM|240-TM|214-TM|398-TM|156-TM|390-TM|441-TM|164-TM|334-TM|710-TM|57-TM|861-TM|58-TM|56-TM|59-TM|188-TM|851-TM|114-TM|92-TM|679-TM|220-TM|330-TM|482-TM	114-EM|611-EM|255-EM|254-EM|256-EM		
748	748	Toxapex	Brutal Star Pokémon	Poison	Water																										TRUE	TRUE	TRUE	TRUE			TRUE	TRUE	TRUE	TRUE	FALSE	FALSE				TRUE	TRUE	FALSE	FALSE	FALSE	FALSE	50	63	152	53	142	35	495	Brown	Quadruped		Merciless	Limber	Regenerator	Level 38	75	25	Water 1		20	2560	Medium Fast	"1,000,000"	0.7	2′04″	14.5	32	50	173	0	0	2	0	0	0	2	50%	50%	1	0.5	0.5	2	1	0.5	0.5	0.5	2	1	2	0.5	1	1	1	1	0.5	0.5	44-1|64-1|40-1|469-1|474-15|105-20|42-25|390-30|710-35|491-42|398-49|92-56	184-TM|182-TM|352-TM|491-TM|884-TM|886-TM|263-TM|506-TM|196-TM|341-TM|474-TM|203-TM|240-TM|34-TM|214-TM|398-TM|156-TM|390-TM|441-TM|164-TM|334-TM|710-TM|57-TM|861-TM|58-TM|56-TM|59-TM|188-TM|416-TM|63-TM|851-TM|114-TM|92-TM|479-TM|679-TM|220-TM|330-TM|482-TM	114-EM|611-EM|255-EM|254-EM|256-EM	661-EV	
749	749	Mudbray	Donkey Pokémon	Ground																											TRUE	TRUE	TRUE	TRUE			TRUE	TRUE	FALSE	FALSE	FALSE	FALSE				TRUE	TRUE	TRUE	TRUE	FALSE	FALSE	70	100	70	45	55	45	385	Brown	Quadruped		Own Tempo	Stamina	Inner Focus		190	63.33	Field		20	2560	Medium Fast	"1,000,000"	1	3′03″	110	242.5	50	77	0	1	0	0	0	0	1	50%	50%	1	1	2	0	2	2	1	0.5	1	1	1	1	0.5	1	1	1	1	1	189-1|249-1|334-4|24-8|523-12|23-16|70-20|68-24|667-28|484-32|89-36|25-40|276-44	36-TM|189-TM|182-TM|67-TM|263-TM|523-TM|317-TM|490-TM|203-TM|241-TM|201-TM|34-TM|214-TM|707-TM|156-TM|157-TM|442-TM|164-TM|334-TM|446-TM|484-TM|414-TM|89-TM|444-TM|370-TM|851-TM|46-TM|328-TM|479-TM|667-TM|38-TM|283-TM|174-TM	38-EM|283-EM|90-EM|46-EM|479-EM		
750	750	Mudsdale	Draft Horse Pokémon	Ground																											TRUE	TRUE	TRUE	TRUE			TRUE	TRUE	FALSE	FALSE	FALSE	FALSE				TRUE	TRUE	TRUE	TRUE	FALSE	FALSE	100	125	100	55	85	35	500	Green	Head+Legs		Own Tempo	Stamina	Inner Focus	Level 30	60	20	Field		20	2560	Medium Fast	"1,000,000"	2.5	8′02″	920	2028.3	50	175	0	2	0	0	0	0	2	50%	50%	1	1	2	0	2	2	1	0.5	1	1	1	1	0.5	1	1	1	1	1	24-1|334-1|189-1|249-1|523-12|23-16|70-20|68-24|667-28|484-34|89-40|25-46|276-52	36-TM|189-TM|184-TM|182-TM|67-TM|263-TM|523-TM|341-TM|317-TM|490-TM|203-TM|241-TM|201-TM|34-TM|214-TM|707-TM|156-TM|157-TM|776-TM|442-TM|164-TM|334-TM|446-TM|484-TM|414-TM|89-TM|444-TM|416-TM|411-TM|63-TM|370-TM|851-TM|46-TM|328-TM|479-TM|667-TM|808-TM|38-TM|283-TM|174-TM	38-EM|283-EM|90-EM|46-EM|479-EM		
751	751	Dewpider	Water Bubble Pokémon	Water	Bug																										TRUE	TRUE	TRUE	TRUE			TRUE	TRUE	FALSE	FALSE	TRUE	TRUE				FALSE	FALSE	FALSE	FALSE	TRUE	TRUE	38	40	52	40	72	27	269	Green	Insectoid		Water Bubble		Water Absorb		200	66.67	Water 1	Bug	15	1920	Medium Fast	"1,000,000"	0.3	1′00″	4	8.8	50	54	0	0	0	0	1	0	1	50%	50%	1	1	0.5	2	1	0.5	0.5	1	0.5	2	1	1	2	1	1	1	0.5	1	611-1|55-1|450-4|44-8|61-12|392-16|29-20|242-24|487-28|494-32|679-36|710-40|141-44|243-48	182-TM|352-TM|885-TM|884-TM|886-TM|263-TM|196-TM|203-TM|240-TM|214-TM|127-TM|398-TM|156-TM|141-TM|164-TM|334-TM|404-TM|242-TM|710-TM|202-TM|57-TM|58-TM|56-TM|59-TM|405-TM|851-TM|450-TM|679-TM|283-TM|806-TM	471-EM|255-EM|564-EM|254-EM		
752	752	Araquanid	Water Bubble Pokémon	Water	Bug																										TRUE	TRUE	TRUE	TRUE			TRUE	TRUE	FALSE	FALSE	TRUE	TRUE				FALSE	FALSE	FALSE	FALSE	TRUE	TRUE	68	70	92	50	132	42	454	Pink	Bipedal+Tail		Water Bubble		Water Absorb	Level 22	100	33.33	Water 1	Bug	15	1920	Medium Fast	"1,000,000"	1.8	5′11″	82	180.8	50	159	0	0	0	0	2	0	2	50%	50%	1	1	0.5	2	1	0.5	0.5	1	0.5	2	1	1	2	1	1	1	0.5	1	44-1|450-1|611-1|55-1|469-1|61-12|392-16|29-20|242-26|487-32|494-38|679-44|710-50|141-56|243-62	184-TM|182-TM|352-TM|885-TM|884-TM|886-TM|263-TM|196-TM|203-TM|240-TM|34-TM|214-TM|115-TM|127-TM|398-TM|156-TM|141-TM|164-TM|334-TM|404-TM|242-TM|710-TM|202-TM|57-TM|58-TM|56-TM|59-TM|416-TM|405-TM|63-TM|851-TM|450-TM|679-TM|283-TM|806-TM			
753	753	Fomantis	Sickle Grass Pokémon	Grass																											TRUE	TRUE	TRUE	TRUE			FALSE	FALSE	TRUE	TRUE	FALSE	FALSE				TRUE	TRUE	TRUE	TRUE	FALSE	FALSE	40	55	35	50	35	35	250	Pink	Bipedal+Tailless		Leaf Guard		Contrary		190	63.33	Grass		20	2560	Medium Fast	"1,000,000"	0.3	1′00″	1.5	3.3	50	50	0	1	0	0	0	0	1	50%	50%	1	2	0.5	0.5	0.5	2	1	2	0.5	2	1	2	1	1	1	1	1	1	210-1|670-1|74-5|275-10|75-15|230-20|163-25|404-30|235-35|348-40|241-45|76-50	36-TM|182-TM|885-TM|263-TM|345-TM|374-TM|203-TM|241-TM|331-TM|206-TM|214-TM|402-TM|447-TM|156-TM|14-TM|141-TM|164-TM|404-TM|202-TM|412-TM|580-TM|437-TM|76-TM|851-TM|450-TM|311-TM|803-TM|572-TM|806-TM	432-EM|276-EM|388-EM		
754	754	Lurantis	Bloom Sickle Pokémon	Grass																											TRUE	TRUE	TRUE	TRUE			FALSE	FALSE	TRUE	TRUE	FALSE	FALSE				TRUE	TRUE	TRUE	TRUE	FALSE	FALSE	70	105	90	80	90	45	480	Purple	Head+Base		Leaf Guard		Contrary	Level 34 during daytime	75	25	Grass		20	2560	Medium Fast	"1,000,000"	0.9	2′11″	18.5	40.8	50	168	0	2	0	0	0	0	2	50%	50%	1	2	0.5	0.5	0.5	2	1	2	0.5	2	1	2	1	1	1	1	1	1	210-1|74-1|275-1|670-1|400-1|76-1|75-15|230-20|163-25|404-30|235-37|348-44|241-51|669-63	36-TM|184-TM|182-TM|885-TM|263-TM|345-TM|490-TM|374-TM|203-TM|241-TM|240-TM|331-TM|206-TM|280-TM|214-TM|402-TM|447-TM|398-TM|156-TM|14-TM|141-TM|164-TM|404-TM|202-TM|412-TM|676-TM|580-TM|416-TM|437-TM|63-TM|76-TM|851-TM|282-TM|450-TM|669-TM|311-TM|803-TM|572-TM|806-TM	432-EM|388-EM	572-EV	
755	755	Morelull	Illuminating Pokémon	Grass	Fairy																										TRUE	TRUE	TRUE	TRUE			TRUE	TRUE	FALSE	FALSE	FALSE	FALSE										40	35	55	65	75	15	285	Purple	Bipedal+Tailless		Illuminate	Effect Spore	Rain Dish		190	63.33	Grass		20	2560	Medium Fast	"1,000,000"	0.2	0′08″	1.5	3.3	50	57	0	0	0	0	1	0	1	50%	50%	1	2	0.5	0.5	0.5	2	0.5	4	0.5	2	1	1	1	1	0	0.5	2	1					
756	756	Shiinotic	Illuminating Pokémon	Grass	Fairy																										TRUE	TRUE	TRUE	TRUE			TRUE	TRUE	FALSE	FALSE	FALSE	FALSE										60	45	80	90	100	30	405	Black	Quadruped		Illuminate	Effect Spore	Rain Dish	Level 24	75	25	Grass		20	2560	Medium Fast	"1,000,000"	1	3′03″	11.5	25.4	50	142	0	0	0	0	2	0	2	50%	50%	1	2	0.5	0.5	0.5	2	0.5	4	0.5	2	1	1	1	1	0	0.5	2	1					
757	757	Salandit	Toxic Lizard Pokémon	Poison	Fire																										TRUE	TRUE	TRUE	TRUE			TRUE	TRUE	TRUE	TRUE	FALSE	FALSE				TRUE	TRUE	TRUE	TRUE	FALSE	FALSE	48	44	40	71	40	77	320	Black	Quadruped		Corrosion		Oblivious		120	40	Monster	Dragon	20	2560	Medium Fast	"1,000,000"	0.6	2′00″	4.8	10.6	50	64	0	0	0	0	0	1	1	87.50%	12.50%	1	0.5	2	1	0.25	0.5	0.5	0.5	4	1	2	0.25	2	1	1	1	0.5	0.25	139-1|10-1|123-5|52-10|305-15|230-20|417-25|510-30|474-35|406-40|53-45|92-50|283-55	36-TM|97-TM|189-TM|184-TM|182-TM|424-TM|491-TM|168-TM|885-TM|263-TM|342-TM|129-TM|488-TM|374-TM|474-TM|203-TM|241-TM|421-TM|492-TM|214-TM|337-TM|86-TM|398-TM|156-TM|269-TM|390-TM|141-TM|441-TM|164-TM|261-TM|406-TM|257-TM|53-TM|270-TM|417-TM|126-TM|188-TM|315-TM|394-TM|851-TM|92-TM|282-TM|807-TM|799-TM|283-TM|915-TM|482-TM|806-TM	562-EM|252-EM|189-EM|28-EM		
758	758	Salazzle	Toxic Lizard Pokémon	Poison	Fire																										TRUE	TRUE	TRUE	TRUE			TRUE	TRUE	TRUE	TRUE	FALSE	FALSE				TRUE	TRUE	TRUE	TRUE	FALSE	FALSE	68	64	60	111	60	117	480	Pink	Quadruped		Corrosion		Oblivious	"Level 33, Female"	45	15	Monster	Dragon	20	2560	Medium Fast	"1,000,000"	1.2	3′11″	22.2	48.9	50	168	0	0	0	0	0	2	2	0%	100%	1	0.5	2	1	0.25	0.5	0.5	0.5	4	1	2	0.25	2	1	1	1	0.5	0.25	50-1|52-1|227-1|283-1|282-1|139-1|1-1|10-1|123-1|207-1|259-1|305-15|230-20|417-25|510-30|474-37|406-44|53-51|92-58	36-TM|313-TM|97-TM|189-TM|184-TM|182-TM|424-TM|491-TM|512-TM|168-TM|885-TM|263-TM|342-TM|129-TM|488-TM|374-TM|525-TM|474-TM|203-TM|241-TM|421-TM|492-TM|34-TM|214-TM|337-TM|86-TM|398-TM|156-TM|269-TM|390-TM|141-TM|349-TM|441-TM|164-TM|261-TM|406-TM|304-TM|257-TM|227-TM|53-TM|270-TM|417-TM|126-TM|188-TM|416-TM|315-TM|63-TM|394-TM|851-TM|92-TM|282-TM|807-TM|799-TM|283-TM|915-TM|482-TM|806-TM|784-TM|913-TM	562-EM|252-EM|189-EM|28-EM	680-EV	
759	759	Stufful	Flailing Pokémon	Normal	Fighting																										TRUE	TRUE	TRUE	TRUE			TRUE	TRUE	FALSE	FALSE	FALSE	FALSE										70	75	50	45	50	50	340	Pink	Bipedal+Tail		Fluffy	Klutz	Cute Charm		140	46.67	Field		15	1920	Medium Fast	"1,000,000"	0.5	1′08″	6.8	15	50	68	0	1	0	0	0	0	1	50%	50%	1	1	1	1	1	1	2	1	1	2	2	0.5	0.5	0	1	0.5	1	2					
760	760	Bewear	Strong Arm Pokémon	Normal	Fighting																										TRUE	TRUE	TRUE	TRUE			TRUE	TRUE	FALSE	FALSE	FALSE	FALSE										120	125	80	55	60	60	500	Purple	Head+Legs		Fluffy	Klutz	Unnerve	Level 27	70	23.33	Field		15	1920	Medium Fast	"1,000,000"	2.1	6′11″	135	297.6	50	175	0	2	0	0	0	0	2	50%	50%	1	1	1	1	1	1	2	1	1	2	2	0.5	0.5	0	1	0.5	1	2					
761	761	Bounsweet	Fruit Pokémon	Grass																											TRUE	TRUE	TRUE	TRUE			TRUE	TRUE	FALSE	FALSE	FALSE	FALSE				TRUE	TRUE	FALSE	FALSE	FALSE	FALSE	42	30	38	30	38	32	210	Purple	Bipedal+Tailless		Leaf Guard	Oblivious	Sweet Veil		235	78.33	Grass		20	2560	Medium Slow	"1,059,860"	0.3	1′00″	3.2	7.1	50	42	1	0	0	0	0	0	1	0%	100%	1	2	0.5	0.5	0.5	2	1	2	0.5	2	1	2	1	1	1	1	1	1	150-1|589-4|229-8|75-12|230-16|345-20|175-24|298-28|597-32	36-TM|204-TM|182-TM|885-TM|263-TM|129-TM|345-TM|577-TM|203-TM|241-TM|331-TM|428-TM|214-TM|402-TM|115-TM|113-TM|605-TM|447-TM|156-TM|164-TM|202-TM|412-TM|583-TM|270-TM|580-TM|437-TM|76-TM|851-TM|803-TM|283-TM	367-EM|283-EM|235-EM		
762	762	Steenee	Fruit Pokémon	Grass																											TRUE	TRUE	TRUE	TRUE			TRUE	TRUE	FALSE	FALSE	FALSE	FALSE				TRUE	TRUE	FALSE	FALSE	FALSE	FALSE	52	40	48	40	48	62	290	Purple	Bipedal+Tailless		Leaf Guard	Oblivious	Sweet Veil	Level 18	120	40	Grass		20	2560	Medium Slow	"1,059,860"	0.7	2′04″	8.2	18.1	50	102	0	0	0	0	0	2	2	0%	100%	1	2	0.5	0.5	0.5	2	1	2	0.5	2	1	2	1	1	1	1	1	1	175-1|589-1|229-1|75-1|150-1|230-16|345-22|23-28|298-34|597-40|437-46	36-TM|204-TM|182-TM|885-TM|263-TM|129-TM|345-TM|577-TM|490-TM|374-TM|203-TM|241-TM|331-TM|428-TM|214-TM|402-TM|115-TM|113-TM|605-TM|447-TM|156-TM|164-TM|202-TM|412-TM|583-TM|270-TM|580-TM|437-TM|76-TM|851-TM|803-TM|283-TM|572-TM|813-TM	367-EM|283-EM|235-EM		
763	763	Tsareena	Fruit Pokémon	Grass																											TRUE	TRUE	TRUE	TRUE			TRUE	TRUE	FALSE	FALSE	FALSE	FALSE				TRUE	TRUE	FALSE	FALSE	FALSE	FALSE	72	120	98	50	98	72	510	Green	Head		Leaf Guard	Queenly Majesty	Sweet Veil	Learn Stomp	45	15	Grass		20	2560	Medium Slow	"1,059,860"	1.2	3′11″	21.4	47.2	50	255	0	3	0	0	0	0	3	0%	100%	1	2	0.5	0.5	0.5	2	1	2	0.5	2	1	2	1	1	1	1	1	1	175-1|589-1|438-1|229-1|75-1|150-1|207-1|230-16|345-22|23-28|298-34|597-40|437-46|136-58	36-TM|204-TM|182-TM|67-TM|512-TM|885-TM|263-TM|129-TM|345-TM|577-TM|490-TM|374-TM|203-TM|241-TM|331-TM|428-TM|369-TM|214-TM|402-TM|115-TM|113-TM|605-TM|447-TM|156-TM|269-TM|164-TM|202-TM|412-TM|583-TM|270-TM|580-TM|416-TM|437-TM|63-TM|76-TM|851-TM|282-TM|669-TM|803-TM|283-TM|572-TM|813-TM	367-EM|283-EM|235-EM	688-EV	
764	764	Comfey	Posy Picker Pokémon	Fairy																											TRUE	TRUE	TRUE	TRUE			FALSE	FALSE	TRUE	TRUE	FALSE	FALSE				FALSE	FALSE	FALSE	FALSE	TRUE	TRUE	51	52	90	82	110	100	485	White	Bipedal+Tailless		Flower Veil	Triage	Natural Cure		60	20	Grass		20	2560	Fast	"800,000"	0.1	0′04″	0.3	0.7	50	170	0	0	0	0	2	0	2	25%	75%	1	1	1	1	1	1	0.5	2	1	1	1	0.5	1	1	0	0.5	2	1	74-1|35-1|22-3|270-6|577-9|204-12|345-15|235-18|73-21|447-24|186-27|666-30|572-33|20-36|583-39|230-42|80-45|580-48	204-TM|182-TM|512-TM|168-TM|574-TM|885-TM|263-TM|129-TM|345-TM|577-TM|500-TM|374-TM|203-TM|241-TM|331-TM|369-TM|214-TM|402-TM|113-TM|605-TM|447-TM|156-TM|269-TM|164-TM|271-TM|202-TM|366-TM|412-TM|227-TM|583-TM|133-TM|347-TM|270-TM|676-TM|580-TM|433-TM|63-TM|76-TM|851-TM|282-TM|803-TM|220-TM|244-TM|572-TM|914-TM	495-EM|388-EM		
765	765	Oranguru	Sage Pokémon	Normal	Psychic																										FALSE	TRUE	TRUE	TRUE			FALSE	TRUE	FALSE	TRUE	FALSE	FALSE				TRUE	FALSE	FALSE	FALSE	FALSE	FALSE	90	60	80	90	110	60	490	White	Bipedal+Tail		Inner Focus	Telepathy	Symbiosis		45	15	Field		20	2560	Slow	"1,250,000"	1.5	4′11″	76	167.6	50	172	0	0	0	0	2	0	2	50%	50%	1	1	1	1	1	1	1	1	1	1	0.5	2	1	0	1	2	1	1	93-1|269-1|495-5|347-10|500-15|244-20|511-25|417-30|428-35|433-40|94-45|689-50|492-55|248-60	36-TM|184-TM|182-TM|60-TM|885-TM|886-TM|451-TM|263-TM|523-TM|129-TM|500-TM|374-TM|203-TM|241-TM|240-TM|473-TM|280-TM|428-TM|492-TM|34-TM|214-TM|115-TM|113-TM|156-TM|157-TM|269-TM|286-TM|285-TM|164-TM|271-TM|247-TM|304-TM|412-TM|94-TM|227-TM|85-TM|347-TM|678-TM|417-TM|89-TM|416-TM|411-TM|433-TM|63-TM|87-TM|851-TM|356-TM|282-TM|220-TM|244-TM|283-TM|248-TM|797-TM|917-TM	138-EM|326-EM|387-EM|281-EM		
766	766	Passimian	Teamwork Pokémon	Fighting																											TRUE	FALSE	TRUE	TRUE			TRUE	FALSE	TRUE	FALSE	FALSE	FALSE				FALSE	TRUE	FALSE	FALSE	FALSE	FALSE	100	120	90	40	60	80	490	Gray	Tentacles		Reciever		Defiant		45	15	Field		20	2560	Slow	"1,250,000"	2	6′07″	82.8	182.5	50	172	0	2	0	0	0	0	2	50%	50%	1	1	1	1	1	1	1	1	1	2	2	0.5	0.5	1	1	0.5	1	2	43-1|33-1|249-5|116-10|251-15|184-20|36-25|374-30|339-35|37-40|38-45|370-50|179-55|416-60	36-TM|184-TM|182-TM|67-TM|512-TM|168-TM|885-TM|886-TM|263-TM|523-TM|317-TM|490-TM|374-TM|203-TM|241-TM|240-TM|280-TM|369-TM|339-TM|34-TM|214-TM|402-TM|409-TM|447-TM|156-TM|157-TM|269-TM|442-TM|441-TM|164-TM|247-TM|412-TM|226-TM|179-TM|89-TM|416-TM|411-TM|63-TM|370-TM|851-TM|479-TM|360-TM|282-TM|410-TM|253-TM|264-TM|220-TM|38-TM|527-TM|811-TM|174-TM|918-TM	68-EM|364-EM|282-EM|98-EM|501-EM|69-EM		
767	767	Wimpod	Turn Tail Pokémon	Bug	Water																										TRUE	TRUE	TRUE	TRUE			TRUE	TRUE	TRUE	TRUE	FALSE	FALSE										25	35	40	20	30	80	230	Gray	Bipedal+Tailless		Wimp Out				90	30	Bug	Water 3	20	2560	Medium Fast	"1,000,000"	0.5	1′08″	12	26.5	50	46	0	0	0	0	0	1	1	50%	50%	1	1	0.5	2	1	0.5	0.5	1	0.5	2	1	1	2	1	1	1	0.5	1					
768	768	Golisopod	Hard Scale Pokémon	Bug	Water																										TRUE	TRUE	TRUE	TRUE			TRUE	TRUE	TRUE	TRUE	FALSE	FALSE										75	125	140	60	90	40	530	Brown	Serpentine		Emergency Exit			Level 30	45	15	Bug	Water 3	20	2560	Medium Fast	"1,000,000"	2	6′07″	108	238.1	50	186	0	0	2	0	0	0	2	50%	50%	1	1	0.5	2	1	0.5	0.5	1	0.5	2	1	1	2	1	1	1	0.5	1					
769	769	Sandygast	Sand Heap Pokémon	Ghost	Ground																										TRUE	TRUE	TRUE	TRUE			FALSE	FALSE	TRUE	TRUE	FALSE	FALSE				TRUE	TRUE	FALSE	FALSE	FALSE	FALSE	55	55	80	70	45	15	320	Brown	Serpentine		Water Compaction		Sand Veil		140	46.67	Amorphous		15	1920	Medium Fast	"1,000,000"	0.5	1′08″	70	154.3	50	64	0	0	1	0	0	0	1	50%	50%	0	1	2	0	2	2	0	0.25	1	1	1	0.5	0.5	2	1	2	1	1	71-1|106-1|310-5|328-10|72-15|28-20|523-25|95-30|202-35|334-40|247-45|414-50|659-55|201-60	189-TM|184-TM|182-TM|109-TM|886-TM|263-TM|523-TM|506-TM|341-TM|317-TM|101-TM|374-TM|203-TM|241-TM|240-TM|201-TM|214-TM|156-TM|157-TM|286-TM|430-TM|285-TM|164-TM|334-TM|271-TM|202-TM|247-TM|446-TM|412-TM|94-TM|133-TM|414-TM|188-TM|89-TM|444-TM|851-TM|328-TM|180-TM|356-TM|809-TM|220-TM|815-TM|174-TM	246-EM|174-EM|194-EM|255-EM|254-EM|256-EM		
770	770	Palossand	Sand Castle Pokémon	Ghost	Ground																										TRUE	TRUE	TRUE	TRUE			FALSE	FALSE	TRUE	TRUE	FALSE	FALSE				TRUE	TRUE	FALSE	FALSE	FALSE	FALSE	85	75	110	100	75	35	480	Black	Serpentine		Water Compaction		Sand Veil	Level 42	60	20	Amorphous		15	1920	Medium Fast	"1,000,000"	1.3	4′03″	250	551.2	50	168	0	0	2	0	0	0	2	50%	50%	0	1	2	0	2	2	0	0.25	1	1	1	0.5	0.5	2	1	2	1	1	71-1|310-1|106-1|328-1|72-15|28-20|523-25|95-30|202-35|334-40|247-47|414-54|659-61|201-68	189-TM|184-TM|182-TM|109-TM|886-TM|263-TM|523-TM|506-TM|341-TM|317-TM|101-TM|374-TM|203-TM|241-TM|240-TM|201-TM|34-TM|214-TM|156-TM|157-TM|286-TM|430-TM|285-TM|164-TM|334-TM|271-TM|202-TM|247-TM|446-TM|412-TM|94-TM|133-TM|414-TM|188-TM|89-TM|444-TM|416-TM|63-TM|851-TM|328-TM|180-TM|356-TM|809-TM|220-TM|815-TM|174-TM	246-EM|174-EM|194-EM|255-EM|254-EM|256-EM		
771	771	Pyukumuku	Sea Cucumber Pokémon	Water																											TRUE	TRUE	TRUE	TRUE			TRUE	TRUE	FALSE	FALSE	FALSE	FALSE										55	60	130	30	130	5	410	Gray	Quadruped		Innards Out		Unaware		60	20	Water 1		15	1920	Fast	"800,000"	0.3	1′00″	1.2	2.6	50	144	0	0	0	0	2	0	2	50%	50%	1	0.5	0.5	2	2	0.5	1	1	1	1	1	1	1	1	1	1	0.5	1					
772	772	Type: Null	Synthetic Pokémon	Normal																											TRUE	TRUE	TRUE	TRUE			TRUE	TRUE	FALSE	FALSE	FALSE	FALSE										95	95	95	95	95	59	534	Gray	Quadruped		Battle Armor				3	1	No Eggs Discovered		120	15360	Slow	"1,250,000"	1.9	6′03″	120.5	265.7	0	107	2	0	0	0	0	0	2	Unknown		1	1	1	1	1	1	2	1	1	1	1	1	1	0	1	1	1	1					
773	773	Silvally	Synthetic Pokémon	Normal																											TRUE	TRUE	TRUE	TRUE			TRUE	TRUE	FALSE	FALSE	FALSE	FALSE										95	95	95	95	95	95	570	Gray	Quadruped		RKS System			High Friendship	3	1	No Eggs Discovered		120	15360	Slow	"1,250,000"	2.3	7′07″	100.5	221.6	0	285	3	0	0	0	0	0	3	Unknown		1	1	1	1	1	1	2	1	1	1	1	1	1	0	1	1	1	1					
773		Silvally Fighting	Synthetic Pokémon	Fighting																											TRUE	TRUE	TRUE	TRUE			TRUE	TRUE	FALSE	FALSE	FALSE	FALSE										95	95	95	95	95	95	570	Gray	Quadruped		RKS System			High Friendship	3	1	No Eggs Discovered		120	15360	Slow	"1,250,000"	2.3	7′07″	100.5	221.6	0	285	3	0	0	0	0	0	3	Unknown		1	1	1	1	1	1	1	1	1	2	2	0.5	0.5	1	1	0.5	1	2					
773		Silvally Flying	Synthetic Pokémon	Flying																											TRUE	TRUE	TRUE	TRUE			TRUE	TRUE	FALSE	FALSE	FALSE	FALSE										95	95	95	95	95	95	570	Gray	Quadruped		RKS System			High Friendship	3	1	No Eggs Discovered		120	15360	Slow	"1,250,000"	2.3	7′07″	100.5	221.6	0	285	3	0	0	0	0	0	3	Unknown		1	1	1	2	0.5	2	0.5	1	0	1	1	0.5	2	1	1	1	1	1					
773		Silvally Poison	Synthetic Pokémon	Poison																											TRUE	TRUE	TRUE	TRUE			TRUE	TRUE	FALSE	FALSE	FALSE	FALSE										95	95	95	95	95	95	570	Gray	Quadruped		RKS System			High Friendship	3	1	No Eggs Discovered		120	15360	Slow	"1,250,000"	2.3	7′07″	100.5	221.6	0	285	3	0	0	0	0	0	3	Unknown		1	1	1	1	0.5	1	0.5	0.5	2	1	2	0.5	1	1	1	1	1	0.5					
773		Silvally Ground	Synthetic Pokémon	Ground																											TRUE	TRUE	TRUE	TRUE			TRUE	TRUE	FALSE	FALSE	FALSE	FALSE										95	95	95	95	95	95	570	Gray	Quadruped		RKS System			High Friendship	3	1	No Eggs Discovered		120	15360	Slow	"1,250,000"	2.3	7′07″	100.5	221.6	0	285	3	0	0	0	0	0	3	Unknown		1	1	2	0	2	2	1	0.5	1	1	1	1	0.5	1	1	1	1	1					
773		Silvally Rock	Synthetic Pokémon	Rock																											TRUE	TRUE	TRUE	TRUE			TRUE	TRUE	FALSE	FALSE	FALSE	FALSE										95	95	95	95	95	95	570	Gray	Quadruped		RKS System			High Friendship	3	1	No Eggs Discovered		120	15360	Slow	"1,250,000"	2.3	7′07″	100.5	221.6	0	285	3	0	0	0	0	0	3	Unknown		0.5	0.5	2	1	2	1	2	0.5	2	0.5	1	1	1	1	1	1	2	1					
773		Silvally Bug	Synthetic Pokémon	Bug																											TRUE	TRUE	TRUE	TRUE			TRUE	TRUE	FALSE	FALSE	FALSE	FALSE										95	95	95	95	95	95	570	Gray	Quadruped		RKS System			High Friendship	3	1	No Eggs Discovered		120	15360	Slow	"1,250,000"	2.3	7′07″	100.5	221.6	0	285	3	0	0	0	0	0	3	Unknown		1	2	1	1	0.5	1	0.5	1	0.5	2	1	1	2	1	1	1	1	1					
773		Silvally Ghost	Synthetic Pokémon	Ghost																											TRUE	TRUE	TRUE	TRUE			TRUE	TRUE	FALSE	FALSE	FALSE	FALSE										95	95	95	95	95	95	570	Gray	Quadruped		RKS System			High Friendship	3	1	No Eggs Discovered		120	15360	Slow	"1,250,000"	2.3	7′07″	100.5	221.6	0	285	3	0	0	0	0	0	3	Unknown		0	1	1	1	1	1	0	0.5	1	1	1	0.5	1	2	1	2	1	1					
773		Silvally Steel	Synthetic Pokémon	Steel																											TRUE	TRUE	TRUE	TRUE			TRUE	TRUE	FALSE	FALSE	FALSE	FALSE										95	95	95	95	95	95	570	Gray	Quadruped		RKS System			High Friendship	3	1	No Eggs Discovered		120	15360	Slow	"1,250,000"	2.3	7′07″	100.5	221.6	0	285	3	0	0	0	0	0	3	Unknown		0.5	2	1	1	0.5	0.5	2	0	2	0.5	0.5	0.5	0.5	1	0.5	1	0.5	0.5					
773		Silvally Fire	Synthetic Pokémon	Fire																											TRUE	TRUE	TRUE	TRUE			TRUE	TRUE	FALSE	FALSE	FALSE	FALSE										95	95	95	95	95	95	570	Gray	Quadruped		RKS System			High Friendship	3	1	No Eggs Discovered		120	15360	Slow	"1,250,000"	2.3	7′07″	100.5	221.6	0	285	3	0	0	0	0	0	3	Unknown		1	0.5	2	1	0.5	0.5	1	1	2	1	1	0.5	2	1	1	1	0.5	0.5					
773		Silvally Water	Synthetic Pokémon	Water																											TRUE	TRUE	TRUE	TRUE			TRUE	TRUE	FALSE	FALSE	FALSE	FALSE										95	95	95	95	95	95	570	Gray	Quadruped		RKS System			High Friendship	3	1	No Eggs Discovered		120	15360	Slow	"1,250,000"	2.3	7′07″	100.5	221.6	0	285	3	0	0	0	0	0	3	Unknown		1	0.5	0.5	2	2	0.5	1	1	1	1	1	1	1	1	1	1	0.5	1					
773		Silvally Grass	Synthetic Pokémon	Grass																											TRUE	TRUE	TRUE	TRUE			TRUE	TRUE	FALSE	FALSE	FALSE	FALSE										95	95	95	95	95	95	570	Gray	Quadruped		RKS System			High Friendship	3	1	No Eggs Discovered		120	15360	Slow	"1,250,000"	2.3	7′07″	100.5	221.6	0	285	3	0	0	0	0	0	3	Unknown		1	2	0.5	0.5	0.5	2	1	2	0.5	2	1	2	1	1	1	1	1	1					
773		Silvally Electric	Synthetic Pokémon	Electric																											TRUE	TRUE	TRUE	TRUE			TRUE	TRUE	FALSE	FALSE	FALSE	FALSE										95	95	95	95	95	95	570	Gray	Quadruped		RKS System			High Friendship	3	1	No Eggs Discovered		120	15360	Slow	"1,250,000"	2.3	7′07″	100.5	221.6	0	285	3	0	0	0	0	0	3	Unknown		1	1	1	0.5	1	1	1	1	2	0.5	1	1	1	1	1	1	0.5	1					
773		Silvally Psychic	Synthetic Pokémon	Psychic																											TRUE	TRUE	TRUE	TRUE			TRUE	TRUE	FALSE	FALSE	FALSE	FALSE										95	95	95	95	95	95	570	Gray	Quadruped		RKS System			High Friendship	3	1	No Eggs Discovered		120	15360	Slow	"1,250,000"	2.3	7′07″	100.5	221.6	0	285	3	0	0	0	0	0	3	Unknown		1	1	1	1	1	1	0.5	1	1	1	0.5	2	1	2	1	2	1	1					
773		Silvally Ice	Synthetic Pokémon	Ice																											TRUE	TRUE	TRUE	TRUE			TRUE	TRUE	FALSE	FALSE	FALSE	FALSE										95	95	95	95	95	95	570	Gray	Quadruped		RKS System			High Friendship	3	1	No Eggs Discovered		120	15360	Slow	"1,250,000"	2.3	7′07″	100.5	221.6	0	285	3	0	0	0	0	0	3	Unknown		1	2	1	1	1	0.5	2	1	1	1	1	1	2	1	1	1	2	1					
773		Silvally Dragon	Synthetic Pokémon	Dragon																											TRUE	TRUE	TRUE	TRUE			TRUE	TRUE	FALSE	FALSE	FALSE	FALSE										95	95	95	95	95	95	570	Gray	Quadruped		RKS System			High Friendship	3	1	No Eggs Discovered		120	15360	Slow	"1,250,000"	2.3	7′07″	100.5	221.6	0	285	3	0	0	0	0	0	3	Unknown		1	0.5	0.5	0.5	0.5	2	1	1	1	1	1	1	1	1	2	1	1	2					
773		Silvally Dark	Synthetic Pokémon	Dark																											TRUE	TRUE	TRUE	TRUE			TRUE	TRUE	FALSE	FALSE	FALSE	FALSE										95	95	95	95	95	95	570	Gray	Quadruped		RKS System			High Friendship	3	1	No Eggs Discovered		120	15360	Slow	"1,250,000"	2.3	7′07″	100.5	221.6	0	285	3	0	0	0	0	0	3	Unknown		1	1	1	1	1	1	2	1	1	1	0	2	1	0.5	1	0.5	1	2					
773		Silvally Fairy	Synthetic Pokémon	Fairy																											TRUE	TRUE	TRUE	TRUE			TRUE	TRUE	FALSE	FALSE	FALSE	FALSE										95	95	95	95	95	95	570	Brown	Head		RKS System			High Friendship	3	1	No Eggs Discovered		120	15360	Slow	"1,250,000"	2.3	7′07″	100.5	221.6	0	285	3	0	0	0	0	0	3	Unknown		1	1	1	1	1	1	0.5	2	1	1	1	0.5	1	1	0	0.5	2	1					
774	774	Minior Meteor Form	Meteor Pokémon	Rock	Flying																										TRUE	TRUE	TRUE	TRUE												FALSE	FALSE	FALSE	FALSE	TRUE	TRUE	60	60	100	60	100	60	440	Red	Head		Shields Down				30	10	Mineral		25	3200	Medium Slow	"1,059,860"	0.3	1′00″	40	88.2	50	154	0	0	1	0	1	0	2	Unknown		0.5	0.5	2	2	1	2	1	0.5	0	0.5	1	0.5	2	1	1	1	2	1	33-1|111-3|205-8|109-10|129-15|246-17|120-22|446-24|36-29|397-31|322-36|408-38|38-43|504-45|153-50	36-TM|182-TM|512-TM|109-TM|451-TM|263-TM|523-TM|129-TM|317-TM|203-TM|201-TM|428-TM|369-TM|214-TM|115-TM|113-TM|350-TM|605-TM|156-TM|157-TM|442-TM|408-TM|164-TM|446-TM|94-TM|347-TM|414-TM|89-TM|444-TM|416-TM|63-TM|76-TM|851-TM|356-TM|360-TM|38-TM|283-TM|815-TM|800-TM			
774		Minior Red Core	Meteor Pokémon	Rock	Flying																										TRUE	TRUE	TRUE	TRUE												FALSE	FALSE	FALSE	FALSE	TRUE	TRUE	60	100	60	100	60	120	500	Red	Head		Shields Down				30	10	Mineral		25	3200	Medium Slow	"1,059,860"	0.3	1′00″	0.3	0.7	50	175	0	1	0	1	0	0	2	Unknown		0.5	0.5	2	2	1	2	1	0.5	0	0.5	1	0.5	2	1	1	1	2	1	33-1|111-3|205-8|109-10|129-15|246-17|120-22|446-24|36-29|397-31|322-36|408-38|38-43|504-45|153-50	36-TM|182-TM|512-TM|109-TM|451-TM|263-TM|523-TM|129-TM|317-TM|203-TM|201-TM|428-TM|369-TM|214-TM|115-TM|113-TM|350-TM|605-TM|156-TM|157-TM|442-TM|408-TM|164-TM|446-TM|94-TM|347-TM|414-TM|89-TM|444-TM|416-TM|63-TM|76-TM|851-TM|356-TM|360-TM|38-TM|283-TM|815-TM|800-TM			
774		Minior Orange Core	Meteor Pokémon	Rock	Flying																										TRUE	TRUE	TRUE	TRUE												FALSE	FALSE	FALSE	FALSE	TRUE	TRUE	60	100	60	100	60	120	500	Yellow	Head		Shields Down				30	10	Mineral		25	3200	Medium Slow	"1,059,860"	0.3	1′00″	0.3	0.7	50	175	0	1	0	1	0	0	2	Unknown		0.5	0.5	2	2	1	2	1	0.5	0	0.5	1	0.5	2	1	1	1	2	1	33-1|111-3|205-8|109-10|129-15|246-17|120-22|446-24|36-29|397-31|322-36|408-38|38-43|504-45|153-50	36-TM|182-TM|512-TM|109-TM|451-TM|263-TM|523-TM|129-TM|317-TM|203-TM|201-TM|428-TM|369-TM|214-TM|115-TM|113-TM|350-TM|605-TM|156-TM|157-TM|442-TM|408-TM|164-TM|446-TM|94-TM|347-TM|414-TM|89-TM|444-TM|416-TM|63-TM|76-TM|851-TM|356-TM|360-TM|38-TM|283-TM|815-TM|800-TM			
774		Minior Yellow Core	Meteor Pokémon	Rock	Flying																										TRUE	TRUE	TRUE	TRUE												FALSE	FALSE	FALSE	FALSE	TRUE	TRUE	60	100	60	100	60	120	500	Green	Head		Shields Down				30	10	Mineral		25	3200	Medium Slow	"1,059,860"	0.3	1′00″	0.3	0.7	50	175	0	1	0	1	0	0	2	Unknown		0.5	0.5	2	2	1	2	1	0.5	0	0.5	1	0.5	2	1	1	1	2	1	33-1|111-3|205-8|109-10|129-15|246-17|120-22|446-24|36-29|397-31|322-36|408-38|38-43|504-45|153-50	36-TM|182-TM|512-TM|109-TM|451-TM|263-TM|523-TM|129-TM|317-TM|203-TM|201-TM|428-TM|369-TM|214-TM|115-TM|113-TM|350-TM|605-TM|156-TM|157-TM|442-TM|408-TM|164-TM|446-TM|94-TM|347-TM|414-TM|89-TM|444-TM|416-TM|63-TM|76-TM|851-TM|356-TM|360-TM|38-TM|283-TM|815-TM|800-TM			
774		Minior Green Core	Meteor Pokémon	Rock	Flying																										TRUE	TRUE	TRUE	TRUE												FALSE	FALSE	FALSE	FALSE	TRUE	TRUE	60	100	60	100	60	120	500	Blue	Head		Shields Down				30	10	Mineral		25	3200	Medium Slow	"1,059,860"	0.3	1′00″	0.3	0.7	50	175	0	1	0	1	0	0	2	Unknown		0.5	0.5	2	2	1	2	1	0.5	0	0.5	1	0.5	2	1	1	1	2	1	33-1|111-3|205-8|109-10|129-15|246-17|120-22|446-24|36-29|397-31|322-36|408-38|38-43|504-45|153-50	36-TM|182-TM|512-TM|109-TM|451-TM|263-TM|523-TM|129-TM|317-TM|203-TM|201-TM|428-TM|369-TM|214-TM|115-TM|113-TM|350-TM|605-TM|156-TM|157-TM|442-TM|408-TM|164-TM|446-TM|94-TM|347-TM|414-TM|89-TM|444-TM|416-TM|63-TM|76-TM|851-TM|356-TM|360-TM|38-TM|283-TM|815-TM|800-TM			
774		Minior Blue Core	Meteor Pokémon	Rock	Flying																										TRUE	TRUE	TRUE	TRUE												FALSE	FALSE	FALSE	FALSE	TRUE	TRUE	60	100	60	100	60	120	500	Blue	Head		Shields Down				30	10	Mineral		25	3200	Medium Slow	"1,059,860"	0.3	1′00″	0.3	0.7	50	175	0	1	0	1	0	0	2	Unknown		0.5	0.5	2	2	1	2	1	0.5	0	0.5	1	0.5	2	1	1	1	2	1	33-1|111-3|205-8|109-10|129-15|246-17|120-22|446-24|36-29|397-31|322-36|408-38|38-43|504-45|153-50	36-TM|182-TM|512-TM|109-TM|451-TM|263-TM|523-TM|129-TM|317-TM|203-TM|201-TM|428-TM|369-TM|214-TM|115-TM|113-TM|350-TM|605-TM|156-TM|157-TM|442-TM|408-TM|164-TM|446-TM|94-TM|347-TM|414-TM|89-TM|444-TM|416-TM|63-TM|76-TM|851-TM|356-TM|360-TM|38-TM|283-TM|815-TM|800-TM			
774		Minior Indigo Core	Meteor Pokémon	Rock	Flying																										TRUE	TRUE	TRUE	TRUE												FALSE	FALSE	FALSE	FALSE	TRUE	TRUE	60	100	60	100	60	120	500	Purple	Head		Shields Down				30	10	Mineral		25	3200	Medium Slow	"1,059,860"	0.3	1′00″	0.3	0.7	50	175	0	1	0	1	0	0	2	Unknown		0.5	0.5	2	2	1	2	1	0.5	0	0.5	1	0.5	2	1	1	1	2	1	33-1|111-3|205-8|109-10|129-15|246-17|120-22|446-24|36-29|397-31|322-36|408-38|38-43|504-45|153-50	36-TM|182-TM|512-TM|109-TM|451-TM|263-TM|523-TM|129-TM|317-TM|203-TM|201-TM|428-TM|369-TM|214-TM|115-TM|113-TM|350-TM|605-TM|156-TM|157-TM|442-TM|408-TM|164-TM|446-TM|94-TM|347-TM|414-TM|89-TM|444-TM|416-TM|63-TM|76-TM|851-TM|356-TM|360-TM|38-TM|283-TM|815-TM|800-TM			
774		Minior Violet Core	Meteor Pokémon	Rock	Flying																										TRUE	TRUE	TRUE	TRUE												FALSE	FALSE	FALSE	FALSE	TRUE	TRUE	60	100	60	100	60	120	500	Blue	Bipedal+Tailless		Shields Down				30	10	Mineral		25	3200	Medium Slow	"1,059,860"	0.3	1′00″	0.3	0.7	50	175	0	1	0	1	0	0	2	Unknown		0.5	0.5	2	2	1	2	1	0.5	0	0.5	1	0.5	2	1	1	1	2	1	33-1|111-3|205-8|109-10|129-15|246-17|120-22|446-24|36-29|397-31|322-36|408-38|38-43|504-45|153-50	36-TM|182-TM|512-TM|109-TM|451-TM|263-TM|523-TM|129-TM|317-TM|203-TM|201-TM|428-TM|369-TM|214-TM|115-TM|113-TM|350-TM|605-TM|156-TM|157-TM|442-TM|408-TM|164-TM|446-TM|94-TM|347-TM|414-TM|89-TM|444-TM|416-TM|63-TM|76-TM|851-TM|356-TM|360-TM|38-TM|283-TM|815-TM|800-TM			
775	775	Komala	Drowsing Pokémon	Normal																											TRUE	TRUE	TRUE	TRUE												TRUE	TRUE	FALSE	FALSE	FALSE	FALSE	65	115	65	75	95	65	480	Red	Bipedal+Tail		Comatose				45	15	Field		20	2560	Slow	"1,250,000"	0.4	1′04″	19.9	43.9	50	168	0	2	0	0	0	0	2	50%	50%	1	1	1	1	1	1	2	1	1	1	1	1	1	0	1	1	1	1	111-1|205-1|255-6|254-6|256-6|229-11|281-16|21-21|175-26|389-31|244-36|452-41|37-46	36-TM|204-TM|182-TM|67-TM|512-TM|168-TM|885-TM|263-TM|523-TM|232-TM|317-TM|490-TM|374-TM|203-TM|241-TM|240-TM|280-TM|428-TM|369-TM|421-TM|339-TM|34-TM|214-TM|402-TM|707-TM|157-TM|14-TM|442-TM|441-TM|164-TM|861-TM|583-TM|347-TM|179-TM|89-TM|416-TM|63-TM|851-TM|282-TM|162-TM|244-TM|38-TM|283-TM|174-TM	204-EM|583-EM|47-EM|276-EM|273-EM		
776	776	Turtonator	Blast Turtle Pokémon	Fire	Dragon																										TRUE	FALSE	TRUE	TRUE			TRUE	FALSE	FALSE	FALSE	FALSE	FALSE										60	78	135	91	85	36	485	Gray	Bipedal+Tail		Shell Armor				70	23.33	Monster	Dragon	20	2560	Medium Fast	"1,000,000"	2	6′07″	212	467.4	50	170	0	0	2	0	0	0	2	50%	50%	1	0.25	1	0.5	0.25	1	1	1	2	1	1	0.5	2	1	2	1	0.5	1					
777	777	Togedemaru	Roly-Poly Pokémon	Electric	Steel																										TRUE	TRUE	TRUE	TRUE			TRUE	TRUE	FALSE	FALSE	FALSE	FALSE										65	98	63	40	73	96	435	Yellow	Serpentine		Iron Barbs	Lightning Rod	Sturdy		180	60	Field	Fairy	10	1280	Medium Fast	"1,000,000"	0.3	1′00″	3.3	7.3	50	152	0	2	0	0	0	0	2	50%	50%	0.5	2	1	0.5	0.5	0.5	2	0	4	0.25	0.5	0.5	0.5	1	0.5	1	0.25	0.5					
778	778	Mimikyu Disguised Form	Disguise Pokémon	Ghost	Fairy																										TRUE	TRUE	TRUE	TRUE			TRUE	TRUE	FALSE	FALSE	TRUE	TRUE				TRUE	TRUE	TRUE	TRUE	FALSE	FALSE	55	90	80	50	105	96	476	Yellow	Serpentine		Disguise				45	15	Amorphous		20	2560	Medium Fast	"1,000,000"	0.2	0′08″	0.7	1.5	50	167	0	0	0	0	2	0	2	50%	50%	0	1	1	1	1	1	0	1	1	1	1	0.25	1	2	0	1	2	1	310-1|383-1|10-1|150-1|452-1|425-6|104-12|608-18|102-24|468-30|163-36|421-42|204-48|583-54|220-60	36-TM|204-TM|182-TM|109-TM|168-TM|885-TM|884-TM|263-TM|506-TM|577-TM|101-TM|374-TM|203-TM|241-TM|240-TM|421-TM|339-TM|214-TM|409-TM|113-TM|605-TM|86-TM|156-TM|269-TM|14-TM|399-TM|141-TM|164-TM|404-TM|261-TM|271-TM|202-TM|247-TM|94-TM|85-TM|583-TM|581-TM|566-TM|416-TM|433-TM|63-TM|87-TM|851-TM|180-TM|807-TM|220-TM|244-TM|174-TM	174-EM|194-EM		
778		Mimikyu Busted Form	Disguise Pokémon	Ghost	Fairy																										TRUE	TRUE	TRUE	TRUE			TRUE	TRUE	FALSE	FALSE	TRUE	TRUE				TRUE	TRUE	TRUE	TRUE	FALSE	FALSE	55	90	80	50	105	96	476	Pink	Fins		Disguise				45	15	Amorphous		20	2560	Medium Fast	"1,000,000"	0.2	0′08″	0.7	1.5	50	167	0	0	0	0	2	0	2	50%	50%	0	1	1	1	1	1	0	1	1	1	1	0.25	1	2	0	1	2	1	310-1|383-1|10-1|150-1|452-1|425-6|104-12|608-18|102-24|468-30|163-36|421-42|204-48|583-54|220-60	36-TM|204-TM|182-TM|109-TM|168-TM|885-TM|884-TM|263-TM|506-TM|577-TM|101-TM|374-TM|203-TM|241-TM|240-TM|421-TM|339-TM|214-TM|409-TM|113-TM|605-TM|86-TM|156-TM|269-TM|14-TM|399-TM|141-TM|164-TM|404-TM|261-TM|271-TM|202-TM|247-TM|94-TM|85-TM|583-TM|581-TM|566-TM|416-TM|433-TM|63-TM|87-TM|851-TM|180-TM|807-TM|220-TM|244-TM|174-TM	174-EM|194-EM		
779	779	Bruxish	Gnash Teeth Pokémon	Water	Psychic																										TRUE	TRUE	TRUE	TRUE												TRUE	TRUE	FALSE	FALSE	FALSE	FALSE	68	105	70	70	70	92	475	White	Serpentine		Dazzling	Strong Jaw	Wonder Skin		80	26.67	Water 2		15	1920	Medium Fast	"1,000,000"	0.9	2′11″	19	41.9	50	166	0	2	0	0	0	0	2	50%	50%	1	0.5	0.5	2	2	0.5	0.5	1	1	1	0.5	2	1	2	1	2	0.5	1	55-1|310-4|93-9|44-12|453-17|50-20|473-25|242-28|401-33|103-36|706-41|834-44	36-TM|97-TM|184-TM|182-TM|423-TM|352-TM|886-TM|263-TM|196-TM|474-TM|203-TM|240-TM|473-TM|706-TM|339-TM|214-TM|115-TM|113-TM|127-TM|156-TM|269-TM|14-TM|164-TM|242-TM|710-TM|94-TM|57-TM|347-TM|58-TM|678-TM|56-TM|59-TM|416-TM|433-TM|63-TM|851-TM|162-TM|812-TM|220-TM|250-TM|797-TM|917-TM	423-EM|305-EM|162-EM|352-EM		
780	780	Drampa	Placid Pokémon	Normal	Dragon																										FALSE	TRUE	TRUE	TRUE			FALSE	TRUE	FALSE	FALSE	FALSE	FALSE										78	60	85	135	91	36	485	Green	Head+Base		Berserk	Sap Sipper	Cloud Nine		70	23.33	Monster	Dragon	20	2560	Medium Fast	"1,000,000"	3	9′10″	185	407.9	50	170	0	0	0	2	0	0	2	50%	50%	1	0.5	0.5	0.5	0.5	2	2	1	1	1	1	1	1	0	2	1	1	2					
781	781	Dhelmise	Sea Creeper Pokémon	Ghost	Grass																										TRUE	TRUE	TRUE	TRUE			TRUE	TRUE	FALSE	FALSE	TRUE	TRUE										70	131	100	86	90	40	517	Gray	Quadruped		Steelworker				25	8.33	Mineral		25	3200	Medium Fast	"1,000,000"	3.9	12′10″	210	463	50	181	0	2	0	0	0	0	2	Unknown		0	2	0.5	0.5	0.5	2	0	1	0.5	2	1	1	1	2	1	2	1	1					
782	782	Jangmo-o	Scaly Pokémon	Dragon																											TRUE	TRUE	TRUE	TRUE			TRUE	FALSE	TRUE	FALSE	FALSE	FALSE				FALSE	FALSE	TRUE	TRUE	FALSE	FALSE	45	55	65	45	45	45	300	Gray	Bipedal+Tail		Bulletproof	Soundproof	Overcoat		45	15	Dragon		40	5120	Slow	"1,250,000"	0.6	2′00″	29.7	65.5	50	60	0	0	1	0	0	0	1	50%	50%	1	0.5	0.5	0.5	0.5	2	1	1	1	1	1	1	1	1	2	1	1	2	43-1|33-1|182-4|525-8|184-12|29-16|526-20|103-24|334-28|337-32|568-36|349-40|200-44	36-TM|184-TM|182-TM|67-TM|263-TM|523-TM|317-TM|525-TM|203-TM|201-TM|206-TM|280-TM|421-TM|339-TM|34-TM|214-TM|337-TM|156-TM|157-TM|269-TM|14-TM|442-TM|349-TM|164-TM|334-TM|404-TM|406-TM|179-TM|89-TM|200-TM|411-TM|434-TM|851-TM|46-TM|264-TM|799-TM|784-TM|913-TM	68-EM|225-EM|264-EM		
783	783	Hakamo-o	Scaly Pokémon	Dragon	Fighting																										TRUE	TRUE	TRUE	TRUE			TRUE	FALSE	TRUE	FALSE	FALSE	FALSE				FALSE	FALSE	TRUE	TRUE	FALSE	FALSE	55	75	90	65	70	65	420	Gray	Bipedal+Tail		Bulletproof	Soundproof	Overcoat	Level 35	45	15	Dragon		40	5120	Slow	"1,250,000"	1.2	3′11″	47	103.6	50	147	0	0	2	0	0	0	2	50%	50%	1	0.5	0.5	0.5	0.5	2	1	1	1	2	2	0.5	0.5	1	2	0.5	1	4	525-1|43-1|182-1|33-1|184-12|29-16|526-20|103-24|334-28|337-32|568-38|349-44|200-50|370-56	36-TM|184-TM|182-TM|67-TM|263-TM|332-TM|523-TM|232-TM|317-TM|374-TM|525-TM|203-TM|241-TM|201-TM|206-TM|280-TM|421-TM|339-TM|34-TM|214-TM|409-TM|337-TM|156-TM|157-TM|269-TM|14-TM|442-TM|349-TM|164-TM|334-TM|404-TM|406-TM|179-TM|89-TM|200-TM|411-TM|370-TM|434-TM|851-TM|46-TM|410-TM|264-TM|799-TM|38-TM|811-TM|675-TM|784-TM|913-TM|918-TM			
784	784	Kommo-o	Scaly Pokémon	Dragon	Fighting																										TRUE	TRUE	TRUE	TRUE			TRUE	FALSE	TRUE	FALSE	FALSE	FALSE				FALSE	FALSE	TRUE	TRUE	FALSE	FALSE	75	110	125	100	105	85	600	Yellow	Head+Arms		Bulletproof	Soundproof	Overcoat	Level 45	45	15	Dragon		40	5120	Slow	"1,250,000"	1.6	5′03″	78.2	172.4	50	300	0	0	3	0	0	0	3	50%	50%	1	0.5	0.5	0.5	0.5	2	1	1	1	2	2	0.5	0.5	1	2	0.5	1	4	525-1|43-1|182-1|33-1|184-12|29-16|526-20|103-24|334-28|337-32|568-38|349-44|200-52|370-60|775-68|586-76	36-TM|184-TM|182-TM|67-TM|263-TM|332-TM|523-TM|232-TM|317-TM|374-TM|525-TM|203-TM|241-TM|240-TM|201-TM|206-TM|280-TM|421-TM|339-TM|34-TM|7-TM|9-TM|8-TM|214-TM|409-TM|337-TM|398-TM|707-TM|156-TM|157-TM|269-TM|14-TM|776-TM|430-TM|442-TM|349-TM|164-TM|334-TM|404-TM|396-TM|406-TM|446-TM|304-TM|53-TM|270-TM|179-TM|89-TM|416-TM|200-TM|411-TM|63-TM|370-TM|434-TM|851-TM|46-TM|410-TM|264-TM|799-TM|38-TM|283-TM|811-TM|675-TM|784-TM|319-TM|913-TM|918-TM		691-EV	187-R
785	785	Tapu Koko	Land Spirit Pokémon	Electric	Fairy																										TRUE	TRUE	TRUE	TRUE			FALSE	FALSE	FALSE	FALSE	TRUE	TRUE										70	115	85	95	75	130	570	Pink	Head+Arms		Electric Surge		Telepathy		3	1	No Eggs Discovered		15	1920	Slow	"1,250,000"	1.8	5′11″	20.5	45.2	50	285	0	0	0	0	0	3	3	Unknown		1	1	1	0.5	1	1	0.5	2	2	0.5	1	0.5	1	1	0	0.5	1	1					
786	786	Tapu Lele	Land Spirit Pokémon	Psychic	Fairy																										TRUE	TRUE	TRUE	TRUE			FALSE	FALSE	FALSE	FALSE	TRUE	TRUE										70	85	75	130	115	95	570	Red	Head+Arms		Psychic Surge		Telepathy		3	1	No Eggs Discovered		15	1920	Slow	"1,250,000"	1.2	3′11″	18.6	41	50	285	0	0	0	3	0	0	3	Unknown		1	1	1	1	1	1	0.25	2	1	1	0.5	1	1	2	0	1	2	1					
787	787	Tapu Bulu	Land Spirit Pokémon	Grass	Fairy																										TRUE	TRUE	TRUE	TRUE			FALSE	FALSE	FALSE	FALSE	TRUE	TRUE										70	130	115	85	95	75	570	Purple	Head+Arms		Grassy Surge		Telepathy		3	1	No Eggs Discovered		15	1920	Slow	"1,250,000"	1.9	6′03″	45.5	100.3	50	285	0	3	0	0	0	0	3	Unknown		1	2	0.5	0.5	0.5	2	0.5	4	0.5	2	1	1	1	1	0	0.5	2	1					
788	788	Tapu Fini	Land Spirit Pokémon	Water	Fairy																										TRUE	TRUE	TRUE	TRUE			FALSE	FALSE	FALSE	FALSE	TRUE	TRUE										70	75	115	95	130	85	570	Blue	Head		Misty Surge		Telepathy		3	1	No Eggs Discovered		15	1920	Slow	"1,250,000"	1.3	4′03″	21.2	46.7	50	285	0	0	0	0	3	0	3	Unknown		1	0.5	0.5	2	2	0.5	0.5	2	1	1	1	0.5	1	1	0	0.5	1	1					
789	789	Cosmog	Nebula Pokémon	Psychic																											TRUE	TRUE	TRUE	TRUE			FALSE	FALSE	FALSE	FALSE	TRUE	TRUE				FALSE	FALSE	FALSE	FALSE	FALSE	FALSE	43	29	31	29	31	37	200	Blue	Head		Unaware				45	15	No Eggs Discovered		120	15360	Slow	"1,250,000"	0.2	0′08″	0.1	0.2	0	40	1	0	0	0	0	0	1	Unknown		1	1	1	1	1	1	0.5	1	1	1	0.5	2	1	2	1	2	1	1	150-1|100-1				
790	790	Cosmoem	Protostar Pokémon	Psychic																											TRUE	TRUE	TRUE	TRUE			FALSE	FALSE	FALSE	FALSE	TRUE	TRUE				FALSE	FALSE	FALSE	FALSE	FALSE	FALSE	43	29	131	29	131	37	400	White	Quadruped		Sturdy			Level 43	45	15	No Eggs Discovered		120	15360	Slow	"1,250,000"	0.1	0′04″	999.9	2204.4	0	140	0	0	1	0	1	0	2	Unknown		1	1	1	1	1	1	0.5	1	1	1	0.5	2	1	2	1	2	1	1	100-1			322-EV	
791	791	Solgaleo	Sunne Pokémon	Psychic	Steel																										TRUE	FALSE	TRUE	TRUE			FALSE	FALSE	FALSE	FALSE	TRUE	FALSE				FALSE	FALSE	FALSE	FALSE	TRUE	TRUE	137	137	107	113	89	97	680	Purple	1 Pair of Wings		Full Metal Body			Level 53 in Specific Game	45	15	No Eggs Discovered		120	15360	Slow	"1,250,000"	3.4	11′02″	230	507.1	0	340	0	3	0	0	0	0	3	Unknown		0.5	2	1	1	0.5	0.5	1	0	2	0.5	0.25	1	0.5	2	0.5	2	0.5	0.5	322-1|232-1|568-1|100-1|442-7|319-14|428-21|430-28|234-35|242-42|368-49|528-56|76-63|394-70|469-77|416-84	36-TM|97-TM|184-TM|182-TM|83-TM|263-TM|523-TM|555-TM|232-TM|129-TM|317-TM|488-TM|203-TM|241-TM|473-TM|428-TM|706-TM|34-TM|214-TM|115-TM|113-TM|156-TM|157-TM|430-TM|442-TM|164-TM|334-TM|242-TM|304-TM|94-TM|484-TM|53-TM|85-TM|347-TM|270-TM|126-TM|528-TM|89-TM|444-TM|416-TM|200-TM|411-TM|433-TM|63-TM|394-TM|87-TM|370-TM|76-TM|796-TM|851-TM|46-TM|360-TM|282-TM|535-TM|244-TM|38-TM|283-TM|248-TM|797-TM|800-TM|319-TM		713-EV	
792	792	Lunala	Moone Pokémon	Psychic	Ghost																										FALSE	TRUE	TRUE	TRUE			FALSE	FALSE	FALSE	FALSE	FALSE	TRUE				FALSE	FALSE	FALSE	FALSE	TRUE	TRUE	137	113	89	137	107	97	680	White	Tentacles		Shadow Shield			Level 53 in Specific Game	45	15	No Eggs Discovered		120	15360	Slow	"1,250,000"	4	13′01″	120	264.6	0	340	0	0	0	3	0	0	3	Unknown		0	1	1	1	1	1	0	0.5	1	1	0.5	1	1	4	1	4	1	1	93-1|322-1|95-1|100-1|101-7|109-14|403-21|247-28|236-35|539-42|94-49|585-56|566-63|138-70|469-77	97-TM|184-TM|182-TM|512-TM|109-TM|451-TM|263-TM|332-TM|506-TM|129-TM|196-TM|101-TM|203-TM|241-TM|240-TM|473-TM|421-TM|403-TM|214-TM|115-TM|113-TM|605-TM|156-TM|19-TM|164-TM|261-TM|271-TM|366-TM|247-TM|257-TM|94-TM|85-TM|347-TM|270-TM|58-TM|59-TM|566-TM|416-TM|411-TM|433-TM|63-TM|87-TM|76-TM|851-TM|180-TM|814-TM|809-TM|244-TM|248-TM|797-TM|800-TM		714-EV	
793	793	Nihilego	Parasite Pokémon	Rock	Poison																										TRUE	TRUE	TRUE	TRUE			FALSE	FALSE	FALSE	FALSE	TRUE	TRUE										109	53	47	127	131	103	570	Red	Tentacles		Beast Boost				45	15	No Eggs Discovered		120	15360	Slow	"1,250,000"	1.2	3′11″	55.5	122.4	0	285	0	0	0	0	3	0	3	Unknown		0.5	0.5	2	1	1	1	1	0.25	4	0.5	2	0.5	1	1	1	1	2	0.5					
794	794	Buzzwole	Swollen Pokémon	Bug	Fighting																										TRUE	FALSE	TRUE	TRUE			FALSE	FALSE	FALSE	FALSE	TRUE	TRUE										107	139	139	53	53	79	570	White	Bipedal+Tailless		Beast Boost				45	15	No Eggs Discovered		120	15360	Slow	"1,250,000"	2.4	7′10″	333.6	735.5	0	285	0	1	2	0	0	0	3	Unknown		1	2	1	1	0.5	1	0.5	1	0.5	4	2	0.5	1	1	1	0.5	1	2					
795	795	Pheromosa	Lissome Pokémon	Bug	Fighting																										FALSE	TRUE	TRUE	TRUE			FALSE	FALSE	FALSE	FALSE	TRUE	TRUE										71	137	37	137	37	151	570	Black	Bipedal+Tail		Beast Boost				45	15	No Eggs Discovered		120	15360	Slow	"1,250,000"	1.8	5′11″	25	55.1	0	285	0	0	0	0	0	3	3	Unknown		1	2	1	1	0.5	1	0.5	1	0.5	4	2	0.5	1	1	1	0.5	1	2					
796	796	Xurkitree	Glowing Pokémon	Electric																											TRUE	TRUE	TRUE	TRUE			FALSE	FALSE	FALSE	FALSE	TRUE	TRUE										83	89	71	173	71	83	570	Green	Bipedal+Tailless		Beast Boost				45	15	No Eggs Discovered		120	15360	Slow	"1,250,000"	3.8	12′06″	100	220.5	0	285	0	0	0	3	0	0	3	Unknown		1	1	1	0.5	1	1	1	1	2	0.5	1	1	1	1	1	1	0.5	1					
797	797	Celesteela	Launch Pokémon	Steel	Flying																										FALSE	TRUE	TRUE	TRUE			FALSE	FALSE	FALSE	FALSE	TRUE	TRUE										97	101	103	107	101	61	570	White	Bipedal+Tailless		Beast Boost				45	15	No Eggs Discovered		120	15360	Slow	"1,250,000"	9.2	30′02″	999.9	2204.4	0	285	0	1	1	1	0	0	3	Unknown		0.5	2	1	2	0.25	1	1	0	0	0.5	0.5	0.25	1	1	0.5	1	0.5	0.5					
798	798	Kartana	Drawn Sword Pokémon	Grass	Steel																										TRUE	FALSE	TRUE	TRUE			FALSE	FALSE	FALSE	FALSE	TRUE	TRUE										59	181	131	59	31	109	570	Black	Bipedal+Tail		Beast Boost				45	15	No Eggs Discovered		120	15360	Slow	"1,250,000"	0.3	1′00″	0.1	0.2	0	285	0	3	0	0	0	0	3	Unknown		0.5	4	0.5	0.5	0.25	1	2	0	1	1	0.5	1	0.5	1	0.5	1	0.5	0.5					
799	799	Guzzlord	Junkivore Pokémon	Dark	Dragon																										TRUE	TRUE	TRUE	TRUE			FALSE	FALSE	FALSE	FALSE	TRUE	TRUE										223	101	53	97	53	43	570	Black	Head+Arms		Beast Boost				45	15	No Eggs Discovered		120	15360	Slow	"1,250,000"	5.5	18′01″	888	1957.7	0	285	3	0	0	0	0	0	3	Unknown		1	0.5	0.5	0.5	0.5	2	2	1	1	1	0	2	1	0.5	2	0.5	1	4					
800	800	Necrozma	Prism Pokémon	Psychic																											TRUE	TRUE	TRUE	TRUE			FALSE	FALSE	FALSE	FALSE	TRUE	TRUE				FALSE	FALSE	FALSE	FALSE	FALSE	FALSE	97	107	101	127	89	79	600	Yellow	Quadruped		Prism Armor				255	85	No Eggs Discovered		120	15360	Slow	"1,250,000"	2.4	7′10″	230	507.1	0	300	0	1	0	2	0	0	3	Unknown		1	1	1	1	1	1	0.5	1	1	1	0.5	2	1	2	1	2	1	1	451-1|93-1|232-1|236-1|234-1|446-8|163-16|400-24|427-32|500-40|350-48|334-56|408-64|722-72|356-80|711-88	184-TM|182-TM|168-TM|451-TM|263-TM|332-TM|523-TM|232-TM|129-TM|317-TM|500-TM|374-TM|203-TM|241-TM|201-TM|684-TM|473-TM|280-TM|421-TM|706-TM|34-TM|214-TM|115-TM|113-TM|350-TM|156-TM|157-TM|14-TM|286-TM|430-TM|399-TM|442-TM|349-TM|408-TM|164-TM|334-TM|404-TM|406-TM|446-TM|304-TM|257-TM|94-TM|347-TM|414-TM|89-TM|444-TM|416-TM|200-TM|433-TM|63-TM|76-TM|851-TM|356-TM|360-TM|282-TM|248-TM|797-TM|800-TM			
800		Dusk Mane Necrozma	Prism Pokémon	Psychic	Steel																										FALSE	FALSE	TRUE	TRUE			FALSE	FALSE	FALSE	FALSE	FALSE	FALSE				FALSE	FALSE	FALSE	FALSE	FALSE	FALSE	97	157	127	113	109	77	680	Blue	1 Pair of Wings		Prism Armor					0	No Eggs Discovered		120	15360	Slow	"1,250,000"	3.8	12′06″	460	1014.1	0	340	0	3	0	0	0	0	3	Unknown		0.5	2	1	1	0.5	0.5	1	0	2	0.5	0.25	1	0.5	2	0.5	2	0.5	0.5	451-1|93-1|232-1|236-1|234-1|446-8|163-16|400-24|427-32|500-40|350-48|334-56|408-64|722-72|356-80|711-88	184-TM|182-TM|168-TM|451-TM|263-TM|332-TM|523-TM|232-TM|129-TM|317-TM|500-TM|374-TM|203-TM|241-TM|201-TM|684-TM|473-TM|280-TM|421-TM|706-TM|34-TM|214-TM|115-TM|113-TM|350-TM|156-TM|157-TM|14-TM|286-TM|430-TM|399-TM|442-TM|349-TM|408-TM|164-TM|334-TM|404-TM|406-TM|446-TM|304-TM|257-TM|94-TM|347-TM|414-TM|89-TM|444-TM|416-TM|200-TM|433-TM|63-TM|76-TM|851-TM|356-TM|360-TM|282-TM|248-TM|797-TM|800-TM			
800		Dawn Wings Necrozma	Prism Pokémon	Psychic	Ghost																										FALSE	FALSE	TRUE	TRUE			FALSE	FALSE	FALSE	FALSE	FALSE	FALSE				FALSE	FALSE	FALSE	FALSE	FALSE	FALSE	97	113	109	157	127	77	680	Yellow	2+ Pair of Wings		Prism Armor					0	No Eggs Discovered		120	15360	Slow	"1,250,000"	4.2	13′09″	350	771.6	0	340	0	0	0	3	0	0	3	Unknown		0	1	1	1	1	1	0	0.5	1	1	0.5	1	1	4	1	4	1	1	451-1|93-1|232-1|236-1|234-1|446-8|163-16|400-24|427-32|500-40|350-48|334-56|408-64|722-72|356-80|711-88	184-TM|182-TM|168-TM|451-TM|263-TM|332-TM|523-TM|232-TM|129-TM|317-TM|500-TM|374-TM|203-TM|241-TM|201-TM|684-TM|473-TM|280-TM|421-TM|706-TM|34-TM|214-TM|115-TM|113-TM|350-TM|156-TM|157-TM|14-TM|286-TM|430-TM|399-TM|442-TM|349-TM|408-TM|164-TM|334-TM|404-TM|406-TM|446-TM|304-TM|257-TM|94-TM|347-TM|414-TM|89-TM|444-TM|416-TM|200-TM|433-TM|63-TM|76-TM|851-TM|356-TM|360-TM|282-TM|248-TM|797-TM|800-TM			
800		Ultra Necrozma	Prism Pokémon	Psychic	Dragon																										FALSE	FALSE	FALSE	FALSE																		97	167	97	167	97	129	754	Gray	Bipedal+Tailless		Neuroforce					0	No Eggs Discovered		120	15360	Slow	"1,250,000"	7.5	24′07″	230	507.1	0	377	0	1	0	1	0	1	3	Unknown		1	0.5	0.5	0.5	0.5	2	0.5	1	1	1	0.5	2	1	2	2	2	1	2					
801	801	Magearna	Artificial Pokémon	Steel	Fairy																										FALSE	FALSE	FALSE	FALSE			FALSE	FALSE	FALSE	FALSE	FALSE	FALSE				FALSE	FALSE	FALSE	FALSE	FALSE	FALSE	80	95	115	130	115	65	600	Red	Bipedal+Tailless		Soul-Heart				3	1	No Eggs Discovered		120	15360	Slow	"1,250,000"	1	3′03″	80.5	177.5	0	300	0	0	0	3	0	0	3	Unknown		0.5	2	1	1	0.5	0.5	1	0	2	0.5	0.5	0.25	0.5	1	0	0.5	1	0.5	360-1|270-1|111-6|205-12|334-18|602-24|60-30|62-36|199-42|508-48|271-54|442-60|396-66|430-72|220-78|192-84|705-90	36-TM|97-TM|182-TM|60-TM|109-TM|574-TM|451-TM|263-TM|129-TM|577-TM|500-TM|203-TM|521-TM|241-TM|883-TM|473-TM|206-TM|280-TM|428-TM|34-TM|214-TM|486-TM|115-TM|113-TM|605-TM|447-TM|86-TM|156-TM|191-TM|286-TM|430-TM|598-TM|285-TM|442-TM|164-TM|334-TM|271-TM|396-TM|247-TM|412-TM|94-TM|484-TM|227-TM|861-TM|85-TM|583-TM|347-TM|270-TM|226-TM|58-TM|581-TM|416-TM|411-TM|433-TM|63-TM|76-TM|796-TM|851-TM|356-TM|360-TM|802-TM|220-TM|527-TM|319-TM			
801		Magearna Original Color	Artificial Pokémon	Steel	Fairy																										FALSE	FALSE	FALSE	FALSE			FALSE	FALSE	FALSE	FALSE	FALSE	FALSE				FALSE	FALSE	FALSE	FALSE	FALSE	FALSE	80	95	115	130	115	65	600	Gray	Bipedal+Tailless		Soul-Heart				3	1	No Eggs Discovered		120	15360	Slow	"1,250,000"	1	3′03″	80.5	177.5	0	300	0	0	0	3	0	0	3	Unknown		0.5	2	1	1	0.5	0.5	1	0	2	0.5	0.5	0.25	0.5	1	0	0.5	1	0.5	360-1|270-1|111-6|205-12|334-18|602-24|60-30|62-36|199-42|508-48|271-54|442-60|396-66|430-72|220-78|192-84|705-90	36-TM|97-TM|182-TM|60-TM|109-TM|574-TM|451-TM|263-TM|129-TM|577-TM|500-TM|203-TM|521-TM|241-TM|883-TM|473-TM|206-TM|280-TM|428-TM|34-TM|214-TM|486-TM|115-TM|113-TM|605-TM|447-TM|86-TM|156-TM|191-TM|286-TM|430-TM|598-TM|285-TM|442-TM|164-TM|334-TM|271-TM|396-TM|247-TM|412-TM|94-TM|484-TM|227-TM|861-TM|85-TM|583-TM|347-TM|270-TM|226-TM|58-TM|581-TM|416-TM|411-TM|433-TM|63-TM|76-TM|796-TM|851-TM|356-TM|360-TM|802-TM|220-TM|527-TM|319-TM			
802	802	Marshadow	Gloomdweller Pokémon	Fighting	Ghost																										FALSE	FALSE	FALSE	FALSE			FALSE	FALSE	FALSE	FALSE	FALSE	FALSE										90	125	80	90	90	125	600	Purple	Bipedal+Tail		Beast Boost				3	1	No Eggs Discovered		120	15360	Slow	"1,250,000"	0.7	2′04″	22.2	48.9	0	300	0	2	0	0	0	1	3	Unknown		0	1	1	1	1	1	0	0.5	1	2	2	0.25	0.5	2	1	1	1	2					
803	803	Poipole	Poison Pin Pokémon	Poison																											TRUE	TRUE	TRUE	TRUE			FALSE	FALSE	FALSE	FALSE	TRUE	TRUE										67	73	67	73	67	73	420	Purple	1 Pair of Wings		Beast Boost				45	15	No Eggs Discovered		120	15360	Slow	"1,250,000"	0.6	2′00″	1.8	4	0	210	0	0	0	0	0	1	1	Unknown		1	1	1	1	0.5	1	0.5	0.5	2	1	2	0.5	1	1	1	1	1	0.5					
804	804	Naganadel	Poison Pin Pokémon	Poison	Dragon																										TRUE	TRUE	TRUE	TRUE			FALSE	FALSE	FALSE	FALSE	TRUE	TRUE										73	73	73	127	73	121	540	Gray	Quadruped		Beast Boost			Learn Dragon Pulse	45	15	No Eggs Discovered		120	15360	Slow	"1,250,000"	3.6	11′10″	150	330.7	0	270	0	0	0	3	0	0	3	Unknown		1	0.5	0.5	0.5	0.25	2	0.5	0.5	2	1	2	0.5	1	1	2	1	1	1					
805	805	Stakataka	Rampart Pokémon	Rock	Steel																										TRUE	TRUE	TRUE	TRUE			FALSE	FALSE	FALSE	FALSE	TRUE	TRUE										61	131	211	53	101	13	570	White	Bipedal+Tailless		Beast Boost				30	10	No Eggs Discovered		120	15360	Slow	"1,250,000"	5.5	18′01″	820	1807.8	0	285	0	0	3	0	0	0	3	Unknown		0.25	1	2	1	1	0.5	4	0	4	0.25	0.5	0.5	0.5	1	0.5	1	1	0.5					
806	806	Blacephalon	Fireworks Pokémon	Fire	Ghost																										TRUE	TRUE	TRUE	TRUE			FALSE	FALSE	FALSE	FALSE	TRUE	TRUE										53	127	53	151	79	107	570	Yellow	Bipedal+Tailless		Beast Boost				30	10	No Eggs Discovered		120	15360	Slow	"1,250,000"	1.8	5′11″	13	28.7	0	285	0	0	0	3	0	0	3	Unknown		0	0.5	2	1	0.5	0.5	0	0.5	2	1	1	0.25	2	2	1	2	0.5	0.5					
807	807	Zeraora	Thunderclap Pokémon	Electric																											FALSE	FALSE	FALSE	FALSE			FALSE	FALSE	FALSE	FALSE	FALSE	FALSE										88	112	75	102	80	143	600	Gray	Head		Volt Absorb				3	1	No Eggs Discovered		120	15360	Slow	"1,250,000"	1.5	4′11″	44.5	98.1	0	300	0	0	0	0	0	3	3	Unknown		1	1	1	0.5	1	1	1	1	2	0.5	1	1	1	1	1	1	0.5	1					
808	808	Meltan	Hex Nut Pokémon	Steel																																	FALSE	FALSE	FALSE	FALSE	FALSE	FALSE										46	65	65	55	35	34	300	Gray	Bipedal+Tailless		Magnet Pull				3	1	No Eggs Discovered		120	15360	Slow	"1,250,000"	0.2	0′08″	8	17.6	0	150	0	1	0	0	0	0	1	Unknown		0.5	2	1	1	0.5	0.5	2	0	2	0.5	0.5	0.5	0.5	1	0.5	1	0.5	0.5					
809		GMAX Melmetal	Hex Nut Pokémon	Steel																																	TRUE	TRUE	TRUE	TRUE	TRUE	TRUE										135	143	143	80	65	34	600	Green	Bipedal+Tail		Iron Fist			GMAX Factor	3	1					Slow	"1,250,000"	25	82'	???	???	0	0	0	0	0	0	0	0	0	Unknown		0.5	2	1	1	0.5	0.5	2	0	2	0.5	0.5	0.5	0.5	1	0.5	1	0.5	0.5					
809	809	Melmetal	Hex Nut Pokémon	Steel																																	FALSE	FALSE	FALSE	FALSE	FALSE	FALSE										135	143	143	80	65	34	600	Gray	Bipedal+Tailless		Iron Fist			400 Meltan Candies in Pokemon GO	3	1	No Eggs Discovered		120	15360	Slow	"1,250,000"	2.5	8′02″	800	1763.7	0	300	0	3	0	0	0	0	3	Unknown		0.5	2	1	1	0.5	0.5	2	0	2	0.5	0.5	0.5	0.5	1	0.5	1	0.5	0.5					
810	810	Grookey	Chimp Pokémon	Grass																																	TRUE	TRUE	FALSE	FALSE	FALSE	FALSE				FALSE	FALSE	FALSE	FALSE	TRUE	TRUE	50	65	50	40	40	65	310	Green	Bipedal+Tail		Overgrow		Grassy Surge		45	15	Field	Grass	20	2560	Medium Slow	"1,059,860"	0.3	1′00″	5	11	50	62	0	1	0	0	0	0	1	87.50%	12.50%	1	2	0.5	0.5	0.5	2	1	2	0.5	2	1	2	1	1	1	1	1	1	45-1|10-1|785-6|269-8|75-12|103-17|282-20|21-24|253-28|452-32|283-36	36-TM|182-TM|67-TM|512-TM|168-TM|885-TM|263-TM|129-TM|345-TM|374-TM|203-TM|241-TM|331-TM|206-TM|369-TM|34-TM|214-TM|402-TM|409-TM|447-TM|156-TM|269-TM|14-TM|164-TM|202-TM|412-TM|580-TM|520-TM|437-TM|76-TM|851-TM|282-TM|669-TM|253-TM|803-TM|283-TM	252-EM|74-EM|359-EM|73-EM|70-EM|388-EM		
811	811	Thwackey	Beat Pokémon	Grass																																	TRUE	TRUE	FALSE	FALSE	FALSE	FALSE				FALSE	FALSE	FALSE	FALSE	TRUE	TRUE	70	85	70	55	60	80	420	Green	Bipedal+Tailless		Overgrow		Grassy Surge	Level 16	45	15	Field	Grass	20	2560	Medium Slow	"1,059,860"	0.7	2′04″	14	30.9	50	147	0	2	0	0	0	0	2	87.50%	12.50%	1	2	0.5	0.5	0.5	2	1	2	0.5	2	1	2	1	1	1	1	1	1	785-1|45-1|10-1|269-1|75-12|103-19|282-24|21-30|253-36|452-42|283-48	36-TM|184-TM|182-TM|67-TM|512-TM|168-TM|885-TM|263-TM|129-TM|345-TM|374-TM|203-TM|241-TM|331-TM|206-TM|369-TM|34-TM|214-TM|402-TM|409-TM|447-TM|156-TM|269-TM|14-TM|164-TM|202-TM|412-TM|580-TM|520-TM|437-TM|76-TM|851-TM|282-TM|669-TM|253-TM|803-TM|38-TM|283-TM	252-EM|74-EM|359-EM|73-EM|70-EM|388-EM	458-EV	
812		GMAX Rillaboom	Drummer Pokémon	Grass																																	TRUE	TRUE	TRUE	TRUE	TRUE	TRUE										100	125	90	60	70	85	530	White	Bipedal+Tail		Overgrow		Grassy Surge	GMAX Factor	3	1					Medium Slow	"1,059,860"	28	"91'10"""	???	???	50	0	0	0	0	0	0	0	0	87.50%	12.50%	1	2	0.5	0.5	0.5	2	1	2	0.5	2	1	2	1	1	1	1	1	1					
812	812	Rillaboom	Drummer Pokémon	Grass																																	TRUE	TRUE	FALSE	FALSE	FALSE	FALSE				FALSE	FALSE	FALSE	FALSE	TRUE	TRUE	100	125	90	60	70	85	530	Green	Bipedal+Tailless		Overgrow		Grassy Surge	Level 35	45	15	Field	Grass	20	2560	Medium Slow	"1,059,860"	2.1	6′11″	90	198.4	50	265	0	3	0	0	0	0	3	87.50%	12.50%	1	2	0.5	0.5	0.5	2	1	2	0.5	2	1	2	1	1	1	1	1	1	785-1|458-1|580-1|45-1|568-1|10-1|269-1|75-12|103-19|282-24|21-30|253-38|452-46|283-54|586-62	36-TM|184-TM|182-TM|67-TM|512-TM|168-TM|885-TM|263-TM|523-TM|555-TM|129-TM|345-TM|341-TM|490-TM|374-TM|203-TM|241-TM|331-TM|206-TM|280-TM|369-TM|339-TM|34-TM|214-TM|402-TM|409-TM|447-TM|707-TM|156-TM|269-TM|14-TM|776-TM|164-TM|202-TM|304-TM|412-TM|414-TM|580-TM|520-TM|89-TM|416-TM|338-TM|411-TM|437-TM|63-TM|76-TM|851-TM|282-TM|667-TM|669-TM|253-TM|264-TM|803-TM|38-TM|283-TM	252-EM|74-EM|359-EM|73-EM|70-EM|388-EM	778-EV	
813	813	Scorbunny	Rabbit Pokémon	Fire																																	TRUE	TRUE	FALSE	FALSE	FALSE	FALSE				FALSE	FALSE	FALSE	FALSE	TRUE	TRUE	50	71	40	40	40	69	310	Gray	Bipedal+Tail		Blaze		Libero		45	15	Field	Human-Like	20	2560	Medium Slow	"1,059,860"	0.3	1′00″	4.5	9.9	50	62	0	0	0	0	0	1	1	87.50%	12.50%	1	0.5	2	1	0.5	0.5	1	1	2	1	1	0.5	2	1	1	1	0.5	0.5	45-1|33-1|52-6|98-8|24-12|488-17|97-20|29-24|68-28|340-32|38-36	36-TM|97-TM|182-TM|424-TM|67-TM|512-TM|885-TM|83-TM|263-TM|129-TM|488-TM|490-TM|203-TM|241-TM|369-TM|214-TM|486-TM|156-TM|269-TM|441-TM|164-TM|257-TM|53-TM|270-TM|226-TM|179-TM|126-TM|519-TM|315-TM|394-TM|851-TM|162-TM|807-TM|38-TM|915-TM	136-EM|28-EM|389-EM|162-EM		
814	814	Raboot	Rabbit Pokémon	Fire																																	TRUE	TRUE	FALSE	FALSE	FALSE	FALSE				FALSE	FALSE	FALSE	FALSE	TRUE	TRUE	65	86	60	55	60	94	420	White	Bipedal+Tail		Blaze		Libero	Level 16	45	15	Field	Human-Like	20	2560	Medium Slow	"1,059,860"	0.6	2′00″	9	19.8	50	147	0	0	0	0	0	2	2	87.50%	12.50%	1	0.5	2	1	0.5	0.5	1	1	2	1	1	0.5	2	1	1	1	0.5	0.5	52-1|45-1|98-1|33-1|24-12|488-19|97-24|29-30|68-36|340-42|38-48	36-TM|97-TM|182-TM|424-TM|67-TM|512-TM|885-TM|83-TM|263-TM|129-TM|341-TM|488-TM|490-TM|203-TM|241-TM|369-TM|339-TM|214-TM|486-TM|156-TM|269-TM|14-TM|441-TM|164-TM|257-TM|53-TM|270-TM|226-TM|179-TM|126-TM|519-TM|315-TM|394-TM|851-TM|162-TM|311-TM|807-TM|38-TM|915-TM	136-EM|28-EM|389-EM|162-EM		
815		GMAX Cinderace	Striker Pokémon	Fire																																	TRUE	TRUE	TRUE	TRUE	TRUE	TRUE										80	116	75	65	75	119	530	Blue	Quadruped		Blaze		Libero	GMAX Factor	3	1					Medium Slow	"1,059,860"	27	"88'7"""	???	???	50	0	0	0	0	0	0	0	0	87.50%	12.50%	1	0.5	2	1	0.5	0.5	1	1	2	1	1	0.5	2	1	1	1	0.5	0.5					
815	815	Cinderace	Striker Pokémon	Fire																																	TRUE	TRUE	FALSE	FALSE	FALSE	FALSE				FALSE	FALSE	FALSE	FALSE	TRUE	TRUE	80	116	75	65	75	119	530	White	Bipedal+Tail		Blaze		Libero	Level 35	45	15	Field	Human-Like	20	2560	Medium Slow	"1,059,860"	1.4	4′07″	33	72.8	50	265	0	0	0	0	0	3	3	87.50%	12.50%	1	0.5	2	1	0.5	0.5	1	1	2	1	1	0.5	2	1	1	1	0.5	0.5	52-1|364-1|45-1|98-1|33-1|24-12|488-19|97-24|29-30|68-38|340-46|38-54|756-62	36-TM|97-TM|189-TM|182-TM|424-TM|67-TM|512-TM|885-TM|83-TM|263-TM|555-TM|129-TM|341-TM|488-TM|490-TM|374-TM|203-TM|241-TM|428-TM|369-TM|339-TM|7-TM|214-TM|486-TM|156-TM|269-TM|14-TM|442-TM|441-TM|164-TM|261-TM|247-TM|257-TM|53-TM|270-TM|226-TM|179-TM|126-TM|519-TM|416-TM|307-TM|315-TM|411-TM|63-TM|394-TM|851-TM|479-TM|162-TM|311-TM|807-TM|38-TM|915-TM|811-TM|815-TM	136-EM|28-EM|389-EM|162-EM	780-EV	
816	816	Sobble	Water Lizard Pokémon	Water																																	TRUE	TRUE	FALSE	FALSE	FALSE	FALSE				FALSE	FALSE	FALSE	FALSE	TRUE	TRUE	50	40	40	70	40	70	310	Blue	Bipedal+Tail		Torrent		Sniper		45	15	Water 1	Field	20	2560	Medium Slow	"1,059,860"	0.3	1′00″	4	8.8	50	62	0	0	0	0	1	1	2	87.50%	12.50%	1	0.5	0.5	2	2	0.5	1	1	1	1	1	1	1	1	1	1	0.5	1	45-1|1-1|55-6|20-8|352-12|715-17|389-20|369-24|710-28|487-32|240-36	36-TM|182-TM|352-TM|886-TM|263-TM|129-TM|341-TM|203-TM|240-TM|369-TM|214-TM|115-TM|113-TM|127-TM|156-TM|164-TM|710-TM|57-TM|56-TM|518-TM|851-TM|114-TM|311-TM|250-TM|330-TM	453-EM|392-EM|104-EM|565-EM|114-EM|420-EM|54-EM		
817	817	Drizzile	Water Lizard Pokémon	Water																																	TRUE	TRUE	FALSE	FALSE	FALSE	FALSE				FALSE	FALSE	FALSE	FALSE	TRUE	TRUE	65	60	55	95	55	90	420	Blue	Bipedal+Tail		Torrent		Sniper	Level 16	45	15	Water 1	Field	20	2560	Medium Slow	"1,059,860"	0.7	2′04″	11.5	25.4	50	147	0	0	0	2	0	0	2	87.50%	12.50%	1	0.5	0.5	2	2	0.5	1	1	1	1	1	1	1	1	1	1	0.5	1	20-1|45-1|1-1|55-1|352-12|715-19|389-24|369-30|710-36|487-42|240-48	36-TM|182-TM|352-TM|886-TM|263-TM|129-TM|341-TM|374-TM|203-TM|240-TM|369-TM|214-TM|115-TM|113-TM|127-TM|156-TM|164-TM|710-TM|57-TM|226-TM|56-TM|518-TM|851-TM|114-TM|311-TM|250-TM|330-TM	453-EM|392-EM|104-EM|565-EM|114-EM|420-EM|54-EM		
818		GMAX Inteleon	Secret Agent Pokémon	Water																																	TRUE	TRUE	TRUE	TRUE	TRUE	TRUE										70	85	65	125	65	120	530	Brown	Bipedal+Tail		Torrent		Sniper	GMAX Factor	3	1					Medium Slow	"1,059,860"	40	"131'3"""	???	???	50	0	0	0	0	0	0	0	0	87.50%	12.50%	1	0.5	0.5	2	2	0.5	1	1	1	1	1	1	1	1	1	1	0.5	1					
818	818	Inteleon	Secret Agent Pokémon	Water																																	TRUE	TRUE	FALSE	FALSE	FALSE	FALSE				FALSE	FALSE	FALSE	FALSE	TRUE	TRUE	70	85	65	125	65	120	530	Blue	Bipedal+Tail		Torrent		Sniper	Level 35	45	15	Water 1	Field	20	2560	Medium Slow	"1,059,860"	1.9	6′03″	45.2	99.6	50	265	0	0	0	0	0	3	3	87.50%	12.50%	1	0.5	0.5	2	2	0.5	1	1	1	1	1	1	1	1	1	1	0.5	1	512-1|20-1|45-1|1-1|55-1|352-12|715-19|389-24|369-30|710-38|487-46|240-54|56-62	36-TM|97-TM|182-TM|352-TM|512-TM|886-TM|263-TM|129-TM|196-TM|341-TM|314-TM|374-TM|203-TM|240-TM|883-TM|369-TM|403-TM|214-TM|115-TM|113-TM|127-TM|118-TM|156-TM|269-TM|14-TM|399-TM|164-TM|710-TM|247-TM|57-TM|226-TM|58-TM|56-TM|59-TM|518-TM|416-TM|308-TM|63-TM|851-TM|114-TM|479-TM|410-TM|333-TM|503-TM|311-TM|812-TM|244-TM|250-TM|330-TM|806-TM|784-TM	453-EM|392-EM|104-EM|565-EM|114-EM|420-EM|54-EM	745-EV	
819	819	Skwovet	Cheeky Pokémon	Normal																																	TRUE	TRUE	TRUE	TRUE	TRUE	TRUE				TRUE	TRUE	TRUE	TRUE	FALSE	FALSE	70	55	55	35	35	25	275	Brown	Bipedal+Tail		Cheek Pouch		Gluttony		255	85	Field		15	1920	Medium Fast	"1,000,000"	0.3	1′00″	2.5	5.5	50	55	1	0	0	0	0	0	1	50%	50%	1	1	1	1	1	1	2	1	1	1	1	1	1	0	1	1	1	1	33-1|39-1|44-5|747-10|255-15|254-15|256-15|34-20|156-25|68-30|331-35|162-40|562-45	36-TM|189-TM|182-TM|168-TM|885-TM|263-TM|341-TM|374-TM|203-TM|91-TM|331-TM|34-TM|214-TM|402-TM|156-TM|164-TM|242-TM|304-TM|133-TM|851-TM|360-TM|162-TM|38-TM|283-TM|174-TM	187-EM|111-EM|387-EM|205-EM		
820	820	Greedent	Greedy Pokémon	Normal																																	TRUE	TRUE	TRUE	TRUE	TRUE	TRUE				TRUE	TRUE	TRUE	TRUE	FALSE	FALSE	120	95	95	55	75	20	460	Blue	1 Pair of Wings		Cheek Pouch		Gluttony	Level 24	90	30	Field		15	1920	Medium Fast	"1,000,000"	0.6	2′00″	6	13.2	50	161	2	0	0	0	0	0	2	50%	50%	1	1	1	1	1	1	2	1	1	1	1	1	1	0	1	1	1	1	44-1|747-1|33-1|39-1|255-15|254-15|256-15|34-20|156-27|68-34|331-41|162-48|562-55	36-TM|189-TM|182-TM|424-TM|422-TM|423-TM|168-TM|885-TM|263-TM|523-TM|341-TM|374-TM|203-TM|241-TM|240-TM|91-TM|331-TM|706-TM|34-TM|214-TM|402-TM|707-TM|156-TM|14-TM|776-TM|164-TM|242-TM|304-TM|133-TM|528-TM|89-TM|416-TM|63-TM|851-TM|360-TM|282-TM|162-TM|667-TM|38-TM|283-TM|174-TM	187-EM|111-EM|387-EM|205-EM	343-EV	
821	821	Rookidee	Tiny Bird Pokémon	Flying																																	TRUE	TRUE	FALSE	FALSE	TRUE	TRUE				TRUE	TRUE	FALSE	FALSE	FALSE	FALSE	38	47	35	33	35	57	245	Blue	1 Pair of Wings		Keen Eye	Unnerve	Big Pecks		255	85	Flying		15	1920	Medium Slow	"1,059,860"	0.2	0′08″	1.8	4	50	49	0	0	0	0	0	1	1	50%	50%	1	1	1	2	0.5	2	0.5	1	0	1	1	0.5	2	1	1	1	1	1	43-1|64-1|681-4|468-8|31-12|365-16|269-20|184-24|65-28|207-32|413-36	36-TM|313-TM|97-TM|184-TM|182-TM|168-TM|263-TM|332-TM|129-TM|314-TM|203-TM|369-TM|403-TM|214-TM|156-TM|269-TM|19-TM|164-TM|366-TM|179-TM|417-TM|413-TM|851-TM|180-TM|814-TM	432-EM|249-EM|355-EM|28-EM|143-EM|180-EM|366-EM		
822	822	Corvisquire	Raven Pokémon	Flying																																	TRUE	TRUE	FALSE	FALSE	TRUE	TRUE				TRUE	TRUE	FALSE	FALSE	FALSE	FALSE	68	67	55	43	55	77	365	Purple	1 Pair of Wings		Keen Eye	Unnerve	Big Pecks	Level 18	120	40	Flying		15	1920	Medium Slow	"1,059,860"	0.8	2′07″	16	35.3	50	128	0	0	0	0	0	2	2	50%	50%	1	1	1	2	0.5	2	0.5	1	0	1	1	0.5	2	1	1	1	1	1	468-1|43-1|64-1|681-1|31-12|365-16|269-22|184-28|65-34|207-40|413-46	36-TM|313-TM|97-TM|184-TM|182-TM|168-TM|263-TM|332-TM|129-TM|314-TM|203-TM|241-TM|369-TM|403-TM|214-TM|156-TM|269-TM|19-TM|164-TM|366-TM|179-TM|417-TM|542-TM|413-TM|851-TM|180-TM|814-TM	432-EM|249-EM|355-EM|28-EM|143-EM|180-EM|366-EM		
823		GMAX Corviknight	Raven Pokémon	Flying	Steel																																TRUE	TRUE	TRUE	TRUE	TRUE	TRUE										98	87	105	53	85	67	495	Blue	Insectoid		Pressure	Unnerve	Mirror Armor	GMAX Factor	3	1					Medium Slow	"1,059,860"	14	"45'11"""	???	???	50	0	0	0	0	0	0	0	0	50%	50%	0.5	2	1	2	0.25	1	1	0	0	0.5	0.5	0.25	1	1	0.5	1	0.5	0.5					
823	823	Corviknight	Raven Pokémon	Flying	Steel																																TRUE	TRUE	FALSE	FALSE	TRUE	TRUE				TRUE	TRUE	FALSE	FALSE	FALSE	FALSE	98	87	105	53	85	67	495	Purple	1 Pair of Wings		Pressure	Unnerve	Mirror Armor	Level 38	45	15	Flying		15	1920	Medium Slow	"1,059,860"	2.2	7′03″	75	165.3	50	248	0	0	3	0	0	0	3	50%	50%	0.5	2	1	2	0.25	1	1	0	0	0.5	0.5	0.25	1	1	0.5	1	0.5	0.5	468-1|334-1|43-1|319-1|64-1|681-1|103-1|31-12|365-16|269-22|184-28|65-34|207-42|413-50	36-TM|313-TM|97-TM|184-TM|182-TM|168-TM|263-TM|332-TM|232-TM|129-TM|314-TM|203-TM|241-TM|240-TM|369-TM|339-TM|403-TM|34-TM|214-TM|115-TM|113-TM|156-TM|269-TM|776-TM|430-TM|19-TM|442-TM|164-TM|334-TM|366-TM|484-TM|179-TM|417-TM|416-TM|542-TM|63-TM|413-TM|796-TM|851-TM|180-TM|814-TM|38-TM|319-TM|174-TM	432-EM|249-EM|355-EM|28-EM|143-EM|180-EM|366-EM	211-EV	
824	824	Blipbug	Larva Pokémon	Bug																																	TRUE	TRUE	TRUE	TRUE	FALSE	FALSE										25	20	20	25	45	45	180	Yellow	Insectoid		Swarm	Compound Eyes	Telepathy		255	85	Bug		15	1920	Medium Fast	"1,000,000"	0.4	1′04″	8	17.6	50	36	0	0	0	0	1	0	1	50%	50%	1	2	1	1	0.5	1	0.5	1	0.5	2	1	1	2	1	1	1	1	1					
825	825	Dottler	Radome Pokémon	Bug	Psychic																																TRUE	TRUE	TRUE	TRUE	FALSE	FALSE										50	35	80	50	90	30	335	Red	1 Pair of Wings		Swarm	Compound Eyes	Telepathy	Level 10	120	40	Bug		15	1920	Medium Fast	"1,000,000"	0.4	1′04″	19.5	43	50	117	0	0	0	0	2	0	2	50%	50%	1	2	1	1	0.5	1	0.25	1	0.5	2	0.5	2	2	2	1	2	1	1					
826		GMAX Orbeetle	Seven Spot Pokémon	Bug	Psychic																																TRUE	TRUE	TRUE	TRUE	TRUE	TRUE										60	45	110	80	120	90	505	Brown	Quadruped		Swarm	Frisk	Telepathy	GMAX Factor	3	1					Medium Fast	"1,000,000"	14	"45'11"""	???	???	50	0	0	0	0	0	0	0	0	50%	50%	1	2	1	1	0.5	1	0.25	1	0.5	2	0.5	2	2	2	1	2	1	1					
826	826	Orbeetle	Seven Spot Pokémon	Bug	Psychic																																TRUE	TRUE	TRUE	TRUE	FALSE	FALSE										60	45	110	80	120	90	505	Red	1 Pair of Wings		Swarm	Frisk	Telepathy	Level 30	45	15	Bug		15	1920	Medium Fast	"1,000,000"	0.4	1′04″	40.8	89.9	50	253	0	0	0	0	3	0	3	50%	50%	1	2	1	1	0.5	1	0.25	1	0.5	2	0.5	2	2	2	1	2	1	1					
827	827	Nickit	Fox Pokémon	Dark																																	TRUE	TRUE	FALSE	FALSE	FALSE	FALSE										40	28	28	47	52	50	245	Brown	Quadruped		Run Away	Unburden	Stakeout		255	85	Field		15	1920	Fast	"800,000"	0.6	2′00″	8.9	19.6	50	49	0	0	0	0	1	0	1	50%	50%	1	1	1	1	1	1	2	1	1	1	0	2	1	0.5	1	0.5	1	2					
828	828	Thievul	Fox Pokémon	Dark																																	TRUE	TRUE	FALSE	FALSE	FALSE	FALSE										70	58	58	87	92	90	455	Green	Head+Base		Run Away	Unburden	Stakeout	Level 18	127	42.33	Field		15	1920	Fast	"800,000"	1.2	3′11″	19.9	43.9	50	159	0	0	0	0	2	0	2	50%	50%	1	1	1	1	1	1	2	1	1	1	0	2	1	0.5	1	0.5	1	2					
829	829	Gossifleur	Flowering Pokémon	Grass																																	TRUE	TRUE	FALSE	FALSE	TRUE	TRUE										40	40	60	40	60	10	250	Green	Head+Base		Cotton Down	Regenerator	Effect Spore		190	63.33	Grass		20	2560	Medium Fast	"1,000,000"	0.4	1′04″	2.2	4.9	50	50	0	0	0	0	1	0	1	50%	50%	1	2	0.5	0.5	0.5	2	1	2	0.5	2	1	2	1	1	1	1	1	1					
830	830	Eldegoss	Cotton Bloom Pokémon	Grass																																	TRUE	TRUE	FALSE	FALSE	TRUE	TRUE										60	50	90	80	120	60	460	White	Quadruped		Cotton Down	Regenerator	Effect Spore	Level 20	75	25	Grass		20	2560	Medium Fast	"1,000,000"	0.5	1′08″	2.5	5.5	50	161	0	0	0	0	2	0	2	50%	50%	1	2	0.5	0.5	0.5	2	1	2	0.5	2	1	2	1	1	1	1	1	1					
831	831	Wooloo	Sheep Pokémon	Normal																																	TRUE	TRUE	FALSE	FALSE	TRUE	TRUE										42	40	55	40	45	48	270	White	Quadruped		Fluffy	Run Away	Bulletproof		255	85	Field		15	1920	Medium Fast	"1,000,000"	0.6	2′00″	6	13.2	50	122	0	0	1	0	0	0	1	50%	50%	1	1	1	1	1	1	2	1	1	1	1	1	1	0	1	1	1	1					
832	832	Dubwool	Sheep Pokémon	Normal																																	TRUE	TRUE	FALSE	FALSE	TRUE	TRUE										72	80	100	60	90	88	490	Green	Quadruped		Fluffy	Steadfast	Bulletproof	Level 24	127	42.33	Field		15	1920	Medium Fast	"1,000,000"	1.3	4′03″	43	94.8	50	172	0	0	2	0	0	0	2	50%	50%	1	1	1	1	1	1	2	1	1	1	1	1	1	0	1	1	1	1					
833	833	Chewtle	Snapping Pokémon	Water																																	TRUE	TRUE	TRUE	TRUE	FALSE	FALSE				TRUE	TRUE	TRUE	TRUE	FALSE	FALSE	50	64	50	38	38	44	284	Green	Quadruped		Strong Jaw	Shell Armor	Swift Swim		255	85	Monster	Water 1	20	2560	Medium Fast	"1,000,000"	0.3	1′00″	8.5	18.7	50	57	0	1	0	0	0	0	1	50%	50%	1	0.5	0.5	2	2	0.5	1	1	1	1	1	1	1	1	1	1	0.5	1	33-1|55-1|44-7|182-14|29-21|68-28|746-35|710-42|34-49	36-TM|184-TM|182-TM|423-TM|352-TM|886-TM|263-TM|341-TM|525-TM|203-TM|240-TM|206-TM|34-TM|214-TM|127-TM|398-TM|707-TM|156-TM|164-TM|242-TM|710-TM|57-TM|56-TM|851-TM|250-TM|806-TM	525-EM|380-EM|504-EM		
834		GMAX Drednaw	Bite Pokémon	Water	Rock																																TRUE	TRUE	TRUE	TRUE	TRUE	TRUE										90	115	90	48	68	74	485	Yellow	Quadruped		Strong Jaw	Shell Armor	Swift Swim	GMAX Factor	3	1					Medium Fast	"1,000,000"	24	"78'9"""	???	???	50	0	0	0	0	0	0	0	0	50%	50%	0.5	0.25	1	2	4	0.5	2	0.5	2	0.5	1	1	1	1	1	1	1	1					
834	834	Drednaw	Bite Pokémon	Water	Rock																																TRUE	TRUE	TRUE	TRUE	FALSE	FALSE				TRUE	TRUE	TRUE	TRUE	FALSE	FALSE	90	115	90	48	68	74	485	Green	Quadruped		Strong Jaw	Shell Armor	Swift Swim	Level 22	75	25	Monster	Water 1	20	2560	Medium Fast	"1,000,000"	1	3′03″	115.5	254.6	50	170	0	2	0	0	0	0	2	50%	50%	0.5	0.25	1	2	4	0.5	2	0.5	2	0.5	1	1	1	1	1	1	1	1	44-1|242-1|182-1|534-1|397-1|33-1|55-1|29-21|68-30|746-39|710-48|34-57|457-66	36-TM|184-TM|182-TM|423-TM|352-TM|886-TM|263-TM|523-TM|341-TM|317-TM|525-TM|203-TM|240-TM|201-TM|684-TM|91-TM|206-TM|34-TM|214-TM|350-TM|127-TM|398-TM|707-TM|156-TM|157-TM|14-TM|776-TM|164-TM|334-TM|242-TM|710-TM|446-TM|57-TM|861-TM|414-TM|58-TM|56-TM|59-TM|89-TM|444-TM|416-TM|63-TM|851-TM|328-TM|162-TM|667-TM|38-TM|250-TM|330-TM|806-TM|800-TM|675-TM	525-EM|380-EM|504-EM	317-EV	
835	835	Yamper	Puppy Pokémon	Electric																																	TRUE	TRUE	FALSE	FALSE	TRUE	TRUE										59	45	50	40	50	26	270	Yellow	Quadruped		Ball Fetch		Rattled		255	85	Field		20	2560	Fast	"800,000"	0.3	1′00″	13.5	29.8	50	54	1	0	0	0	0	0	1	50%	50%	1	1	1	0.5	1	1	1	1	2	0.5	1	1	1	1	1	1	0.5	1					
836	836	Boltund	Dog Pokémon	Electric																																	TRUE	TRUE	FALSE	FALSE	TRUE	TRUE										69	90	60	90	60	121	490	Black	Head		Strong Jaw		Competitive	Level 25	45	15	Field		20	2560	Fast	"800,000"	1	3′03″	34	75	50	172	0	0	0	0	0	2	2	50%	50%	1	1	1	0.5	1	1	1	1	2	0.5	1	1	1	1	1	1	0.5	1					
837	837	Rolycoly	Coal Pokémon	Rock																																	TRUE	TRUE	FALSE	FALSE	TRUE	TRUE				TRUE	TRUE	FALSE	FALSE	FALSE	FALSE	30	40	50	40	50	30	240	Black	Head+Legs		Steam Engine	Heatproof	Flash Fire		255	85	Mineral		15	1920	Medium Slow	"1,059,860"	0.3	1′00″	12	26.5	50	48	0	0	1	0	0	0	1	50%	50%	0.5	0.5	2	1	2	1	2	0.5	2	0.5	1	1	1	1	1	1	2	1	108-1|33-1|229-5|479-10|397-15|246-20|510-25|446-30|535-35|350-40	36-TM|189-TM|182-TM|263-TM|523-TM|317-TM|203-TM|201-TM|91-TM|34-TM|214-TM|115-TM|350-TM|156-TM|157-TM|191-TM|442-TM|408-TM|164-TM|334-TM|261-TM|446-TM|444-TM|851-TM|328-TM|479-TM|360-TM|535-TM|915-TM|800-TM|174-TM	335-EM|153-EM|189-EM		
838	838	Carkol	Coal Pokémon	Rock	Fire																																TRUE	TRUE	FALSE	FALSE	TRUE	TRUE				TRUE	TRUE	FALSE	FALSE	FALSE	FALSE	80	60	90	60	70	50	410	Black	Bipedal+Tailless		Steam Engine	Flame Body	Flash Fire	Level 18	120	40	Mineral		15	1920	Medium Slow	"1,059,860"	1.1	3′07″	78	172	50	144	0	0	2	0	0	0	2	50%	50%	0.5	0.25	4	1	1	0.5	2	0.5	4	0.5	1	0.5	2	1	1	1	1	0.5	229-1|479-1|108-1|33-1|397-15|246-20|510-27|446-35|535-41|350-48|444-55	36-TM|189-TM|182-TM|83-TM|263-TM|523-TM|317-TM|488-TM|203-TM|241-TM|201-TM|91-TM|34-TM|214-TM|115-TM|350-TM|156-TM|157-TM|776-TM|191-TM|442-TM|408-TM|164-TM|334-TM|261-TM|446-TM|257-TM|484-TM|53-TM|126-TM|444-TM|315-TM|394-TM|851-TM|328-TM|479-TM|360-TM|503-TM|535-TM|915-TM|815-TM|800-TM|174-TM	335-EM|153-EM|189-EM	488-EV	
839		GMAX Coalossal	Coal Pokémon	Rock	Fire																																TRUE	TRUE	TRUE	TRUE	TRUE	TRUE										110	80	120	80	90	30	510	Green	Serpentine		Steam Engine	Flame Body	Flash Fire	GMAX Factor	3	1					Medium Slow	"1,059,860"	42	"137'10"""	???	???	50	0	0	0	0	0	0	0	0	50%	50%	0.5	0.25	4	1	1	0.5	2	0.5	4	0.5	1	0.5	2	1	1	1	1	0.5					
839	839	Coalossal	Coal Pokémon	Rock	Fire																																TRUE	TRUE	FALSE	FALSE	TRUE	TRUE				TRUE	TRUE	FALSE	FALSE	FALSE	FALSE	110	80	120	80	90	30	510	Black	Bipedal+Tailless		Steam Engine	Flame Body	Flash Fire	Level 34	45	15	Mineral		15	1920	Medium Slow	"1,059,860"	2.8	9′02″	310.5	684.5	50	255	0	0	3	0	0	0	3	50%	50%	0.5	0.25	4	1	1	0.5	2	0.5	4	0.5	1	0.5	2	1	1	1	1	0.5	488-1|229-1|479-1|108-1|33-1|397-15|246-20|510-27|446-37|535-45|350-54|444-63	36-TM|189-TM|182-TM|83-TM|263-TM|523-TM|317-TM|488-TM|203-TM|241-TM|201-TM|91-TM|34-TM|7-TM|214-TM|115-TM|350-TM|156-TM|157-TM|776-TM|191-TM|442-TM|408-TM|164-TM|334-TM|261-TM|446-TM|257-TM|484-TM|53-TM|414-TM|126-TM|89-TM|444-TM|416-TM|315-TM|63-TM|394-TM|76-TM|851-TM|328-TM|479-TM|360-TM|667-TM|503-TM|535-TM|915-TM|815-TM|800-TM|174-TM	335-EM|153-EM|189-EM	749-EV	
840	840	Applin	Apple Core Pokémon	Grass	Dragon																																TRUE	TRUE	TRUE	TRUE	FALSE	FALSE				TRUE	TRUE	TRUE	TRUE	FALSE	FALSE	40	40	80	40	40	20	260	Green	1 Pair of Wings		Ripen	Gluttony	Bulletproof		255	85	Grass	Dragon	20	2560	Erratic	"600,000"	0.2	0′08″	0.5	1.1	50	52	0	0	1	0	0	0	1	50%	50%	1	1	0.25	0.25	0.25	4	1	2	0.5	2	1	2	1	1	2	1	1	2	310-1|110-1	884-TM|851-TM	111-EM|278-EM|205-EM|389-EM		
841		GMAX Flapple	Apple Wing Pokémon	Grass	Dragon																																TRUE	TRUE	TRUE	TRUE	TRUE	TRUE										70	110	80	95	60	70	485	Green	Quadruped		Ripen	Gluttony	Hustle	GMAX Factor	3	1					Erratic	"600,000"	24	"78'9"""	???	???	50	0	0	0	0	0	0	0	0	50%	50%	1	1	0.25	0.25	0.25	4	1	2	0.5	2	1	2	1	1	2	1	1	2					
841	841	Flapple	Apple Wing Pokémon	Grass	Dragon																																TRUE	FALSE	TRUE	FALSE	FALSE	FALSE				TRUE	TRUE	TRUE	TRUE	FALSE	FALSE	70	110	80	95	60	70	485	Green	1 Pair of Wings		Ripen	Gluttony	Hustle	Tart Apple	45	15	Grass	Dragon	20	2560	Erratic	"600,000"	0.3	1′00″	1	2.2	50	170	0	2	0	0	0	0	2	50%	50%	1	1	0.25	0.25	0.25	4	1	2	0.5	2	1	2	1	1	2	1	1	2	310-1|74-1|278-1|239-1|110-1|491-4|512-8|73-12|182-16|225-20|349-24|406-28|788-32|334-36|19-40|407-44	36-TM|184-TM|182-TM|491-TM|512-TM|885-TM|884-TM|263-TM|332-TM|345-TM|203-TM|241-TM|331-TM|369-TM|403-TM|214-TM|402-TM|447-TM|156-TM|19-TM|349-TM|164-TM|334-TM|202-TM|406-TM|412-TM|484-TM|580-TM|416-TM|200-TM|437-TM|63-TM|76-TM|434-TM|851-TM|803-TM|814-TM|283-TM	111-EM|278-EM|205-EM|389-EM	17-EV	
842		GMAX Appletun	Apple Nectar Pokémon	Grass	Dragon																																TRUE	TRUE	TRUE	TRUE	TRUE	TRUE										110	85	80	100	80	30	485	Green	Serpentine		Ripen	Gluttony	Thick Fat	GMAX Factor	3	1					Erratic	"600,000"	24	"78'9"""	???	???	50	0	0	0	0	0	0	0	0	50%	50%	1	1	0.25	0.25	0.25	4	1	2	0.5	2	1	2	1	1	2	1	1	2					
842	842	Appletun	Apple Nectar Pokémon	Grass	Dragon																																FALSE	TRUE	FALSE	TRUE	FALSE	FALSE				TRUE	TRUE	TRUE	TRUE	FALSE	FALSE	110	85	80	100	80	30	485	Green	Quadruped		Ripen	Gluttony	Thick Fat	Sweet Apple	45	15	Grass	Dragon	20	2560	Erratic	"600,000"	0.4	1′04″	13	28.7	50	170	2	0	0	0	0	0	2	50%	50%	1	1	0.25	0.25	0.25	4	1	2	0.5	2	1	2	1	1	2	1	1	2	310-1|74-1|278-1|230-1|110-1|174-4|23-8|73-12|182-16|331-20|105-24|787-28|34-32|334-36|406-40|412-44	36-TM|182-TM|885-TM|884-TM|263-TM|523-TM|345-TM|525-TM|203-TM|241-TM|240-TM|331-TM|428-TM|34-TM|214-TM|402-TM|115-TM|113-TM|447-TM|707-TM|156-TM|776-TM|442-TM|164-TM|334-TM|202-TM|406-TM|412-TM|484-TM|133-TM|270-TM|580-TM|89-TM|416-TM|200-TM|437-TM|63-TM|76-TM|434-TM|851-TM|360-TM|667-TM|803-TM|174-TM	111-EM|278-EM|205-EM|389-EM	29-EV	
843	843	Silicobra	Sand Snake Pokémon	Ground																																	TRUE	TRUE	TRUE	TRUE	FALSE	FALSE				TRUE	TRUE	FALSE	FALSE	FALSE	FALSE	52	57	75	35	50	46	315	Green	Serpentine		Sand Spit	Shed Skin	Sand Veil		255	85	Field	Dragon	20	2560	Medium Fast	"1,000,000"	2.2	7′03″	7.6	16.8	50	63	0	0	1	0	0	0	1	50%	50%	1	1	2	0	2	2	1	0.5	1	1	1	1	0.5	1	1	1	1	1	28-1|35-1|107-5|693-10|523-15|29-20|137-25|91-30|201-35|21-40|489-45|328-50	36-TM|189-TM|184-TM|182-TM|263-TM|342-TM|523-TM|341-TM|317-TM|203-TM|201-TM|91-TM|34-TM|214-TM|350-TM|156-TM|157-TM|164-TM|529-TM|446-TM|414-TM|89-TM|444-TM|851-TM|328-TM|799-TM|815-TM|806-TM	562-EM|407-EM|387-EM|189-EM|342-EM		
844		GMAX Sandaconda	Sand Snake Pokémon	Ground																																	TRUE	TRUE	TRUE	TRUE	TRUE	TRUE										72	107	125	65	70	71	510	Blue	1 Pair of Wings		Sand Spit	Shed Skin	Sand Veil	GMAX Factor	3	1					Medium Fast	"1,000,000"	22	"77'2"""	???	???	50	0	0	0	0	0	0	0	0	50%	50%	1	1	2	0	2	2	1	0.5	1	1	1	1	0.5	1	1	1	1	1					
844	844	Sandaconda	Sand Snake Pokémon	Ground																																	TRUE	TRUE	TRUE	TRUE	FALSE	FALSE				TRUE	TRUE	FALSE	FALSE	FALSE	FALSE	72	107	125	65	70	71	510	Green	Serpentine		Sand Spit	Shed Skin	Sand Veil	Level 36	120	40	Field	Dragon	20	2560	Medium Fast	"1,000,000"	3.8	12′06″	65.5	144.4	50	179	0	0	2	0	0	0	2	50%	50%	1	1	2	0	2	2	1	0.5	1	1	1	1	0.5	1	1	1	1	1	693-1|107-1|28-1|35-1|523-15|29-20|137-25|91-30|201-35|21-42|489-49|328-51	36-TM|189-TM|184-TM|182-TM|424-TM|422-TM|263-TM|342-TM|523-TM|341-TM|317-TM|203-TM|201-TM|91-TM|428-TM|34-TM|214-TM|350-TM|156-TM|157-TM|776-TM|442-TM|164-TM|334-TM|529-TM|446-TM|414-TM|89-TM|444-TM|416-TM|200-TM|542-TM|63-TM|851-TM|328-TM|667-TM|799-TM|283-TM|815-TM|806-TM	562-EM|407-EM|387-EM|189-EM|342-EM		
845	845	Cramorant	Gulp Pokémon	Flying	Water																																TRUE	TRUE	TRUE	TRUE	FALSE	FALSE				FALSE	FALSE	TRUE	FALSE	FALSE	FALSE	70	85	55	85	95	85	475	Blue	1 Pair of Wings		Gulp Missile				45	15	Water 1	Flying	20	2560	Medium Fast	"1,000,000"	0.8	2′07″	18	39.7	50	166	0	0	0	0	2	0	2	50%	50%	1	0.5	0.5	4	1	1	0.5	1	0	1	1	0.5	2	1	1	1	0.5	1	64-1|255-1|254-1|256-1|55-7|31-14|365-21|291-28|65-35|133-42|37-49|56-56	36-TM|97-TM|182-TM|352-TM|512-TM|168-TM|884-TM|886-TM|263-TM|332-TM|196-TM|314-TM|203-TM|240-TM|403-TM|214-TM|156-TM|19-TM|164-TM|710-TM|366-TM|57-TM|133-TM|179-TM|58-TM|56-TM|59-TM|416-TM|542-TM|63-TM|413-TM|851-TM|253-TM|311-TM|814-TM|283-TM|250-TM|297-TM|675-TM	332-EM|895-EM|392-EM|432-EM|297-EM|355-EM		562-R
845		Cramorant Gulping Form	Gulp Pokémon	Flying	Water																																TRUE	TRUE	TRUE	TRUE	FALSE	FALSE				FALSE	FALSE	TRUE	FALSE	FALSE	FALSE	70	85	55	85	95	85	475	Blue	1 Pair of Wings		Gulp Missile				45	15	Water 1	Flying	20	2560	Medium Fast	"1,000,000"	0.8	2′07″	18	39.7	50	166	0	0	0	0	2	0	2	50%	50%	1	0.5	0.5	4	1	1	0.5	1	0	1	1	0.5	2	1	1	1	0.5	1	64-1|255-1|254-1|256-1|55-7|31-14|365-21|291-28|65-35|133-42|37-49|56-56	36-TM|97-TM|182-TM|352-TM|512-TM|168-TM|884-TM|886-TM|263-TM|332-TM|196-TM|314-TM|203-TM|240-TM|403-TM|214-TM|156-TM|19-TM|164-TM|710-TM|366-TM|57-TM|133-TM|179-TM|58-TM|56-TM|59-TM|416-TM|542-TM|63-TM|413-TM|851-TM|253-TM|311-TM|814-TM|283-TM|250-TM|297-TM|675-TM	332-EM|895-EM|392-EM|432-EM|297-EM|355-EM		562-R
845		Cramorant Gorging Form	Gulp Pokémon	Flying	Water																																TRUE	TRUE	TRUE	TRUE	FALSE	FALSE				FALSE	FALSE	TRUE	FALSE	FALSE	FALSE	70	85	55	85	95	85	475	Brown	Fins		Gulp Missile				45	15	Water 1	Flying	20	2560	Medium Fast	"1,000,000"	0.8	2′07″	18	39.7	50	166	0	0	0	0	2	0	2	50%	50%	1	0.5	0.5	4	1	1	0.5	1	0	1	1	0.5	2	1	1	1	0.5	1	64-1|255-1|254-1|256-1|55-7|31-14|365-21|291-28|65-35|133-42|37-49|56-56	36-TM|97-TM|182-TM|352-TM|512-TM|168-TM|884-TM|886-TM|263-TM|332-TM|196-TM|314-TM|203-TM|240-TM|403-TM|214-TM|156-TM|19-TM|164-TM|710-TM|366-TM|57-TM|133-TM|179-TM|58-TM|56-TM|59-TM|416-TM|542-TM|63-TM|413-TM|851-TM|253-TM|311-TM|814-TM|283-TM|250-TM|297-TM|675-TM	332-EM|895-EM|392-EM|432-EM|297-EM|355-EM		562-R
846	846	Arrokuda	Rush Pokémon	Water																																	TRUE	TRUE	TRUE	TRUE	FALSE	FALSE				TRUE	TRUE	TRUE	TRUE	FALSE	FALSE	41	63	40	40	30	66	280	Brown	Fins		Swift Swim		Propellor Tail		255	85	Water 2		20	2560	Slow	"1,250,000"	0.5	1′08″	1	2.2	50	56	0	0	0	0	0	1	1	50%	50%	1	0.5	0.5	2	2	0.5	1	1	1	1	1	1	1	1	1	1	0.5	1	453-1|64-1|31-6|44-12|97-18|291-24|116-30|242-36|710-42|38-48	36-TM|97-TM|182-TM|423-TM|352-TM|886-TM|263-TM|129-TM|203-TM|240-TM|280-TM|706-TM|214-TM|127-TM|156-TM|164-TM|529-TM|242-TM|710-TM|57-TM|56-TM|370-TM|851-TM|812-TM|799-TM|38-TM|250-TM|675-TM	367-EM|400-EM|163-EM|37-EM		
847	847	Barraskewda	Skewer Pokémon	Water																																	TRUE	TRUE	TRUE	TRUE	FALSE	FALSE				TRUE	TRUE	TRUE	TRUE	FALSE	FALSE	61	123	60	60	50	136	490	Purple	Bipedal+Tail		Swift Swim		Propellor Tail	Level 26	60	20	Water 2		20	2560	Slow	"1,250,000"	1.3	4′03″	30	66.1	50	172	0	0	0	0	0	2	2	50%	50%	1	0.5	0.5	2	2	0.5	1	1	1	1	1	1	1	1	1	1	0.5	1	453-1|44-1|31-1|64-1|675-1|97-18|291-24|116-32|242-40|710-48|38-56	36-TM|97-TM|184-TM|182-TM|423-TM|352-TM|886-TM|263-TM|129-TM|203-TM|240-TM|280-TM|706-TM|214-TM|127-TM|398-TM|156-TM|164-TM|529-TM|242-TM|710-TM|57-TM|58-TM|56-TM|59-TM|416-TM|63-TM|370-TM|851-TM|812-TM|799-TM|38-TM|250-TM|675-TM	367-EM|400-EM|163-EM|37-EM		
848	848	Toxel	Baby Pokémon	Electric	Poison																																TRUE	TRUE	FALSE	FALSE	FALSE	FALSE				TRUE	TRUE	FALSE	FALSE	FALSE	FALSE	40	38	35	54	35	40	242	Purple	Bipedal+Tail		Rattled	Static	Klutz		75	25	No Eggs Discovered		25	3200	Medium Slow	"1,059,860"	0.4	1′04″	11	24.3	50	48	0	0	0	1	0	0	1	50%	50%	1	1	1	0.5	0.5	1	0.5	0.5	4	0.5	2	0.5	1	1	1	1	0.5	0.5	51-1|562-1|175-1|45-1|609-1|715-1	204-TM|182-TM|263-TM|203-TM|214-TM|156-TM|164-TM|227-TM|851-TM|283-TM|319-TM	283-EM|319-EM		
849		GMAX Toxtricity Amped Form	Punk Pokémon	Electric	Poison																																TRUE	TRUE	TRUE	TRUE	TRUE	TRUE										75	98	70	114	70	75	502	Purple	Bipedal+Tail		Punk Rock	Plus	Technician	GMAX Factor	3	1					Medium Slow	"1,059,860"	24	"78'9"""	???	???	50	0	0	0	0	0	0	0	0	50%	50%	1	1	1	0.5	0.5	1	0.5	0.5	4	0.5	2	0.5	1	1	1	1	0.5	0.5					
849		GMAX Toxtricity Low Key Form	Punk Pokémon	Electric	Poison																																TRUE	TRUE	TRUE	TRUE	TRUE	TRUE										75	98	70	114	70	75	502	Red	Tentacles		Punk Rock	Minus	Technician	GMAX Factor	3	1					Medium Slow	"1,059,860"	24	"78'9"""	???	???	50	0	0	0	0	0	0	0	0	50%	50%	1	1	1	0.5	0.5	1	0.5	0.5	4	0.5	2	0.5	1	1	1	1	0.5	0.5					
849	849	Toxtricity Amped Form	Punk Pokémon	Electric	Poison																																TRUE	TRUE	FALSE	FALSE	FALSE	FALSE				TRUE	TRUE	FALSE	FALSE	FALSE	FALSE	75	98	70	114	70	75	502	Purple	Bipedal+Tail		Punk Rock	Plus	Technician	Level 30	45	15	Human-Like		25	3200	Medium Slow	"1,059,860"	1.6	5′03″	40	88.2	50	176	0	0	0	2	0	0	2	50%	50%	1	1	1	0.5	0.5	1	0.5	0.5	4	0.5	2	0.5	1	1	1	1	0.5	0.5	51-1|491-1|562-1|175-1|45-1|43-1|568-1|609-1|715-1|84-1|268-4|351-8|184-12|269-16|103-24|207-28|92-32|435-36|398-40|786-44|586-48|508-52	36-TM|204-TM|184-TM|182-TM|422-TM|491-TM|168-TM|885-TM|451-TM|263-TM|342-TM|506-TM|555-TM|129-TM|500-TM|374-TM|474-TM|203-TM|521-TM|241-TM|240-TM|280-TM|7-TM|9-TM|214-TM|486-TM|409-TM|118-TM|86-TM|398-TM|156-TM|269-TM|390-TM|598-TM|441-TM|164-TM|304-TM|227-TM|85-TM|270-TM|604-TM|528-TM|188-TM|416-TM|63-TM|87-TM|851-TM|268-TM|92-TM|253-TM|283-TM|527-TM|482-TM|675-TM|319-TM|917-TM	283-EM|319-EM	209-EV	
849		Toxtricity Low Key Form	Punk Pokémon	Electric	Poison																																TRUE	TRUE	FALSE	FALSE	FALSE	FALSE				FALSE	FALSE	FALSE	FALSE	FALSE	FALSE	75	98	70	114	70	75	502	Purple	Bipedal+Tail		Punk Rock	Minus	Technician	Level 30	45	15	Human-Like		25	3200	Medium Slow	"1,059,860"	1.6	5′03″	40	88.2	50	176	0	0	0	2	0	0	2	50%	50%	1	1	1	0.5	0.5	1	0.5	0.5	4	0.5	2	0.5	1	1	1	1	0.5	0.5	51-1|491-1|562-1|175-1|45-1|43-1|568-1|609-1|715-1|84-1|268-4|351-8|184-12|269-16|103-24|207-28|92-32|435-36|398-40|786-44|586-48|602-52	36-TM|204-TM|184-TM|182-TM|422-TM|491-TM|168-TM|885-TM|451-TM|263-TM|342-TM|506-TM|555-TM|129-TM|500-TM|374-TM|474-TM|203-TM|521-TM|241-TM|240-TM|280-TM|7-TM|9-TM|214-TM|486-TM|409-TM|118-TM|86-TM|398-TM|156-TM|269-TM|390-TM|598-TM|441-TM|164-TM|304-TM|227-TM|85-TM|270-TM|604-TM|528-TM|188-TM|416-TM|63-TM|87-TM|851-TM|268-TM|92-TM|253-TM|283-TM|527-TM|482-TM|675-TM|319-TM|917-TM	283-EM|319-EM	209-EV	
850	850	Sizzlipede	Radiator Pokémon	Fire	Bug																																TRUE	TRUE	FALSE	FALSE	TRUE	TRUE										50	65	45	50	50	45	305	Red	Tentacles		Flash Fire	White Smoke	Flame Body		190	63.33	Bug		20	2560	Medium Fast	"1,000,000"	0.7	2′04″	1	2.2	50	61	0	1	0	0	0	0	1	50%	50%	1	1	2	1	0.25	0.5	0.5	1	1	2	1	0.5	4	1	1	1	0.5	0.5					
851		GMAX Centiskorch	Radiator Pokémon	Fire	Bug																																TRUE	TRUE	TRUE	TRUE	TRUE	TRUE										100	115	65	90	90	65	525	Brown	Tentacles		Flash Fire	White Smoke	Flame Body	GMAX Factor	3	1					Medium Fast	"1,000,000"	75	"246'1"""	???	???	50	0	0	0	0	0	0	0	0	50%	50%	1	1	2	1	0.25	0.5	0.5	1	1	2	1	0.5	4	1	1	1	0.5	0.5					
851	851	Centiskorch	Radiator Pokémon	Fire	Bug																																TRUE	TRUE	FALSE	FALSE	TRUE	TRUE										100	115	65	90	90	65	525	Red	Tentacles		Flash Fire	White Smoke	Flame Body	Level 28	75	25	Bug		20	2560	Medium Fast	"1,000,000"	3	9′10″	120	264.6	50	184	0	2	0	0	0	0	2	50%	50%	1	1	2	1	0.25	0.5	0.5	1	1	2	1	0.5	4	1	1	1	0.5	0.5					
852	852	Clobbopus	Tantrum Pokémon	Fighting																																	TRUE	TRUE	TRUE	TRUE	FALSE	FALSE										50	68	60	50	50	32	310	Blue	Tentacles		Limber		Technician		180	60	Water 1	Human-Like	25	3200	Medium Slow	"1,059,860"	0.6	2′00″	4	8.8	50	62	0	1	0	0	0	0	1	50%	50%	1	1	1	1	1	1	1	1	1	2	2	0.5	0.5	1	1	0.5	1	2					
853	853	Grapploct	Jujitsu Pokémon	Fighting																																	TRUE	TRUE	TRUE	TRUE	FALSE	FALSE										80	118	90	70	80	42	480	Purple	Head		Limber		Technician	Learn Taunt	45	15	Water 1	Human-Like	25	3200	Medium Slow	"1,059,860"	1.6	5′03″	39	86	50	168	0	2	0	0	0	0	2	50%	50%	1	1	1	1	1	1	1	1	1	2	2	0.5	0.5	1	1	0.5	1	2					
854	854	Siniseta Phony Form	Black Tea Pokémon	Ghost																																	TRUE	TRUE	FALSE	FALSE	TRUE	TRUE				TRUE	TRUE	FALSE	FALSE	TRUE	TRUE	40	45	45	74	54	50	308	Purple	Head		Weak Armor		Cursed Body		120	40	Mineral	Amorphous	20	2560	Medium Fast	"1,000,000"	0.1	0′04″	0.2	0.4	50	62	0	0	0	1	0	0	1	Unknown		0	1	1	1	1	1	0	0.5	1	1	1	0.5	1	2	1	2	1	1	310-1|110-1|597-6|72-12|389-24|230-30|202-36|417-42|247-48|262-54|504-60	182-TM|60-TM|109-TM|263-TM|506-TM|345-TM|500-TM|101-TM|203-TM|473-TM|492-TM|214-TM|118-TM|156-TM|286-TM|399-TM|285-TM|164-TM|261-TM|271-TM|202-TM|247-TM|94-TM|347-TM|226-TM|417-TM|566-TM|433-TM|851-TM|180-TM|809-TM|174-TM	502-EM		
854		Sinistea Antique Form	Black Tea Pokémon	Ghost																																	TRUE	TRUE	FALSE	FALSE	TRUE	TRUE				TRUE	TRUE	FALSE	FALSE	TRUE	TRUE	40	45	45	74	54	50	308	Purple	Head		Weak Armor		Cursed Body		120	40	Mineral	Amorphous	20	2560	Medium Fast	"1,000,000"	0.1	0′04″	0.2	0.4	50	62	0	0	0	1	0	0	1	Unknown		0	1	1	1	1	1	0	0.5	1	1	1	0.5	1	2	1	2	1	1	310-1|110-1|597-6|72-12|389-24|230-30|202-36|417-42|247-48|262-54|504-60	182-TM|60-TM|109-TM|263-TM|506-TM|345-TM|500-TM|101-TM|203-TM|473-TM|492-TM|214-TM|118-TM|156-TM|286-TM|399-TM|285-TM|164-TM|261-TM|271-TM|202-TM|247-TM|94-TM|347-TM|226-TM|417-TM|566-TM|433-TM|851-TM|180-TM|809-TM|174-TM	502-EM		
855	855	Polteageist Phony Form	Black Tea Pokémon	Ghost																																	TRUE	TRUE	FALSE	FALSE	TRUE	TRUE				TRUE	TRUE	FALSE	FALSE	TRUE	TRUE	60	65	65	134	114	70	508	Purple	Head		Weak Armor		Cursed Body	Cracked Pot	60	20	Mineral	Amorphous	20	2560	Medium Fast	"1,000,000"	0.2	0′08″	0.4	0.9	50	178	0	0	0	2	0	0	2	Unknown		0	1	1	1	1	1	0	0.5	1	1	1	0.5	1	2	1	2	1	1	597-1|310-1|72-1|668-1|110-1|182-18|389-24|230-30|202-36|417-42|247-48|262-54|504-60|174-66	182-TM|60-TM|109-TM|263-TM|506-TM|345-TM|500-TM|101-TM|203-TM|473-TM|492-TM|214-TM|115-TM|113-TM|118-TM|156-TM|286-TM|399-TM|285-TM|164-TM|261-TM|271-TM|202-TM|247-TM|94-TM|347-TM|226-TM|417-TM|566-TM|416-TM|433-TM|63-TM|851-TM|180-TM|809-TM|220-TM|174-TM	502-EM	752-EV	
855		Polteageist Antique Form	Black Tea Pokémon	Ghost																																	TRUE	TRUE	FALSE	FALSE	TRUE	TRUE				TRUE	TRUE	FALSE	FALSE	TRUE	TRUE	60	65	65	134	114	70	508	Pink	Head+Legs		Weak Armor		Cursed Body	Cracked Pot	60	20	Mineral	Amorphous	20	2560	Medium Fast	"1,000,000"	0.2	0′08″	0.4	0.9	50	178	0	0	0	2	0	0	2	Unknown		0	1	1	1	1	1	0	0.5	1	1	1	0.5	1	2	1	2	1	1	597-1|310-1|72-1|668-1|110-1|182-18|389-24|230-30|202-36|417-42|247-48|262-54|504-60|174-66	182-TM|60-TM|109-TM|263-TM|506-TM|345-TM|500-TM|101-TM|203-TM|473-TM|492-TM|214-TM|115-TM|113-TM|118-TM|156-TM|286-TM|399-TM|285-TM|164-TM|261-TM|271-TM|202-TM|247-TM|94-TM|347-TM|226-TM|417-TM|566-TM|416-TM|433-TM|63-TM|851-TM|180-TM|809-TM|220-TM|174-TM	502-EM	752-EV	
856	856	Hatenna	Calm Pokémon	Psychic																																	TRUE	TRUE	FALSE	FALSE	TRUE	TRUE				TRUE	TRUE	TRUE	TRUE	FALSE	FALSE	42	30	45	56	53	39	265	Pink	Bipedal+Tailless		Healer	Anticipation	Magic Bounce		235	78.33	Fairy		20	2560	Slow	"1,250,000"	0.4	1′04″	3.4	7.5	50	53	0	0	0	1	0	0	1	0%	100%	1	1	1	1	1	1	0.5	1	1	1	0.5	2	1	2	1	2	1	1	93-1|589-1|791-5|574-10|597-15|60-20|505-25|605-30|347-35|94-40|361-45	204-TM|182-TM|60-TM|574-TM|263-TM|129-TM|345-TM|577-TM|500-TM|203-TM|473-TM|214-TM|115-TM|113-TM|605-TM|118-TM|86-TM|156-TM|286-TM|399-TM|285-TM|164-TM|271-TM|202-TM|94-TM|583-TM|347-TM|270-TM|226-TM|678-TM|581-TM|433-TM|851-TM|244-TM|248-TM|797-TM	495-EM|595-EM|609-EM|511-EM		
857	857	Hattrem	Serene Pokémon	Psychic																																	TRUE	TRUE	FALSE	FALSE	TRUE	TRUE				TRUE	TRUE	TRUE	TRUE	FALSE	FALSE	57	40	65	86	73	49	370	Pink	Head+Base		Healer	Anticipation	Magic Bounce	Level 32	120	40	Fairy		20	2560	Slow	"1,250,000"	0.6	2′00″	4.8	10.6	50	130	0	0	0	2	0	0	2	0%	100%	1	1	1	1	1	1	0.5	1	1	1	0.5	2	1	2	1	2	1	1	93-1|574-1|791-1|589-1|597-15|60-20|505-25|605-30|347-37|94-44|361-51	204-TM|182-TM|60-TM|574-TM|263-TM|129-TM|345-TM|577-TM|500-TM|203-TM|473-TM|214-TM|115-TM|113-TM|605-TM|118-TM|86-TM|156-TM|286-TM|399-TM|285-TM|164-TM|271-TM|202-TM|94-TM|583-TM|347-TM|270-TM|226-TM|678-TM|581-TM|433-TM|851-TM|244-TM|248-TM|797-TM	495-EM|595-EM|609-EM|511-EM	693-EV	
858		GMAX Hatterene	Silent Pokémon	Psychic	Fairy																																TRUE	TRUE	TRUE	TRUE	TRUE	TRUE										57	90	95	136	103	29	510	Pink	Bipedal+Tailless		Healer	Anticipation	Magic Bounce	GMAX Factor	3	1					Slow	"1,250,000"	36	"118'1"""	???	???	50	0	0	0	0	0	0	0	0	0%	100%	1	1	1	1	1	1	0.25	2	1	1	0.5	1	1	2	0	1	2	1					
858	858	Hatterene	Silent Pokémon	Psychic	Fairy																																TRUE	TRUE	FALSE	FALSE	TRUE	TRUE				TRUE	TRUE	TRUE	TRUE	FALSE	FALSE	57	90	95	136	103	29	510	Pink	Head+Base		Healer	Anticipation	Magic Bounce	Level 42	45	15	Fairy		20	2560	Slow	"1,250,000"	2.1	6′11″	5.1	11.2	50	255	0	0	0	3	0	0	3	0%	100%	1	1	1	1	1	1	0.25	2	1	1	0.5	1	1	2	0	1	2	1	693-1|93-1|574-1|791-1|589-1|597-15|60-20|505-25|605-30|347-37|94-46|361-55|750-64	204-TM|97-TM|182-TM|60-TM|574-TM|263-TM|129-TM|345-TM|577-TM|500-TM|203-TM|473-TM|421-TM|214-TM|115-TM|113-TM|605-TM|118-TM|86-TM|156-TM|14-TM|286-TM|399-TM|285-TM|164-TM|271-TM|202-TM|247-TM|94-TM|583-TM|347-TM|270-TM|226-TM|678-TM|581-TM|416-TM|433-TM|63-TM|851-TM|356-TM|802-TM|220-TM|244-TM|248-TM|797-TM|917-TM	495-EM|595-EM|609-EM|511-EM	427-EV	
859	859	Impidimp	Wily Pokémon	Dark	Fairy																																TRUE	TRUE	FALSE	FALSE	TRUE	TRUE				TRUE	TRUE	TRUE	TRUE	FALSE	FALSE	45	45	30	55	40	50	265	Pink	Bipedal+Tailless		Prankster	Frisk	Pickpocket		255	85	Fairy	Human-Like	20	2560	Medium Fast	"1,000,000"	0.4	1′04″	5.5	12.1	50	53	0	0	0	1	0	0	1	100%	0%	1	1	1	1	1	1	1	2	1	1	0	1	1	0.5	0	0.25	2	2	590-1|252-1|44-4|260-8|313-12|372-16|207-20|389-24|259-28|399-33|417-36|583-40|492-44	36-TM|313-TM|184-TM|182-TM|67-TM|168-TM|885-TM|886-TM|263-TM|577-TM|374-TM|203-TM|492-TM|214-TM|409-TM|115-TM|113-TM|605-TM|118-TM|86-TM|156-TM|269-TM|399-TM|141-TM|164-TM|271-TM|583-TM|581-TM|417-TM|851-TM|807-TM|808-TM|675-TM	575-EM		
860	860	Morgrem	Devious Pokémon	Dark	Fairy																																TRUE	TRUE	FALSE	FALSE	TRUE	TRUE				TRUE	TRUE	TRUE	TRUE	FALSE	FALSE	65	60	45	75	55	70	370	Purple	Bipedal+Tailless		Prankster	Frisk	Pickpocket	Level 32	120	40	Fairy	Human-Like	20	2560	Medium Fast	"1,000,000"	0.8	2′07″	12.5	27.6	50	130	0	0	0	2	0	0	2	100%	0%	1	1	1	1	1	1	1	2	1	1	0	1	1	0.5	0	0.25	2	2	44-1|590-1|252-1|260-1|313-12|372-16|207-20|389-24|259-28|399-35|417-40|583-46|492-52	36-TM|313-TM|184-TM|182-TM|67-TM|168-TM|885-TM|886-TM|263-TM|577-TM|374-TM|203-TM|421-TM|492-TM|214-TM|409-TM|115-TM|113-TM|605-TM|118-TM|86-TM|156-TM|269-TM|286-TM|399-TM|141-TM|164-TM|271-TM|583-TM|581-TM|417-TM|851-TM|807-TM|808-TM|675-TM	575-EM	793-EV	
861		GMAX Grimmsnarl	Bulk Up Pokémon	Dark	Fairy																																TRUE	TRUE	TRUE	TRUE	TRUE	TRUE										95	120	65	95	75	60	510	Gray	Bipedal+Tail		Prankster	Frisk	Pickpocket	GMAX Factor	3	1					Medium Fast	"1,000,000"	32	105'	???	???	50	0	0	0	0	0	0	0	0	100%	0%	1	1	1	1	1	1	1	2	1	1	0	1	1	0.5	0	0.25	2	2					
861	861	Grimmsnarl	Bulk Up Pokémon	Dark	Fairy																																TRUE	TRUE	FALSE	FALSE	TRUE	TRUE				TRUE	TRUE	TRUE	TRUE	FALSE	FALSE	95	120	65	95	75	60	510	Purple	Bipedal+Tailless		Prankster	Frisk	Pickpocket	Level 42	45	15	Fairy	Human-Like	20	2560	Medium Fast	"1,000,000"	1.5	4′11″	61	134.5	50	255	0	3	0	0	0	0	3	100%	0%	1	1	1	1	1	1	1	2	1	1	0	1	1	0.5	0	0.25	2	2	44-1|339-1|590-1|252-1|793-1|260-1|313-12|372-16|207-20|389-24|259-28|399-35|417-40|583-48|492-56|359-64	36-TM|313-TM|184-TM|182-TM|67-TM|168-TM|885-TM|886-TM|263-TM|577-TM|490-TM|374-TM|203-TM|280-TM|421-TM|492-TM|339-TM|34-TM|7-TM|9-TM|8-TM|214-TM|409-TM|115-TM|113-TM|605-TM|118-TM|86-TM|707-TM|156-TM|269-TM|776-TM|286-TM|399-TM|141-TM|164-TM|242-TM|271-TM|583-TM|581-TM|417-TM|416-TM|411-TM|63-TM|851-TM|264-TM|807-TM|808-TM|675-TM	575-EM	789-EV	
862	862	Obstagoon	Blocking Pokémon	Dark	Normal																																TRUE	TRUE	FALSE	FALSE	TRUE	TRUE										93	90	101	60	81	95	520	Brown	Bipedal+Tail		Reckless	Guts	Defiant	Level 35 during nighttime	45	15	Field		15	1920	Medium Fast	"1,000,000"	1.6	5′03″	46	101.4	50	260	0	0	3	0	0	0	3	50%	50%	1	1	1	1	1	1	4	1	1	1	0	2	1	0	1	0.5	1	2					
863	863	Perrserker	Viking Pokémon	Steel																																	TRUE	TRUE	FALSE	FALSE	FALSE	FALSE										70	110	100	50	60	50	440	White	Head+Arms		Battle Armor	Tough Claws	Steely Spirit	Level 28	90	30	Field		20	2560	Medium Fast	"1,000,000"	0.8	2′07″	28	61.7	50	154	0	2	0	0	0	0	2	50%	50%	0.5	2	1	1	0.5	0.5	2	0	2	0.5	0.5	0.5	0.5	1	0.5	1	0.5	0.5					
864	864	Cursola	Coral Pokémon	Ghost																																	FALSE	TRUE	FALSE	FALSE	FALSE	FALSE										60	95	50	145	130	30	510	White	1 Pair of Wings		Weak Armor		Perish Body	Level 38	30	10	Water 1	Water 3	20	2560	Fast	"800,000"	1	3′03″	0.4	0.9	50	179	0	0	0	2	0	0	2	25%	75%	0	1	1	1	1	1	0	0.5	1	1	1	0.5	1	2	1	2	1	1					
865	865	Sirfetch’d	Wild Duck Pokémon	Fighting																																	TRUE	FALSE	FALSE	FALSE	FALSE	FALSE										62	135	95	68	82	65	507	Purple	Bipedal+Tailless		Steadfast		Scrappy	3 critical hits in one battle	45	15	Flying	Field	20	2560	Medium Fast	"1,000,000"	0.8	2′07″	117	257.9	50	177	0	2	0	0	0	0	2	50%	50%	1	1	1	1	1	1	1	1	1	2	2	0.5	0.5	1	1	0.5	1	2					
866	866	Mr. Rime	Comedian Pokémon	Ice	Psychic																																TRUE	TRUE	TRUE	TRUE	TRUE	TRUE										80	85	75	110	100	70	520	Gray	Head+Base		Tangled Feet	Screen Cleaner	Ice Body	Level 42	45	15	Human-Like		25	3200	Medium Fast	"1,000,000"	1.5	4′11″	58.2	128.3	50	182	0	0	0	3	0	0	3	50%	50%	1	2	1	1	1	0.5	1	1	1	1	0.5	2	2	2	1	2	2	1					
867	867	Runerigus	Grudge Pokémon	Ground	Ghost																																TRUE	TRUE	FALSE	FALSE	FALSE	FALSE										58	95	145	50	105	30	483	White	Head		Wandering Spirit			"Take 49 damage, then under stone arch in Dusty Bowl"	90	30	Mineral	Amorphous	25	3200	Medium Fast	"1,000,000"	1.6	5′03″	66.6	146.8	50	169	0	0	2	0	0	0	2	50%	50%	0	1	2	0	2	2	0	0.25	1	1	1	0.5	0.5	2	1	2	1	1					
868	868	Milcery	Cream Pokémon	Fairy																																	TRUE	TRUE	FALSE	FALSE	FALSE	FALSE				FALSE	FALSE	FALSE	FALSE	TRUE	TRUE	45	40	40	50	61	34	270	White	Head+Base		Sweet Veil		Aroma Veil		200	66.67	Fairy	Amorphous	20	2560	Medium Fast	"1,000,000"	0.2	0′08″	0.3	0.7	50	54	0	0	0	0	1	0	1	0%	100%	1	1	1	1	1	1	0.5	2	1	1	1	0.5	1	1	0	0.5	2	1	597-1|33-1|186-5|230-10|577-15|204-20|213-25|151-30|605-35|105-40|581-45|494-50	204-TM|182-TM|263-TM|577-TM|500-TM|203-TM|214-TM|605-TM|156-TM|164-TM|270-TM|581-TM|851-TM	608-EM|387-EM		
869		GMAX Alcremie	Cream Pokémon	Fairy																																	TRUE	TRUE	TRUE	TRUE	TRUE	TRUE										65	60	75	110	121	64	495	Yellow	Multiple Bodies		Sweet Veil		Aroma Veil	GMAX Factor	3	1					Medium Fast	"1,000,000"	30	"98'5"""	???	???	50	0	0	0	0	0	0	0	0	0%	100%	1	1	1	1	1	1	0.5	2	1	1	1	0.5	1	1	0	0.5	2	1					
869	869	Alcremie Vanilla Cream Strawberry	Cream Pokémon	Fairy																																	TRUE	TRUE	FALSE	FALSE	FALSE	FALSE				FALSE	FALSE	FALSE	FALSE	TRUE	TRUE	65	60	75	110	121	64	495	White	Head+Base		Sweet Veil		Aroma Veil	Spin clockwise during day with Strawberry Sweet	100	33.33	Fairy	Amorphous	20	2560	Medium Fast	"1,000,000"	0.3	1′00″	0.5	1.1	50	173	0	0	0	0	2	0	2	0%	100%	1	1	1	1	1	1	0.5	2	1	1	1	0.5	1	1	0	0.5	2	1	597-1|186-1|230-1|33-1|577-15|204-20|213-25|151-30|605-35|105-40|581-45|494-50	204-TM|313-TM|182-TM|574-TM|263-TM|345-TM|577-TM|500-TM|374-TM|203-TM|473-TM|214-TM|409-TM|113-TM|605-TM|118-TM|156-TM|286-TM|164-TM|202-TM|412-TM|94-TM|227-TM|583-TM|347-TM|270-TM|581-TM|416-TM|63-TM|76-TM|851-TM|802-TM|220-TM|244-TM|283-TM|914-TM		777-EV	
869		Alcremie Vanilla Cream Berry	Cream Pokémon	Fairy																																	TRUE	TRUE	FALSE	FALSE	FALSE	FALSE				FALSE	FALSE	FALSE	FALSE	TRUE	TRUE	65	60	75	110	121	64	495	White	Head+Base		Sweet Veil		Aroma Veil	Spin clockwise during day with Berry Sweet	100	33.33	Fairy	Amorphous	20	2560	Medium Fast	"1,000,000"	0.3	1′00″	0.5	1.1	50	173	0	0	0	0	2	0	2	0%	100%	1	1	1	1	1	1	0.5	2	1	1	1	0.5	1	1	0	0.5	2	1	597-1|186-1|230-1|33-1|577-15|204-20|213-25|151-30|605-35|105-40|581-45|494-50	204-TM|313-TM|182-TM|574-TM|263-TM|345-TM|577-TM|500-TM|374-TM|203-TM|473-TM|214-TM|409-TM|113-TM|605-TM|118-TM|156-TM|286-TM|164-TM|202-TM|412-TM|94-TM|227-TM|583-TM|347-TM|270-TM|581-TM|416-TM|63-TM|76-TM|851-TM|802-TM|220-TM|244-TM|283-TM|914-TM		777-EV	
869		Alcremie Vanilla Cream Love	Cream Pokémon	Fairy																																	TRUE	TRUE	FALSE	FALSE	FALSE	FALSE				FALSE	FALSE	FALSE	FALSE	TRUE	TRUE	65	60	75	110	121	64	495	White	Head+Base		Sweet Veil		Aroma Veil	Spin clockwise during day with Love Sweet	100	33.33	Fairy	Amorphous	20	2560	Medium Fast	"1,000,000"	0.3	1′00″	0.5	1.1	50	173	0	0	0	0	2	0	2	0%	100%	1	1	1	1	1	1	0.5	2	1	1	1	0.5	1	1	0	0.5	2	1	597-1|186-1|230-1|33-1|577-15|204-20|213-25|151-30|605-35|105-40|581-45|494-50	204-TM|313-TM|182-TM|574-TM|263-TM|345-TM|577-TM|500-TM|374-TM|203-TM|473-TM|214-TM|409-TM|113-TM|605-TM|118-TM|156-TM|286-TM|164-TM|202-TM|412-TM|94-TM|227-TM|583-TM|347-TM|270-TM|581-TM|416-TM|63-TM|76-TM|851-TM|802-TM|220-TM|244-TM|283-TM|914-TM		777-EV	
869		Alcremie Vanilla Cream Star	Cream Pokémon	Fairy																																	TRUE	TRUE	FALSE	FALSE	FALSE	FALSE				FALSE	FALSE	FALSE	FALSE	TRUE	TRUE	65	60	75	110	121	64	495	White	Head+Base		Sweet Veil		Aroma Veil	Spin clockwise during day with Star Sweet	100	33.33	Fairy	Amorphous	20	2560	Medium Fast	"1,000,000"	0.3	1′00″	0.5	1.1	50	173	0	0	0	0	2	0	2	0%	100%	1	1	1	1	1	1	0.5	2	1	1	1	0.5	1	1	0	0.5	2	1	597-1|186-1|230-1|33-1|577-15|204-20|213-25|151-30|605-35|105-40|581-45|494-50	204-TM|313-TM|182-TM|574-TM|263-TM|345-TM|577-TM|500-TM|374-TM|203-TM|473-TM|214-TM|409-TM|113-TM|605-TM|118-TM|156-TM|286-TM|164-TM|202-TM|412-TM|94-TM|227-TM|583-TM|347-TM|270-TM|581-TM|416-TM|63-TM|76-TM|851-TM|802-TM|220-TM|244-TM|283-TM|914-TM		777-EV	
869		Alcremie Vanilla Cream Clover	Cream Pokémon	Fairy																																	TRUE	TRUE	FALSE	FALSE	FALSE	FALSE				FALSE	FALSE	FALSE	FALSE	TRUE	TRUE	65	60	75	110	121	64	495	White	Head+Base		Sweet Veil		Aroma Veil	Spin clockwise during day with Clover Sweet	100	33.33	Fairy	Amorphous	20	2560	Medium Fast	"1,000,000"	0.3	1′00″	0.5	1.1	50	173	0	0	0	0	2	0	2	0%	100%	1	1	1	1	1	1	0.5	2	1	1	1	0.5	1	1	0	0.5	2	1	597-1|186-1|230-1|33-1|577-15|204-20|213-25|151-30|605-35|105-40|581-45|494-50	204-TM|313-TM|182-TM|574-TM|263-TM|345-TM|577-TM|500-TM|374-TM|203-TM|473-TM|214-TM|409-TM|113-TM|605-TM|118-TM|156-TM|286-TM|164-TM|202-TM|412-TM|94-TM|227-TM|583-TM|347-TM|270-TM|581-TM|416-TM|63-TM|76-TM|851-TM|802-TM|220-TM|244-TM|283-TM|914-TM		777-EV	
869		Alcremie Vanilla Cream Flower	Cream Pokémon	Fairy																																	TRUE	TRUE	FALSE	FALSE	FALSE	FALSE				FALSE	FALSE	FALSE	FALSE	TRUE	TRUE	65	60	75	110	121	64	495	White	Head+Base		Sweet Veil		Aroma Veil	Spin clockwise during day with Flower Sweet	100	33.33	Fairy	Amorphous	20	2560	Medium Fast	"1,000,000"	0.3	1′00″	0.5	1.1	50	173	0	0	0	0	2	0	2	0%	100%	1	1	1	1	1	1	0.5	2	1	1	1	0.5	1	1	0	0.5	2	1	597-1|186-1|230-1|33-1|577-15|204-20|213-25|151-30|605-35|105-40|581-45|494-50	204-TM|313-TM|182-TM|574-TM|263-TM|345-TM|577-TM|500-TM|374-TM|203-TM|473-TM|214-TM|409-TM|113-TM|605-TM|118-TM|156-TM|286-TM|164-TM|202-TM|412-TM|94-TM|227-TM|583-TM|347-TM|270-TM|581-TM|416-TM|63-TM|76-TM|851-TM|802-TM|220-TM|244-TM|283-TM|914-TM		777-EV	
869		Alcremie Vanilla Cream Ribbon	Cream Pokémon	Fairy																																	TRUE	TRUE	FALSE	FALSE	FALSE	FALSE				FALSE	FALSE	FALSE	FALSE	TRUE	TRUE	65	60	75	110	121	64	495	Pink	Head+Base		Sweet Veil		Aroma Veil	Spin clockwise during day with Ribbon Sweet	100	33.33	Fairy	Amorphous	20	2560	Medium Fast	"1,000,000"	0.3	1′00″	0.5	1.1	50	173	0	0	0	0	2	0	2	0%	100%	1	1	1	1	1	1	0.5	2	1	1	1	0.5	1	1	0	0.5	2	1	597-1|186-1|230-1|33-1|577-15|204-20|213-25|151-30|605-35|105-40|581-45|494-50	204-TM|313-TM|182-TM|574-TM|263-TM|345-TM|577-TM|500-TM|374-TM|203-TM|473-TM|214-TM|409-TM|113-TM|605-TM|118-TM|156-TM|286-TM|164-TM|202-TM|412-TM|94-TM|227-TM|583-TM|347-TM|270-TM|581-TM|416-TM|63-TM|76-TM|851-TM|802-TM|220-TM|244-TM|283-TM|914-TM		777-EV	
869		Alcremie Ruby Cream Strawberry	Cream Pokémon	Fairy																																	TRUE	TRUE	FALSE	FALSE	FALSE	FALSE				FALSE	FALSE	FALSE	FALSE	TRUE	TRUE	65	60	75	110	121	64	495	Pink	Head+Base		Sweet Veil		Aroma Veil	Spin anticlockwise during day with Strawberry Sweet	100	33.33	Fairy	Amorphous	20	2560	Medium Fast	"1,000,000"	0.3	1′00″	0.5	1.1	50	173	0	0	0	0	2	0	2	0%	100%	1	1	1	1	1	1	0.5	2	1	1	1	0.5	1	1	0	0.5	2	1	597-1|186-1|230-1|33-1|577-15|204-20|213-25|151-30|605-35|105-40|581-45|494-50	204-TM|313-TM|182-TM|574-TM|263-TM|345-TM|577-TM|500-TM|374-TM|203-TM|473-TM|214-TM|409-TM|113-TM|605-TM|118-TM|156-TM|286-TM|164-TM|202-TM|412-TM|94-TM|227-TM|583-TM|347-TM|270-TM|581-TM|416-TM|63-TM|76-TM|851-TM|802-TM|220-TM|244-TM|283-TM|914-TM		777-EV	
869		Alcremie Ruby Cream Berry	Cream Pokémon	Fairy																																	TRUE	TRUE	FALSE	FALSE	FALSE	FALSE				FALSE	FALSE	FALSE	FALSE	TRUE	TRUE	65	60	75	110	121	64	495	Pink	Head+Base		Sweet Veil		Aroma Veil	Spin anticlockwise during day with Berry Sweet	100	33.33	Fairy	Amorphous	20	2560	Medium Fast	"1,000,000"	0.3	1′00″	0.5	1.1	50	173	0	0	0	0	2	0	2	0%	100%	1	1	1	1	1	1	0.5	2	1	1	1	0.5	1	1	0	0.5	2	1	597-1|186-1|230-1|33-1|577-15|204-20|213-25|151-30|605-35|105-40|581-45|494-50	204-TM|313-TM|182-TM|574-TM|263-TM|345-TM|577-TM|500-TM|374-TM|203-TM|473-TM|214-TM|409-TM|113-TM|605-TM|118-TM|156-TM|286-TM|164-TM|202-TM|412-TM|94-TM|227-TM|583-TM|347-TM|270-TM|581-TM|416-TM|63-TM|76-TM|851-TM|802-TM|220-TM|244-TM|283-TM|914-TM		777-EV	
869		Alcremie Ruby Cream Love	Cream Pokémon	Fairy																																	TRUE	TRUE	FALSE	FALSE	FALSE	FALSE				FALSE	FALSE	FALSE	FALSE	TRUE	TRUE	65	60	75	110	121	64	495	Pink	Head+Base		Sweet Veil		Aroma Veil	Spin anticlockwise during day with Love Sweet	100	33.33	Fairy	Amorphous	20	2560	Medium Fast	"1,000,000"	0.3	1′00″	0.5	1.1	50	173	0	0	0	0	2	0	2	0%	100%	1	1	1	1	1	1	0.5	2	1	1	1	0.5	1	1	0	0.5	2	1	597-1|186-1|230-1|33-1|577-15|204-20|213-25|151-30|605-35|105-40|581-45|494-50	204-TM|313-TM|182-TM|574-TM|263-TM|345-TM|577-TM|500-TM|374-TM|203-TM|473-TM|214-TM|409-TM|113-TM|605-TM|118-TM|156-TM|286-TM|164-TM|202-TM|412-TM|94-TM|227-TM|583-TM|347-TM|270-TM|581-TM|416-TM|63-TM|76-TM|851-TM|802-TM|220-TM|244-TM|283-TM|914-TM		777-EV	
869		Alcremie Ruby Cream Star	Cream Pokémon	Fairy																																	TRUE	TRUE	FALSE	FALSE	FALSE	FALSE				FALSE	FALSE	FALSE	FALSE	TRUE	TRUE	65	60	75	110	121	64	495	Pink	Head+Base		Sweet Veil		Aroma Veil	Spin anticlockwise during day with Star Sweet	100	33.33	Fairy	Amorphous	20	2560	Medium Fast	"1,000,000"	0.3	1′00″	0.5	1.1	50	173	0	0	0	0	2	0	2	0%	100%	1	1	1	1	1	1	0.5	2	1	1	1	0.5	1	1	0	0.5	2	1	597-1|186-1|230-1|33-1|577-15|204-20|213-25|151-30|605-35|105-40|581-45|494-50	204-TM|313-TM|182-TM|574-TM|263-TM|345-TM|577-TM|500-TM|374-TM|203-TM|473-TM|214-TM|409-TM|113-TM|605-TM|118-TM|156-TM|286-TM|164-TM|202-TM|412-TM|94-TM|227-TM|583-TM|347-TM|270-TM|581-TM|416-TM|63-TM|76-TM|851-TM|802-TM|220-TM|244-TM|283-TM|914-TM		777-EV	
869		Alcremie Ruby Cream Clover	Cream Pokémon	Fairy																																	TRUE	TRUE	FALSE	FALSE	FALSE	FALSE				FALSE	FALSE	FALSE	FALSE	TRUE	TRUE	65	60	75	110	121	64	495	Pink	Head+Base		Sweet Veil		Aroma Veil	Spin anticlockwise during day with Clover Sweet	100	33.33	Fairy	Amorphous	20	2560	Medium Fast	"1,000,000"	0.3	1′00″	0.5	1.1	50	173	0	0	0	0	2	0	2	0%	100%	1	1	1	1	1	1	0.5	2	1	1	1	0.5	1	1	0	0.5	2	1	597-1|186-1|230-1|33-1|577-15|204-20|213-25|151-30|605-35|105-40|581-45|494-50	204-TM|313-TM|182-TM|574-TM|263-TM|345-TM|577-TM|500-TM|374-TM|203-TM|473-TM|214-TM|409-TM|113-TM|605-TM|118-TM|156-TM|286-TM|164-TM|202-TM|412-TM|94-TM|227-TM|583-TM|347-TM|270-TM|581-TM|416-TM|63-TM|76-TM|851-TM|802-TM|220-TM|244-TM|283-TM|914-TM		777-EV	
869		Alcremie Ruby Cream Flower	Cream Pokémon	Fairy																																	TRUE	TRUE	FALSE	FALSE	FALSE	FALSE				FALSE	FALSE	FALSE	FALSE	TRUE	TRUE	65	60	75	110	121	64	495	Pink	Head+Base		Sweet Veil		Aroma Veil	Spin anticlockwise during day with Flower Sweet	100	33.33	Fairy	Amorphous	20	2560	Medium Fast	"1,000,000"	0.3	1′00″	0.5	1.1	50	173	0	0	0	0	2	0	2	0%	100%	1	1	1	1	1	1	0.5	2	1	1	1	0.5	1	1	0	0.5	2	1	597-1|186-1|230-1|33-1|577-15|204-20|213-25|151-30|605-35|105-40|581-45|494-50	204-TM|313-TM|182-TM|574-TM|263-TM|345-TM|577-TM|500-TM|374-TM|203-TM|473-TM|214-TM|409-TM|113-TM|605-TM|118-TM|156-TM|286-TM|164-TM|202-TM|412-TM|94-TM|227-TM|583-TM|347-TM|270-TM|581-TM|416-TM|63-TM|76-TM|851-TM|802-TM|220-TM|244-TM|283-TM|914-TM		777-EV	
869		Alcremie Ruby Cream Ribbon	Cream Pokémon	Fairy																																	TRUE	TRUE	FALSE	FALSE	FALSE	FALSE				FALSE	FALSE	FALSE	FALSE	TRUE	TRUE	65	60	75	110	121	64	495	Green	Head+Base		Sweet Veil		Aroma Veil	Spin anticlockwise during day with Ribbon Sweet	100	33.33	Fairy	Amorphous	20	2560	Medium Fast	"1,000,000"	0.3	1′00″	0.5	1.1	50	173	0	0	0	0	2	0	2	0%	100%	1	1	1	1	1	1	0.5	2	1	1	1	0.5	1	1	0	0.5	2	1	597-1|186-1|230-1|33-1|577-15|204-20|213-25|151-30|605-35|105-40|581-45|494-50	204-TM|313-TM|182-TM|574-TM|263-TM|345-TM|577-TM|500-TM|374-TM|203-TM|473-TM|214-TM|409-TM|113-TM|605-TM|118-TM|156-TM|286-TM|164-TM|202-TM|412-TM|94-TM|227-TM|583-TM|347-TM|270-TM|581-TM|416-TM|63-TM|76-TM|851-TM|802-TM|220-TM|244-TM|283-TM|914-TM		777-EV	
869		Alcremie Matcha Cream Strawberry	Cream Pokémon	Fairy																																	TRUE	TRUE	FALSE	FALSE	FALSE	FALSE				FALSE	FALSE	FALSE	FALSE	TRUE	TRUE	65	60	75	110	121	64	495	Green	Head+Base		Sweet Veil		Aroma Veil	Spin clockwise during night with Strawberry Sweet	100	33.33	Fairy	Amorphous	20	2560	Medium Fast	"1,000,000"	0.3	1′00″	0.5	1.1	50	173	0	0	0	0	2	0	2	0%	100%	1	1	1	1	1	1	0.5	2	1	1	1	0.5	1	1	0	0.5	2	1	597-1|186-1|230-1|33-1|577-15|204-20|213-25|151-30|605-35|105-40|581-45|494-50	204-TM|313-TM|182-TM|574-TM|263-TM|345-TM|577-TM|500-TM|374-TM|203-TM|473-TM|214-TM|409-TM|113-TM|605-TM|118-TM|156-TM|286-TM|164-TM|202-TM|412-TM|94-TM|227-TM|583-TM|347-TM|270-TM|581-TM|416-TM|63-TM|76-TM|851-TM|802-TM|220-TM|244-TM|283-TM|914-TM		777-EV	
869		Alcremie Matcha Cream Berry	Cream Pokémon	Fairy																																	TRUE	TRUE	FALSE	FALSE	FALSE	FALSE				FALSE	FALSE	FALSE	FALSE	TRUE	TRUE	65	60	75	110	121	64	495	Green	Head+Base		Sweet Veil		Aroma Veil	Spin clockwise during night with Berry Sweet	100	33.33	Fairy	Amorphous	20	2560	Medium Fast	"1,000,000"	0.3	1′00″	0.5	1.1	50	173	0	0	0	0	2	0	2	0%	100%	1	1	1	1	1	1	0.5	2	1	1	1	0.5	1	1	0	0.5	2	1	597-1|186-1|230-1|33-1|577-15|204-20|213-25|151-30|605-35|105-40|581-45|494-50	204-TM|313-TM|182-TM|574-TM|263-TM|345-TM|577-TM|500-TM|374-TM|203-TM|473-TM|214-TM|409-TM|113-TM|605-TM|118-TM|156-TM|286-TM|164-TM|202-TM|412-TM|94-TM|227-TM|583-TM|347-TM|270-TM|581-TM|416-TM|63-TM|76-TM|851-TM|802-TM|220-TM|244-TM|283-TM|914-TM		777-EV	
869		Alcremie Matcha Cream Love	Cream Pokémon	Fairy																																	TRUE	TRUE	FALSE	FALSE	FALSE	FALSE				FALSE	FALSE	FALSE	FALSE	TRUE	TRUE	65	60	75	110	121	64	495	Green	Head+Base		Sweet Veil		Aroma Veil	Spin clockwise during night with Love Sweet	100	33.33	Fairy	Amorphous	20	2560	Medium Fast	"1,000,000"	0.3	1′00″	0.5	1.1	50	173	0	0	0	0	2	0	2	0%	100%	1	1	1	1	1	1	0.5	2	1	1	1	0.5	1	1	0	0.5	2	1	597-1|186-1|230-1|33-1|577-15|204-20|213-25|151-30|605-35|105-40|581-45|494-50	204-TM|313-TM|182-TM|574-TM|263-TM|345-TM|577-TM|500-TM|374-TM|203-TM|473-TM|214-TM|409-TM|113-TM|605-TM|118-TM|156-TM|286-TM|164-TM|202-TM|412-TM|94-TM|227-TM|583-TM|347-TM|270-TM|581-TM|416-TM|63-TM|76-TM|851-TM|802-TM|220-TM|244-TM|283-TM|914-TM		777-EV	
869		Alcremie Matcha Cream Star	Cream Pokémon	Fairy																																	TRUE	TRUE	FALSE	FALSE	FALSE	FALSE				FALSE	FALSE	FALSE	FALSE	TRUE	TRUE	65	60	75	110	121	64	495	Green	Head+Base		Sweet Veil		Aroma Veil	Spin clockwise during night with Star Sweet	100	33.33	Fairy	Amorphous	20	2560	Medium Fast	"1,000,000"	0.3	1′00″	0.5	1.1	50	173	0	0	0	0	2	0	2	0%	100%	1	1	1	1	1	1	0.5	2	1	1	1	0.5	1	1	0	0.5	2	1	597-1|186-1|230-1|33-1|577-15|204-20|213-25|151-30|605-35|105-40|581-45|494-50	204-TM|313-TM|182-TM|574-TM|263-TM|345-TM|577-TM|500-TM|374-TM|203-TM|473-TM|214-TM|409-TM|113-TM|605-TM|118-TM|156-TM|286-TM|164-TM|202-TM|412-TM|94-TM|227-TM|583-TM|347-TM|270-TM|581-TM|416-TM|63-TM|76-TM|851-TM|802-TM|220-TM|244-TM|283-TM|914-TM		777-EV	
869		Alcremie Matcha Cream Clover	Cream Pokémon	Fairy																																	TRUE	TRUE	FALSE	FALSE	FALSE	FALSE				FALSE	FALSE	FALSE	FALSE	TRUE	TRUE	65	60	75	110	121	64	495	Green	Head+Base		Sweet Veil		Aroma Veil	Spin clockwise during night with Clover Sweet	100	33.33	Fairy	Amorphous	20	2560	Medium Fast	"1,000,000"	0.3	1′00″	0.5	1.1	50	173	0	0	0	0	2	0	2	0%	100%	1	1	1	1	1	1	0.5	2	1	1	1	0.5	1	1	0	0.5	2	1	597-1|186-1|230-1|33-1|577-15|204-20|213-25|151-30|605-35|105-40|581-45|494-50	204-TM|313-TM|182-TM|574-TM|263-TM|345-TM|577-TM|500-TM|374-TM|203-TM|473-TM|214-TM|409-TM|113-TM|605-TM|118-TM|156-TM|286-TM|164-TM|202-TM|412-TM|94-TM|227-TM|583-TM|347-TM|270-TM|581-TM|416-TM|63-TM|76-TM|851-TM|802-TM|220-TM|244-TM|283-TM|914-TM		777-EV	
869		Alcremie Matcha Cream Flower	Cream Pokémon	Fairy																																	TRUE	TRUE	FALSE	FALSE	FALSE	FALSE				FALSE	FALSE	FALSE	FALSE	TRUE	TRUE	65	60	75	110	121	64	495	Green	Head+Base		Sweet Veil		Aroma Veil	Spin clockwise during night with Flower Sweet	100	33.33	Fairy	Amorphous	20	2560	Medium Fast	"1,000,000"	0.3	1′00″	0.5	1.1	50	173	0	0	0	0	2	0	2	0%	100%	1	1	1	1	1	1	0.5	2	1	1	1	0.5	1	1	0	0.5	2	1	597-1|186-1|230-1|33-1|577-15|204-20|213-25|151-30|605-35|105-40|581-45|494-50	204-TM|313-TM|182-TM|574-TM|263-TM|345-TM|577-TM|500-TM|374-TM|203-TM|473-TM|214-TM|409-TM|113-TM|605-TM|118-TM|156-TM|286-TM|164-TM|202-TM|412-TM|94-TM|227-TM|583-TM|347-TM|270-TM|581-TM|416-TM|63-TM|76-TM|851-TM|802-TM|220-TM|244-TM|283-TM|914-TM		777-EV	
869		Alcremie Matcha Cream Ribbon	Cream Pokémon	Fairy																																	TRUE	TRUE	FALSE	FALSE	FALSE	FALSE				FALSE	FALSE	FALSE	FALSE	TRUE	TRUE	65	60	75	110	121	64	495	Blue	Head+Base		Sweet Veil		Aroma Veil	Spin clockwise during night with Ribbon Sweet	100	33.33	Fairy	Amorphous	20	2560	Medium Fast	"1,000,000"	0.3	1′00″	0.5	1.1	50	173	0	0	0	0	2	0	2	0%	100%	1	1	1	1	1	1	0.5	2	1	1	1	0.5	1	1	0	0.5	2	1	597-1|186-1|230-1|33-1|577-15|204-20|213-25|151-30|605-35|105-40|581-45|494-50	204-TM|313-TM|182-TM|574-TM|263-TM|345-TM|577-TM|500-TM|374-TM|203-TM|473-TM|214-TM|409-TM|113-TM|605-TM|118-TM|156-TM|286-TM|164-TM|202-TM|412-TM|94-TM|227-TM|583-TM|347-TM|270-TM|581-TM|416-TM|63-TM|76-TM|851-TM|802-TM|220-TM|244-TM|283-TM|914-TM		777-EV	
869		Alcremie Mint Cream Strawberry	Cream Pokémon	Fairy																																	TRUE	TRUE	FALSE	FALSE	FALSE	FALSE				FALSE	FALSE	FALSE	FALSE	TRUE	TRUE	65	60	75	110	121	64	495	Blue	Head+Base		Sweet Veil		Aroma Veil	Spin anticlockwise during night for more than 5 sec with Strawberry Sweet	100	33.33	Fairy	Amorphous	20	2560	Medium Fast	"1,000,000"	0.3	1′00″	0.5	1.1	50	173	0	0	0	0	2	0	2	0%	100%	1	1	1	1	1	1	0.5	2	1	1	1	0.5	1	1	0	0.5	2	1	597-1|186-1|230-1|33-1|577-15|204-20|213-25|151-30|605-35|105-40|581-45|494-50	204-TM|313-TM|182-TM|574-TM|263-TM|345-TM|577-TM|500-TM|374-TM|203-TM|473-TM|214-TM|409-TM|113-TM|605-TM|118-TM|156-TM|286-TM|164-TM|202-TM|412-TM|94-TM|227-TM|583-TM|347-TM|270-TM|581-TM|416-TM|63-TM|76-TM|851-TM|802-TM|220-TM|244-TM|283-TM|914-TM		777-EV	
869		Alcremie Mint Cream Berry	Cream Pokémon	Fairy																																	TRUE	TRUE	FALSE	FALSE	FALSE	FALSE				FALSE	FALSE	FALSE	FALSE	TRUE	TRUE	65	60	75	110	121	64	495	Blue	Head+Base		Sweet Veil		Aroma Veil	Spin anticlockwise during night for more than 5 sec with Berry Sweet	100	33.33	Fairy	Amorphous	20	2560	Medium Fast	"1,000,000"	0.3	1′00″	0.5	1.1	50	173	0	0	0	0	2	0	2	0%	100%	1	1	1	1	1	1	0.5	2	1	1	1	0.5	1	1	0	0.5	2	1	597-1|186-1|230-1|33-1|577-15|204-20|213-25|151-30|605-35|105-40|581-45|494-50	204-TM|313-TM|182-TM|574-TM|263-TM|345-TM|577-TM|500-TM|374-TM|203-TM|473-TM|214-TM|409-TM|113-TM|605-TM|118-TM|156-TM|286-TM|164-TM|202-TM|412-TM|94-TM|227-TM|583-TM|347-TM|270-TM|581-TM|416-TM|63-TM|76-TM|851-TM|802-TM|220-TM|244-TM|283-TM|914-TM		777-EV	
869		Alcremie Mint Cream Love	Cream Pokémon	Fairy																																	TRUE	TRUE	FALSE	FALSE	FALSE	FALSE				FALSE	FALSE	FALSE	FALSE	TRUE	TRUE	65	60	75	110	121	64	495	Blue	Head+Base		Sweet Veil		Aroma Veil	Spin anticlockwise during night for more than 5 sec with Love Sweet	100	33.33	Fairy	Amorphous	20	2560	Medium Fast	"1,000,000"	0.3	1′00″	0.5	1.1	50	173	0	0	0	0	2	0	2	0%	100%	1	1	1	1	1	1	0.5	2	1	1	1	0.5	1	1	0	0.5	2	1	597-1|186-1|230-1|33-1|577-15|204-20|213-25|151-30|605-35|105-40|581-45|494-50	204-TM|313-TM|182-TM|574-TM|263-TM|345-TM|577-TM|500-TM|374-TM|203-TM|473-TM|214-TM|409-TM|113-TM|605-TM|118-TM|156-TM|286-TM|164-TM|202-TM|412-TM|94-TM|227-TM|583-TM|347-TM|270-TM|581-TM|416-TM|63-TM|76-TM|851-TM|802-TM|220-TM|244-TM|283-TM|914-TM		777-EV	
869		Alcremie Mint Cream Star	Cream Pokémon	Fairy																																	TRUE	TRUE	FALSE	FALSE	FALSE	FALSE				FALSE	FALSE	FALSE	FALSE	TRUE	TRUE	65	60	75	110	121	64	495	Blue	Head+Base		Sweet Veil		Aroma Veil	Spin anticlockwise during night for more than 5 sec with Star Sweet	100	33.33	Fairy	Amorphous	20	2560	Medium Fast	"1,000,000"	0.3	1′00″	0.5	1.1	50	173	0	0	0	0	2	0	2	0%	100%	1	1	1	1	1	1	0.5	2	1	1	1	0.5	1	1	0	0.5	2	1	597-1|186-1|230-1|33-1|577-15|204-20|213-25|151-30|605-35|105-40|581-45|494-50	204-TM|313-TM|182-TM|574-TM|263-TM|345-TM|577-TM|500-TM|374-TM|203-TM|473-TM|214-TM|409-TM|113-TM|605-TM|118-TM|156-TM|286-TM|164-TM|202-TM|412-TM|94-TM|227-TM|583-TM|347-TM|270-TM|581-TM|416-TM|63-TM|76-TM|851-TM|802-TM|220-TM|244-TM|283-TM|914-TM		777-EV	
869		Alcremie Mint Cream Clover	Cream Pokémon	Fairy																																	TRUE	TRUE	FALSE	FALSE	FALSE	FALSE				FALSE	FALSE	FALSE	FALSE	TRUE	TRUE	65	60	75	110	121	64	495	Blue	Head+Base		Sweet Veil		Aroma Veil	Spin anticlockwise during night for more than 5 sec with Clover Sweet	100	33.33	Fairy	Amorphous	20	2560	Medium Fast	"1,000,000"	0.3	1′00″	0.5	1.1	50	173	0	0	0	0	2	0	2	0%	100%	1	1	1	1	1	1	0.5	2	1	1	1	0.5	1	1	0	0.5	2	1	597-1|186-1|230-1|33-1|577-15|204-20|213-25|151-30|605-35|105-40|581-45|494-50	204-TM|313-TM|182-TM|574-TM|263-TM|345-TM|577-TM|500-TM|374-TM|203-TM|473-TM|214-TM|409-TM|113-TM|605-TM|118-TM|156-TM|286-TM|164-TM|202-TM|412-TM|94-TM|227-TM|583-TM|347-TM|270-TM|581-TM|416-TM|63-TM|76-TM|851-TM|802-TM|220-TM|244-TM|283-TM|914-TM		777-EV	
869		Alcremie Mint Cream Flower	Cream Pokémon	Fairy																																	TRUE	TRUE	FALSE	FALSE	FALSE	FALSE				FALSE	FALSE	FALSE	FALSE	TRUE	TRUE	65	60	75	110	121	64	495	Blue	Head+Base		Sweet Veil		Aroma Veil	Spin anticlockwise during night for more than 5 sec with Flower Sweet	100	33.33	Fairy	Amorphous	20	2560	Medium Fast	"1,000,000"	0.3	1′00″	0.5	1.1	50	173	0	0	0	0	2	0	2	0%	100%	1	1	1	1	1	1	0.5	2	1	1	1	0.5	1	1	0	0.5	2	1	597-1|186-1|230-1|33-1|577-15|204-20|213-25|151-30|605-35|105-40|581-45|494-50	204-TM|313-TM|182-TM|574-TM|263-TM|345-TM|577-TM|500-TM|374-TM|203-TM|473-TM|214-TM|409-TM|113-TM|605-TM|118-TM|156-TM|286-TM|164-TM|202-TM|412-TM|94-TM|227-TM|583-TM|347-TM|270-TM|581-TM|416-TM|63-TM|76-TM|851-TM|802-TM|220-TM|244-TM|283-TM|914-TM		777-EV	
869		Alcremie Mint Cream Ribbon	Cream Pokémon	Fairy																																	TRUE	TRUE	FALSE	FALSE	FALSE	FALSE				FALSE	FALSE	FALSE	FALSE	TRUE	TRUE	65	60	75	110	121	64	495	Yellow	Head+Base		Sweet Veil		Aroma Veil	Spin anticlockwise during night for more than 5 sec with Ribbon Sweet	100	33.33	Fairy	Amorphous	20	2560	Medium Fast	"1,000,000"	0.3	1′00″	0.5	1.1	50	173	0	0	0	0	2	0	2	0%	100%	1	1	1	1	1	1	0.5	2	1	1	1	0.5	1	1	0	0.5	2	1	597-1|186-1|230-1|33-1|577-15|204-20|213-25|151-30|605-35|105-40|581-45|494-50	204-TM|313-TM|182-TM|574-TM|263-TM|345-TM|577-TM|500-TM|374-TM|203-TM|473-TM|214-TM|409-TM|113-TM|605-TM|118-TM|156-TM|286-TM|164-TM|202-TM|412-TM|94-TM|227-TM|583-TM|347-TM|270-TM|581-TM|416-TM|63-TM|76-TM|851-TM|802-TM|220-TM|244-TM|283-TM|914-TM		777-EV	
869		Alcremie Lemon Cream Strawberry	Cream Pokémon	Fairy																																	TRUE	TRUE	FALSE	FALSE	FALSE	FALSE				FALSE	FALSE	FALSE	FALSE	TRUE	TRUE	65	60	75	110	121	64	495	Yellow	Head+Base		Sweet Veil		Aroma Veil	Spin clockwise during night for more than 5 sec with Strawberry Sweet	100	33.33	Fairy	Amorphous	20	2560	Medium Fast	"1,000,000"	0.3	1′00″	0.5	1.1	50	173	0	0	0	0	2	0	2	0%	100%	1	1	1	1	1	1	0.5	2	1	1	1	0.5	1	1	0	0.5	2	1	597-1|186-1|230-1|33-1|577-15|204-20|213-25|151-30|605-35|105-40|581-45|494-50	204-TM|313-TM|182-TM|574-TM|263-TM|345-TM|577-TM|500-TM|374-TM|203-TM|473-TM|214-TM|409-TM|113-TM|605-TM|118-TM|156-TM|286-TM|164-TM|202-TM|412-TM|94-TM|227-TM|583-TM|347-TM|270-TM|581-TM|416-TM|63-TM|76-TM|851-TM|802-TM|220-TM|244-TM|283-TM|914-TM		777-EV	
869		Alcremie Lemon Cream Berry	Cream Pokémon	Fairy																																	TRUE	TRUE	FALSE	FALSE	FALSE	FALSE				FALSE	FALSE	FALSE	FALSE	TRUE	TRUE	65	60	75	110	121	64	495	Yellow	Head+Base		Sweet Veil		Aroma Veil	Spin clockwise during night for more than 5 sec with Berry Sweet	100	33.33	Fairy	Amorphous	20	2560	Medium Fast	"1,000,000"	0.3	1′00″	0.5	1.1	50	173	0	0	0	0	2	0	2	0%	100%	1	1	1	1	1	1	0.5	2	1	1	1	0.5	1	1	0	0.5	2	1	597-1|186-1|230-1|33-1|577-15|204-20|213-25|151-30|605-35|105-40|581-45|494-50	204-TM|313-TM|182-TM|574-TM|263-TM|345-TM|577-TM|500-TM|374-TM|203-TM|473-TM|214-TM|409-TM|113-TM|605-TM|118-TM|156-TM|286-TM|164-TM|202-TM|412-TM|94-TM|227-TM|583-TM|347-TM|270-TM|581-TM|416-TM|63-TM|76-TM|851-TM|802-TM|220-TM|244-TM|283-TM|914-TM		777-EV	
869		Alcremie Lemon Cream Love	Cream Pokémon	Fairy																																	TRUE	TRUE	FALSE	FALSE	FALSE	FALSE				FALSE	FALSE	FALSE	FALSE	TRUE	TRUE	65	60	75	110	121	64	495	Yellow	Head+Base		Sweet Veil		Aroma Veil	Spin clockwise during night for more than 5 sec with Love Sweet	100	33.33	Fairy	Amorphous	20	2560	Medium Fast	"1,000,000"	0.3	1′00″	0.5	1.1	50	173	0	0	0	0	2	0	2	0%	100%	1	1	1	1	1	1	0.5	2	1	1	1	0.5	1	1	0	0.5	2	1	597-1|186-1|230-1|33-1|577-15|204-20|213-25|151-30|605-35|105-40|581-45|494-50	204-TM|313-TM|182-TM|574-TM|263-TM|345-TM|577-TM|500-TM|374-TM|203-TM|473-TM|214-TM|409-TM|113-TM|605-TM|118-TM|156-TM|286-TM|164-TM|202-TM|412-TM|94-TM|227-TM|583-TM|347-TM|270-TM|581-TM|416-TM|63-TM|76-TM|851-TM|802-TM|220-TM|244-TM|283-TM|914-TM		777-EV	
869		Alcremie Lemon Cream Star	Cream Pokémon	Fairy																																	TRUE	TRUE	FALSE	FALSE	FALSE	FALSE				FALSE	FALSE	FALSE	FALSE	TRUE	TRUE	65	60	75	110	121	64	495	Yellow	Head+Base		Sweet Veil		Aroma Veil	Spin clockwise during night for more than 5 sec with Star Sweet	100	33.33	Fairy	Amorphous	20	2560	Medium Fast	"1,000,000"	0.3	1′00″	0.5	1.1	50	173	0	0	0	0	2	0	2	0%	100%	1	1	1	1	1	1	0.5	2	1	1	1	0.5	1	1	0	0.5	2	1	597-1|186-1|230-1|33-1|577-15|204-20|213-25|151-30|605-35|105-40|581-45|494-50	204-TM|313-TM|182-TM|574-TM|263-TM|345-TM|577-TM|500-TM|374-TM|203-TM|473-TM|214-TM|409-TM|113-TM|605-TM|118-TM|156-TM|286-TM|164-TM|202-TM|412-TM|94-TM|227-TM|583-TM|347-TM|270-TM|581-TM|416-TM|63-TM|76-TM|851-TM|802-TM|220-TM|244-TM|283-TM|914-TM		777-EV	
869		Alcremie Lemon Cream Clover	Cream Pokémon	Fairy																																	TRUE	TRUE	FALSE	FALSE	FALSE	FALSE				FALSE	FALSE	FALSE	FALSE	TRUE	TRUE	65	60	75	110	121	64	495	Yellow	Head+Base		Sweet Veil		Aroma Veil	Spin clockwise during night for more than 5 sec with Clover Sweet	100	33.33	Fairy	Amorphous	20	2560	Medium Fast	"1,000,000"	0.3	1′00″	0.5	1.1	50	173	0	0	0	0	2	0	2	0%	100%	1	1	1	1	1	1	0.5	2	1	1	1	0.5	1	1	0	0.5	2	1	597-1|186-1|230-1|33-1|577-15|204-20|213-25|151-30|605-35|105-40|581-45|494-50	204-TM|313-TM|182-TM|574-TM|263-TM|345-TM|577-TM|500-TM|374-TM|203-TM|473-TM|214-TM|409-TM|113-TM|605-TM|118-TM|156-TM|286-TM|164-TM|202-TM|412-TM|94-TM|227-TM|583-TM|347-TM|270-TM|581-TM|416-TM|63-TM|76-TM|851-TM|802-TM|220-TM|244-TM|283-TM|914-TM		777-EV	
869		Alcremie Lemon Cream Flower	Cream Pokémon	Fairy																																	TRUE	TRUE	FALSE	FALSE	FALSE	FALSE				FALSE	FALSE	FALSE	FALSE	TRUE	TRUE	65	60	75	110	121	64	495	Yellow	Head+Base		Sweet Veil		Aroma Veil	Spin clockwise during night for more than 5 sec with Flower Sweet	100	33.33	Fairy	Amorphous	20	2560	Medium Fast	"1,000,000"	0.3	1′00″	0.5	1.1	50	173	0	0	0	0	2	0	2	0%	100%	1	1	1	1	1	1	0.5	2	1	1	1	0.5	1	1	0	0.5	2	1	597-1|186-1|230-1|33-1|577-15|204-20|213-25|151-30|605-35|105-40|581-45|494-50	204-TM|313-TM|182-TM|574-TM|263-TM|345-TM|577-TM|500-TM|374-TM|203-TM|473-TM|214-TM|409-TM|113-TM|605-TM|118-TM|156-TM|286-TM|164-TM|202-TM|412-TM|94-TM|227-TM|583-TM|347-TM|270-TM|581-TM|416-TM|63-TM|76-TM|851-TM|802-TM|220-TM|244-TM|283-TM|914-TM		777-EV	
869		Alcremie Lemon Cream Ribbon	Cream Pokémon	Fairy																																	TRUE	TRUE	FALSE	FALSE	FALSE	FALSE				FALSE	FALSE	FALSE	FALSE	TRUE	TRUE	65	60	75	110	121	64	495	White	Head+Base		Sweet Veil		Aroma Veil	Spin clockwise during night for more than 5 sec with Ribbon Sweet	100	33.33	Fairy	Amorphous	20	2560	Medium Fast	"1,000,000"	0.3	1′00″	0.5	1.1	50	173	0	0	0	0	2	0	2	0%	100%	1	1	1	1	1	1	0.5	2	1	1	1	0.5	1	1	0	0.5	2	1	597-1|186-1|230-1|33-1|577-15|204-20|213-25|151-30|605-35|105-40|581-45|494-50	204-TM|313-TM|182-TM|574-TM|263-TM|345-TM|577-TM|500-TM|374-TM|203-TM|473-TM|214-TM|409-TM|113-TM|605-TM|118-TM|156-TM|286-TM|164-TM|202-TM|412-TM|94-TM|227-TM|583-TM|347-TM|270-TM|581-TM|416-TM|63-TM|76-TM|851-TM|802-TM|220-TM|244-TM|283-TM|914-TM		777-EV	
869		Alcremie Salted Cream Strawberry	Cream Pokémon	Fairy																																	TRUE	TRUE	FALSE	FALSE	FALSE	FALSE				FALSE	FALSE	FALSE	FALSE	TRUE	TRUE	65	60	75	110	121	64	495	White	Head+Base		Sweet Veil		Aroma Veil	Spin anticlockwise during night with Strawberry Sweet	100	33.33	Fairy	Amorphous	20	2560	Medium Fast	"1,000,000"	0.3	1′00″	0.5	1.1	50	173	0	0	0	0	2	0	2	0%	100%	1	1	1	1	1	1	0.5	2	1	1	1	0.5	1	1	0	0.5	2	1	597-1|186-1|230-1|33-1|577-15|204-20|213-25|151-30|605-35|105-40|581-45|494-50	204-TM|313-TM|182-TM|574-TM|263-TM|345-TM|577-TM|500-TM|374-TM|203-TM|473-TM|214-TM|409-TM|113-TM|605-TM|118-TM|156-TM|286-TM|164-TM|202-TM|412-TM|94-TM|227-TM|583-TM|347-TM|270-TM|581-TM|416-TM|63-TM|76-TM|851-TM|802-TM|220-TM|244-TM|283-TM|914-TM		777-EV	
869		Alcremie Salted Cream Berry	Cream Pokémon	Fairy																																	TRUE	TRUE	FALSE	FALSE	FALSE	FALSE				FALSE	FALSE	FALSE	FALSE	TRUE	TRUE	65	60	75	110	121	64	495	White	Head+Base		Sweet Veil		Aroma Veil	Spin anticlockwise during night with Berry Sweet	100	33.33	Fairy	Amorphous	20	2560	Medium Fast	"1,000,000"	0.3	1′00″	0.5	1.1	50	173	0	0	0	0	2	0	2	0%	100%	1	1	1	1	1	1	0.5	2	1	1	1	0.5	1	1	0	0.5	2	1	597-1|186-1|230-1|33-1|577-15|204-20|213-25|151-30|605-35|105-40|581-45|494-50	204-TM|313-TM|182-TM|574-TM|263-TM|345-TM|577-TM|500-TM|374-TM|203-TM|473-TM|214-TM|409-TM|113-TM|605-TM|118-TM|156-TM|286-TM|164-TM|202-TM|412-TM|94-TM|227-TM|583-TM|347-TM|270-TM|581-TM|416-TM|63-TM|76-TM|851-TM|802-TM|220-TM|244-TM|283-TM|914-TM		777-EV	
869		Alcremie Salted Cream Love	Cream Pokémon	Fairy																																	TRUE	TRUE	FALSE	FALSE	FALSE	FALSE				FALSE	FALSE	FALSE	FALSE	TRUE	TRUE	65	60	75	110	121	64	495	White	Head+Base		Sweet Veil		Aroma Veil	Spin anticlockwise during night with Love Sweet	100	33.33	Fairy	Amorphous	20	2560	Medium Fast	"1,000,000"	0.3	1′00″	0.5	1.1	50	173	0	0	0	0	2	0	2	0%	100%	1	1	1	1	1	1	0.5	2	1	1	1	0.5	1	1	0	0.5	2	1	597-1|186-1|230-1|33-1|577-15|204-20|213-25|151-30|605-35|105-40|581-45|494-50	204-TM|313-TM|182-TM|574-TM|263-TM|345-TM|577-TM|500-TM|374-TM|203-TM|473-TM|214-TM|409-TM|113-TM|605-TM|118-TM|156-TM|286-TM|164-TM|202-TM|412-TM|94-TM|227-TM|583-TM|347-TM|270-TM|581-TM|416-TM|63-TM|76-TM|851-TM|802-TM|220-TM|244-TM|283-TM|914-TM		777-EV	
869		Alcremie Salted Cream Star	Cream Pokémon	Fairy																																	TRUE	TRUE	FALSE	FALSE	FALSE	FALSE				FALSE	FALSE	FALSE	FALSE	TRUE	TRUE	65	60	75	110	121	64	495	White	Head+Base		Sweet Veil		Aroma Veil	Spin anticlockwise during night with Star Sweet	100	33.33	Fairy	Amorphous	20	2560	Medium Fast	"1,000,000"	0.3	1′00″	0.5	1.1	50	173	0	0	0	0	2	0	2	0%	100%	1	1	1	1	1	1	0.5	2	1	1	1	0.5	1	1	0	0.5	2	1	597-1|186-1|230-1|33-1|577-15|204-20|213-25|151-30|605-35|105-40|581-45|494-50	204-TM|313-TM|182-TM|574-TM|263-TM|345-TM|577-TM|500-TM|374-TM|203-TM|473-TM|214-TM|409-TM|113-TM|605-TM|118-TM|156-TM|286-TM|164-TM|202-TM|412-TM|94-TM|227-TM|583-TM|347-TM|270-TM|581-TM|416-TM|63-TM|76-TM|851-TM|802-TM|220-TM|244-TM|283-TM|914-TM		777-EV	
869		Alcremie Salted Cream Clover	Cream Pokémon	Fairy																																	TRUE	TRUE	FALSE	FALSE	FALSE	FALSE				FALSE	FALSE	FALSE	FALSE	TRUE	TRUE	65	60	75	110	121	64	495	White	Head+Base		Sweet Veil		Aroma Veil	Spin anticlockwise during night with Clover Sweet	100	33.33	Fairy	Amorphous	20	2560	Medium Fast	"1,000,000"	0.3	1′00″	0.5	1.1	50	173	0	0	0	0	2	0	2	0%	100%	1	1	1	1	1	1	0.5	2	1	1	1	0.5	1	1	0	0.5	2	1	597-1|186-1|230-1|33-1|577-15|204-20|213-25|151-30|605-35|105-40|581-45|494-50	204-TM|313-TM|182-TM|574-TM|263-TM|345-TM|577-TM|500-TM|374-TM|203-TM|473-TM|214-TM|409-TM|113-TM|605-TM|118-TM|156-TM|286-TM|164-TM|202-TM|412-TM|94-TM|227-TM|583-TM|347-TM|270-TM|581-TM|416-TM|63-TM|76-TM|851-TM|802-TM|220-TM|244-TM|283-TM|914-TM		777-EV	
869		Alcremie Salted Cream Flower	Cream Pokémon	Fairy																																	TRUE	TRUE	FALSE	FALSE	FALSE	FALSE				FALSE	FALSE	FALSE	FALSE	TRUE	TRUE	65	60	75	110	121	64	495	White	Head+Base		Sweet Veil		Aroma Veil	Spin anticlockwise during night with Flower Sweet	100	33.33	Fairy	Amorphous	20	2560	Medium Fast	"1,000,000"	0.3	1′00″	0.5	1.1	50	173	0	0	0	0	2	0	2	0%	100%	1	1	1	1	1	1	0.5	2	1	1	1	0.5	1	1	0	0.5	2	1	597-1|186-1|230-1|33-1|577-15|204-20|213-25|151-30|605-35|105-40|581-45|494-50	204-TM|313-TM|182-TM|574-TM|263-TM|345-TM|577-TM|500-TM|374-TM|203-TM|473-TM|214-TM|409-TM|113-TM|605-TM|118-TM|156-TM|286-TM|164-TM|202-TM|412-TM|94-TM|227-TM|583-TM|347-TM|270-TM|581-TM|416-TM|63-TM|76-TM|851-TM|802-TM|220-TM|244-TM|283-TM|914-TM		777-EV	
869		Alcremie Salted Cream Ribbon	Cream Pokémon	Fairy																																	TRUE	TRUE	FALSE	FALSE	FALSE	FALSE				FALSE	FALSE	FALSE	FALSE	TRUE	TRUE	65	60	75	110	121	64	495	Yellow	Head+Base		Sweet Veil		Aroma Veil	Spin anticlockwise during night with Ribbon Sweet	100	33.33	Fairy	Amorphous	20	2560	Medium Fast	"1,000,000"	0.3	1′00″	0.5	1.1	50	173	0	0	0	0	2	0	2	0%	100%	1	1	1	1	1	1	0.5	2	1	1	1	0.5	1	1	0	0.5	2	1	597-1|186-1|230-1|33-1|577-15|204-20|213-25|151-30|605-35|105-40|581-45|494-50	204-TM|313-TM|182-TM|574-TM|263-TM|345-TM|577-TM|500-TM|374-TM|203-TM|473-TM|214-TM|409-TM|113-TM|605-TM|118-TM|156-TM|286-TM|164-TM|202-TM|412-TM|94-TM|227-TM|583-TM|347-TM|270-TM|581-TM|416-TM|63-TM|76-TM|851-TM|802-TM|220-TM|244-TM|283-TM|914-TM		777-EV	
869		Alcremie Ruby Swirl Strawberry	Cream Pokémon	Fairy																																	TRUE	TRUE	FALSE	FALSE	FALSE	FALSE				FALSE	FALSE	FALSE	FALSE	TRUE	TRUE	65	60	75	110	121	64	495	Yellow	Head+Base		Sweet Veil		Aroma Veil	Spin anticlockwise during day for more than 5 sec with Strawberry Sweet	100	33.33	Fairy	Amorphous	20	2560	Medium Fast	"1,000,000"	0.3	1′00″	0.5	1.1	50	173	0	0	0	0	2	0	2	0%	100%	1	1	1	1	1	1	0.5	2	1	1	1	0.5	1	1	0	0.5	2	1	597-1|186-1|230-1|33-1|577-15|204-20|213-25|151-30|605-35|105-40|581-45|494-50	204-TM|313-TM|182-TM|574-TM|263-TM|345-TM|577-TM|500-TM|374-TM|203-TM|473-TM|214-TM|409-TM|113-TM|605-TM|118-TM|156-TM|286-TM|164-TM|202-TM|412-TM|94-TM|227-TM|583-TM|347-TM|270-TM|581-TM|416-TM|63-TM|76-TM|851-TM|802-TM|220-TM|244-TM|283-TM|914-TM		777-EV	
869		Alcremie Ruby Swirl Berry	Cream Pokémon	Fairy																																	TRUE	TRUE	FALSE	FALSE	FALSE	FALSE				FALSE	FALSE	FALSE	FALSE	TRUE	TRUE	65	60	75	110	121	64	495	Yellow	Head+Base		Sweet Veil		Aroma Veil	Spin anticlockwise during day for more than 5 sec with Berry Sweet	100	33.33	Fairy	Amorphous	20	2560	Medium Fast	"1,000,000"	0.3	1′00″	0.5	1.1	50	173	0	0	0	0	2	0	2	0%	100%	1	1	1	1	1	1	0.5	2	1	1	1	0.5	1	1	0	0.5	2	1	597-1|186-1|230-1|33-1|577-15|204-20|213-25|151-30|605-35|105-40|581-45|494-50	204-TM|313-TM|182-TM|574-TM|263-TM|345-TM|577-TM|500-TM|374-TM|203-TM|473-TM|214-TM|409-TM|113-TM|605-TM|118-TM|156-TM|286-TM|164-TM|202-TM|412-TM|94-TM|227-TM|583-TM|347-TM|270-TM|581-TM|416-TM|63-TM|76-TM|851-TM|802-TM|220-TM|244-TM|283-TM|914-TM		777-EV	
869		Alcremie Ruby Swirl Love	Cream Pokémon	Fairy																																	TRUE	TRUE	FALSE	FALSE	FALSE	FALSE				FALSE	FALSE	FALSE	FALSE	TRUE	TRUE	65	60	75	110	121	64	495	Yellow	Head+Base		Sweet Veil		Aroma Veil	Spin anticlockwise during day for more than 5 sec with Love Sweet	100	33.33	Fairy	Amorphous	20	2560	Medium Fast	"1,000,000"	0.3	1′00″	0.5	1.1	50	173	0	0	0	0	2	0	2	0%	100%	1	1	1	1	1	1	0.5	2	1	1	1	0.5	1	1	0	0.5	2	1	597-1|186-1|230-1|33-1|577-15|204-20|213-25|151-30|605-35|105-40|581-45|494-50	204-TM|313-TM|182-TM|574-TM|263-TM|345-TM|577-TM|500-TM|374-TM|203-TM|473-TM|214-TM|409-TM|113-TM|605-TM|118-TM|156-TM|286-TM|164-TM|202-TM|412-TM|94-TM|227-TM|583-TM|347-TM|270-TM|581-TM|416-TM|63-TM|76-TM|851-TM|802-TM|220-TM|244-TM|283-TM|914-TM		777-EV	
869		Alcremie Ruby Swirl Star	Cream Pokémon	Fairy																																	TRUE	TRUE	FALSE	FALSE	FALSE	FALSE				FALSE	FALSE	FALSE	FALSE	TRUE	TRUE	65	60	75	110	121	64	495	Yellow	Head+Base		Sweet Veil		Aroma Veil	Spin anticlockwise during day for more than 5 sec with Star Sweet	100	33.33	Fairy	Amorphous	20	2560	Medium Fast	"1,000,000"	0.3	1′00″	0.5	1.1	50	173	0	0	0	0	2	0	2	0%	100%	1	1	1	1	1	1	0.5	2	1	1	1	0.5	1	1	0	0.5	2	1	597-1|186-1|230-1|33-1|577-15|204-20|213-25|151-30|605-35|105-40|581-45|494-50	204-TM|313-TM|182-TM|574-TM|263-TM|345-TM|577-TM|500-TM|374-TM|203-TM|473-TM|214-TM|409-TM|113-TM|605-TM|118-TM|156-TM|286-TM|164-TM|202-TM|412-TM|94-TM|227-TM|583-TM|347-TM|270-TM|581-TM|416-TM|63-TM|76-TM|851-TM|802-TM|220-TM|244-TM|283-TM|914-TM		777-EV	
869		Alcremie Ruby Swirl Clover	Cream Pokémon	Fairy																																	TRUE	TRUE	FALSE	FALSE	FALSE	FALSE				FALSE	FALSE	FALSE	FALSE	TRUE	TRUE	65	60	75	110	121	64	495	Yellow	Head+Base		Sweet Veil		Aroma Veil	Spin anticlockwise during day for more than 5 sec with Clover Sweet	100	33.33	Fairy	Amorphous	20	2560	Medium Fast	"1,000,000"	0.3	1′00″	0.5	1.1	50	173	0	0	0	0	2	0	2	0%	100%	1	1	1	1	1	1	0.5	2	1	1	1	0.5	1	1	0	0.5	2	1	597-1|186-1|230-1|33-1|577-15|204-20|213-25|151-30|605-35|105-40|581-45|494-50	204-TM|313-TM|182-TM|574-TM|263-TM|345-TM|577-TM|500-TM|374-TM|203-TM|473-TM|214-TM|409-TM|113-TM|605-TM|118-TM|156-TM|286-TM|164-TM|202-TM|412-TM|94-TM|227-TM|583-TM|347-TM|270-TM|581-TM|416-TM|63-TM|76-TM|851-TM|802-TM|220-TM|244-TM|283-TM|914-TM		777-EV	
869		Alcremie Ruby Swirl Flower	Cream Pokémon	Fairy																																	TRUE	TRUE	FALSE	FALSE	FALSE	FALSE				FALSE	FALSE	FALSE	FALSE	TRUE	TRUE	65	60	75	110	121	64	495	Yellow	Head+Base		Sweet Veil		Aroma Veil	Spin anticlockwise during day for more than 5 sec with Flower Sweet	100	33.33	Fairy	Amorphous	20	2560	Medium Fast	"1,000,000"	0.3	1′00″	0.5	1.1	50	173	0	0	0	0	2	0	2	0%	100%	1	1	1	1	1	1	0.5	2	1	1	1	0.5	1	1	0	0.5	2	1	597-1|186-1|230-1|33-1|577-15|204-20|213-25|151-30|605-35|105-40|581-45|494-50	204-TM|313-TM|182-TM|574-TM|263-TM|345-TM|577-TM|500-TM|374-TM|203-TM|473-TM|214-TM|409-TM|113-TM|605-TM|118-TM|156-TM|286-TM|164-TM|202-TM|412-TM|94-TM|227-TM|583-TM|347-TM|270-TM|581-TM|416-TM|63-TM|76-TM|851-TM|802-TM|220-TM|244-TM|283-TM|914-TM		777-EV	
869		Alcremie Ruby Swirl Ribbon	Cream Pokémon	Fairy																																	TRUE	TRUE	FALSE	FALSE	FALSE	FALSE				FALSE	FALSE	FALSE	FALSE	TRUE	TRUE	65	60	75	110	121	64	495	Brown	Head+Base		Sweet Veil		Aroma Veil	Spin anticlockwise during day for more than 5 sec with Ribbon Sweet	100	33.33	Fairy	Amorphous	20	2560	Medium Fast	"1,000,000"	0.3	1′00″	0.5	1.1	50	173	0	0	0	0	2	0	2	0%	100%	1	1	1	1	1	1	0.5	2	1	1	1	0.5	1	1	0	0.5	2	1	597-1|186-1|230-1|33-1|577-15|204-20|213-25|151-30|605-35|105-40|581-45|494-50	204-TM|313-TM|182-TM|574-TM|263-TM|345-TM|577-TM|500-TM|374-TM|203-TM|473-TM|214-TM|409-TM|113-TM|605-TM|118-TM|156-TM|286-TM|164-TM|202-TM|412-TM|94-TM|227-TM|583-TM|347-TM|270-TM|581-TM|416-TM|63-TM|76-TM|851-TM|802-TM|220-TM|244-TM|283-TM|914-TM		777-EV	
869		Alcremie Caramel Swirl Strawberry	Cream Pokémon	Fairy																																	TRUE	TRUE	FALSE	FALSE	FALSE	FALSE				FALSE	FALSE	FALSE	FALSE	TRUE	TRUE	65	60	75	110	121	64	495	Brown	Head+Base		Sweet Veil		Aroma Veil	Spin clockwise during day for more than 5 sec with Strawberry Sweet	100	33.33	Fairy	Amorphous	20	2560	Medium Fast	"1,000,000"	0.3	1′00″	0.5	1.1	50	173	0	0	0	0	2	0	2	0%	100%	1	1	1	1	1	1	0.5	2	1	1	1	0.5	1	1	0	0.5	2	1	597-1|186-1|230-1|33-1|577-15|204-20|213-25|151-30|605-35|105-40|581-45|494-50	204-TM|313-TM|182-TM|574-TM|263-TM|345-TM|577-TM|500-TM|374-TM|203-TM|473-TM|214-TM|409-TM|113-TM|605-TM|118-TM|156-TM|286-TM|164-TM|202-TM|412-TM|94-TM|227-TM|583-TM|347-TM|270-TM|581-TM|416-TM|63-TM|76-TM|851-TM|802-TM|220-TM|244-TM|283-TM|914-TM		777-EV	
869		Alcremie Caramel Swirl Berry	Cream Pokémon	Fairy																																	TRUE	TRUE	FALSE	FALSE	FALSE	FALSE				FALSE	FALSE	FALSE	FALSE	TRUE	TRUE	65	60	75	110	121	64	495	Brown	Head+Base		Sweet Veil		Aroma Veil	Spin clockwise during day for more than 5 sec with Berry Sweet	100	33.33	Fairy	Amorphous	20	2560	Medium Fast	"1,000,000"	0.3	1′00″	0.5	1.1	50	173	0	0	0	0	2	0	2	0%	100%	1	1	1	1	1	1	0.5	2	1	1	1	0.5	1	1	0	0.5	2	1	597-1|186-1|230-1|33-1|577-15|204-20|213-25|151-30|605-35|105-40|581-45|494-50	204-TM|313-TM|182-TM|574-TM|263-TM|345-TM|577-TM|500-TM|374-TM|203-TM|473-TM|214-TM|409-TM|113-TM|605-TM|118-TM|156-TM|286-TM|164-TM|202-TM|412-TM|94-TM|227-TM|583-TM|347-TM|270-TM|581-TM|416-TM|63-TM|76-TM|851-TM|802-TM|220-TM|244-TM|283-TM|914-TM		777-EV	
869		Alcremie Caramel Swirl Love	Cream Pokémon	Fairy																																	TRUE	TRUE	FALSE	FALSE	FALSE	FALSE				FALSE	FALSE	FALSE	FALSE	TRUE	TRUE	65	60	75	110	121	64	495	Brown	Head+Base		Sweet Veil		Aroma Veil	Spin clockwise during day for more than 5 sec with Love Sweet	100	33.33	Fairy	Amorphous	20	2560	Medium Fast	"1,000,000"	0.3	1′00″	0.5	1.1	50	173	0	0	0	0	2	0	2	0%	100%	1	1	1	1	1	1	0.5	2	1	1	1	0.5	1	1	0	0.5	2	1	597-1|186-1|230-1|33-1|577-15|204-20|213-25|151-30|605-35|105-40|581-45|494-50	204-TM|313-TM|182-TM|574-TM|263-TM|345-TM|577-TM|500-TM|374-TM|203-TM|473-TM|214-TM|409-TM|113-TM|605-TM|118-TM|156-TM|286-TM|164-TM|202-TM|412-TM|94-TM|227-TM|583-TM|347-TM|270-TM|581-TM|416-TM|63-TM|76-TM|851-TM|802-TM|220-TM|244-TM|283-TM|914-TM		777-EV	
869		Alcremie Caramel Swirl Star	Cream Pokémon	Fairy																																	TRUE	TRUE	FALSE	FALSE	FALSE	FALSE				FALSE	FALSE	FALSE	FALSE	TRUE	TRUE	65	60	75	110	121	64	495	Brown	Head+Base		Sweet Veil		Aroma Veil	Spin clockwise during day for more than 5 sec with Star Sweet	100	33.33	Fairy	Amorphous	20	2560	Medium Fast	"1,000,000"	0.3	1′00″	0.5	1.1	50	173	0	0	0	0	2	0	2	0%	100%	1	1	1	1	1	1	0.5	2	1	1	1	0.5	1	1	0	0.5	2	1	597-1|186-1|230-1|33-1|577-15|204-20|213-25|151-30|605-35|105-40|581-45|494-50	204-TM|313-TM|182-TM|574-TM|263-TM|345-TM|577-TM|500-TM|374-TM|203-TM|473-TM|214-TM|409-TM|113-TM|605-TM|118-TM|156-TM|286-TM|164-TM|202-TM|412-TM|94-TM|227-TM|583-TM|347-TM|270-TM|581-TM|416-TM|63-TM|76-TM|851-TM|802-TM|220-TM|244-TM|283-TM|914-TM		777-EV	
869		Alcremie Caramel Swirl Clover	Cream Pokémon	Fairy																																	TRUE	TRUE	FALSE	FALSE	FALSE	FALSE				FALSE	FALSE	FALSE	FALSE	TRUE	TRUE	65	60	75	110	121	64	495	Brown	Head+Base		Sweet Veil		Aroma Veil	Spin clockwise during day for more than 5 sec with Clover Sweet	100	33.33	Fairy	Amorphous	20	2560	Medium Fast	"1,000,000"	0.3	1′00″	0.5	1.1	50	173	0	0	0	0	2	0	2	0%	100%	1	1	1	1	1	1	0.5	2	1	1	1	0.5	1	1	0	0.5	2	1	597-1|186-1|230-1|33-1|577-15|204-20|213-25|151-30|605-35|105-40|581-45|494-50	204-TM|313-TM|182-TM|574-TM|263-TM|345-TM|577-TM|500-TM|374-TM|203-TM|473-TM|214-TM|409-TM|113-TM|605-TM|118-TM|156-TM|286-TM|164-TM|202-TM|412-TM|94-TM|227-TM|583-TM|347-TM|270-TM|581-TM|416-TM|63-TM|76-TM|851-TM|802-TM|220-TM|244-TM|283-TM|914-TM		777-EV	
869		Alcremie Caramel Swirl Flower	Cream Pokémon	Fairy																																	TRUE	TRUE	FALSE	FALSE	FALSE	FALSE				FALSE	FALSE	FALSE	FALSE	TRUE	TRUE	65	60	75	110	121	64	495	Brown	Head+Base		Sweet Veil		Aroma Veil	Spin clockwise during day for more than 5 sec with Flower Sweet	100	33.33	Fairy	Amorphous	20	2560	Medium Fast	"1,000,000"	0.3	1′00″	0.5	1.1	50	173	0	0	0	0	2	0	2	0%	100%	1	1	1	1	1	1	0.5	2	1	1	1	0.5	1	1	0	0.5	2	1	597-1|186-1|230-1|33-1|577-15|204-20|213-25|151-30|605-35|105-40|581-45|494-50	204-TM|313-TM|182-TM|574-TM|263-TM|345-TM|577-TM|500-TM|374-TM|203-TM|473-TM|214-TM|409-TM|113-TM|605-TM|118-TM|156-TM|286-TM|164-TM|202-TM|412-TM|94-TM|227-TM|583-TM|347-TM|270-TM|581-TM|416-TM|63-TM|76-TM|851-TM|802-TM|220-TM|244-TM|283-TM|914-TM		777-EV	
869		Alcremie Caramel Swirl Ribbon	Cream Pokémon	Fairy																																	TRUE	TRUE	FALSE	FALSE	FALSE	FALSE				FALSE	FALSE	FALSE	FALSE	TRUE	TRUE	65	60	75	110	121	64	495	Yellow	Head+Base		Sweet Veil		Aroma Veil	Spin clockwise during day for more than 5 sec with Ribbon Sweet	100	33.33	Fairy	Amorphous	20	2560	Medium Fast	"1,000,000"	0.3	1′00″	0.5	1.1	50	173	0	0	0	0	2	0	2	0%	100%	1	1	1	1	1	1	0.5	2	1	1	1	0.5	1	1	0	0.5	2	1	597-1|186-1|230-1|33-1|577-15|204-20|213-25|151-30|605-35|105-40|581-45|494-50	204-TM|313-TM|182-TM|574-TM|263-TM|345-TM|577-TM|500-TM|374-TM|203-TM|473-TM|214-TM|409-TM|113-TM|605-TM|118-TM|156-TM|286-TM|164-TM|202-TM|412-TM|94-TM|227-TM|583-TM|347-TM|270-TM|581-TM|416-TM|63-TM|76-TM|851-TM|802-TM|220-TM|244-TM|283-TM|914-TM		777-EV	
869		Alcremie Rainbow Swirl Strawberry	Cream Pokémon	Fairy																																	TRUE	TRUE	FALSE	FALSE	FALSE	FALSE				FALSE	FALSE	FALSE	FALSE	TRUE	TRUE	65	60	75	110	121	64	495	Yellow	Head+Base		Sweet Veil		Aroma Veil	Spin anticlockwise during dusk for more than 10 sec with Strawberry Sweet	100	33.33	Fairy	Amorphous	20	2560	Medium Fast	"1,000,000"	0.3	1′00″	0.5	1.1	50	173	0	0	0	0	2	0	2	0%	100%	1	1	1	1	1	1	0.5	2	1	1	1	0.5	1	1	0	0.5	2	1	597-1|186-1|230-1|33-1|577-15|204-20|213-25|151-30|605-35|105-40|581-45|494-50	204-TM|313-TM|182-TM|574-TM|263-TM|345-TM|577-TM|500-TM|374-TM|203-TM|473-TM|214-TM|409-TM|113-TM|605-TM|118-TM|156-TM|286-TM|164-TM|202-TM|412-TM|94-TM|227-TM|583-TM|347-TM|270-TM|581-TM|416-TM|63-TM|76-TM|851-TM|802-TM|220-TM|244-TM|283-TM|914-TM		777-EV	
869		Alcremie Rainbow Swirl Berry	Cream Pokémon	Fairy																																	TRUE	TRUE	FALSE	FALSE	FALSE	FALSE				FALSE	FALSE	FALSE	FALSE	TRUE	TRUE	65	60	75	110	121	64	495	Yellow	Head+Base		Sweet Veil		Aroma Veil	Spin anticlockwise during dusk for more than 10 sec with Berry Sweet	100	33.33	Fairy	Amorphous	20	2560	Medium Fast	"1,000,000"	0.3	1′00″	0.5	1.1	50	173	0	0	0	0	2	0	2	0%	100%	1	1	1	1	1	1	0.5	2	1	1	1	0.5	1	1	0	0.5	2	1	597-1|186-1|230-1|33-1|577-15|204-20|213-25|151-30|605-35|105-40|581-45|494-50	204-TM|313-TM|182-TM|574-TM|263-TM|345-TM|577-TM|500-TM|374-TM|203-TM|473-TM|214-TM|409-TM|113-TM|605-TM|118-TM|156-TM|286-TM|164-TM|202-TM|412-TM|94-TM|227-TM|583-TM|347-TM|270-TM|581-TM|416-TM|63-TM|76-TM|851-TM|802-TM|220-TM|244-TM|283-TM|914-TM		777-EV	
869		Alcremie Rainbow Swirl Love	Cream Pokémon	Fairy																																	TRUE	TRUE	FALSE	FALSE	FALSE	FALSE				FALSE	FALSE	FALSE	FALSE	TRUE	TRUE	65	60	75	110	121	64	495	Yellow	Head+Base		Sweet Veil		Aroma Veil	Spin anticlockwise during dusk for more than 10 sec with Love Sweet	100	33.33	Fairy	Amorphous	20	2560	Medium Fast	"1,000,000"	0.3	1′00″	0.5	1.1	50	173	0	0	0	0	2	0	2	0%	100%	1	1	1	1	1	1	0.5	2	1	1	1	0.5	1	1	0	0.5	2	1	597-1|186-1|230-1|33-1|577-15|204-20|213-25|151-30|605-35|105-40|581-45|494-50	204-TM|313-TM|182-TM|574-TM|263-TM|345-TM|577-TM|500-TM|374-TM|203-TM|473-TM|214-TM|409-TM|113-TM|605-TM|118-TM|156-TM|286-TM|164-TM|202-TM|412-TM|94-TM|227-TM|583-TM|347-TM|270-TM|581-TM|416-TM|63-TM|76-TM|851-TM|802-TM|220-TM|244-TM|283-TM|914-TM		777-EV	
869		Alcremie Rainbow Swirl Star	Cream Pokémon	Fairy																																	TRUE	TRUE	FALSE	FALSE	FALSE	FALSE				FALSE	FALSE	FALSE	FALSE	TRUE	TRUE	65	60	75	110	121	64	495	Yellow	Head+Base		Sweet Veil		Aroma Veil	Spin anticlockwise during dusk for more than 10 sec with Star Sweet	100	33.33	Fairy	Amorphous	20	2560	Medium Fast	"1,000,000"	0.3	1′00″	0.5	1.1	50	173	0	0	0	0	2	0	2	0%	100%	1	1	1	1	1	1	0.5	2	1	1	1	0.5	1	1	0	0.5	2	1	597-1|186-1|230-1|33-1|577-15|204-20|213-25|151-30|605-35|105-40|581-45|494-50	204-TM|313-TM|182-TM|574-TM|263-TM|345-TM|577-TM|500-TM|374-TM|203-TM|473-TM|214-TM|409-TM|113-TM|605-TM|118-TM|156-TM|286-TM|164-TM|202-TM|412-TM|94-TM|227-TM|583-TM|347-TM|270-TM|581-TM|416-TM|63-TM|76-TM|851-TM|802-TM|220-TM|244-TM|283-TM|914-TM		777-EV	
869		Alcremie Rainbow Swirl Clover	Cream Pokémon	Fairy																																	TRUE	TRUE	FALSE	FALSE	FALSE	FALSE				FALSE	FALSE	FALSE	FALSE	TRUE	TRUE	65	60	75	110	121	64	495	Yellow	Head+Base		Sweet Veil		Aroma Veil	Spin anticlockwise during dusk for more than 10 sec with Clover Sweet	100	33.33	Fairy	Amorphous	20	2560	Medium Fast	"1,000,000"	0.3	1′00″	0.5	1.1	50	173	0	0	0	0	2	0	2	0%	100%	1	1	1	1	1	1	0.5	2	1	1	1	0.5	1	1	0	0.5	2	1	597-1|186-1|230-1|33-1|577-15|204-20|213-25|151-30|605-35|105-40|581-45|494-50	204-TM|313-TM|182-TM|574-TM|263-TM|345-TM|577-TM|500-TM|374-TM|203-TM|473-TM|214-TM|409-TM|113-TM|605-TM|118-TM|156-TM|286-TM|164-TM|202-TM|412-TM|94-TM|227-TM|583-TM|347-TM|270-TM|581-TM|416-TM|63-TM|76-TM|851-TM|802-TM|220-TM|244-TM|283-TM|914-TM		777-EV	
869		Alcremie Rainbow Swirl Flower	Cream Pokémon	Fairy																																	TRUE	TRUE	FALSE	FALSE	FALSE	FALSE				FALSE	FALSE	FALSE	FALSE	TRUE	TRUE	65	60	75	110	121	64	495	Yellow	Head+Base		Sweet Veil		Aroma Veil	Spin anticlockwise during dusk for more than 10 sec with Flower Sweet	100	33.33	Fairy	Amorphous	20	2560	Medium Fast	"1,000,000"	0.3	1′00″	0.5	1.1	50	173	0	0	0	0	2	0	2	0%	100%	1	1	1	1	1	1	0.5	2	1	1	1	0.5	1	1	0	0.5	2	1	597-1|186-1|230-1|33-1|577-15|204-20|213-25|151-30|605-35|105-40|581-45|494-50	204-TM|313-TM|182-TM|574-TM|263-TM|345-TM|577-TM|500-TM|374-TM|203-TM|473-TM|214-TM|409-TM|113-TM|605-TM|118-TM|156-TM|286-TM|164-TM|202-TM|412-TM|94-TM|227-TM|583-TM|347-TM|270-TM|581-TM|416-TM|63-TM|76-TM|851-TM|802-TM|220-TM|244-TM|283-TM|914-TM		777-EV	
869		Alcremie Rainbow Swirl Ribbon	Cream Pokémon	Fairy																																	TRUE	TRUE	FALSE	FALSE	FALSE	FALSE				FALSE	FALSE	FALSE	FALSE	TRUE	TRUE	65	60	75	110	121	64	495	Yellow	Head+Base		Sweet Veil		Aroma Veil	Spin anticlockwise during dusk for more than 10 sec with Ribbon Sweet	100	33.33	Fairy	Amorphous	20	2560	Medium Fast	"1,000,000"	0.3	1′00″	0.5	1.1	50	173	0	0	0	0	2	0	2	0%	100%	1	1	1	1	1	1	0.5	2	1	1	1	0.5	1	1	0	0.5	2	1	597-1|186-1|230-1|33-1|577-15|204-20|213-25|151-30|605-35|105-40|581-45|494-50	204-TM|313-TM|182-TM|574-TM|263-TM|345-TM|577-TM|500-TM|374-TM|203-TM|473-TM|214-TM|409-TM|113-TM|605-TM|118-TM|156-TM|286-TM|164-TM|202-TM|412-TM|94-TM|227-TM|583-TM|347-TM|270-TM|581-TM|416-TM|63-TM|76-TM|851-TM|802-TM|220-TM|244-TM|283-TM|914-TM		777-EV	
870	870	Falinks	Formation Pokémon	Fighting																																	TRUE	TRUE	FALSE	FALSE	FALSE	FALSE				TRUE	TRUE	FALSE	FALSE	FALSE	FALSE	65	100	100	70	60	75	470	Purple	Tentacles		Battle Armor		Defiant		45	15	Fairy	Mineral	25	3200	Medium Fast	"1,000,000"	3	9′10″	62	136.7	50	165	0	2	0	0	1	0	3	Unknown		1	1	1	1	1	1	1	1	1	2	2	0.5	0.5	1	1	0.5	1	2	182-1|33-1|249-5|116-10|29-15|339-20|203-25|179-30|660-35|748-40|334-45|370-50|224-55|68-60	36-TM|97-TM|182-TM|885-TM|263-TM|317-TM|203-TM|241-TM|240-TM|684-TM|206-TM|280-TM|428-TM|339-TM|34-TM|214-TM|398-TM|156-TM|157-TM|14-TM|776-TM|442-TM|164-TM|334-TM|270-TM|179-TM|416-TM|411-TM|63-TM|370-TM|851-TM|282-TM|679-TM|667-TM|253-TM|244-TM|283-TM|811-TM|675-TM|918-TM			
871	871	Pincurchin	Sea Urchin Pokémon	Electric																																	TRUE	TRUE	TRUE	TRUE	TRUE	TRUE				TRUE	TRUE	FALSE	FALSE	FALSE	FALSE	48	101	95	91	85	15	435	White	Serpentine		Lightning Rod		Electric Surge		75	25	Water 1	Amorphous	20	2560	Medium Fast	"1,000,000"	0.3	1′00″	1	2.2	50	152	0	2	0	0	0	0	2	50%	50%	1	1	1	0.5	1	1	1	1	2	0.5	1	1	1	1	1	1	0.5	1	64-1|84-1|55-5|268-10|31-15|209-20|61-25|105-30|174-35|604-40|398-45|716-50|367-55|435-60	36-TM|182-TM|886-TM|451-TM|263-TM|506-TM|129-TM|474-TM|203-TM|240-TM|34-TM|214-TM|486-TM|86-TM|398-TM|156-TM|191-TM|390-TM|164-TM|710-TM|57-TM|85-TM|179-TM|604-TM|56-TM|528-TM|416-TM|63-TM|87-TM|851-TM|268-TM|503-TM|220-TM|330-TM|916-TM|527-TM|675-TM|174-TM	262-EM|389-EM		
872	872	Snom	Worm Pokémon	Ice	Bug																																TRUE	TRUE	FALSE	FALSE	TRUE	TRUE				TRUE	TRUE	FALSE	FALSE	FALSE	FALSE	30	25	35	45	30	20	185	White	2+ Pair of Wings		Shield Dust		Ice Scales		190	63.33	Bug		20	2560	Medium Fast	"1,000,000"	0.3	1′00″	3.8	8.4	50	37	0	0	0	1	0	0	1	50%	50%	1	4	1	1	0.5	0.5	1	1	0.5	2	1	1	4	1	1	1	2	1	181-1|522-1	182-TM|522-TM|884-TM|263-TM|196-TM|214-TM|156-TM|164-TM|405-TM|851-TM|450-TM|679-TM|333-TM|806-TM	450-EM|584-EM|243-EM		
873	873	Frosmoth	Frost Moth Pokémon	Ice	Bug																																TRUE	TRUE	FALSE	FALSE	TRUE	TRUE				TRUE	TRUE	FALSE	FALSE	FALSE	FALSE	70	65	60	125	90	65	475	Gray	Head+Legs		Shield Dust		Ice Scales	High friendship during nighttime	75	25	Bug		20	2560	Medium Fast	"1,000,000"	1.3	4′03″	42	92.6	50	166	0	0	0	2	0	0	2	50%	50%	1	4	1	1	0.5	0.5	1	1	0.5	2	1	1	4	1	1	1	2	1	213-1|270-1|181-1|522-1|78-4|611-8|54-12|432-16|297-21|62-24|883-28|405-32|694-36|59-40|366-44|469-48|483-52	36-TM|182-TM|512-TM|522-TM|884-TM|263-TM|129-TM|196-TM|419-TM|203-TM|883-TM|369-TM|403-TM|214-TM|115-TM|113-TM|605-TM|156-TM|286-TM|141-TM|164-TM|202-TM|366-TM|861-TM|583-TM|347-TM|270-TM|58-TM|59-TM|416-TM|542-TM|405-TM|63-TM|851-TM|450-TM|679-TM|333-TM|311-TM|813-TM|297-TM|806-TM	450-EM|584-EM|243-EM	196-EV	
874	874	Stonjourner	Big Rock Pokémon	Rock																																	TRUE	FALSE	FALSE	FALSE	TRUE	FALSE				TRUE	FALSE	FALSE	FALSE	FALSE	FALSE	100	125	135	20	20	70	470	Blue	Bipedal+Tail		Power Spot				60	20	Mineral		25	3200	Slow	"1,250,000"	2.5	8′02″	520	1146.4	50	165	0	0	2	0	0	0	2	50%	50%	0.5	0.5	2	1	2	1	2	0.5	2	0.5	1	1	1	1	1	1	2	1	335-1|88-1|397-6|317-12|356-18|23-24|446-30|157-36|34-42|469-48|484-54|444-60|25-66	36-TM|182-TM|67-TM|263-TM|523-TM|317-TM|490-TM|203-TM|241-TM|201-TM|34-TM|214-TM|350-TM|707-TM|156-TM|157-TM|776-TM|286-TM|408-TM|164-TM|334-TM|446-TM|484-TM|414-TM|89-TM|444-TM|416-TM|63-TM|851-TM|328-TM|356-TM|479-TM|667-TM|535-TM|244-TM|283-TM|800-TM|174-TM|912-TM	246-EM|174-EM		
875	875	Eiscue Ice Face	Penguin Pokémon	Ice																																	TRUE	TRUE	FALSE	FALSE	TRUE	TRUE				FALSE	TRUE	FALSE	FALSE	FALSE	FALSE	75	80	110	65	90	50	470	Blue	Bipedal+Tail		Ice Face				60	20	Water 1	Field	25	3200	Slow	"1,250,000"	1.4	4′07″	89	196.2	50	165	0	0	2	0	0	0	2	50%	50%	1	2	1	1	1	0.5	2	1	1	1	1	1	2	1	1	1	2	1	181-1|33-1|54-6|311-12|196-18|29-24|133-30|573-36|883-42|694-48|57-54|59-60	36-TM|97-TM|182-TM|352-TM|886-TM|263-TM|196-TM|419-TM|203-TM|240-TM|883-TM|428-TM|34-TM|8-TM|214-TM|115-TM|127-TM|156-TM|442-TM|164-TM|334-TM|710-TM|57-TM|861-TM|133-TM|179-TM|58-TM|56-TM|59-TM|416-TM|63-TM|851-TM|333-TM|311-TM|812-TM|38-TM|250-TM|297-TM	392-EM|187-EM|38-EM|457-EM|556-EM|487-EM		
875		Eiscue Noice Face	Penguin Pokémon	Ice																																	FALSE	FALSE	FALSE	FALSE	FALSE	FALSE				FALSE	FALSE	FALSE	FALSE	FALSE	FALSE	75	80	70	65	50	130	470	Purple	Bipedal+Tail		Ice Face					0	Water 1	Field	25	3200	Slow	"1,250,000"	1.4	4′07″	89	196.2	50	165	0	0	2	0	0	0	2	50%	50%	1	2	1	1	1	0.5	2	1	1	1	1	1	2	1	1	1	2	1	181-1|33-1|54-6|311-12|196-18|29-24|133-30|573-36|883-42|694-48|57-54|59-60	36-TM|97-TM|182-TM|352-TM|886-TM|263-TM|196-TM|419-TM|203-TM|240-TM|883-TM|428-TM|34-TM|8-TM|214-TM|115-TM|127-TM|156-TM|442-TM|164-TM|334-TM|710-TM|57-TM|861-TM|133-TM|179-TM|58-TM|56-TM|59-TM|416-TM|63-TM|851-TM|333-TM|311-TM|812-TM|38-TM|250-TM|297-TM	392-EM|187-EM|38-EM|457-EM|556-EM|487-EM		
876	876	Male Indeedee	Emotion Pokémon	Psychic	Normal																																TRUE	TRUE	FALSE	FALSE	TRUE	TRUE				TRUE	TRUE	TRUE	TRUE	FALSE	FALSE	60	65	55	105	95	95	475	Purple	Bipedal+Tail		Inner Focus	Synchronize	Psychic Surge		30	10	Fairy		40	5120	Fast	"800,000"	0.9	2′11″	28	61.7	140	166	0	0	0	2	0	0	2	100%	0%	1	1	1	1	1	1	1	1	1	1	0.5	2	1	0	1	2	1	1	589-1|500-1|227-5|574-10|60-15|270-20|495-25|361-30|94-35|347-40|471-45|678-50|387-55	36-TM|182-TM|60-TM|574-TM|263-TM|129-TM|345-TM|577-TM|500-TM|203-TM|473-TM|428-TM|34-TM|214-TM|409-TM|605-TM|118-TM|156-TM|286-TM|285-TM|164-TM|271-TM|247-TM|304-TM|412-TM|94-TM|227-TM|583-TM|347-TM|270-TM|678-TM|433-TM|851-TM|356-TM|244-TM|797-TM|917-TM	326-EM|252-EM|244-EM		
876		Female Indeedee	Emotion Pokémon	Psychic	Normal																																TRUE	TRUE	FALSE	FALSE	TRUE	TRUE				TRUE	TRUE	TRUE	TRUE	FALSE	FALSE	60	65	55	105	95	95	475	Purple	Bipedal+Tail		Inner Focus	Synchronize	Psychic Surge		30	10	Fairy		40	5120	Fast	"800,000"	0.9	2′11″	28	61.7	140	166	0	0	0	2	0	0	2	0%	100%	1	1	1	1	1	1	1	1	1	1	0.5	2	1	0	1	2	1	1	589-1|500-1|226-5|574-10|60-15|270-20|266-25|361-30|94-35|347-40|470-45|678-50	36-TM|204-TM|182-TM|60-TM|574-TM|263-TM|129-TM|345-TM|577-TM|500-TM|203-TM|473-TM|428-TM|34-TM|214-TM|409-TM|115-TM|113-TM|605-TM|118-TM|156-TM|286-TM|285-TM|164-TM|271-TM|247-TM|304-TM|412-TM|94-TM|583-TM|347-TM|270-TM|226-TM|678-TM|433-TM|851-TM|244-TM|914-TM	252-EM|505-EM|244-EM		
877	877	Morpeko Full Belly Mode	Two-Sided Pokémon	Electric	Dark																																TRUE	TRUE	TRUE	TRUE	TRUE	TRUE				FALSE	FALSE	FALSE	TRUE	FALSE	FALSE	58	95	58	70	58	97	436	Yellow	Bipedal+Tailless		Hunger Switch				180	60	Field	Fairy	10	1280	Medium Fast	"1,000,000"	0.3	1′00″	3	6.6	50	153	0	0	0	0	0	2	2	50%	50%	1	1	1	0.5	1	1	2	1	2	0.5	0	2	1	0.5	1	0.5	0.5	2	39-1|84-1|43-5|681-10|98-15|260-20|44-25|209-30|259-35|97-40|331-45|242-50|783-55|37-60	36-TM|313-TM|97-TM|184-TM|182-TM|424-TM|422-TM|423-TM|168-TM|451-TM|263-TM|555-TM|129-TM|374-TM|203-TM|521-TM|331-TM|280-TM|492-TM|706-TM|9-TM|214-TM|402-TM|486-TM|86-TM|707-TM|156-TM|269-TM|399-TM|598-TM|164-TM|242-TM|85-TM|226-TM|179-TM|604-TM|417-TM|528-TM|200-TM|87-TM|851-TM|268-TM|180-TM|282-TM|162-TM|253-TM|808-TM|38-TM|283-TM|527-TM	268-EM|252-EM|575-EM|511-EM|229-EM|162-EM|207-EM|321-EM		
877		Morpeko Hangry Mode	Two-Sided Pokémon	Electric	Dark																																TRUE	TRUE	TRUE	TRUE	TRUE	TRUE				FALSE	FALSE	FALSE	TRUE	FALSE	FALSE	58	95	58	70	58	97	436	Purple	Bipedal+Tailless		Hunger Switch				180	60	Field	Fairy	10	1280	Medium Fast	"1,000,000"	0.3	1′00″	3	6.6	50	153	0	0	0	0	0	2	2	50%	50%	1	1	1	0.5	1	1	2	1	2	0.5	0	2	1	0.5	1	0.5	0.5	2	39-1|84-1|43-5|681-10|98-15|260-20|44-25|209-30|259-35|97-40|331-45|242-50|783-55|37-60	36-TM|313-TM|97-TM|184-TM|182-TM|424-TM|422-TM|423-TM|168-TM|451-TM|263-TM|555-TM|129-TM|374-TM|203-TM|521-TM|331-TM|280-TM|492-TM|706-TM|9-TM|214-TM|402-TM|486-TM|86-TM|707-TM|156-TM|269-TM|399-TM|598-TM|164-TM|242-TM|85-TM|226-TM|179-TM|604-TM|417-TM|528-TM|200-TM|87-TM|851-TM|268-TM|180-TM|282-TM|162-TM|253-TM|808-TM|38-TM|283-TM|527-TM	268-EM|252-EM|575-EM|511-EM|229-EM|162-EM|207-EM|321-EM		
878	878	Cufant	Copperderm Pokémon	Steel																																	TRUE	TRUE	FALSE	FALSE	TRUE	TRUE				TRUE	TRUE	FALSE	FALSE	FALSE	FALSE	72	80	49	40	49	40	330	Yellow	Quadruped		Sheer Force		Heavy Metal		190	63.33	Field	Mineral	25	3200	Medium Fast	"1,000,000"	1.2	3′11″	100	220.5	50	66	0	1	0	0	0	0	1	50%	50%	0.5	2	1	1	0.5	0.5	2	0	2	0.5	0.5	0.5	0.5	1	0.5	1	0.5	0.5	45-1|33-1|205-5|249-10|523-15|23-20|334-25|91-30|70-35|442-40|583-45|667-50|276-55	36-TM|182-TM|263-TM|523-TM|341-TM|317-TM|374-TM|203-TM|201-TM|91-TM|280-TM|428-TM|34-TM|214-TM|350-TM|707-TM|156-TM|157-TM|776-TM|430-TM|442-TM|164-TM|334-TM|446-TM|484-TM|583-TM|414-TM|89-TM|444-TM|796-TM|851-TM|667-TM|38-TM|283-TM|174-TM	562-EM|174-EM|111-EM|38-EM|90-EM|21-EM|207-EM|18-EM		
879		GMAX Copperajah	Copperderm Pokémon	Steel																																	TRUE	TRUE	TRUE	TRUE	TRUE	TRUE										122	130	69	80	69	30	500	Green	Quadruped		Sheer Force		Heavy Metal	GMAX Factor	3	1					Medium Fast	"1,000,000"	23	"75'6"""	???	???	50	0	0	0	0	0	0	0	0	50%	50%	0.5	2	1	1	0.5	0.5	2	0	2	0.5	0.5	0.5	0.5	1	0.5	1	0.5	0.5					
879	879	Copperajah	Copperderm Pokémon	Steel																																	TRUE	TRUE	FALSE	FALSE	TRUE	TRUE				TRUE	TRUE	FALSE	FALSE	FALSE	FALSE	122	130	69	80	69	30	500	Green	Quadruped		Sheer Force		Heavy Metal	Level 34	90	30	Field	Mineral	25	3200	Medium Fast	"1,000,000"	3	9′10″	650	1433	50	175	0	2	0	0	0	0	2	50%	50%	0.5	2	1	1	0.5	0.5	2	0	2	0.5	0.5	0.5	0.5	1	0.5	1	0.5	0.5	45-1|249-1|205-1|33-1|523-15|23-20|334-25|91-30|70-37|442-44|583-51|667-58|276-65	36-TM|182-TM|263-TM|523-TM|555-TM|341-TM|317-TM|374-TM|203-TM|201-TM|91-TM|280-TM|428-TM|34-TM|214-TM|350-TM|707-TM|156-TM|157-TM|269-TM|776-TM|430-TM|442-TM|164-TM|334-TM|446-TM|484-TM|583-TM|414-TM|89-TM|444-TM|416-TM|200-TM|63-TM|796-TM|851-TM|479-TM|282-TM|667-TM|535-TM|38-TM|283-TM|916-TM|174-TM|912-TM	562-EM|174-EM|111-EM|38-EM|90-EM|21-EM|207-EM|18-EM	484-EV	
880	880	Dracozolt	Fossil Pokémon	Electric	Dragon																																TRUE	TRUE	FALSE	FALSE	FALSE	FALSE										90	100	90	80	70	75	505	Green	Bipedal+Tail		Volt Absorb	Hustle	Sand Rush		45	15	No Eggs Discovered		35	4480	Slow	"1,250,000"	1.8	5′11″	190	418.9	50	177	0	2	0	0	0	0	2	Unknown		1	0.5	0.5	0.25	0.5	2	1	1	2	0.5	1	1	1	1	2	1	0.5	2					
881	881	Arctozolt	Fossil Pokémon	Electric	Ice																																TRUE	TRUE	FALSE	FALSE	FALSE	FALSE										90	100	90	90	80	55	505	Blue	Bipedal+Tail		Volt Absorb	Static	Slush Rush		45	15	No Eggs Discovered		35	4480	Slow	"1,250,000"	2.3	7′07″	150	330.7	50	177	0	2	0	0	0	0	2	Unknown		1	2	1	0.5	1	0.5	2	1	2	0.5	1	1	2	1	1	1	1	1					
882	882	Dracovish	Fossil Pokémon	Water	Dragon																																TRUE	TRUE	FALSE	FALSE	FALSE	FALSE										90	90	100	70	80	75	505	Green	Head+Legs		Water Absorb	Strong Jaw	Sand Rush		45	15	No Eggs Discovered		35	4480	Slow	"1,250,000"	2.3	7′07″	215	474	50	177	0	0	2	0	0	0	2	Unknown		1	0.25	0.25	1	1	1	1	1	1	1	1	1	1	1	2	1	0.5	2					
883	883	Arctovish	Fossil Pokémon	Water	Ice																																TRUE	TRUE	FALSE	FALSE	FALSE	FALSE										90	90	100	80	90	55	505	Blue	Fins		Water Absorb	Ice Body	Slush Rush		45	15	No Eggs Discovered		35	4480	Slow	"1,250,000"	2	6′07″	175	385.8	50	177	0	0	2	0	0	0	2	Unknown		1	1	0.5	2	2	0.25	2	1	1	1	1	1	2	1	1	1	1	1					
884		GMAX Duraludon	Alloy Pokémon	Steel	Dragon																																TRUE	TRUE	TRUE	TRUE	TRUE	TRUE										70	95	115	120	50	85	535	White	Bipedal+Tail		Light Metal	Heavy Metal	Stalwart	GMAX Factor	3	1					Medium Fast	"1,000,000"	43	"141'1"""	???	???	50	0	0	0	0	0	0	0	0	50%	50%	0.5	1	0.5	0.5	0.25	1	2	0	2	0.5	0.5	0.5	0.5	1	1	1	0.5	1					
884	884	Duraludon	Alloy Pokémon	Steel	Dragon																																TRUE	TRUE	FALSE	FALSE	FALSE	FALSE				FALSE	FALSE	FALSE	FALSE	TRUE	TRUE	70	95	115	120	50	85	535	White	Bipedal+Tail		Light Metal	Heavy Metal	Stalwart		45	15	Mineral	Dragon	30	3840	Medium Fast	"1,000,000"	1.8	5′11″	40	88.2	50	187	0	0	0	2	0	0	2	50%	50%	0.5	1	0.5	0.5	0.25	1	2	0	2	0.5	0.5	0.5	0.5	1	1	1	0.5	1	43-1|232-1|249-6|468-12|319-18|784-24|525-30|334-36|116-42|337-48|430-54|368-60|63-66	36-TM|184-TM|182-TM|263-TM|555-TM|232-TM|317-TM|525-TM|203-TM|280-TM|492-TM|34-TM|214-TM|115-TM|113-TM|337-TM|86-TM|156-TM|157-TM|14-TM|776-TM|430-TM|399-TM|442-TM|164-TM|334-TM|406-TM|446-TM|484-TM|85-TM|444-TM|416-TM|200-TM|63-TM|87-TM|76-TM|434-TM|796-TM|851-TM|46-TM|360-TM|38-TM|784-TM|319-TM|913-TM	243-EM|400-EM|163-EM		
885	885	Dreepy	Lingering Pokémon	Dragon	Ghost																																TRUE	TRUE	FALSE	FALSE	TRUE	TRUE				FALSE	TRUE	FALSE	FALSE	FALSE	FALSE	28	60	30	40	30	82	270	Green	Serpentine		Clear Body	Infiltrator	Cursed Body		45	15	Amorphous	Dragon	40	5120	Slow	"1,250,000"	0.5	1′08″	2	4.4	50	54	0	0	0	0	0	1	1	50%	50%	0	0.5	0.5	0.5	0.5	2	0	0.5	1	1	1	0.5	1	2	2	2	1	2	310-1|44-1|611-1|98-1	182-TM|109-TM|263-TM|129-TM|525-TM|203-TM|214-TM|86-TM|156-TM|164-TM|270-TM|226-TM|434-TM|851-TM|174-TM	109-EM|174-EM|50-EM|104-EM|525-EM|389-EM		
886	886	Drakloak	Caretaker Pokémon	Dragon	Ghost																																TRUE	TRUE	FALSE	FALSE	TRUE	TRUE				FALSE	TRUE	FALSE	FALSE	FALSE	FALSE	68	80	50	60	50	102	410	Green	Head+Arms		Clear Body	Infiltrator	Cursed Body	Level 50	45	15	Amorphous	Dragon	40	5120	Slow	"1,250,000"	1.4	4′07″	11	24.3	50	144	0	0	0	0	0	2	2	50%	50%	0	0.5	0.5	0.5	0.5	2	0	0.5	1	1	1	0.5	1	2	2	2	1	2	310-1|44-1|611-1|98-1|199-6|372-12|506-18|97-24|458-30|369-36|349-42|566-48|36-54|407-61|38-66|387-72	36-TM|97-TM|182-TM|512-TM|109-TM|168-TM|884-TM|263-TM|506-TM|129-TM|101-TM|525-TM|203-TM|241-TM|369-TM|706-TM|214-TM|115-TM|113-TM|86-TM|156-TM|349-TM|164-TM|261-TM|247-TM|406-TM|57-TM|53-TM|85-TM|270-TM|226-TM|126-TM|56-TM|566-TM|200-TM|87-TM|434-TM|851-TM|38-TM|784-TM|174-TM|913-TM	109-EM|174-EM|50-EM|104-EM|525-EM|389-EM	406-EV	
887	887	Dragapult	Stealth Pokémon	Dragon	Ghost																																TRUE	TRUE	FALSE	FALSE	TRUE	TRUE				FALSE	TRUE	FALSE	FALSE	FALSE	FALSE	88	120	75	100	75	142	600	Green	Bipedal+Tail		Clear Body	Infiltrator	Cursed Body	Level 60	45	15	Amorphous	Dragon	40	5120	Slow	"1,250,000"	3	9′10″	50	110.2	50	300	0	0	0	0	0	3	3	50%	50%	0	0.5	0.5	0.5	0.5	2	0	0.5	1	1	1	0.5	1	2	2	2	1	2	310-1|44-1|225-1|611-1|98-1|199-6|372-12|506-18|97-24|458-30|369-36|349-42|566-48|36-54|407-63|38-70|387-78	36-TM|97-TM|182-TM|512-TM|109-TM|168-TM|884-TM|263-TM|506-TM|129-TM|101-TM|525-TM|203-TM|241-TM|369-TM|706-TM|34-TM|214-TM|115-TM|113-TM|337-TM|86-TM|156-TM|19-TM|349-TM|164-TM|261-TM|247-TM|406-TM|57-TM|53-TM|85-TM|270-TM|226-TM|126-TM|56-TM|566-TM|416-TM|200-TM|63-TM|87-TM|76-TM|434-TM|851-TM|38-TM|784-TM|174-TM|913-TM	109-EM|174-EM|50-EM|104-EM|525-EM|389-EM	751-EV	
888	888	Zacian Hero of Many Battles	Warrior Pokémon	Fairy																																	TRUE	FALSE	FALSE	FALSE	FALSE	FALSE				FALSE	FALSE	FALSE	FALSE	FALSE	FALSE	92	120	115	80	115	138	660	Blue	Quadruped		Intrepid Sword				10	3.33	No Eggs Discovered		120	15360	Slow	"1,250,000"	2.8	9′02″	110	242.5	0	335	0	0	0	0	0	3	3	Unknown		1	1	1	1	1	1	0.5	2	1	1	1	0.5	1	1	0	0.5	2	1	44-1|336-1|232-1|98-1|501-1|533-1|163-11|14-22|442-33|568-44|242-55|585-66|370-77|416-88	36-TM|97-TM|184-TM|182-TM|424-TM|422-TM|423-TM|885-TM|263-TM|555-TM|232-TM|129-TM|203-TM|91-TM|206-TM|280-TM|706-TM|403-TM|34-TM|214-TM|605-TM|398-TM|156-TM|14-TM|286-TM|430-TM|442-TM|164-TM|334-TM|242-TM|304-TM|583-TM|270-TM|179-TM|581-TM|528-TM|416-TM|411-TM|63-TM|370-TM|796-TM|851-TM|669-TM			
888		Zacian Crowned Sword	Warrior Pokémon	Steel	Fairy																																FALSE	FALSE	FALSE	FALSE	FALSE	FALSE				FALSE	FALSE	FALSE	FALSE	FALSE	FALSE	92	150	115	80	115	148	700	Blue	Quadruped		Intrepid Sword					0	No Eggs Discovered		120	15360	Slow	"1,250,000"	2.8	9′02″	355	782.6	0	360	0	0	0	0	0	3	3	Unknown		0.5	2	1	1	0.5	0.5	1	0	2	0.5	0.5	0.25	0.5	1	0	0.5	1	0.5	44-1|336-1|232-1|98-1|501-1|533-1|163-11|14-22|442-33|568-44|242-55|585-66|370-77|416-88	36-TM|97-TM|184-TM|182-TM|424-TM|422-TM|423-TM|885-TM|263-TM|555-TM|232-TM|129-TM|203-TM|91-TM|206-TM|280-TM|706-TM|403-TM|34-TM|214-TM|605-TM|398-TM|156-TM|14-TM|286-TM|430-TM|442-TM|164-TM|334-TM|242-TM|304-TM|583-TM|270-TM|179-TM|581-TM|528-TM|416-TM|411-TM|63-TM|370-TM|796-TM|851-TM|669-TM			
889	889	Zamazenta Hero of Many Battles	Warrior Pokémon	Fighting																																	FALSE	TRUE	FALSE	FALSE	FALSE	FALSE				FALSE	FALSE	FALSE	FALSE	FALSE	FALSE	92	120	115	80	115	138	660	Red	Quadruped		Dauntless Shield				10	3.33	No Eggs Discovered		120	15360	Slow	"1,250,000"	2.9	9′06″	210	463	0	335	0	0	0	0	0	3	3	Unknown		1	1	1	1	1	1	1	1	1	2	2	0.5	0.5	1	1	0.5	1	2	44-1|336-1|232-1|98-1|469-1|163-11|334-22|442-33|368-44|242-55|585-66|370-77|416-88	36-TM|97-TM|184-TM|182-TM|424-TM|422-TM|423-TM|885-TM|263-TM|555-TM|232-TM|129-TM|203-TM|241-TM|240-TM|201-TM|91-TM|280-TM|706-TM|34-TM|214-TM|115-TM|113-TM|605-TM|156-TM|776-TM|286-TM|430-TM|442-TM|164-TM|334-TM|242-TM|304-TM|484-TM|583-TM|270-TM|179-TM|528-TM|444-TM|416-TM|411-TM|63-TM|370-TM|76-TM|796-TM|851-TM|46-TM|811-TM			
889		Zamazenta Crowned Shield	Warrior Pokémon	Steel	Fighting																																FALSE	FALSE	FALSE	FALSE	FALSE	FALSE				FALSE	FALSE	FALSE	FALSE	FALSE	FALSE	92	120	140	80	140	128	700	Red	Quadruped		Dauntless Shield					0	No Eggs Discovered		120	15360	Slow	"1,250,000"	2.9	9′06″	785	1730.6	0	360	0	0	0	0	0	3	3	Unknown		0.5	2	1	1	0.5	0.5	2	0	2	1	1	0.25	0.25	1	0.5	0.5	0.5	1	44-1|336-1|232-1|98-1|469-1|163-11|334-22|442-33|368-44|242-55|585-66|370-77|416-88	36-TM|97-TM|184-TM|182-TM|424-TM|422-TM|423-TM|885-TM|263-TM|555-TM|232-TM|129-TM|203-TM|241-TM|240-TM|201-TM|91-TM|280-TM|706-TM|34-TM|214-TM|115-TM|113-TM|605-TM|156-TM|776-TM|286-TM|430-TM|442-TM|164-TM|334-TM|242-TM|304-TM|484-TM|583-TM|270-TM|179-TM|528-TM|444-TM|416-TM|411-TM|63-TM|370-TM|76-TM|796-TM|851-TM|46-TM|811-TM			
890	890	Eternatus	Gigantic Pokémon	Poison	Dragon																																TRUE	TRUE	FALSE	FALSE	FALSE	FALSE				FALSE	FALSE	FALSE	FALSE	FALSE	FALSE	140	85	95	145	95	130	690	Purple	1 Pair of Wings		Pressure				255	85	No Eggs Discovered		120	15360	Slow	"1,250,000"	20	65′07″	950	2094.4	0	345	3	0	0	0	0	0	3	Unknown		1	0.5	0.5	0.5	0.25	2	0.5	0.5	2	1	2	0.5	1	1	2	1	1	1	97-1|109-1|525-1|342-1|92-8|474-16|349-24|440-32|406-40|53-48|744-56|322-64|105-72|63-80|200-88	36-TM|97-TM|184-TM|182-TM|109-TM|83-TM|263-TM|342-TM|525-TM|474-TM|203-TM|241-TM|240-TM|34-TM|214-TM|115-TM|113-TM|398-TM|156-TM|390-TM|430-TM|19-TM|349-TM|441-TM|164-TM|247-TM|406-TM|53-TM|126-TM|188-TM|416-TM|200-TM|63-TM|76-TM|434-TM|851-TM|92-TM|356-TM|482-TM|800-TM			
890		Eternatus Eternamax	Gigantic Pokémon	Poison	Dragon																																															255	115	250	125	250	130	1125	Purple	Serpentine		Pressure					0			120	15360	Slow	"1,250,000"	0	"0'0"""	0	0	0	563	3	0	0	0	0	0	3	Unknown		1	0.5	0.5	0.5	0.25	2	0.5	0.5	2	1	2	0.5	1	1	2	1	1	1					
891	891	Kubfu	Wushu Pokémon	Fighting																																	FALSE	FALSE	TRUE	TRUE	FALSE	FALSE				FALSE	FALSE	FALSE	FALSE	TRUE	TRUE	60	90	60	53	50	72	385	Gray	Bipedal+Tail		Inner Focus				3	1	No Eggs Discovered		120	15360	Slow	"1,250,000"	0.6	2′00″	12	26.5	50	77	0	1	0	0	0	0	1	87.50%	12.50%	1	1	1	1	1	1	1	1	1	2	2	0.5	0.5	1	1	0.5	1	2	43-1|249-1|203-4|116-8|332-12|184-16|29-20|280-24|197-28|339-32|442-36|223-40|68-44|370-48|264-52	36-TM|184-TM|182-TM|67-TM|512-TM|263-TM|332-TM|232-TM|490-TM|374-TM|203-TM|91-TM|280-TM|428-TM|369-TM|339-TM|34-TM|7-TM|9-TM|8-TM|214-TM|156-TM|14-TM|442-TM|164-TM|270-TM|179-TM|370-TM|851-TM|264-TM|38-TM			
892		GMAX Urshifu Single Strike Style	Wushu Pokémon	Fighting	Dark																																TRUE	TRUE	TRUE	TRUE	TRUE	TRUE										100	130	100	63	60	97	550	Gray	Bipedal+Tailless		Unseen Fist			GMAX Factor	3	1					Slow	"1,250,000"	29	"95'2"""	???	???	50	0	0	0	0	0	0	0	0	87.50%	12.50%	1	1	1	1	1	1	2	1	1	2	0	1	0.5	0.5	1	0.25	1	4					
892		GMAX Urshifu Rapid Strike Style	Wushu Pokémon	Fighting	Water																																TRUE	TRUE	TRUE	TRUE	TRUE	TRUE										100	130	100	63	60	97	550	Gray	Bipedal+Tailless		Unseen Fist			GMAX Factor	3	1					Slow	"1,250,000"	26	"85'4"""	???	???	50	0	0	0	0	0	0	0	0	87.50%	12.50%	1	0.5	0.5	2	2	0.5	1	1	1	2	2	0.5	0.5	1	1	0.5	0.5	2					
892	892	Urshifu Single Strike Style	Wushu Pokémon	Fighting	Dark																																FALSE	FALSE	TRUE	TRUE	FALSE	FALSE				FALSE	FALSE	FALSE	FALSE	TRUE	TRUE	100	130	100	63	60	97	550	Gray	Bipedal+Tailless		Unseen Fist			Scroll of Darkness	3	1	No Eggs Discovered		120	15360	Slow	"1,250,000"	1.9	6′03″	105	231.5	50	275	0	3	0	0	0	0	3	87.50%	12.50%	1	1	1	1	1	1	2	1	1	2	0	1	0.5	0.5	1	0.25	1	4	203-1|116-1|43-1|249-1|389-1|332-12|184-16|29-20|280-24|197-28|339-32|442-36|223-40|68-44|370-48|264-52	36-TM|184-TM|182-TM|67-TM|512-TM|885-TM|263-TM|332-TM|555-TM|232-TM|129-TM|317-TM|490-TM|374-TM|203-TM|91-TM|206-TM|280-TM|428-TM|369-TM|492-TM|339-TM|34-TM|7-TM|9-TM|8-TM|214-TM|409-TM|398-TM|156-TM|157-TM|269-TM|14-TM|776-TM|399-TM|442-TM|164-TM|334-TM|242-TM|396-TM|270-TM|179-TM|444-TM|416-TM|411-TM|370-TM|851-TM|46-TM|264-TM|808-TM|38-TM|811-TM|675-TM		817-EV	
892		Urshifu Rapid Strike Style	Wushu Pokémon	Fighting	Water																																FALSE	FALSE	TRUE	TRUE	FALSE	FALSE				FALSE	FALSE	FALSE	FALSE	TRUE	TRUE	100	130	100	63	60	97	550	Gray	Bipedal+Tailless		Unseen Fist			Scroll of Waters	3	1	No Eggs Discovered		120	15360	Slow	"1,250,000"	1.9	6′03″	105	231.5	50	275	0	3	0	0	0	0	3	87.50%	12.50%	1	0.5	0.5	2	2	0.5	1	1	1	2	2	0.5	0.5	1	1	0.5	0.5	2	453-1|203-1|116-1|43-1|249-1|332-12|184-16|29-20|280-24|197-28|339-32|442-36|223-40|68-44|370-48|264-52	36-TM|184-TM|182-TM|67-TM|512-TM|885-TM|886-TM|263-TM|332-TM|129-TM|317-TM|490-TM|374-TM|203-TM|240-TM|91-TM|206-TM|280-TM|428-TM|369-TM|339-TM|34-TM|7-TM|9-TM|8-TM|214-TM|409-TM|127-TM|398-TM|156-TM|157-TM|269-TM|14-TM|776-TM|442-TM|164-TM|334-TM|710-TM|396-TM|861-TM|270-TM|179-TM|444-TM|416-TM|411-TM|370-TM|851-TM|264-TM|38-TM|250-TM|811-TM		818-EV	
893	893	Zarude	Rogue Monkey Pokémon	Dark	Grass																																FALSE	FALSE	FALSE	FALSE	FALSE	FALSE				FALSE	FALSE	FALSE	FALSE	FALSE	FALSE	105	120	105	70	95	105	600	Black	Bipedal+Tail		Leaf Guard				3	1	No Eggs Discovered		120	15360	Slow	"1,250,000"	1.8	5′11″	70	154.3	0	300	0	3	0	0	0	0	3	Unknown		1	2	0.5	0.5	0.5	2	2	2	0.5	2	0	4	1	0.5	1	0.5	1	2	20-1|10-1|43-6|22-12|74-18|154-24|184-30|447-36|44-42|369-48|207-54|412-60|235-66|359-72|37-78|438-84|816-90	36-TM|184-TM|182-TM|67-TM|512-TM|168-TM|885-TM|263-TM|332-TM|555-TM|129-TM|345-TM|341-TM|317-TM|490-TM|374-TM|203-TM|241-TM|91-TM|331-TM|280-TM|369-TM|339-TM|34-TM|214-TM|402-TM|409-TM|447-TM|707-TM|156-TM|157-TM|269-TM|14-TM|399-TM|164-TM|242-TM|202-TM|304-TM|412-TM|227-TM|270-TM|580-TM|417-TM|416-TM|437-TM|63-TM|370-TM|76-TM|851-TM|46-TM|282-TM|669-TM|264-TM|803-TM|808-TM|38-TM|572-TM|675-TM			
893		Dada Zarude	Rogue Monkey Pokémon	Dark	Grass																																FALSE	FALSE	FALSE	FALSE	FALSE	FALSE				FALSE	FALSE	FALSE	FALSE	FALSE	FALSE	105	120	105	70	95	105	600	Black	Bipedal+Tail		Leaf Guard				3	1	No Eggs Discovered		120	15360	Slow	"1,250,000"	1.8	5′11″	70	154.3	0	300	0	3	0	0	0	0	3	Unknown		1	2	0.5	0.5	0.5	2	2	2	0.5	2	0	4	1	0.5	1	0.5	1	2	20-1|10-1|43-6|22-12|74-18|154-24|184-30|447-36|44-42|369-48|207-54|412-60|235-66|359-72|37-78|438-84|816-90	36-TM|184-TM|182-TM|67-TM|512-TM|168-TM|885-TM|263-TM|332-TM|555-TM|129-TM|345-TM|341-TM|317-TM|490-TM|374-TM|203-TM|241-TM|91-TM|331-TM|280-TM|369-TM|339-TM|34-TM|214-TM|402-TM|409-TM|447-TM|707-TM|156-TM|157-TM|269-TM|14-TM|399-TM|164-TM|242-TM|202-TM|304-TM|412-TM|227-TM|270-TM|580-TM|417-TM|416-TM|437-TM|63-TM|370-TM|76-TM|851-TM|46-TM|282-TM|669-TM|264-TM|803-TM|808-TM|38-TM|572-TM|675-TM			
894	894	Regieleki	Electron Pokémon	Electric																																	FALSE	FALSE	FALSE	FALSE	TRUE	TRUE				FALSE	FALSE	FALSE	FALSE	FALSE	FALSE	80	100	50	100	50	200	580	Yellow	Bipedal+Tailless		Transistor				3	1	No Eggs Discovered		120	15360	Slow	"1,250,000"	1.2	3′11″	145	319.7	35	290	0	0	0	0	0	3	3	Unknown		1	1	1	0.5	1	1	1	1	2	0.5	1	1	1	1	1	1	0.5	1	229-1|84-1|527-6|246-12|351-18|86-24|245-30|819-36|85-42|393-48|37-54|199-60|192-66|63-72|153-78	36-TM|97-TM|182-TM|512-TM|451-TM|263-TM|129-TM|203-TM|521-TM|240-TM|34-TM|214-TM|486-TM|115-TM|113-TM|86-TM|156-TM|598-TM|164-TM|85-TM|604-TM|528-TM|416-TM|63-TM|87-TM|851-TM|268-TM|916-TM|527-TM			
895	895	Regidrago	Dragon Orb Pokémon	Dragon																																	FALSE	FALSE	FALSE	FALSE	TRUE	TRUE				FALSE	FALSE	FALSE	FALSE	FALSE	FALSE	200	100	50	100	50	80	580	Green	Bipedal+Tailless		Dragon's Maw				3	1	No Eggs Discovered		120	15360	Slow	"1,250,000"	2.1	6′11″	200	440.9	35	290	3	0	0	0	0	0	3	Unknown		1	0.5	0.5	0.5	0.5	2	1	1	1	1	1	1	1	1	2	1	1	2	239-1|11-1|44-6|246-12|225-18|242-30|337-36|359-42|349-48|37-54|116-60|820-66|63-72|153-78	36-TM|182-TM|424-TM|422-TM|423-TM|263-TM|129-TM|203-TM|34-TM|214-TM|115-TM|113-TM|337-TM|156-TM|349-TM|164-TM|242-TM|406-TM|414-TM|179-TM|89-TM|416-TM|200-TM|63-TM|434-TM|851-TM|799-TM|784-TM|913-TM			
896	896	Glastrier	Wild Horse Pokémon	Ice																																	FALSE	FALSE	FALSE	FALSE	TRUE	TRUE				FALSE	FALSE	FALSE	FALSE	TRUE	TRUE	100	145	130	65	110	30	580	White	Quadruped		Chilling Neigh				3	1	No Eggs Discovered		120	15360	Slow	"1,250,000"	2.2	7′03″	800	1763.7	35	290	0	3	0	0	0	0	3	Unknown		1	2	1	1	1	0.5	2	1	1	1	1	1	2	1	1	1	2	1	33-1|39-1|24-6|419-12|23-18|259-24|54-30|556-36|36-42|334-48|37-54|269-60|38-66|14-72	36-TM|184-TM|182-TM|885-TM|263-TM|523-TM|555-TM|196-TM|341-TM|419-TM|203-TM|883-TM|684-TM|428-TM|34-TM|214-TM|707-TM|156-TM|269-TM|14-TM|776-TM|164-TM|334-TM|242-TM|484-TM|58-TM|59-TM|416-TM|200-TM|63-TM|370-TM|851-TM|46-TM|667-TM|808-TM|38-TM|675-TM|174-TM			
897	897	Spectrier	Swift Horse Pokémon	Ghost																																	FALSE	FALSE	FALSE	FALSE	TRUE	TRUE				FALSE	FALSE	FALSE	FALSE	TRUE	TRUE	100	65	60	145	80	130	580	Black	Quadruped		Grim Neight				3	1	No Eggs Discovered		120	15360	Slow	"1,250,000"	2	6′07″	44.5	98.1	35	290	0	0	0	3	0	0	3	Unknown		0	1	1	1	1	1	0	0.5	1	1	1	0.5	1	2	1	2	1	1	33-1|39-1|24-6|506-12|23-18|109-24|114-30|247-36|36-42|97-48|37-54|50-60|38-66|417-72	36-TM|97-TM|184-TM|182-TM|109-TM|263-TM|523-TM|506-TM|555-TM|129-TM|341-TM|577-TM|101-TM|203-TM|492-TM|34-TM|214-TM|707-TM|156-TM|269-TM|399-TM|164-TM|261-TM|242-TM|247-TM|94-TM|347-TM|417-TM|566-TM|416-TM|63-TM|851-TM|114-TM|809-TM|808-TM|220-TM|38-TM|174-TM			
898	898	Calyrex	King Pokémon	Psychic	Grass																																FALSE	FALSE	FALSE	FALSE	TRUE	TRUE				FALSE	FALSE	FALSE	FALSE	FALSE	FALSE	100	80	80	80	80	80	500	Green	Bipedal+Tailless		Unnerve				3	1	No Eggs Discovered		120	15360	Slow	"1,250,000"	1.1	3′07″	7.7	17	100	250	3	0	0	0	0	0	3	Unknown		1	2	0.5	0.5	0.5	2	0.5	2	0.5	2	0.5	4	1	2	1	2	1	1	93-1|74-1|72-1|1-1|791-8|202-16|473-24|270-32|580-40|678-40|412-48|94-56|73-64|505-72|76-80|248-88	36-TM|97-TM|184-TM|182-TM|60-TM|263-TM|555-TM|129-TM|345-TM|341-TM|577-TM|500-TM|203-TM|241-TM|473-TM|331-TM|428-TM|214-TM|402-TM|115-TM|113-TM|118-TM|447-TM|156-TM|776-TM|286-TM|285-TM|164-TM|271-TM|202-TM|412-TM|94-TM|227-TM|347-TM|270-TM|676-TM|226-TM|580-TM|678-TM|416-TM|437-TM|433-TM|63-TM|76-TM|851-TM|356-TM|669-TM|244-TM|248-TM|797-TM			
898		Ice Rider Calyrex	King Pokémon	Psychic	Ice																																FALSE	FALSE	FALSE	FALSE	FALSE	FALSE				FALSE	FALSE	FALSE	FALSE	FALSE	FALSE	100	165	150	85	130	50	680	Green	Quadruped		As One					0	No Eggs Discovered		120	15360	Slow	"1,250,000"	2.4	7′10″	809.1	1783.8	100	340	0	3	0	0	0	0	3	Unknown		1	2	1	1	1	0.5	1	1	1	1	0.5	2	2	2	1	2	2	1	419-1|93-1|38-1|24-1|824-1|74-1|556-1|334-1|72-1|54-1|1-1|23-1|14-1|33-1|39-1|36-1|269-1|37-1|259-1|791-8|202-16|473-24|270-32|312-40|580-40|678-40|412-48|94-56|73-64|505-72|76-80|248-88	36-TM|97-TM|184-TM|182-TM|60-TM|885-TM|263-TM|523-TM|555-TM|129-TM|345-TM|196-TM|341-TM|577-TM|500-TM|419-TM|203-TM|241-TM|883-TM|684-TM|473-TM|331-TM|428-TM|34-TM|214-TM|402-TM|115-TM|113-TM|118-TM|447-TM|707-TM|156-TM|269-TM|14-TM|776-TM|286-TM|285-TM|164-TM|334-TM|242-TM|271-TM|202-TM|412-TM|94-TM|484-TM|227-TM|347-TM|270-TM|676-TM|226-TM|58-TM|580-TM|678-TM|59-TM|416-TM|200-TM|437-TM|433-TM|63-TM|370-TM|76-TM|851-TM|46-TM|356-TM|667-TM|333-TM|669-TM|808-TM|244-TM|38-TM|248-TM|797-TM|675-TM|174-TM			
898		Shadow Rider Calyrex	King Pokémon	Psychic	Ghost																																FALSE	FALSE	FALSE	FALSE	FALSE	FALSE				FALSE	FALSE	FALSE	FALSE	FALSE	FALSE	100	85	80	165	100	150	680	Black	Quadruped		As One					0	No Eggs Discovered		120	15360	Slow	"1,250,000"	2.4	7′10″	53.6	118.2	100	340	0	0	0	3	0	0	3	Unknown		0	1	1	1	1	1	0	0.5	1	1	0.5	1	1	4	1	4	1	1	97-1|825-1|109-1|93-1|50-1|38-1|24-1|74-1|114-1|506-1|72-1|417-1|1-1|247-1|23-1|33-1|39-1|36-1|37-1|791-8|202-16|473-24|270-32|580-40|678-40|412-48|94-56|73-64|505-72|76-80|248-88	36-TM|97-TM|184-TM|182-TM|60-TM|109-TM|263-TM|523-TM|506-TM|555-TM|129-TM|345-TM|341-TM|577-TM|500-TM|101-TM|203-TM|241-TM|473-TM|331-TM|428-TM|492-TM|34-TM|214-TM|402-TM|115-TM|113-TM|118-TM|447-TM|707-TM|156-TM|269-TM|286-TM|399-TM|285-TM|164-TM|261-TM|242-TM|271-TM|202-TM|247-TM|412-TM|94-TM|227-TM|347-TM|270-TM|676-TM|226-TM|580-TM|678-TM|417-TM|566-TM|416-TM|437-TM|433-TM|63-TM|76-TM|851-TM|114-TM|356-TM|669-TM|808-TM|220-TM|244-TM|38-TM|248-TM|797-TM|174-TM			
899	899	Wyrdeer	Big Horn Pokémon	Normal	Psychic																																FALSE	FALSE	FALSE	FALSE	FALSE	FALSE			TRUE	FALSE	FALSE	FALSE	FALSE	FALSE	FALSE	103	105	72	105	75	65	525	Gray	Quadruped		Intimidate	Frisk	Sap Sipper	Use Psyshield Bash 20 times in Agile Style	45	15	Field		20	2560	Slow	"1,250,000"	1.8	5′11″	95.1	209.7	50	263	0	1	0	0	0	0	1	50%	50%	1	1	1	1	1	1	1	1	1	1	0.5	2	1	0	1	2	1	1	33-1|43-3|310-7|95-10|23-13|28-16|36-21|109-23|347-27|272-32|428-37|286-49|38-55|224-62	36-TM|97-TM|184-TM|182-TM|60-TM|109-TM|168-TM|885-TM|451-TM|263-TM|523-TM|129-TM|500-TM|203-TM|241-TM|240-TM|473-TM|91-TM|428-TM|34-TM|214-TM|115-TM|113-TM|86-TM|156-TM|286-TM|285-TM|164-TM|271-TM|247-TM|412-TM|94-TM|85-TM|347-TM|270-TM|414-TM|528-TM|89-TM|416-TM|433-TM|63-TM|87-TM|76-TM|851-TM|46-TM|180-TM|356-TM|679-TM|667-TM|253-TM|244-TM|38-TM|248-TM|797-TM|675-TM|174-TM|917-TM	44-EM|50-EM|24-EM|326-EM|224-EM|828-EM|180-EM|37-EM	828-EV	
900	900	Kleavor	Axe Pokémon	Bug	Rock																																FALSE	FALSE	FALSE	FALSE	FALSE	FALSE			TRUE	FALSE	FALSE	FALSE	FALSE	TRUE	TRUE	70	130	95	45	75	85	500	Brown	2+ Pair of Wings		Swarm	Sheer Force	Sharpness	Black Augurite	15	5	Bug		20	2560	Medium Fast	"1,000,000"	1.8	5′11″	89	196.2	50	175	0	2	0	0	0	0	2	50%	50%	0.5	1	2	1	1	1	1	0.5	1	1	1	1	2	1	1	1	2	1	43-1|98-1|210-4|206-8|479-12|104-16|458-20|163-24|116-28|97-32|157-36|404-40|14-44	36-TM|97-TM|184-TM|182-TM|512-TM|522-TM|168-TM|885-TM|884-TM|263-TM|332-TM|129-TM|317-TM|314-TM|203-TM|241-TM|240-TM|201-TM|206-TM|280-TM|369-TM|403-TM|214-TM|113-TM|350-TM|156-TM|157-TM|14-TM|164-TM|404-TM|366-TM|446-TM|270-TM|226-TM|179-TM|444-TM|416-TM|405-TM|63-TM|370-TM|851-TM|479-TM|450-TM|410-TM|679-TM|814-TM|38-TM|806-TM	68-EM|432-EM|364-EM|400-EM|501-EM	830-EV	
901	901	Ursaluna	Peat Pokémon	Ground	Normal																																FALSE	FALSE	FALSE	FALSE	FALSE	FALSE			TRUE	FALSE	FALSE	TRUE	TRUE	FALSE	FALSE	130	140	105	45	80	50	550	Brown	Bipedal+Tail		Guts	Bulletproof	Unnerve	Peat Block during Full Moon	20	6.67	Field		20	2560	Medium Fast	"1,000,000"	2.4	7′10″	290	639.3	50	275	0	3	0	0	0	0	3	50%	50%	1	1	2	0	2	2	2	0.5	1	1	1	1	0.5	0	1	1	1	1	343-1|313-1|43-1|122-1|10-1|154-8|371-13|230-17|163-22|589-25|583-29|184-35|156-41|173-41|667-48|37-56|359-64	36-TM|204-TM|313-TM|184-TM|182-TM|67-TM|168-TM|885-TM|263-TM|332-TM|523-TM|232-TM|129-TM|317-TM|374-TM|419-TM|203-TM|241-TM|240-TM|91-TM|280-TM|421-TM|339-TM|34-TM|7-TM|9-TM|8-TM|214-TM|402-TM|409-TM|118-TM|707-TM|156-TM|157-TM|269-TM|14-TM|776-TM|441-TM|164-TM|242-TM|304-TM|484-TM|583-TM|270-TM|414-TM|89-TM|444-TM|416-TM|63-TM|370-TM|851-TM|46-TM|479-TM|667-TM|253-TM|264-TM|38-TM|916-TM|675-TM|174-TM|912-TM	187-EM|370-EM|68-EM|238-EM|242-EM|38-EM|313-EM|210-EM|232-EM|400-EM|69-EM|281-EM	838-EV	
901		Bloodmoon Ursaluna	Peat Pokémon	Ground	Normal																																									FALSE	FALSE	TRUE	TRUE	FALSE	FALSE	113	70	120	135	65	52	555	Brown	Bipedal+Tail		Mind's Eye				5	1.67	Field		20	2560	Medium Fast	"1,000,000"	2.7	8′10″	333	734.1	50	275	0	0	0	3		0	3	100%	0%	1	1	2	0	2	2	2	0.5	1	1	1	1	0.5	0	1	1	1	1	10-1|43-1|122-1|838-1|154-8|371-13|106-17|163-22|589-25|184-35|156-41|173-41|414-48|585-56|359-64|901-70	36-TM|184-TM|182-TM|67-TM|168-TM|885-TM|263-TM|523-TM|555-TM|232-TM|129-TM|341-TM|-TM|374-TM|419-TM|203-TM|241-TM|240-TM|91-TM|280-TM|421-TM|34-TM|7-TM|9-TM|8-TM|214-TM|402-TM|707-TM|156-TM|157-TM|269-TM|14-TM|776-TM|441-TM|164-TM|242-TM|304-TM|484-TM|347-TM|270-TM|414-TM|89-TM|444-TM|416-TM|411-TM|63-TM|851-TM|46-TM|479-TM|410-TM|667-TM|253-TM|264-TM|38-TM|912-TM	187-EM|370-EM|68-EM|238-EM|242-EM|38-EM|313-EM|210-EM|232-EM|400-EM|69-EM|281-EM	236-R	
902	902	Basculegion Male	Big Fish Pokémon	Water	Ghost																																FALSE	FALSE	FALSE	FALSE	FALSE	FALSE			TRUE	FALSE	FALSE	TRUE	TRUE	FALSE	FALSE	120	112	65	80	75	78	530	Green	Fins		Swift Swim	Adaptability	Mold Breaker	Recieve 294 recoil damage	45	15	Water 2		20	2560	Medium Fast	"1,000,000"	3	9′10″	110	242.5	50	265	2	0	0	0	0	0	2	50%	50%	0	0.5	0.5	2	2	0.5	0	0.5	1	1	1	0.5	1	2	1	2	0.5	1	566-1|247-1|39-1|55-1|33-4|175-8|453-12|44-16|184-20|29-24|487-28|242-32|36-36|253-40|834-44|37-48|38-52|457-56	36-TM|97-TM|184-TM|182-TM|423-TM|352-TM|109-TM|886-TM|263-TM|506-TM|129-TM|196-TM|341-TM|101-TM|203-TM|240-TM|883-TM|428-TM|706-TM|214-TM|127-TM|156-TM|164-TM|242-TM|710-TM|247-TM|57-TM|58-TM|56-TM|59-TM|566-TM|416-TM|200-TM|63-TM|851-TM|180-TM|253-TM|812-TM|799-TM|220-TM|38-TM|283-TM|250-TM|330-TM	283-EM|854-EM		
902		Basculegion Female	Big Fish Pokémon	Water	Ghost																																FALSE	FALSE	FALSE	FALSE	FALSE	FALSE			TRUE	FALSE	FALSE	TRUE	TRUE	FALSE	FALSE	120	112	65	80	75	78	530	Green	Fins		Swift Swim	Adaptability	Mold Breaker	Recieve 294 recoil damage	45	15	Water 2		20	2560	Medium Fast	"1,000,000"	3	9′10″	110	242.5	50	265	2	0	0	0	0	0	2	50%	50%	0	0.5	0.5	2	2	0.5	0	0.5	1	1	1	0.5	1	2	1	2	0.5	1	566-1|247-1|39-1|55-1|33-4|175-8|453-12|44-16|184-20|29-24|487-28|242-32|36-36|253-40|834-44|37-48|38-52|457-56	36-TM|97-TM|184-TM|182-TM|423-TM|352-TM|109-TM|886-TM|263-TM|506-TM|129-TM|196-TM|341-TM|101-TM|203-TM|240-TM|883-TM|428-TM|706-TM|214-TM|127-TM|156-TM|164-TM|242-TM|710-TM|247-TM|57-TM|58-TM|56-TM|59-TM|566-TM|416-TM|200-TM|63-TM|851-TM|180-TM|253-TM|812-TM|799-TM|220-TM|38-TM|283-TM|250-TM|330-TM	283-EM|854-EM		
903	903	Sneasler	Free Climb Pokémon	Fighting	Poison																																FALSE	FALSE	FALSE	FALSE	FALSE	FALSE			TRUE	FALSE	FALSE	FALSE	FALSE	FALSE	FALSE	80	130	60	40	80	120	510	Blue	Bipedal+Tailless		Pressure	Unburden	Poison Touch	Razor Claw during daytime	20	6.67	Field		20	2560	Medium Slow	"1,059,860"	1.3	4′03″	43	94.8	50	102	0	1	0	0	0	1	2	50%	50%	1	1	1	1	0.5	1	0.5	0.5	2	2	4	0.25	0.5	1	1	0.5	1	1	374-1|43-1|249-1|10-1|269-6|98-12|232-18|398-24|280-30|468-36|163-42|97-48|103-54|370-60	36-TM|97-TM|182-TM|67-TM|491-TM|512-TM|168-TM|885-TM|263-TM|342-TM|332-TM|232-TM|129-TM|317-TM|490-TM|374-TM|474-TM|203-TM|241-TM|240-TM|91-TM|206-TM|280-TM|369-TM|421-TM|339-TM|7-TM|214-TM|447-TM|398-TM|156-TM|157-TM|269-TM|14-TM|390-TM|441-TM|164-TM|404-TM|247-TM|347-TM|179-TM|417-TM|188-TM|416-TM|411-TM|63-TM|370-TM|851-TM|92-TM|180-TM|410-TM|264-TM|808-TM|811-TM|482-TM|675-TM|918-TM	68-EM|458-EM|252-EM|364-EM|400-EM|501-EM|415-EM	827-EV	
904	904	Overqwil	Pin Cluster Pokémon	Dark	Poison																																FALSE	FALSE	FALSE	FALSE	FALSE	FALSE			TRUE	FALSE	FALSE	FALSE	FALSE	TRUE	TRUE	85	115	95	65	65	85	510	Black	Fins		Poison Point	Swift Swim	Intimidate	Use Barb Barrage 20 times in Strong Style	45	15	Water 2		20	2560	Medium Fast	"1,000,000"	2.5	8′02″	60.5	133.4	50	179	0	1	0	0	0	0	1	50%	50%	1	1	1	1	0.5	1	1	0.5	2	1	0	1	1	0.5	1	0.5	1	1	40-1|33-1|106-4|44-8|565-12|107-16|191-20|362-24|839-28|42-32|390-36|255-40|254-40|92-44|242-48|367-52|194-56	36-TM|97-TM|184-TM|182-TM|352-TM|491-TM|886-TM|263-TM|342-TM|506-TM|129-TM|196-TM|341-TM|474-TM|203-TM|240-TM|684-TM|214-TM|127-TM|398-TM|156-TM|269-TM|14-TM|191-TM|390-TM|399-TM|441-TM|164-TM|242-TM|710-TM|247-TM|57-TM|179-TM|58-TM|56-TM|59-TM|188-TM|416-TM|63-TM|851-TM|114-TM|92-TM|180-TM|360-TM|808-TM|799-TM|220-TM|38-TM|482-TM|675-TM|174-TM	491-EM|453-EM|401-EM|310-EM|61-EM|175-EM|114-EM|120-EM|48-EM|352-EM		
905	905	Enamorus Incarnate Forme	Love-Hate Pokémon	Fairy	Flying																																								TRUE	FALSE	FALSE	FALSE	FALSE	FALSE	FALSE	74	115	70	135	80	106	580	Pink	Head+Arms		Cute Charm		Contrary		3	1	No Eggs Discovered		120	15360	Slow	"1,250,000"	1.6	5′03″	48	105.8	50	116	0	0	0	3	0	0	3	0%	100%	1	1	1	2	0.5	2	0.25	2	0	1	1	0.25	2	1	0	0.5	2	1	310-1|584-1|259-5|260-10|239-15|577-20|334-25|286-30|595-35|605-40|326-45|253-50|276-55|361-60|585-65|200-70|831-75	36-TM|97-TM|184-TM|182-TM|574-TM|263-TM|577-TM|203-TM|241-TM|240-TM|428-TM|34-TM|214-TM|605-TM|447-TM|156-TM|269-TM|286-TM|19-TM|442-TM|164-TM|334-TM|366-TM|94-TM|583-TM|347-TM|414-TM|580-TM|581-TM|188-TM|416-TM|200-TM|411-TM|63-TM|851-TM|253-TM|311-TM|802-TM|244-TM|914-TM			
905		Enamorus Therian Forme	Love-Hate Pokémon	Fairy	Flying																																								FALSE	FALSE	FALSE	FALSE	FALSE	FALSE	FALSE	74	115	110	135	100	46	580	Pink	Quadruped		Overcoat					0	No Eggs Discovered		120	15360	Slow	"1,250,000"	1.6	5′03″	48	105.8	50	116	0	3	0	0	0	0	3	0%	100%	1	1	1	2	0.5	2	0.25	2	0	1	1	0.25	2	1	0	0.5	2	1	310-1|584-1|259-5|260-10|239-15|577-20|334-25|286-30|595-35|605-40|326-45|253-50|276-55|361-60|585-65|200-70|831-75	36-TM|97-TM|184-TM|182-TM|574-TM|263-TM|577-TM|203-TM|241-TM|240-TM|428-TM|34-TM|214-TM|605-TM|447-TM|156-TM|269-TM|286-TM|19-TM|442-TM|164-TM|334-TM|366-TM|94-TM|583-TM|347-TM|414-TM|580-TM|581-TM|188-TM|416-TM|200-TM|411-TM|63-TM|851-TM|253-TM|311-TM|802-TM|244-TM|914-TM			
906	906	Sprigatito	Grass Cat Pokémon	Grass																																										TRUE	TRUE	FALSE	FALSE	FALSE	FALSE	40	61	54	45	45	65	310	Green	Quadruped		Overgrow		Protean		45	15	Field	Grass	20	2560	Medium Slow	"1,059,860"	0.4	1′04″	4.1	9	50	62	0	0	0	0	0	1	1	87.50%	12.50%	1	2	0.5	0.5	0.5	2	1	2	0.5	2	1	2	1	1	1	1	1	1	670-1|10-1|39-1|44-7|468-10|345-13|98-15|402-17|369-21|388-25|163-28|412-32|583-36	36-TM|204-TM|313-TM|97-TM|189-TM|182-TM|512-TM|574-TM|885-TM|263-TM|129-TM|345-TM|203-TM|331-TM|369-TM|421-TM|214-TM|402-TM|447-TM|156-TM|269-TM|164-TM|202-TM|412-TM|583-TM|270-TM|580-TM|417-TM|520-TM|437-TM|76-TM|851-TM|803-TM|572-TM	502-EM|383-EM|73-EM|572-EM|389-EM		
907	907	Floragato	Grass Cat Pokémon	Grass																																										TRUE	TRUE	FALSE	FALSE	FALSE	FALSE	61	80	63	60	63	83	410	Green	Bipedal+Tail		Overgrow		Protean	Level 16	45	15	Field	Grass	20	2560	Medium Slow	"1,059,860"	0.9	2′11″	12.2	26.9	50	144	0	0	0	0	0	2	2	87.50%	12.50%	1	2	0.5	0.5	0.5	2	1	2	0.5	2	1	2	1	1	1	1	1	1	670-1|10-1|39-1|44-7|468-10|345-13|98-15|402-20|369-24|388-28|163-33|412-38|583-42|437-46	36-TM|204-TM|313-TM|97-TM|189-TM|182-TM|67-TM|512-TM|574-TM|885-TM|263-TM|332-TM|129-TM|345-TM|490-TM|374-TM|203-TM|331-TM|369-TM|421-TM|9-TM|214-TM|402-TM|447-TM|156-TM|269-TM|164-TM|202-TM|412-TM|583-TM|270-TM|580-TM|417-TM|520-TM|437-TM|76-TM|851-TM|803-TM|572-TM	502-EM|383-EM|73-EM|572-EM|389-EM		
908	908	Meowscarada	Magician Pokémon	Grass	Dark																																									TRUE	TRUE	FALSE	FALSE	FALSE	FALSE	76	110	70	81	70	123	530	Green	Bipedal+Tail		Overgrow		Protean	Level 36	45	15	Field	Grass	20	2560	Medium Slow	"1,059,860"	1.5	4′11″	31.2	68.8	50	265	0	0	0	0	0	3	3	87.50%	12.50%	1	2	0.5	0.5	0.5	2	2	2	0.5	2	0	4	1	0.5	1	0.5	1	2	670-1|10-1|39-1|44-7|468-10|345-13|98-15|402-20|369-24|388-29|163-33|400-38|412-42|583-47|282-52|580-58|437-64	36-TM|204-TM|313-TM|97-TM|189-TM|182-TM|67-TM|512-TM|168-TM|574-TM|885-TM|886-TM|263-TM|332-TM|129-TM|345-TM|490-TM|374-TM|203-TM|331-TM|280-TM|369-TM|421-TM|492-TM|9-TM|214-TM|402-TM|447-TM|156-TM|269-TM|191-TM|390-TM|399-TM|285-TM|408-TM|164-TM|271-TM|202-TM|396-TM|247-TM|412-TM|583-TM|270-TM|676-TM|580-TM|417-TM|520-TM|416-TM|338-TM|437-TM|433-TM|63-TM|76-TM|851-TM|282-TM|803-TM|808-TM|244-TM|572-TM|813-TM|675-TM	502-EM|383-EM|73-EM|572-EM|389-EM	870-EV	104-R|271-R
909	909	Fuecoco	Fire Croc Pokémon	Fire																																										TRUE	TRUE	FALSE	FALSE	FALSE	FALSE	67	45	59	63	40	36	310	Red	Bipedal+Tail		Blaze		Unaware		45	15	Field		20	2560	Medium Slow	"1,059,860"	0.4	1′04″	9.8	21.6	50	62	1	0	0	0	0	0	1	87.50%	12.50%	1	0.5	2	1	0.5	0.5	1	1	2	1	1	0.5	2	1	1	1	0.5	0.5	52-1|43-1|33-1|496-7|44-12|510-15|281-17|555-21|46-25|53-28|304-32|126-36	36-TM|189-TM|182-TM|424-TM|422-TM|574-TM|83-TM|263-TM|555-TM|488-TM|203-TM|241-TM|91-TM|428-TM|34-TM|214-TM|402-TM|707-TM|156-TM|164-TM|261-TM|242-TM|304-TM|257-TM|227-TM|53-TM|270-TM|126-TM|519-TM|200-TM|315-TM|394-TM|851-TM|46-TM|915-TM|174-TM	562-EM|174-EM|227-EM|303-EM		
910	910	Crocalor	Fire Croc Pokémon	Fire																																										TRUE	TRUE	FALSE	FALSE	FALSE	FALSE	81	55	78	90	58	49	411	Red	Bipedal+Tail		Blaze		Unaware	Level 16	45	15	Field		20	2560	Medium Slow	"1,059,860"	1	3′03″	30.7	67.7	50	144	0	0	0	2	0	0	2	87.50%	12.50%	1	0.5	2	1	0.5	0.5	1	1	2	1	1	0.5	2	1	1	1	0.5	0.5	52-1|43-1|33-1|122-7|496-10|44-12|281-15|510-17|555-24|46-28|53-32|304-38|261-42|126-47	36-TM|189-TM|182-TM|424-TM|422-TM|574-TM|83-TM|263-TM|555-TM|488-TM|203-TM|241-TM|91-TM|428-TM|34-TM|214-TM|402-TM|707-TM|156-TM|164-TM|261-TM|242-TM|304-TM|257-TM|227-TM|53-TM|270-TM|126-TM|519-TM|200-TM|315-TM|394-TM|851-TM|46-TM|915-TM|174-TM	562-EM|174-EM|227-EM|303-EM		
911	911	Skeledirge	Singer Pokémon	Fire	Ghost																																									TRUE	TRUE	FALSE	FALSE	FALSE	FALSE	104	75	100	110	75	66	530	Red	Quadruped		Blaze		Unaware	Level 36	45	15	Field		20	2560	Medium Slow	"1,059,860"	1.6	5′03″	326.5	719.8	50	265	0	0	0	3	0	0	3	87.50%	12.50%	0	0.5	2	1	0.5	0.5	0	0.5	2	1	1	0.25	2	2	1	2	0.5	0.5	52-1|43-1|33-1|122-7|496-10|184-12|44-15|510-17|555-24|46-28|53-32|247-38|304-42|506-47|261-47|126-58|315-64	36-TM|189-TM|184-TM|182-TM|424-TM|422-TM|574-TM|83-TM|263-TM|506-TM|555-TM|488-TM|101-TM|203-TM|241-TM|91-TM|428-TM|421-TM|34-TM|214-TM|402-TM|707-TM|156-TM|286-TM|164-TM|261-TM|242-TM|247-TM|304-TM|257-TM|227-TM|53-TM|270-TM|414-TM|126-TM|519-TM|89-TM|416-TM|307-TM|200-TM|315-TM|63-TM|394-TM|76-TM|851-TM|46-TM|535-TM|809-TM|915-TM|815-TM|174-TM|914-TM	562-EM|174-EM|227-EM|303-EM	871-EV	47-R|281-R
912	912	Quaxly	Duckling Pokémon	Water																																										TRUE	TRUE	FALSE	FALSE	FALSE	FALSE	55	65	45	50	45	50	310	Blue	Bipedal+Tail		Torrent		Moxie		45	15	Flying	Water 1	20	2560	Medium Slow	"1,059,860"	0.5	1′08″	6.1	13.4	50	62	0	1	0	0	0	0	1	87.50%	12.50%	1	0.5	0.5	2	2	0.5	1	1	1	1	1	1	1	1	1	1	0.5	1	45-1|1-1|55-1|526-7|17-10|453-13|458-17|895-21|403-24|116-28|512-31|710-35	36-TM|182-TM|67-TM|512-TM|574-TM|886-TM|263-TM|332-TM|129-TM|314-TM|203-TM|240-TM|403-TM|214-TM|156-TM|164-TM|710-TM|227-TM|57-TM|270-TM|226-TM|581-TM|56-TM|518-TM|413-TM|851-TM|244-TM|250-TM	197-EM|387-EM|229-EM|355-EM		
913	913	Quaxwell	Practicing Pokémon	Water																																										TRUE	TRUE	FALSE	FALSE	FALSE	FALSE	70	85	65	65	60	65	410	Blue	Bipedal+Tail		Torrent		Moxie	Level 16	45	15	Flying	Water 1	20	2560	Medium Slow	"1,059,860"	1.2	3′11″	21.5	47.4	50	144	0	2	0	0	0	0	2	87.50%	12.50%	1	0.5	0.5	2	2	0.5	1	1	1	1	1	1	1	1	1	1	0.5	1	458-1|45-1|1-1|55-1|526-7|17-10|453-13|352-17|490-19|895-23|403-27|116-32|512-38|710-43|297-48	36-TM|182-TM|352-TM|67-TM|512-TM|574-TM|886-TM|263-TM|332-TM|129-TM|490-TM|314-TM|203-TM|240-TM|403-TM|214-TM|156-TM|164-TM|710-TM|227-TM|57-TM|270-TM|226-TM|581-TM|56-TM|518-TM|413-TM|851-TM|812-TM|244-TM|250-TM|813-TM|297-TM	197-EM|387-EM|229-EM|355-EM		
914	914	Quaquavel	Dancer Pokémon	Water	Fighting																																									TRUE	TRUE	FALSE	FALSE	FALSE	FALSE	85	120	80	85	75	85	530	Blue	Bipedal+Tail		Torrent		Moxie	Level 36	45	15	Flying	Water 1	20	2560	Medium Slow	"1,059,860"	1.8	5′11″	61.9	136.5	50	265	0	3	0	0	0	0	3	87.50%	12.50%	1	0.5	0.5	2	2	0.5	1	1	1	2	2	0.5	0.5	1	1	0.5	0.5	2	458-1|45-1|1-1|55-1|526-7|17-10|453-13|490-17|352-17|895-21|403-27|116-32|25-38|512-43|710-47|297-52|370-58|834-64	36-TM|97-TM|182-TM|352-TM|67-TM|512-TM|574-TM|886-TM|263-TM|332-TM|129-TM|196-TM|490-TM|314-TM|374-TM|203-TM|240-TM|280-TM|369-TM|339-TM|403-TM|214-TM|156-TM|269-TM|14-TM|164-TM|710-TM|227-TM|57-TM|861-TM|270-TM|226-TM|179-TM|581-TM|56-TM|518-TM|416-TM|308-TM|542-TM|63-TM|413-TM|370-TM|851-TM|282-TM|812-TM|244-TM|283-TM|250-TM|813-TM|811-TM|297-TM|918-TM	197-EM|387-EM|229-EM|355-EM	#NAME?	68-R
915	915	Lechonk	Hog Pokémon	Normal																																										TRUE	TRUE	FALSE	FALSE	FALSE	FALSE	54	45	40	35	45	35	254	Gray	Quadruped		Aroma Veil	Gluttony	Thick Fat		255	85	Field		15	1920	Medium Fast	"1,000,000"	0.5	1′08″	10.2	22.5	50	51	1	0	0	0	0	0	1	50%	50%	1	1	1	1	1	1	2	1	1	1	1	1	1	0	1	1	1	1	33-1|39-1|574-5|497-8|341-12|343-15|91-17|29-21|281-24|36-27|526-30|253-32|38-35	36-TM|189-TM|182-TM|168-TM|574-TM|885-TM|886-TM|263-TM|523-TM|341-TM|203-TM|241-TM|240-TM|91-TM|331-TM|428-TM|34-TM|214-TM|402-TM|156-TM|442-TM|164-TM|304-TM|583-TM|270-TM|851-TM|162-TM|253-TM|38-TM|283-TM|174-TM	283-EM|255-EM|254-EM|747-EM|256-EM		
916	916	Oinkologne Male	Hog Pokémon	Normal																																										TRUE	TRUE	FALSE	FALSE	FALSE	FALSE	110	100	75	59	80	65	489	Gray	Quadruped		Lingering Aroma	Gluttony	Thick Fat	Level 18	100	33.33	Field		15	1920	Medium Fast	"1,000,000"	1	3′03″	120	264.6	50	171	2	0	0	0	0	0	2	50%	50%	1	1	1	1	1	1	2	1	1	1	1	1	1	0	1	1	1	1	33-1|39-1|574-5|497-8|341-12|343-15|91-17|29-23|36-26|281-27|526-34|253-38|38-42|414-48|562-54	36-TM|189-TM|182-TM|168-TM|574-TM|885-TM|886-TM|263-TM|523-TM|341-TM|203-TM|241-TM|240-TM|91-TM|331-TM|428-TM|34-TM|214-TM|402-TM|707-TM|156-TM|776-TM|442-TM|164-TM|304-TM|412-TM|583-TM|270-TM|414-TM|416-TM|63-TM|851-TM|162-TM|667-TM|253-TM|808-TM|38-TM|283-TM|174-TM	283-EM|255-EM|254-EM|747-EM|256-EM		
916		Oinkologne Female	Hog Pokémon	Normal																																										TRUE	TRUE	FALSE	FALSE	FALSE	FALSE	110	100	75	59	80	65	489	Brown	Quadruped		Lingering Aroma	Gluttony	Thick Fat	Level 18	100	33.33	Field		15	1920	Medium Fast	"1,000,000"	1	3′03″	120	264.6	50	171	2	0	0	0	0	0	2	50%	50%	1	1	1	1	1	1	2	1	1	1	1	1	1	0	1	1	1	1	33-1|39-1|574-5|497-8|341-12|343-15|91-17|29-23|36-26|281-27|526-34|253-38|38-42|414-48|562-54	36-TM|189-TM|182-TM|168-TM|574-TM|885-TM|886-TM|263-TM|523-TM|341-TM|203-TM|241-TM|240-TM|91-TM|331-TM|428-TM|34-TM|214-TM|402-TM|707-TM|156-TM|776-TM|442-TM|164-TM|304-TM|412-TM|583-TM|270-TM|414-TM|416-TM|63-TM|851-TM|162-TM|667-TM|253-TM|808-TM|38-TM|283-TM|174-TM	283-EM|255-EM|254-EM|747-EM|256-EM		
917	917	Tarountula	String Ball Pokémon	Bug																																										TRUE	TRUE	FALSE	FALSE	FALSE	FALSE	35	41	45	29	40	20	210	White	Insectoid		Insomnia		Stakeout		255	85	Bug		15	1920	Erratic	"600,000"	0.3	1′00″	4	8.8	50	42	0	0	1	0	0	0	1	50%	50%	1	2	1	1	0.5	1	0.5	1	0.5	2	1	1	2	1	1	1	1	1	81-1|33-1|522-5|372-8|364-11|450-14|335-18|68-22|29-25|564-29|380-33|509-36|675-40|806-44	36-TM|182-TM|522-TM|168-TM|885-TM|884-TM|263-TM|203-TM|241-TM|240-TM|331-TM|206-TM|421-TM|34-TM|214-TM|447-TM|398-TM|156-TM|191-TM|390-TM|141-TM|164-TM|404-TM|202-TM|405-TM|851-TM|282-TM|450-TM|679-TM|806-TM|675-TM	660-EM|679-EM|262-EM|389-EM		
918	918	Spidops	Trap Pokémon	Bug																																										TRUE	TRUE	FALSE	FALSE	FALSE	FALSE	60	79	92	52	86	35	404	Green	Insectoid		Insomnia		Stakeout	Level 15	120	40	Bug		15	1920	Erratic	"600,000"	1	3′03″	16.5	36.4	50	141	0	0	2	0	0	0	2	50%	50%	1	2	1	1	0.5	1	0.5	1	0.5	2	1	1	2	1	1	1	1	1	81-1|33-1|522-5|372-8|364-11|450-14|335-19|68-24|29-28|564-33|380-37|509-41|675-45|806-49	36-TM|184-TM|182-TM|67-TM|522-TM|168-TM|885-TM|884-TM|263-TM|332-TM|317-TM|374-TM|203-TM|241-TM|240-TM|331-TM|206-TM|280-TM|369-TM|421-TM|34-TM|214-TM|447-TM|398-TM|156-TM|269-TM|191-TM|390-TM|141-TM|164-TM|404-TM|202-TM|179-TM|416-TM|405-TM|851-TM|282-TM|450-TM|679-TM|220-TM|527-TM|806-TM|675-TM|918-TM	660-EM|679-EM|262-EM|389-EM	852-EV	
919	919	Nymble	Grasshopper Pokémon	Bug																																										TRUE	TRUE	FALSE	FALSE	FALSE	FALSE	33	46	40	21	25	45	210	Gray	Insectoid		Swarm		Tinted Lens		190	63.33	Bug		20	2560	Medium Fast	"1,000,000"	0.2	0′08″	1	2.2	20	42	0	1	0	0	0	0	1	50%	50%	1	2	1	1	0.5	1	0.5	1	0.5	2	1	1	2	1	1	1	1	1	43-1|33-1|522-4|310-6|372-9|24-11|103-14|203-18|450-22|364-26|97-30|389-38|660-41	36-TM|97-TM|182-TM|522-TM|168-TM|885-TM|884-TM|263-TM|203-TM|241-TM|240-TM|369-TM|214-TM|156-TM|141-TM|164-TM|404-TM|405-TM|851-TM|450-TM|806-TM	68-EM|806-EM		
920	920	Lokix	Grasshopper Pokémon	Bug	Dark																																									TRUE	TRUE	FALSE	FALSE	FALSE	FALSE	71	102	78	52	55	92	450	Gray	Bipedal+Tailless		Swarm		Tinted Lens	Level 24	30	10	Bug		20	2560	Medium Fast	"1,000,000"	1	3′03″	17.5	38.6	0	158	0	2	0	0	0	0	2	50%	50%	1	2	1	1	0.5	1	1	1	0.5	2	0	2	2	0.5	1	0.5	1	2	197-1|43-1|67-1|33-1|522-4|310-6|372-9|24-11|103-14|203-18|450-22|364-28|97-32|675-36|389-40|660-44|340-48|853-53	36-TM|97-TM|184-TM|182-TM|67-TM|522-TM|168-TM|885-TM|884-TM|263-TM|332-TM|490-TM|374-TM|203-TM|241-TM|240-TM|280-TM|369-TM|214-TM|156-TM|269-TM|14-TM|399-TM|141-TM|164-TM|404-TM|179-TM|416-TM|405-TM|851-TM|180-TM|282-TM|450-TM|679-TM|808-TM|38-TM|806-TM|675-TM	68-EM|806-EM	679-EV	
921	921	Pawmi	Mouse Pokémon	Electric																																										TRUE	TRUE	FALSE	FALSE	FALSE	FALSE	45	50	20	40	25	60	240	Yellow	Quadruped		Static	Natural Cure	Iron Fist		190	63.33	Field		15	1920	Medium Fast	"1,000,000"	0.3	1′00″	2.5	5.5	50	48	0	0	0	0	0	1	1	50%	50%	1	1	1	0.5	1	1	1	1	2	0.5	1	1	1	1	1	1	0.5	1	45-1|10-1|84-3|98-6|268-8|609-12|91-15|44-19|209-23|86-27|494-31|21-35|435-38|97-40|528-44	36-TM|204-TM|97-TM|182-TM|422-TM|168-TM|451-TM|263-TM|232-TM|129-TM|374-TM|203-TM|521-TM|241-TM|240-TM|91-TM|214-TM|486-TM|86-TM|156-TM|598-TM|164-TM|242-TM|227-TM|85-TM|583-TM|270-TM|226-TM|604-TM|528-TM|87-TM|851-TM|268-TM|162-TM|527-TM	252-EM|183-EM|186-EM|273-EM		
922	922	Pawmo	Mouse Pokémon	Electric	Fighting																																									TRUE	TRUE	FALSE	FALSE	FALSE	FALSE	60	75	40	50	40	85	350	Yellow	Bipedal+Tail		Volt Absorb	Natural Cure	Iron Fist	Level 18	80	26.67	Field		15	1920	Medium Fast	"1,000,000"	0.4	1′04″	6.5	14.3	50	123	0	0	0	0	0	2	2	50%	50%	1	1	1	0.5	1	1	1	1	2	1	2	0.5	0.5	1	1	0.5	0.5	2	45-1|10-1|84-3|98-6|268-8|609-12|91-15|44-19|209-23|86-27|21-32|494-38|435-42|97-46|528-52	36-TM|204-TM|97-TM|182-TM|422-TM|67-TM|168-TM|451-TM|263-TM|232-TM|129-TM|490-TM|374-TM|203-TM|521-TM|241-TM|240-TM|91-TM|9-TM|214-TM|486-TM|86-TM|156-TM|598-TM|164-TM|242-TM|227-TM|85-TM|583-TM|270-TM|226-TM|604-TM|528-TM|87-TM|851-TM|268-TM|282-TM|162-TM|264-TM|527-TM|811-TM|918-TM	252-EM|183-EM|186-EM|273-EM	292-EV	
923	923	Pawmot	Hands-On Pokémon	Electric	Fighting																																									TRUE	TRUE	FALSE	FALSE	FALSE	FALSE	70	115	70	70	60	105	490	Yellow	Bipedal+Tail		Volt Absorb	Natural Cure	Iron Fist	Walk 1000 steps in Let's Go mode	45	15	Field		15	1920	Medium Fast	"1,000,000"	0.9	2′11″	41	90.4	50	245	0	3	0	0	0	0	3	50%	50%	1	1	1	0.5	1	1	1	1	2	1	2	0.5	0.5	1	1	0.5	0.5	2	45-1|10-1|528-1|84-3|98-6|268-8|609-12|91-15|44-19|209-23|292-25|86-29|21-33|494-39|370-44|435-49|97-54|892-60	36-TM|204-TM|97-TM|182-TM|422-TM|67-TM|168-TM|451-TM|263-TM|232-TM|129-TM|317-TM|490-TM|374-TM|203-TM|521-TM|241-TM|240-TM|91-TM|280-TM|339-TM|7-TM|9-TM|8-TM|214-TM|402-TM|486-TM|118-TM|447-TM|86-TM|156-TM|776-TM|598-TM|164-TM|242-TM|227-TM|85-TM|583-TM|270-TM|226-TM|604-TM|528-TM|416-TM|411-TM|63-TM|87-TM|370-TM|851-TM|268-TM|282-TM|162-TM|264-TM|38-TM|916-TM|527-TM|811-TM|675-TM|918-TM	252-EM|183-EM|186-EM|273-EM	863-EV	
924	924	Tandemaus	Couple Pokémon	Normal																																										TRUE	TRUE	TRUE	TRUE	FALSE	FALSE	50	50	45	40	45	75	305	White	Multiple Bodies		Run Away	Pickup	Own Tempo		150	50	Field	Fairy	10	1280	Fast	"800,000"	0.3	1′00″	1.8	4	50	61	0	0	0	0	0	1	1	Unknown		1	1	1	1	1	1	2	1	1	1	1	1	1	0	1	1	1	1	608-1|1-1|497-5|270-8|162-11|458-14|331-18|227-22|583-26|304-30|204-33|251-37|383-41|860-46	36-TM|204-TM|313-TM|97-TM|189-TM|182-TM|352-TM|67-TM|168-TM|263-TM|332-TM|129-TM|341-TM|490-TM|203-TM|241-TM|240-TM|91-TM|331-TM|369-TM|421-TM|214-TM|402-TM|447-TM|86-TM|156-TM|269-TM|164-TM|242-TM|304-TM|227-TM|583-TM|270-TM|226-TM|851-TM|162-TM|38-TM	495-EM|226-EM|44-EM|364-EM|415-EM|321-EM		
925	925	Family of Three Maushold	Family Pokémon	Normal																																										TRUE	TRUE	TRUE	TRUE	FALSE	FALSE	74	75	70	65	75	111	470	White	Multiple Bodies		Friend Guard	Cheek Pouch	Technician	Level 25	75	25	Field	Fairy	10	1280	Fast	"800,000"	0.3	1′00″	2.8	6.2	50	165	0	0	0	0	0	2	2	Unknown		1	1	1	1	1	1	2	1	1	1	1	1	1	0	1	1	1	1	608-1|266-1|1-1|882-1|497-5|270-8|162-11|458-14|331-18|227-22|583-29|304-33|204-37|251-41|383-46|860-53	36-TM|204-TM|313-TM|97-TM|189-TM|182-TM|352-TM|67-TM|168-TM|885-TM|886-TM|263-TM|332-TM|129-TM|341-TM|490-TM|203-TM|241-TM|240-TM|91-TM|331-TM|369-TM|421-TM|214-TM|402-TM|447-TM|86-TM|156-TM|269-TM|164-TM|242-TM|304-TM|227-TM|583-TM|270-TM|416-TM|63-TM|851-TM	495-EM|226-EM|44-EM|364-EM|415-EM|321-EM		
925		Family of Four Maushold	Family Pokémon	Normal																																										TRUE	TRUE	TRUE	TRUE	FALSE	FALSE	74	75	70	65	75	111	470	White	Multiple Bodies		Friend Guard	Cheek Pouch	Technician	Level 25	75	25	Field	Fairy	10	1280	Fast	"800,000"	0.3	1′00″	2.3	5.1	50	165	0	0	0	0	0	2	2	Unknown		1	1	1	1	1	1	2	1	1	1	1	1	1	0	1	1	1	1	608-1|266-1|1-1|882-1|497-5|270-8|162-11|458-14|331-18|227-22|583-29|304-33|204-37|251-41|383-46|860-53	36-TM|204-TM|313-TM|97-TM|189-TM|182-TM|352-TM|67-TM|168-TM|885-TM|886-TM|263-TM|332-TM|129-TM|341-TM|490-TM|203-TM|241-TM|240-TM|91-TM|331-TM|369-TM|421-TM|214-TM|402-TM|447-TM|86-TM|156-TM|269-TM|164-TM|242-TM|304-TM|227-TM|583-TM|270-TM|416-TM|63-TM|851-TM	495-EM|226-EM|44-EM|364-EM|415-EM|321-EM		
926	926	Fidough	Puppy Pokémon	Fairy																																										TRUE	TRUE	FALSE	FALSE	FALSE	FALSE	37	55	70	30	55	65	312	Yellow	Quadruped		Own Tempo		Klutz		190	63.33	Field	Mineral	20	2560	Medium Slow	"1,059,860"	0.3	1′00″	10.9	24	50	62	0	0	0	0	0	1	1	50%	50%	1	1	1	1	1	1	0.5	2	1	1	1	0.5	1	1	0	0.5	2	1	45-1|33-1|122-3|39-6|343-8|44-11|608-15|583-18|526-22|226-26|46-30|38-33|204-36|242-40|387-45	36-TM|204-TM|97-TM|189-TM|182-TM|424-TM|422-TM|423-TM|885-TM|263-TM|555-TM|341-TM|203-TM|241-TM|240-TM|91-TM|706-TM|34-TM|214-TM|605-TM|707-TM|156-TM|164-TM|242-TM|583-TM|270-TM|226-TM|581-TM|851-TM|46-TM|244-TM|38-TM|283-TM|914-TM	383-EM|336-EM|230-EM|273-EM|281-EM		
927	927	Dachsbun	Dog Pokémon	Fairy																																										TRUE	TRUE	FALSE	FALSE	FALSE	FALSE	57	80	115	50	80	95	477	Brown	Quadruped		Well-Baked Body		Aroma Veil	Level 26	90	30	Field	Mineral	20	2560	Medium Slow	"1,059,860"	0.5	1′08″	14.9	32.8	50	167	0	0	0	0	0	2	2	50%	50%	1	1	1	1	1	1	0.5	2	1	1	1	0.5	1	1	0	0.5	2	1	45-1|33-1|122-3|39-6|343-8|44-11|608-15|583-18|526-22|226-29|46-33|38-38|204-42|242-47|387-53	36-TM|204-TM|97-TM|189-TM|184-TM|182-TM|424-TM|422-TM|423-TM|885-TM|263-TM|555-TM|341-TM|577-TM|203-TM|241-TM|240-TM|91-TM|706-TM|34-TM|214-TM|605-TM|707-TM|156-TM|776-TM|164-TM|242-TM|583-TM|270-TM|226-TM|581-TM|416-TM|63-TM|851-TM|46-TM|244-TM|38-TM|283-TM|914-TM	383-EM|336-EM|230-EM|273-EM|281-EM		
928	928	Smoliv	Olive Pokémon	Grass	Normal																																									TRUE	TRUE	FALSE	FALSE	FALSE	FALSE	41	35	45	58	51	30	260	Green	Head+Legs		Early Bird		Harvest		255	85	Grass		20	2560	Medium Slow	"1,059,860"	0.3	1′00″	6.5	14.3	50	52	0	0	0	1	0	0	1	50%	50%	1	2	0.5	0.5	0.5	2	2	2	0.5	2	1	2	1	0	1	1	1	1	230-1|33-1|71-5|74-7|75-10|270-13|175-16|72-20|580-23|402-27|412-30|73-34|805-38	204-TM|182-TM|885-TM|263-TM|129-TM|345-TM|203-TM|241-TM|331-TM|214-TM|402-TM|447-TM|156-TM|164-TM|202-TM|412-TM|270-TM|414-TM|580-TM|437-TM|76-TM|851-TM|669-TM|311-TM	262-EM|668-EM|235-EM|311-EM		
929	929	Dolliv	Olive Pokémon	Grass	Normal																																									TRUE	TRUE	FALSE	FALSE	FALSE	FALSE	52	53	60	78	78	33	354	Green	Bipedal+Tailless		Early Bird		Harvest	Level 25	120	40	Grass		20	2560	Medium Slow	"1,059,860"	0.6	2′00″	11.9	26.2	50	124	0	0	0	2	0	0	2	50%	50%	1	2	0.5	0.5	0.5	2	2	2	0.5	2	1	2	1	0	1	1	1	1	230-1|33-1|71-5|74-7|75-10|270-13|175-16|72-20|580-23|402-29|412-34|73-37|805-42	204-TM|182-TM|885-TM|263-TM|129-TM|345-TM|203-TM|241-TM|331-TM|214-TM|402-TM|447-TM|156-TM|164-TM|202-TM|412-TM|270-TM|414-TM|580-TM|437-TM|76-TM|851-TM|669-TM|311-TM	262-EM|668-EM|235-EM|311-EM		
930	930	Arboliva	Olive Pokémon	Grass	Normal																																									TRUE	TRUE	FALSE	FALSE	FALSE	FALSE	78	69	90	125	109	39	510	Green	Bipedal+Tailless		Early Bird		Harvest	Level 35	45	15	Grass		20	2560	Medium Slow	"1,059,860"	1.4	4′07″	48.2	106.3	50	255	0	0	0	3	0	0	3	50%	50%	1	2	0.5	0.5	0.5	2	2	2	0.5	2	1	2	1	0	1	1	1	1	243-1|219-1|230-1|33-1|71-5|74-7|75-10|270-13|175-16|72-20|580-23|402-29|412-34|73-39|805-46|572-52|80-58	204-TM|182-TM|885-TM|263-TM|129-TM|345-TM|374-TM|203-TM|241-TM|331-TM|214-TM|402-TM|115-TM|113-TM|605-TM|118-TM|447-TM|156-TM|164-TM|202-TM|304-TM|412-TM|227-TM|270-TM|676-TM|414-TM|580-TM|416-TM|437-TM|63-TM|76-TM|851-TM|669-TM|311-TM|244-TM|572-TM|914-TM	262-EM|668-EM|235-EM|311-EM		
931	931	Squawkabilly Green Plumage	Parrot Pokémon	Normal	Flying																																									TRUE	TRUE	FALSE	FALSE	FALSE	FALSE	82	96	51	45	51	92	417	Green	1 Pair of Wings		Intimidate	Hustle	Guts		190	63.33	Flying		15	1920	Erratic	"600,000"	0.6	2′00″	2.4	5.3	50	146	0	1	0	0	0	0	1	50%	50%	1	1	1	2	0.5	2	1	1	0	1	1	0.5	2	0	1	1	1	1	45-1|102-1|64-1|98-6|259-10|332-13|31-17|269-20|253-24|383-27|19-30|263-34|207-38|413-42|355-47|179-52	36-TM|313-TM|184-TM|182-TM|168-TM|884-TM|263-TM|332-TM|314-TM|203-TM|241-TM|369-TM|492-TM|403-TM|214-TM|156-TM|269-TM|19-TM|164-TM|366-TM|304-TM|257-TM|270-TM|179-TM|416-TM|542-TM|63-TM|413-TM|851-TM|253-TM|814-TM|808-TM|38-TM|283-TM|297-TM	38-EM|515-EM|260-EM|575-EM		
931		Squawkabilly Blue Plumage	Parrot Pokémon	Normal	Flying																																									TRUE	TRUE	FALSE	FALSE	FALSE	FALSE	82	96	51	45	51	92	417	Blue	1 Pair of Wings		Intimidate	Hustle	Guts		190	63.33	Flying		15	1920	Erratic	"600,000"	0.6	2′00″	2.4	5.3	50	146	0	1	0	0	0	0	1	50%	50%	1	1	1	2	0.5	2	1	1	0	1	1	0.5	2	0	1	1	1	1	45-1|102-1|64-1|98-6|259-10|332-13|31-17|269-20|253-24|383-27|19-30|263-34|207-38|413-42|355-47|179-52	36-TM|313-TM|184-TM|182-TM|168-TM|884-TM|263-TM|332-TM|314-TM|203-TM|241-TM|369-TM|492-TM|403-TM|214-TM|156-TM|269-TM|19-TM|164-TM|366-TM|304-TM|257-TM|270-TM|179-TM|416-TM|542-TM|63-TM|413-TM|851-TM|253-TM|814-TM|808-TM|38-TM|283-TM|297-TM	38-EM|515-EM|260-EM|575-EM		
931		Squawkabilly Yellow Plumage	Parrot Pokémon	Normal	Flying																																									TRUE	TRUE	FALSE	FALSE	FALSE	FALSE	82	96	51	45	51	92	417	Yellow	1 Pair of Wings		Intimidate	Hustle	Sheer Force		190	63.33	Flying		15	1920	Erratic	"600,000"	0.6	2′00″	2.4	5.3	50	146	0	1	0	0	0	0	1	50%	50%	1	1	1	2	0.5	2	1	1	0	1	1	0.5	2	0	1	1	1	1	45-1|102-1|64-1|98-6|259-10|332-13|31-17|269-20|253-24|383-27|19-30|263-34|207-38|413-42|355-47|179-52	36-TM|313-TM|184-TM|182-TM|168-TM|884-TM|263-TM|332-TM|314-TM|203-TM|241-TM|369-TM|492-TM|403-TM|214-TM|156-TM|269-TM|19-TM|164-TM|366-TM|304-TM|257-TM|270-TM|179-TM|416-TM|542-TM|63-TM|413-TM|851-TM|253-TM|814-TM|808-TM|38-TM|283-TM|297-TM	38-EM|515-EM|260-EM|575-EM		
931		Squawkabilly White Plumage	Parrot Pokémon	Normal	Flying																																									TRUE	TRUE	FALSE	FALSE	FALSE	FALSE	82	96	51	45	51	92	417	White	1 Pair of Wings		Intimidate	Hustle	Sheer Force		190	63.33	Flying		15	1920	Erratic	"600,000"	0.6	2′00″	2.4	5.3	50	146	0	1	0	0	0	0	1	50%	50%	1	1	1	2	0.5	2	1	1	0	1	1	0.5	2	0	1	1	1	1	45-1|102-1|64-1|98-6|259-10|332-13|31-17|269-20|253-24|383-27|19-30|263-34|207-38|413-42|355-47|179-52	36-TM|313-TM|184-TM|182-TM|168-TM|884-TM|263-TM|332-TM|314-TM|203-TM|241-TM|369-TM|492-TM|403-TM|214-TM|156-TM|269-TM|19-TM|164-TM|366-TM|304-TM|257-TM|270-TM|179-TM|416-TM|542-TM|63-TM|413-TM|851-TM|253-TM|814-TM|808-TM|38-TM|283-TM|297-TM	38-EM|515-EM|260-EM|575-EM		
932	932	Nacli	Rock Salt Pokémon	Rock																																										TRUE	TRUE	FALSE	FALSE	FALSE	FALSE	55	55	75	35	35	25	280	Brown	Head		Purifying Salt	Sturdy	Clear Body		255	85	Mineral		20	2560	Medium Slow	"1,059,860"	0.4	1′04″	16	35.3	50	56	0	0	1	0	0	0	1	50%	50%	0.5	0.5	2	1	2	1	2	0.5	2	0.5	1	1	1	1	1	1	2	1	106-1|33-1|88-5|341-7|479-10|397-13|29-16|334-20|105-25|157-30|446-33|484-35|89-40|444-45	36-TM|182-TM|263-TM|523-TM|341-TM|203-TM|241-TM|240-TM|201-TM|91-TM|428-TM|34-TM|214-TM|707-TM|156-TM|157-TM|430-TM|442-TM|408-TM|164-TM|334-TM|446-TM|484-TM|270-TM|414-TM|89-TM|444-TM|851-TM|479-TM|800-TM|174-TM	246-EM|174-EM|90-EM|408-EM		
933	933	Naclstack	Rock Salt Pokémon	Rock																																										TRUE	TRUE	FALSE	FALSE	FALSE	FALSE	60	60	100	35	65	35	355	Brown	Quadruped		Purifying Salt	Sturdy	Clear Body	Level 24	120	40	Mineral		20	2560	Medium Slow	"1,059,860"	0.6	2′00″	105	231.5	50	124	0	0	2	0	0	0	2	50%	50%	0.5	0.5	2	1	2	1	2	0.5	2	0.5	1	1	1	1	1	1	2	1	106-1|33-1|88-5|341-7|479-10|397-13|29-16|334-20|105-30|157-34|446-38|484-41|89-45|444-51	36-TM|182-TM|263-TM|523-TM|341-TM|203-TM|241-TM|240-TM|201-TM|91-TM|428-TM|34-TM|214-TM|707-TM|156-TM|157-TM|776-TM|430-TM|442-TM|408-TM|164-TM|334-TM|446-TM|484-TM|270-TM|414-TM|89-TM|444-TM|416-TM|63-TM|851-TM|479-TM|38-TM|800-TM|174-TM	246-EM|174-EM|90-EM|408-EM	864-EV	
934	934	Garganacl	Rock Salt Pokémon	Rock																																										TRUE	TRUE	FALSE	FALSE	FALSE	FALSE	100	100	130	45	90	35	500	Brown	Bipedal+Tailless		Purifying Salt	Sturdy	Clear Body	Level 38	45	15	Mineral		20	2560	Medium Slow	"1,059,860"	2.3	7′07″	240	529.1	50	250	0	0	3	0	0	0	3	50%	50%	0.5	0.5	2	1	2	1	2	0.5	2	0.5	1	1	1	1	1	1	2	1	335-1|106-1|350-1|33-1|469-1|88-5|341-7|317-10|397-13|29-16|864-24|105-30|157-34|446-40|484-44|89-49|444-54|153-60	36-TM|182-TM|263-TM|523-TM|341-TM|317-TM|374-TM|419-TM|203-TM|241-TM|240-TM|201-TM|91-TM|280-TM|428-TM|34-TM|7-TM|9-TM|8-TM|214-TM|350-TM|707-TM|156-TM|157-TM|776-TM|430-TM|442-TM|408-TM|164-TM|334-TM|446-TM|484-TM|270-TM|414-TM|89-TM|444-TM|416-TM|63-TM|851-TM|356-TM|479-TM|264-TM|38-TM|800-TM|174-TM|912-TM	246-EM|174-EM|90-EM|408-EM	359-EV	
935	935	Charcadet	Fire Child Pokémon	Fire																																										TRUE	TRUE	FALSE	FALSE	FALSE	FALSE	40	50	40	50	40	35	255	Red	Bipedal+Tailless		Flash Fire		Flame Body		90	30	Human-Like		35	4480	Slow	"1,250,000"	0.6	2′00″	10.5	23.1	50	51	0	0	0	1	0	0	1	50%	50%	1	0.5	2	1	0.5	0.5	1	1	2	1	1	0.5	2	1	1	1	0.5	0.5	310-1|52-1|43-1|499-8|83-12|261-16|101-20|488-24|510-28|436-32	36-TM|182-TM|109-TM|83-TM|263-TM|488-TM|101-TM|203-TM|241-TM|214-TM|156-TM|164-TM|261-TM|257-TM|53-TM|270-TM|126-TM|315-TM|394-TM|851-TM|180-TM	194-EM|50-EM|180-EM		
936	936	Armarouge	Fire Warrior Pokémon	Fire	Psychic																																									TRUE	FALSE	FALSE	FALSE	FALSE	FALSE	85	60	100	125	80	75	525	Red	Bipedal+Tailless		Flash Fire		Weak Armor	Auspicious Armor	25	8.33	Human-Like		35	4480	Slow	"1,250,000"	1.5	4′11″	85	187.4	20	263	0	0	0	2	0	0	2	50%	50%	1	0.5	2	1	0.5	0.5	0.5	1	2	1	0.5	1	2	2	1	2	0.5	0.5	310-1|52-1|43-1|595-1|469-1|499-8|83-12|261-16|101-20|488-24|510-28|436-32|347-37|502-42|53-48|797-56|890-62	36-TM|182-TM|491-TM|60-TM|109-TM|83-TM|263-TM|488-TM|500-TM|101-TM|374-TM|203-TM|241-TM|473-TM|214-TM|115-TM|113-TM|156-TM|269-TM|430-TM|399-TM|164-TM|334-TM|261-TM|271-TM|396-TM|247-TM|406-TM|257-TM|412-TM|94-TM|53-TM|347-TM|270-TM|678-TM|126-TM|315-TM|411-TM|433-TM|394-TM|76-TM|851-TM|180-TM|311-TM|244-TM|815-TM|797-TM|800-TM	194-EM|50-EM|180-EM	473-EV	
937	937	Ceruledge	Fire Blades Pokémon	Fire	Ghost																																									FALSE	TRUE	FALSE	FALSE	FALSE	FALSE	75	125	80	60	100	85	525	Purple	Bipedal+Tailless		Flash Fire		Weak Armor	Malicious Armor	25	8.33	Human-Like		35	4480	Slow	"1,250,000"	1.6	5′03″	62	136.7	20	263	0	2	0	0	0	0	2	50%	50%	0	0.5	2	1	0.5	0.5	0	0.5	2	1	1	0.25	2	2	1	2	0.5	0.5	310-1|52-1|43-1|499-8|83-12|261-16|101-20|488-24|510-28|436-32|14-37|502-42|891-48|427-56|394-62	36-TM|182-TM|109-TM|83-TM|263-TM|506-TM|488-TM|500-TM|101-TM|374-TM|203-TM|241-TM|206-TM|280-TM|421-TM|339-TM|214-TM|115-TM|113-TM|337-TM|398-TM|156-TM|269-TM|14-TM|442-TM|164-TM|334-TM|404-TM|261-TM|247-TM|257-TM|53-TM|270-TM|126-TM|566-TM|315-TM|394-TM|370-TM|851-TM|180-TM|410-TM|669-TM|809-TM|244-TM|675-TM|174-TM	194-EM|50-EM|180-EM	421-EV	400-R|501-R|425-R|669-R
938	938	Tadbulb	EleTadpole Pokémon	Electric																																										TRUE	TRUE	FALSE	FALSE	FALSE	FALSE	61	31	41	59	35	45	272	Yellow	Head		Own Tempo	Static	Damp		190	63.33	Water 1		20	2560	Medium Fast	"1,000,000"	0.3	1′00″	0.4	0.9	50	54	1	0	0	0	0	0	1	50%	50%	1	1	1	0.5	1	1	1	1	2	0.5	1	1	1	1	1	1	0.5	1	189-1|33-1|84-7|55-11|268-17|209-21|341-24|175-25|435-32|311-36|604-40|389-45|192-50	189-TM|182-TM|352-TM|491-TM|109-TM|886-TM|451-TM|129-TM|341-TM|203-TM|521-TM|240-TM|214-TM|486-TM|115-TM|113-TM|86-TM|156-TM|598-TM|164-TM|304-TM|85-TM|604-TM|528-TM|87-TM|851-TM|268-TM|311-TM|330-TM|527-TM	330-EM|570-EM|487-EM		
939	939	Bellibolt	EleFrog Pokémon	Electric																																										TRUE	TRUE	FALSE	FALSE	FALSE	FALSE	109	64	91	103	83	45	495	Green	Bipedal+Tailless		Electromorphosis	Static	Damp	Thunder Stone	50	16.67	Water 1		20	2560	Medium Fast	"1,000,000"	1.2	3′11″	113	249.1	50	173	2	0	0	0	0	0	2	50%	50%	1	1	1	0.5	1	1	1	1	2	0.5	1	1	1	1	1	1	0.5	1	189-1|303-1|33-1|84-7|55-11|268-17|209-21|341-24|175-25|435-32|311-36|604-40|389-45|192-50	189-TM|182-TM|352-TM|491-TM|109-TM|886-TM|451-TM|129-TM|341-TM|203-TM|521-TM|240-TM|214-TM|486-TM|115-TM|113-TM|86-TM|156-TM|598-TM|164-TM|304-TM|85-TM|604-TM|528-TM|416-TM|63-TM|87-TM|851-TM|268-TM|92-TM|311-TM|330-TM|916-TM|527-TM	330-EM|570-EM|487-EM		
940	940	Wattrel	Storm Petrel Pokémon	Electric	Flying																																									TRUE	TRUE	FALSE	FALSE	FALSE	FALSE	40	40	35	55	40	70	280	Black	1 Pair of Wings		Wind Power	Volt Absorb	Competitive		180	60	Water 1	Flying	20	2560	Medium Slow	"1,059,860"	0.4	1′04″	3.6	7.9	50	56	0	0	0	0	0	1	1	50%	50%	1	1	1	1	0.5	2	0.5	1	0	0.5	1	0.5	2	1	1	1	0.5	1	45-1|64-1|84-4|98-7|365-11|209-15|253-19|355-23|814-27|97-32|521-37|435-43	36-TM|97-TM|182-TM|512-TM|451-TM|263-TM|332-TM|129-TM|314-TM|203-TM|521-TM|369-TM|403-TM|214-TM|486-TM|86-TM|156-TM|598-TM|19-TM|164-TM|366-TM|85-TM|604-TM|528-TM|542-TM|413-TM|87-TM|851-TM|268-TM|253-TM|311-TM|814-TM|283-TM|527-TM|297-TM	283-EM|297-EM|255-EM|254-EM|256-EM|311-EM		
941	941	Kilowattrel	Frigatebird Pokémon	Electric	Flying																																									TRUE	TRUE	FALSE	FALSE	FALSE	FALSE	70	70	60	105	60	125	490	Yellow	1 Pair of Wings		Wind Power	Volt Absorb	Competitive	Level 25	90	30	Water 1	Flying	20	2560	Medium Slow	"1,059,860"	1.4	4′07″	38.6	85.1	50	172	0	0	0	0	0	2	2	50%	50%	1	1	1	1	0.5	2	0.5	1	0	0.5	1	0.5	2	1	1	1	0.5	1	45-1|64-1|84-4|98-7|365-11|209-15|253-19|355-24|814-30|97-36|521-43|435-48|542-55	36-TM|97-TM|184-TM|182-TM|512-TM|451-TM|263-TM|332-TM|129-TM|314-TM|203-TM|521-TM|369-TM|403-TM|214-TM|486-TM|86-TM|156-TM|598-TM|19-TM|164-TM|366-TM|85-TM|604-TM|528-TM|416-TM|542-TM|63-TM|413-TM|87-TM|851-TM|268-TM|253-TM|311-TM|814-TM|283-TM|916-TM|527-TM|297-TM	283-EM|297-EM|255-EM|254-EM|256-EM|311-EM	486-EV	
942	942	Maschiff	Rascal Pokémon	Dark																																										TRUE	TRUE	FALSE	FALSE	FALSE	FALSE	60	78	60	40	51	51	340	Brown	Quadruped		Intimidate	Run Away	Stakeout		150	50	Field		20	2560	Medium Slow	"1,059,860"	0.5	1′08″	16	35.3	50	68	0	1	0	0	0	0	1	50%	50%	1	1	1	1	1	1	2	1	1	1	0	2	1	0.5	1	0.5	1	2	43-1|184-1|33-1|122-4|555-7|468-10|44-14|46-18|29-22|371-26|242-31|207-35|179-39|746-43|38-49	36-TM|204-TM|313-TM|184-TM|182-TM|424-TM|422-TM|423-TM|168-TM|885-TM|263-TM|555-TM|203-TM|241-TM|240-TM|91-TM|706-TM|34-TM|214-TM|156-TM|269-TM|399-TM|164-TM|242-TM|583-TM|270-TM|179-TM|851-TM|46-TM|808-TM|38-TM|283-TM	194-EM|283-EM|583-EM|514-EM		
943	943	Mabosschiff	Boss Pokémon	Dark																																										TRUE	TRUE	FALSE	FALSE	FALSE	FALSE	80	120	90	60	70	85	505	Gray	Quadruped		Intimidate	Guard Dog	Stakeout	Level 30	75	25	Field		20	2560	Medium Slow	"1,059,860"	1.1	3′07″	61	134.5	50	177	0	2	0	0	0	0	2	50%	50%	1	1	1	1	1	1	2	1	1	1	0	2	1	0.5	1	0.5	1	2	43-1|184-1|33-1|122-4|555-7|468-10|44-14|46-18|29-22|371-26|242-34|207-39|179-43|746-48|38-55|200-60	36-TM|204-TM|313-TM|184-TM|182-TM|424-TM|422-TM|423-TM|168-TM|885-TM|263-TM|555-TM|203-TM|241-TM|240-TM|91-TM|706-TM|34-TM|214-TM|156-TM|269-TM|399-TM|164-TM|242-TM|304-TM|583-TM|270-TM|179-TM|528-TM|416-TM|200-TM|63-TM|851-TM|46-TM|180-TM|808-TM|220-TM|38-TM|283-TM|174-TM	194-EM|283-EM|583-EM|514-EM	894-EV	
944	944	Shroodle	Toxic Mouse Pokémon	Poison	Normal																																									TRUE	TRUE	FALSE	FALSE	FALSE	FALSE	40	65	35	40	35	75	290	Gray	Quadruped		Unburden	Pickpocket	Prankster		190	63.33	Field		20	2560	Medium Slow	"1,059,860"	0.2	0′08″	0.7	1.5	50	58	0	0	0	0	0	1	1	50%	50%	1	1	1	1	0.5	1	1	0.5	2	1	2	0.5	1	0	1	1	1	0.5	43-1|10-1|491-5|44-8|154-8|415-11|305-14|260-18|163-21|369-25|398-29|269-33|164-36|282-40|441-45	36-TM|189-TM|182-TM|491-TM|512-TM|168-TM|885-TM|884-TM|263-TM|341-TM|374-TM|474-TM|203-TM|241-TM|240-TM|91-TM|369-TM|492-TM|214-TM|118-TM|398-TM|156-TM|269-TM|14-TM|441-TM|164-TM|227-TM|270-TM|226-TM|417-TM|188-TM|851-TM|92-TM|282-TM|162-TM|244-TM|38-TM|283-TM|482-TM|806-TM|675-TM	383-EM|440-EM|575-EM|162-EM|207-EM|92-EM		
945	945	Grafaiai	Toxic Monkey Pokémon	Poison	Normal																																									TRUE	TRUE	FALSE	FALSE	FALSE	FALSE	63	95	65	80	72	110	485	Gray	Bipedal+Tail		Unburden	Poison Touch	Prankster	Level 28	90	30	Field		20	2560	Medium Slow	"1,059,860"	0.7	2′04″	27.2	60	50	170	0	0	0	0	0	2	2	50%	50%	1	1	1	1	0.5	1	1	0.5	2	1	2	0.5	1	0	1	1	1	0.5	43-1|10-1|491-5|154-8|415-11|305-14|260-18|163-21|369-25|398-33|269-37|164-40|282-45|441-51	36-TM|189-TM|184-TM|182-TM|67-TM|491-TM|512-TM|168-TM|885-TM|884-TM|263-TM|342-TM|341-TM|490-TM|374-TM|474-TM|203-TM|241-TM|240-TM|91-TM|369-TM|421-TM|492-TM|214-TM|118-TM|398-TM|156-TM|269-TM|14-TM|441-TM|164-TM|404-TM|227-TM|270-TM|226-TM|417-TM|188-TM|416-TM|851-TM|92-TM|282-TM|162-TM|244-TM|38-TM|283-TM|482-TM|806-TM|675-TM	383-EM|440-EM|575-EM|162-EM|207-EM|92-EM	867-EV	
946	946	Bramblin	Tumbleweed Pokémon	Grass	Ghost																																									TRUE	TRUE	FALSE	FALSE	FALSE	FALSE	40	65	30	45	35	60	275	Brown	Head		Wind Rider		Infiltrator		190	63.33	Grass		20	2560	Medium Fast	"1,000,000"	0.6	2′00″	0.6	1.3	50	55	0	1	0	0	0	0	1	50%	50%	0	2	0.5	0.5	0.5	2	0	1	0.5	2	1	1	1	2	1	2	1	1	310-1|111-1|205-1|71-5|229-9|331-13|611-17|506-21|72-25|50-29|566-35|202-40|174-45|220-50|438-55	184-TM|182-TM|109-TM|168-TM|885-TM|884-TM|263-TM|506-TM|101-TM|203-TM|331-TM|214-TM|402-TM|447-TM|156-TM|191-TM|164-TM|202-TM|247-TM|412-TM|580-TM|566-TM|437-TM|76-TM|851-TM|180-TM|803-TM|809-TM|220-TM|174-TM	251-EM|335-EM|73-EM|425-EM|668-EM		
947	947	Brambleghast	Tumbleweed Pokémon	Grass	Ghost																																									TRUE	TRUE	FALSE	FALSE	FALSE	FALSE	55	115	70	80	70	90	480	Brown	Head		Wind Rider		Infiltrator	Walk 1000 steps in Let's Go mode	45	15	Grass		20	2560	Medium Fast	"1,000,000"	1.2	3′11″	6	13.2	50	168	0	2	0	0	0	0	2	50%	50%	0	2	0.5	0.5	0.5	2	0	1	0.5	2	1	1	1	2	1	2	1	1	310-1|111-1|205-1|71-5|229-9|331-13|611-17|506-21|72-25|50-29|566-35|202-40|174-45|220-50|438-55	184-TM|182-TM|109-TM|168-TM|885-TM|884-TM|263-TM|506-TM|101-TM|203-TM|331-TM|214-TM|402-TM|447-TM|156-TM|191-TM|164-TM|202-TM|247-TM|412-TM|580-TM|566-TM|416-TM|437-TM|63-TM|76-TM|851-TM|180-TM|803-TM|809-TM|220-TM|806-TM|174-TM	251-EM|335-EM|73-EM|425-EM|668-EM		
948	948	Toedscool	Woodear Pokémon	Ground	Grass																																									TRUE	TRUE	TRUE	TRUE	FALSE	FALSE	40	40	35	50	100	70	335	Yellow	Head+Legs		Mycelium Might				190	63.33	Grass		20	2560	Medium Slow	"1,059,860"	0.9	2′11″	33	72.8	50	67	0	0	0	0	1	0	1	50%	50%	1	2	1	0	1	4	1	1	0.5	2	1	2	0.5	1	1	1	1	1	189-1|35-1|71-4|77-8|78-8|48-12|33-15|72-16|103-20|341-24|506-28|402-32|147-36|74-40|202-44|414-48|438-52	189-TM|184-TM|182-TM|491-TM|109-TM|885-TM|506-TM|129-TM|345-TM|341-TM|474-TM|203-TM|240-TM|331-TM|492-TM|214-TM|402-TM|115-TM|113-TM|605-TM|447-TM|156-TM|269-TM|191-TM|390-TM|430-TM|164-TM|202-TM|412-TM|414-TM|580-TM|188-TM|437-TM|433-TM|76-TM|851-TM|92-TM|282-TM|679-TM|803-TM|220-TM	367-EM|282-EM|73-EM|243-EM|476-EM|229-EM|321-EM|92-EM		
949	949	Toedscruel	Woodear Pokémon	Ground	Grass																																									TRUE	TRUE	TRUE	TRUE	FALSE	FALSE	80	70	65	80	120	100	515	Black	Tentacles		Mycelium Might			Level 30	90	30	Grass		20	2560	Medium Slow	"1,059,860"	1.9	6′03″	58	127.9	50	180	0	0	0	0	2	0	2	50%	50%	1	2	1	0	1	4	1	1	0.5	2	1	2	0.5	1	1	1	1	1	189-1|513-1|35-1|71-4|77-8|78-8|48-12|33-15|72-16|103-20|341-24|506-28|402-34|147-40|74-44|202-48|414-54|438-58	189-TM|184-TM|182-TM|491-TM|109-TM|885-TM|506-TM|129-TM|345-TM|341-TM|474-TM|203-TM|240-TM|331-TM|492-TM|214-TM|402-TM|115-TM|113-TM|605-TM|447-TM|156-TM|269-TM|191-TM|390-TM|430-TM|164-TM|202-TM|412-TM|414-TM|580-TM|188-TM|416-TM|437-TM|433-TM|63-TM|76-TM|851-TM|92-TM|282-TM|679-TM|803-TM|220-TM|806-TM	367-EM|282-EM|73-EM|243-EM|476-EM|229-EM|321-EM|92-EM		
950	950	Klawf	Ambush Pokémon	Rock																																										TRUE	TRUE	FALSE	FALSE	FALSE	FALSE	70	100	115	35	55	75	450	Red	Insectoid		Anger Shell	Shell Armor	Regenerator		120	40	Water 3		35	4480	Medium Fast	"1,000,000"	1.3	4′03″	79	174.2	50	158	0	0	2	0	0	0	2	50%	50%	0.5	0.5	2	1	2	1	2	0.5	2	0.5	1	1	1	1	1	1	2	1	88-1|11-1|106-6|249-9|317-13|232-17|182-21|350-24|404-29|14-33|175-37|157-42|667-47|334-51|12-56	36-TM|189-TM|184-TM|182-TM|168-TM|885-TM|263-TM|523-TM|232-TM|341-TM|317-TM|374-TM|203-TM|241-TM|240-TM|201-TM|91-TM|280-TM|421-TM|34-TM|214-TM|350-TM|707-TM|156-TM|157-TM|14-TM|408-TM|164-TM|334-TM|404-TM|446-TM|270-TM|414-TM|179-TM|444-TM|416-TM|63-TM|851-TM|479-TM|282-TM|667-TM|283-TM|915-TM|806-TM|800-TM|675-TM	246-EM|152-EM|283-EM|282-EM		
951	951	Capsakid	Spicy Pepper Pokémon	Grass	Fire																																									TRUE	TRUE	FALSE	FALSE	FALSE	FALSE	50	62	40	62	40	50	304	Green	Bipedal+Tail		Chlorophyll	Insomnia	Klutz		190	63.33	Grass		20	2560	Medium Fast	"1,000,000"	0.3	1′00″	3	6.6	50	61	0	1	0	0	0	0	1	50%	50%	1	1	1	0.5	0.25	1	1	2	1	2	1	1	2	1	1	1	0.5	0.5	670-1|43-1|44-4|74-10|75-13|241-17|331-21|29-24|428-28|242-38|402-44|76-48	36-TM|182-TM|168-TM|885-TM|263-TM|345-TM|203-TM|241-TM|201-TM|331-TM|428-TM|214-TM|402-TM|447-TM|707-TM|156-TM|164-TM|242-TM|202-TM|412-TM|270-TM|580-TM|437-TM|76-TM|851-TM|162-TM|803-TM|283-TM	275-EM|73-EM|476-EM|205-EM|388-EM		
952	952	Scovillian	Spicy Pepper Pokémon	Grass	Fire																																									TRUE	TRUE	FALSE	FALSE	FALSE	FALSE	65	108	65	108	65	75	486	Green	Bipedal+Tail		Chlorophyll	Insomnia	Moody	Fire Stone	75	25	Grass		20	2560	Medium Fast	"1,000,000"	0.9	2′11″	15	33.1	50	170	0	2	0	0	0	0	2	50%	50%	1	1	1	0.5	0.25	1	1	2	1	2	1	1	2	1	1	1	0.5	0.5	424-1|670-1|43-1|44-4|74-10|75-13|241-17|331-21|29-24|428-28|388-33|242-38|402-44|315-48|76-48	36-TM|184-TM|182-TM|424-TM|168-TM|885-TM|263-TM|345-TM|203-TM|241-TM|201-TM|331-TM|428-TM|214-TM|402-TM|447-TM|707-TM|156-TM|164-TM|261-TM|242-TM|202-TM|412-TM|53-TM|270-TM|580-TM|126-TM|416-TM|315-TM|437-TM|63-TM|76-TM|851-TM|162-TM|803-TM|807-TM|808-TM|283-TM|915-TM	275-EM|73-EM|476-EM|205-EM|388-EM	53-EV|858-EV	
953	953	Rellor	Rolling Pokémon	Bug																																										TRUE	TRUE	FALSE	FALSE	TRUE	TRUE	41	50	60	31	58	30	270	Brown	Insectoid		Compound Eyes		Shed Skin		190	63.33	Bug		20	2560	Fast	"800,000"	0.2	0′08″	1	2.2	50	54	0	0	1	0	0	0	1	50%	50%	1	2	1	1	0.5	1	0.5	1	0.5	2	1	1	2	1	1	1	1	1	111-1|33-1|28-4|522-7|205-11|341-15|450-20|36-24|91-29|679-35	36-TM|189-TM|182-TM|522-TM|168-TM|884-TM|263-TM|341-TM|317-TM|374-TM|203-TM|91-TM|214-TM|156-TM|141-TM|441-TM|164-TM|334-TM|404-TM|188-TM|405-TM|851-TM|450-TM|679-TM|311-TM|806-TM	322-EM|262-EM|105-EM|311-EM		
954	954	Rabsca	Rolling Pokémon	Bug	Psychic																																									TRUE	TRUE	FALSE	FALSE	TRUE	TRUE	75	50	85	115	100	45	470	Green	Insectoid		Synchronize		Telepathy	Walk 1000 steps in Let's Go mode	45	15	Bug		20	2560	Fast	"800,000"	0.3	1′00″	3.5	7.7	50	165	0	0	0	2	0	0	2	50%	50%	1	2	1	1	0.5	1	0.25	1	0.5	2	0.5	2	2	2	1	2	1	1	93-1|111-1|33-1|28-4|522-7|205-11|60-15|450-20|36-24|326-29|679-35|385-40|384-40|683-40|405-45|94-50	36-TM|189-TM|182-TM|522-TM|60-TM|109-TM|168-TM|884-TM|263-TM|341-TM|317-TM|500-TM|374-TM|203-TM|241-TM|240-TM|201-TM|473-TM|91-TM|428-TM|214-TM|486-TM|115-TM|113-TM|605-TM|156-TM|286-TM|141-TM|285-TM|408-TM|441-TM|164-TM|334-TM|404-TM|271-TM|247-TM|412-TM|94-TM|347-TM|414-TM|678-TM|188-TM|416-TM|433-TM|405-TM|63-TM|851-TM|356-TM|450-TM|679-TM|311-TM|809-TM|244-TM|248-TM|797-TM|806-TM|917-TM	322-EM|262-EM|105-EM|311-EM	863-EV	244-R|219-R
955	955	Flittle	Frill Pokémon	Psychic																																										TRUE	TRUE	FALSE	FALSE	FALSE	FALSE	30	35	30	55	30	75	255	Yellow	Head+Legs		Anticipation	Frisk	Speed Boost		120	40	Flying		20	2560	Medium Slow	"1,059,860"	0.2	0′08″	1.5	3.3	50	51	0	0	0	0	0	1	1	50%	50%	1	1	1	1	1	1	0.5	1	1	1	0.5	2	1	2	1	2	1	1	45-1|64-1|93-5|608-8|574-11|98-15|60-19|365-24|97-29|253-34	36-TM|97-TM|189-TM|182-TM|60-TM|109-TM|168-TM|574-TM|884-TM|263-TM|129-TM|500-TM|203-TM|241-TM|240-TM|201-TM|473-TM|428-TM|369-TM|492-TM|214-TM|402-TM|115-TM|113-TM|156-TM|285-TM|164-TM|271-TM|94-TM|347-TM|270-TM|226-TM|678-TM|433-TM|851-TM|253-TM	502-EM|95-EM|355-EM		
956	956	Espathra	Ostrich Pokémon	Psychic																																										TRUE	TRUE	FALSE	FALSE	FALSE	FALSE	95	60	60	101	60	105	481	Yellow	Bipedal+Tail		Opportunist	Frisk	Speed Boost	Level 35	60	20	Flying		20	2560	Medium Slow	"1,059,860"	1.9	6′03″	90	198.4	50	168	0	0	0	0	0	2	2	50%	50%	1	1	1	1	1	1	0.5	1	1	1	0.5	2	1	2	1	2	1	1	65-1|297-1|45-1|64-1|93-5|608-8|574-11|98-15|60-19|365-24|97-29|253-34|605-43|94-49|387-54	36-TM|97-TM|189-TM|182-TM|67-TM|60-TM|109-TM|168-TM|574-TM|884-TM|263-TM|332-TM|506-TM|129-TM|500-TM|101-TM|203-TM|241-TM|240-TM|201-TM|473-TM|428-TM|369-TM|492-TM|34-TM|214-TM|402-TM|115-TM|113-TM|605-TM|156-TM|430-TM|285-TM|164-TM|271-TM|247-TM|304-TM|412-TM|94-TM|347-TM|270-TM|226-TM|678-TM|416-TM|433-TM|63-TM|413-TM|851-TM|253-TM|244-TM|38-TM|297-TM|797-TM	502-EM|95-EM|355-EM	855-EV	
957	957	Tinkatink	Metalsmith Pokémon	Fairy	Steel																																									TRUE	TRUE	FALSE	FALSE	FALSE	FALSE	50	45	45	35	64	58	297	Pink	Bipedal+Tailless		Mold Breaker	Own Tempo	Pickpocket		190	63.33	Fairy		20	2560	Medium Slow	"1,059,860"	0.4	1′04″	8.9	19.6	50	59	0	0	0	0	1	0	1	0%	100%	0.5	2	1	1	0.5	0.5	1	0	2	0.5	0.5	0.25	0.5	1	0	0.5	1	0.5	310-1|584-1|608-5|232-8|343-11|249-14|577-17|186-21|693-24|21-27|430-31|583-35|252-39|260-43|806-47|282-52	313-TM|182-TM|168-TM|884-TM|263-TM|232-TM|317-TM|577-TM|374-TM|203-TM|492-TM|214-TM|115-TM|113-TM|118-TM|86-TM|156-TM|157-TM|14-TM|430-TM|285-TM|164-TM|446-TM|227-TM|583-TM|270-TM|444-TM|796-TM|851-TM|282-TM|283-TM|806-TM|319-TM	364-EM|665-EM|511-EM		
958	958	Tinkatuff	Hammer Pokémon	Fairy	Steel																																									TRUE	TRUE	FALSE	FALSE	FALSE	FALSE	65	55	55	45	82	78	380	Pink	Bipedal+Tailless		Mold Breaker	Own Tempo	Pickpocket	Level 24	90	30	Fairy		20	2560	Medium Slow	"1,059,860"	0.7	2′04″	59.1	130.3	50	133	0	0	0	0	2	0	2	0%	100%	0.5	2	1	1	0.5	0.5	1	0	2	0.5	0.5	0.25	0.5	1	0	0.5	1	0.5	310-1|584-1|608-5|232-8|343-11|249-14|577-17|186-21|693-24|21-27|430-31|583-35|252-39|260-43|806-47|282-52	313-TM|182-TM|168-TM|884-TM|263-TM|232-TM|317-TM|577-TM|374-TM|203-TM|280-TM|492-TM|214-TM|115-TM|113-TM|118-TM|86-TM|156-TM|157-TM|14-TM|430-TM|285-TM|164-TM|446-TM|227-TM|583-TM|270-TM|444-TM|796-TM|851-TM|282-TM|283-TM|806-TM|319-TM	364-EM|665-EM|511-EM		
959	959	Tinkaton	Hammer Pokémon	Fairy	Steel																																									TRUE	TRUE	FALSE	FALSE	FALSE	FALSE	85	75	77	70	105	94	506	Pink	Bipedal+Tailless		Mold Breaker	Own Tempo	Pickpocket	Level 38	45	15	Fairy		20	2560	Medium Slow	"1,059,860"	0.7	2′04″	112.8	248.7	50	253	0	0	0	0	3	0	3	0%	100%	0.5	2	1	1	0.5	0.5	1	0	2	0.5	0.5	0.25	0.5	1	0	0.5	1	0.5	310-1|584-1|608-5|232-8|343-11|249-14|577-17|186-21|693-24|21-27|430-31|583-35|252-39|260-43|806-47|282-52	313-TM|182-TM|168-TM|884-TM|263-TM|523-TM|232-TM|317-TM|577-TM|374-TM|203-TM|280-TM|492-TM|214-TM|115-TM|113-TM|118-TM|86-TM|156-TM|157-TM|14-TM|430-TM|285-TM|164-TM|446-TM|484-TM|227-TM|583-TM|270-TM|444-TM|796-TM|851-TM|479-TM|282-TM|283-TM|806-TM|319-TM|912-TM	364-EM|665-EM|511-EM	893-EV	
960	960	Wiglett	Garden Eel Pokémon	Water																																										TRUE	TRUE	FALSE	FALSE	FALSE	FALSE	10	55	25	35	25	95	245	White	Head+Base		Gooey	Rattled	Sand Veil		255	85	Water 3		20	2560	Medium Fast	"1,000,000"	1.2	3′11″	1.8	4	50	49	0	0	0	0	0	1	1	50%	50%	1	0.5	0.5	2	2	0.5	1	1	1	1	1	1	1	1	1	1	0.5	1	28-1|55-1|189-4|35-8|453-12|21-20|352-20|29-24|91-28|389-32|675-36|710-40	36-TM|97-TM|189-TM|182-TM|352-TM|886-TM|263-TM|523-TM|129-TM|341-TM|203-TM|240-TM|201-TM|91-TM|492-TM|214-TM|707-TM|156-TM|164-TM|710-TM|57-TM|270-TM|414-TM|58-TM|56-TM|59-TM|851-TM|250-TM|330-TM|675-TM	515-EM|262-EM		
961	961	Wugtrio	Garden Eel Pokémon	Water																																										TRUE	TRUE	FALSE	FALSE	FALSE	FALSE	35	100	50	50	70	120	425	Red	Head+Base		Gooey	Rattled	Sand Veil	Level 26	50	16.67	Water 3		20	2560	Medium Fast	"1,000,000"	1.2	3′11″	5.4	11.9	50	149	0	0	0	0	0	2	2	50%	50%	1	0.5	0.5	2	2	0.5	1	1	1	1	1	1	1	1	1	1	0.5	1	189-1|28-1|55-1|35-1|453-12|21-16|352-20|29-24|865-30|91-36|389-42|675-48|710-54	36-TM|97-TM|189-TM|182-TM|352-TM|886-TM|263-TM|523-TM|129-TM|341-TM|203-TM|240-TM|201-TM|91-TM|492-TM|214-TM|707-TM|156-TM|164-TM|710-TM|57-TM|270-TM|414-TM|58-TM|56-TM|59-TM|416-TM|63-TM|851-TM|220-TM|250-TM|330-TM|675-TM	515-EM|262-EM		
962	962	Bombirdier	Item Drop Pokémon	Flying	Dark																																									TRUE	TRUE	TRUE	TRUE	FALSE	FALSE	70	103	85	60	85	82	485	White	1 Pair of Wings		Big Pecks	Keen Eye	Rocky Payload		25	8.33	Flying		35	4480	Slow	"1,250,000"	1.5	4′11″	42.9	94.6	50	243	0	2	0	0	0	0	2	50%	50%	1	1	1	2	0.5	2	1	1	0	1	0	1	2	0.5	1	0.5	1	2	468-1|43-1|262-1|64-1|17-1|168-7|88-11|18-16|365-20|259-24|317-29|371-36|814-42|157-47|282-53|575-60	36-TM|184-TM|182-TM|512-TM|168-TM|263-TM|332-TM|555-TM|196-TM|317-TM|314-TM|203-TM|241-TM|240-TM|201-TM|369-TM|492-TM|403-TM|214-TM|350-TM|156-TM|157-TM|269-TM|399-TM|19-TM|408-TM|164-TM|529-TM|366-TM|446-TM|304-TM|257-TM|417-TM|444-TM|416-TM|542-TM|63-TM|413-TM|851-TM|282-TM|814-TM|808-TM|244-TM|283-TM|297-TM|174-TM	297-EM|681-EM|355-EM|143-EM|389-EM		
963	963	Finizen	Dolphin Pokémon	Water																																										TRUE	TRUE	FALSE	FALSE	FALSE	FALSE	70	45	40	45	40	75	315	Blue	Fins		Water Veil				200	66.67	Field	Water 2	40	5120	Slow	"1,250,000"	1.3	4′03″	60.2	132.7	50	63	0	0	0	0	0	1	1	50%	50%	1	0.5	0.5	2	2	0.5	1	1	1	1	1	1	1	1	1	1	0.5	1	48-1|55-1|310-7|116-10|453-13|458-17|291-21|204-25|512-29|227-34|401-39|54-44|56-50	36-TM|204-TM|97-TM|182-TM|352-TM|512-TM|574-TM|886-TM|263-TM|129-TM|196-TM|577-TM|374-TM|203-TM|240-TM|428-TM|34-TM|214-TM|127-TM|156-TM|164-TM|710-TM|227-TM|57-TM|270-TM|58-TM|56-TM|59-TM|851-TM|114-TM|244-TM	586-EM|340-EM|68-EM|114-EM|321-EM		
964	964	Palafin Zero Form	Dolphin Pokémon	Water																																										TRUE	TRUE	FALSE	FALSE	FALSE	FALSE	100	70	72	53	62	100	457	Blue	Fins		Zero to Hero			Level 38 in multiplayer	45	15	Field	Water 2	40	5120	Slow	"1,250,000"	1.3	4′03″	60.2	132.7	50	160	2	0	0	0	0	0	2	50%	50%	1	0.5	0.5	2	2	0.5	1	1	1	1	1	1	1	1	1	1	0.5	1	857-1|48-1|55-1|310-7|116-10|453-13|458-17|291-21|204-25|512-29|227-34|401-39|54-44|56-50|264-55|834-61	36-TM|204-TM|97-TM|182-TM|352-TM|512-TM|574-TM|886-TM|263-TM|129-TM|196-TM|577-TM|374-TM|203-TM|240-TM|428-TM|339-TM|34-TM|8-TM|214-TM|409-TM|127-TM|447-TM|156-TM|269-TM|442-TM|164-TM|710-TM|396-TM|304-TM|227-TM|57-TM|270-TM|179-TM|58-TM|56-TM|59-TM|416-TM|200-TM|411-TM|63-TM|370-TM|851-TM|114-TM|264-TM|812-TM|244-TM|283-TM|250-TM|675-TM|912-TM	586-EM|340-EM|68-EM|114-EM|321-EM	812-EV	
964		Palafin Hero Form	Dolphin Pokémon	Water																																										FALSE	FALSE	FALSE	FALSE	FALSE	FALSE	100	160	97	106	87	100	650	Blue	Bipedal+Tailless		Zero to Hero					0	Field	Water 2	40	5120	Slow	"1,250,000"	1.8	5′11″	97.4	214.7	50	160	2	0	0	0	0	0	2	50%	50%	1	0.5	0.5	2	2	0.5	1	1	1	1	1	1	1	1	1	1	0.5	1	857-1|48-1|55-1|310-7|116-10|453-13|458-17|291-21|204-25|512-29|227-34|401-39|54-44|56-50|264-55|834-61	36-TM|204-TM|97-TM|182-TM|352-TM|512-TM|574-TM|886-TM|263-TM|129-TM|196-TM|577-TM|374-TM|203-TM|240-TM|428-TM|339-TM|34-TM|8-TM|214-TM|409-TM|127-TM|447-TM|156-TM|269-TM|442-TM|164-TM|710-TM|396-TM|304-TM|227-TM|57-TM|270-TM|179-TM|58-TM|56-TM|59-TM|416-TM|200-TM|411-TM|63-TM|370-TM|851-TM|114-TM|264-TM|812-TM|244-TM|283-TM|250-TM|675-TM|912-TM	586-EM|340-EM|68-EM|114-EM|321-EM	812-EV	
965	965	Varoom	Single-Cyl Pokémon	Steel	Poison																																									TRUE	TRUE	FALSE	FALSE	FALSE	FALSE	45	70	63	30	45	47	300	Gray	Head+Legs		Overcoat		Slow Start		190	63.33	Mineral		20	2560	Medium Fast	"1,000,000"	1	3′03″	35	77.2	50	60	0	1	0	0	0	0	1	50%	50%	0.5	2	1	1	0.25	0.5	1	0	4	0.5	1	0.25	0.5	1	0.5	1	0.5	0.25	122-1|139-1|123-4|269-7|372-10|124-13|360-17|29-21|103-25|442-28|207-32|398-36|253-41|859-46|441-50	36-TM|184-TM|182-TM|491-TM|168-TM|263-TM|523-TM|474-TM|203-TM|241-TM|240-TM|201-TM|428-TM|34-TM|214-TM|398-TM|156-TM|269-TM|390-TM|430-TM|442-TM|441-TM|164-TM|334-TM|188-TM|796-TM|851-TM|114-TM|92-TM|360-TM|253-TM|38-TM|482-TM|319-TM|174-TM	114-EM|575-EM|120-EM|259-EM|92-EM		
966	966	Revavroom	Multi-Cyl Pokémon	Steel	Poison																																									TRUE	TRUE	FALSE	FALSE	FALSE	FALSE	80	119	90	54	67	90	500	Gray	Head+Legs		Overcoat		Filter	Level 40	75	25	Mineral		20	2560	Medium Fast	"1,000,000"	1.8	5′11″	120	264.6	50	175	0	2	0	0	0	0	2	50%	50%	0.5	2	1	1	0.25	0.5	1	0	4	0.5	1	0.25	0.5	1	0.5	1	0.5	0.25	122-1|393-1|139-1|123-4|269-7|372-10|124-13|360-17|29-21|103-25|442-28|207-32|398-36|253-46|859-52|441-58	36-TM|184-TM|182-TM|491-TM|168-TM|263-TM|523-TM|474-TM|203-TM|241-TM|240-TM|201-TM|428-TM|34-TM|214-TM|398-TM|156-TM|269-TM|390-TM|430-TM|442-TM|441-TM|164-TM|334-TM|484-TM|188-TM|416-TM|315-TM|63-TM|796-TM|851-TM|114-TM|92-TM|360-TM|667-TM|253-TM|808-TM|38-TM|283-TM|915-TM|482-TM|319-TM|174-TM|912-TM	114-EM|575-EM|120-EM|259-EM|92-EM	508-EV	
967	967	Cyclizar	Mount Pokémon	Dragon	Normal																																									TRUE	TRUE	FALSE	FALSE	FALSE	FALSE	70	95	65	85	65	121	501	Green	Quadruped		Shed Skin		Regenerator		190	63.33	Field		30	3840	Medium Slow	"1,059,860"	1.6	5′03″	63	138.9	50	175	0	0	0	0	0	2	2	50%	50%	1	0.5	0.5	0.5	0.5	2	2	1	1	1	1	1	1	0	2	1	1	2	45-1|33-1|229-7|269-11|784-14|98-18|44-23|369-27|880-31|337-36|508-40|406-45|38-51|407-57	36-TM|97-TM|189-TM|182-TM|424-TM|422-TM|512-TM|168-TM|885-TM|263-TM|332-TM|341-TM|525-TM|203-TM|241-TM|240-TM|369-TM|34-TM|214-TM|337-TM|156-TM|269-TM|442-TM|164-TM|242-TM|406-TM|304-TM|861-TM|85-TM|528-TM|416-TM|200-TM|315-TM|63-TM|434-TM|851-TM|282-TM|253-TM|799-TM|38-TM|283-TM|915-TM|916-TM|784-TM|913-TM	401-EM|231-EM|282-EM|438-EM		
968	968	Orthworm	Earthworm Pokémon	Steel																																										TRUE	TRUE	TRUE	TRUE	FALSE	FALSE	70	85	145	60	55	65	480	Pink	Serpentine		Earth Eater		Sand Veil		25	8.33	Field		35	4480	Slow	"1,250,000"	2.5	8′02″	310	683.4	50	240	0	0	2	0	0	0	2	50%	50%	0.5	2	1	1	0.5	0.5	2	0	2	0.5	0.5	0.5	0.5	1	0.5	1	0.5	0.5	106-1|33-1|35-1|189-7|479-12|523-16|442-21|36-26|91-30|201-34|334-38|231-43|89-47|880-52	36-TM|189-TM|182-TM|263-TM|523-TM|341-TM|317-TM|203-TM|201-TM|91-TM|34-TM|214-TM|350-TM|707-TM|156-TM|157-TM|776-TM|191-TM|430-TM|442-TM|164-TM|334-TM|446-TM|484-TM|270-TM|414-TM|89-TM|416-TM|63-TM|796-TM|851-TM|328-TM|479-TM|667-TM|38-TM|319-TM|174-TM	489-EM|174-EM|368-EM		
969	969	Glimmet	Ore Pokémon	Rock	Poison																																									TRUE	TRUE	TRUE	TRUE	FALSE	FALSE	48	35	42	105	60	60	350	Blue	Head		Toxic Debris		Corrosion		70	23.33	Mineral		30	3840	Medium Slow	"1,059,860"	0.7	2′04″	8	17.6	50	70	0	0	0	1	0	0	1	50%	50%	0.5	0.5	2	1	1	1	1	0.25	4	0.5	2	0.5	1	1	1	1	2	0.5	106-1|88-1|479-1|491-7|246-11|397-15|446-18|474-22|201-26|120-29|157-33|408-37|151-41|482-46	182-TM|491-TM|109-TM|263-TM|341-TM|317-TM|474-TM|203-TM|241-TM|240-TM|201-TM|214-TM|115-TM|113-TM|350-TM|605-TM|156-TM|157-TM|191-TM|390-TM|408-TM|441-TM|164-TM|334-TM|446-TM|188-TM|444-TM|851-TM|92-TM|328-TM|479-TM|482-TM|800-TM	153-EM|262-EM|92-EM		
970	970	Glimmora	Ore Pokémon	Rock	Poison																																									TRUE	TRUE	TRUE	TRUE	FALSE	FALSE	83	55	90	130	81	86	525	Blue	Head		Toxic Debris		Corrosion	Level 35	25	8.33	Mineral		30	3840	Medium Slow	"1,059,860"	1.5	4′11″	45	99.2	50	184	0	0	0	2	0	0	2	50%	50%	0.5	0.5	2	1	1	1	1	0.25	4	0.5	2	0.5	1	1	1	1	2	0.5	106-1|88-1|479-1|596-1|390-1|491-7|246-11|397-15|446-18|474-22|201-26|120-29|157-33|408-39|151-44|482-50	182-TM|491-TM|109-TM|263-TM|341-TM|317-TM|474-TM|203-TM|241-TM|240-TM|201-TM|214-TM|115-TM|113-TM|350-TM|605-TM|156-TM|157-TM|191-TM|390-TM|430-TM|408-TM|441-TM|164-TM|334-TM|446-TM|412-TM|414-TM|188-TM|444-TM|416-TM|63-TM|76-TM|851-TM|92-TM|328-TM|479-TM|482-TM|800-TM	153-EM|262-EM|92-EM	866-EV	
971	971	Greavard	Ghost Dog Pokémon	Ghost																																										TRUE	TRUE	FALSE	FALSE	FALSE	FALSE	50	61	60	30	55	34	290	White	Quadruped		Pickup		Fluffy		120	40	Field		20	2560	Medium Slow	"1,059,860"	0.6	2′00″	35	77.2	50	58	0	1	0	0	0	0	1	50%	50%	0	1	1	1	1	1	0	0.5	1	1	1	0.5	1	2	1	2	1	1	45-1|33-1|122-3|44-6|39-6|46-9|29-12|91-16|156-24|242-28|583-32|270-37|566-41|204-46|38-52	36-TM|204-TM|189-TM|184-TM|182-TM|424-TM|422-TM|423-TM|109-TM|168-TM|263-TM|523-TM|506-TM|555-TM|341-TM|101-TM|203-TM|241-TM|240-TM|201-TM|91-TM|706-TM|214-TM|707-TM|156-TM|164-TM|242-TM|271-TM|247-TM|583-TM|270-TM|566-TM|851-TM|46-TM|253-TM|809-TM|220-TM|38-TM|283-TM	502-EM|194-EM|50-EM|336-EM|262-EM|425-EM|281-EM		
972	972	Houndstone	Ghost Dog Pokémon	Ghost																																										TRUE	TRUE	FALSE	FALSE	FALSE	FALSE	72	101	100	50	97	68	488	White	Quadruped		Sand Rush		Fluffy	Level 30 during nighttime	60	20	Field		20	2560	Medium Slow	"1,059,860"	2	6′07″	15	33.1	50	171	0	2	0	0	0	0	2	50%	50%	0	1	1	1	1	1	0	0.5	1	1	1	0.5	1	2	1	2	1	1	45-1|33-1|122-3|44-6|39-6|46-9|29-12|91-16|156-24|242-28|583-36|270-41|566-46|204-51|38-58	36-TM|204-TM|189-TM|184-TM|182-TM|424-TM|422-TM|423-TM|109-TM|168-TM|263-TM|523-TM|506-TM|555-TM|341-TM|101-TM|203-TM|241-TM|240-TM|201-TM|91-TM|706-TM|214-TM|707-TM|156-TM|776-TM|164-TM|261-TM|242-TM|271-TM|247-TM|583-TM|270-TM|566-TM|416-TM|63-TM|851-TM|46-TM|253-TM|809-TM|220-TM|38-TM|283-TM	502-EM|194-EM|50-EM|336-EM|262-EM|425-EM|281-EM	854-EV	
973	973	Flamigo	Synchronize Pokémon	Flying	Fighting																																									TRUE	TRUE	FALSE	FALSE	FALSE	FALSE	82	115	74	75	64	90	500	Pink	1 Pair of Wings		Scrappy	Tangled Feet	Costar		100	33.33	Flying		20	2560	Medium Slow	"1,059,860"	1.6	5′03″	37	81.6	50	175	0	2	0	0	0	0	2	50%	50%	1	1	1	2	0.5	2	0.5	1	0	2	2	0.25	1	1	1	0.5	1	2	383-1|64-1|24-5|197-9|17-12|116-15|67-18|364-21|371-27|355-31|403-35|25-39|469-44|675-48|413-54	36-TM|97-TM|182-TM|352-TM|67-TM|512-TM|168-TM|884-TM|886-TM|263-TM|332-TM|490-TM|314-TM|374-TM|203-TM|369-TM|339-TM|403-TM|214-TM|156-TM|269-TM|14-TM|19-TM|164-TM|710-TM|366-TM|179-TM|416-TM|542-TM|63-TM|413-TM|370-TM|851-TM|679-TM|814-TM|244-TM|283-TM|297-TM|675-TM|918-TM	104-EM|501-EM|143-EM		
974	974	Cetoddle	Terra Whale Pokémon	Ice																																										TRUE	TRUE	FALSE	FALSE	FALSE	FALSE	108	68	45	30	40	43	334	White	Bipedal+Tail		Thick Fat	Snow Cloak	Sheer Force		150	50	Field		25	3200	Medium Slow	"1,059,860"	1.2	3′11″	45	99.2	50	67	1	0	0	0	0	0	1	50%	50%	1	2	1	1	1	0.5	2	1	1	1	1	1	2	1	1	1	2	1	181-1|33-1|45-6|497-9|420-12|156-15|36-19|175-25|419-27|340-31|34-36|133-40|861-44|38-49|59-53	36-TM|204-TM|182-TM|423-TM|352-TM|886-TM|263-TM|523-TM|196-TM|419-TM|203-TM|240-TM|883-TM|34-TM|214-TM|707-TM|156-TM|776-TM|164-TM|710-TM|304-TM|484-TM|861-TM|583-TM|133-TM|270-TM|58-TM|59-TM|89-TM|63-TM|851-TM|282-TM|667-TM|333-TM|38-TM|174-TM	187-EM|494-EM|556-EM|276-EM|281-EM		
975	975	Cetitan	Terra Whale Pokémon	Ice																																										TRUE	TRUE	FALSE	FALSE	FALSE	FALSE	170	113	65	45	55	73	521	White	Bipedal+Tail		Thick Fat	Slush Rush	Sheer Force	Ice Stone	50	16.67	Field		25	3200	Medium Slow	"1,059,860"	4.5	14′09″	700	1543.2	50	182	2	0	0	0	0	0	2	50%	50%	1	2	1	1	1	0.5	2	1	1	1	1	1	2	1	1	1	2	1	181-1|33-1|45-6|497-9|420-12|156-15|36-19|175-25|419-27|340-31|34-36|133-40|861-44|38-49|59-53	36-TM|204-TM|182-TM|423-TM|352-TM|886-TM|263-TM|523-TM|196-TM|419-TM|203-TM|240-TM|883-TM|34-TM|8-TM|214-TM|707-TM|156-TM|776-TM|164-TM|710-TM|304-TM|484-TM|861-TM|583-TM|133-TM|270-TM|58-TM|59-TM|89-TM|416-TM|63-TM|851-TM|282-TM|667-TM|333-TM|38-TM|174-TM|912-TM	187-EM|494-EM|556-EM|276-EM|281-EM		
976	976	Veluza	Jettison Pokémon	Water	Psychic																																									TRUE	TRUE	FALSE	FALSE	FALSE	FALSE	90	102	73	78	65	70	478	Gray	Fins		Mold Breaker		Sharpness		100	33.33	Water 2		20	2560	Fast	"800,000"	2.5	8′02″	90	198.4	50	167	0	2	0	0	0	0	2	50%	50%	1	0.5	0.5	2	2	0.5	0.5	1	1	1	0.5	2	1	2	1	2	0.5	1	453-1|33-1|365-7|352-11|116-15|163-20|895-25|868-30|400-35|427-40|710-45|242-50|515-55	36-TM|97-TM|182-TM|423-TM|352-TM|886-TM|196-TM|500-TM|203-TM|240-TM|883-TM|428-TM|706-TM|34-TM|214-TM|127-TM|156-TM|164-TM|529-TM|242-TM|710-TM|94-TM|57-TM|58-TM|678-TM|56-TM|59-TM|416-TM|63-TM|851-TM|812-TM|799-TM|220-TM|38-TM|283-TM|797-TM	105-EM|37-EM		
977	977	Dondozo	Big Catfish Pokémon	Water																																										TRUE	TRUE	FALSE	FALSE	FALSE	FALSE	150	100	115	65	65	35	530	Blue	Fins		Unaware	Oblivious	Water Veil		25	8.33	Water 2		40	5120	Slow	"1,250,000"	12	39′04″	220	485	50	265	3	0	0	0	0	0	3	50%	50%	1	0.5	0.5	2	2	0.5	1	1	1	1	1	1	1	1	1	1	0.5	1	48-1|33-1|55-1|321-5|175-10|156-15|214-15|291-20|568-25|487-30|34-35|401-40|240-45|856-50|484-55|38-60|834-65	36-TM|184-TM|182-TM|423-TM|352-TM|886-TM|263-TM|523-TM|419-TM|203-TM|240-TM|428-TM|34-TM|214-TM|127-TM|707-TM|156-TM|157-TM|776-TM|164-TM|242-TM|710-TM|484-TM|57-TM|56-TM|89-TM|416-TM|200-TM|63-TM|851-TM|38-TM|174-TM	174-EM|90-EM|37-EM|281-EM		
978	978	Tatsugiri Curly Form	Mimicry Pokémon	Water	Dragon																																									TRUE	TRUE	FALSE	FALSE	FALSE	FALSE	68	50	60	120	95	82	475	Red	Fins		Commander		Storm Drain		100	33.33	Water 2		35	4480	Medium Slow	"1,059,860"	0.3	1′00″	8	17.6	50	166	0	0	0	2	0	0	2	50%	50%	1	0.25	0.25	1	1	1	1	1	1	1	1	1	1	1	2	1	0.5	2	150-1|55-1|106-6|270-12|352-17|487-23|269-28|262-34|330-39|417-43|243-47|406-52	36-TM|182-TM|352-TM|886-TM|263-TM|196-TM|203-TM|240-TM|214-TM|156-TM|269-TM|349-TM|164-TM|406-TM|57-TM|270-TM|226-TM|417-TM|56-TM|416-TM|200-TM|63-TM|434-TM|851-TM|679-TM|250-TM|330-TM|913-TM	226-EM|68-EM|229-EM		
978		Tatsugiri Droopy Form	Mimicry Pokémon	Water	Dragon																																									TRUE	FALSE	FALSE	FALSE	FALSE	FALSE	68	50	60	120	95	82	475	Pink	Fins		Commander		Storm Drain		100	33.33	Water 2		20	2560	Medium Slow	"1,059,860"	0.3	1′00″	8	17.6	50	166	0	0	0	2	0	0	2	50%	50%	1	0.25	0.25	1	1	1	1	1	1	1	1	1	1	1	2	1	0.5	2	150-1|55-1|106-6|270-12|352-17|487-23|269-28|262-34|330-39|417-43|243-47|406-52	36-TM|182-TM|352-TM|886-TM|263-TM|196-TM|203-TM|240-TM|214-TM|156-TM|269-TM|349-TM|164-TM|406-TM|57-TM|270-TM|226-TM|417-TM|56-TM|416-TM|200-TM|63-TM|434-TM|851-TM|679-TM|250-TM|330-TM|913-TM	226-EM|68-EM|229-EM		
978		Tatsugiri Stretchy Form	Mimicry Pokémon	Water	Dragon																																									TRUE	TRUE	FALSE	FALSE	FALSE	FALSE	68	50	60	120	95	82	475	Yellow	Fins		Commander		Storm Drain		100	33.33	Water 2		20	2560	Medium Slow	"1,059,860"	0.3	1′00″	8	17.6	50	166	0	0	0	2	0	0	2	50%	50%	1	0.25	0.25	1	1	1	1	1	1	1	1	1	1	1	2	1	0.5	2	150-1|55-1|106-6|270-12|352-17|487-23|269-28|262-34|330-39|417-43|243-47|406-52	36-TM|182-TM|352-TM|886-TM|263-TM|196-TM|203-TM|240-TM|214-TM|156-TM|269-TM|349-TM|164-TM|406-TM|57-TM|270-TM|226-TM|417-TM|56-TM|416-TM|200-TM|63-TM|434-TM|851-TM|679-TM|250-TM|330-TM|913-TM	226-EM|68-EM|229-EM		
979	979	Annihilape	Rage Monkey Pokémon	Ghost	Fighting																																									TRUE	TRUE	TRUE	TRUE	FALSE	FALSE	110	115	80	50	90	90	535	Gray	Bipedal+Tailless		Vital Spirit	Inner Focus	Defiant	Use Rage Fist 20 times	45	15	Field		20	2560	Medium Fast	"1,000,000"	1.2	3′11″	56	123.5	50	268	0	3	0	0	0	0	3	50%	50%	0	1	1	1	1	1	0	0.5	1	2	2	0.25	0.5	2	1	1	1	2	68-1|374-1|116-1|43-1|10-1|154-5|67-8|69-12|207-17|238-22|372-26|37-30|889-35|370-39|103-44|707-48|200-53|515-57	36-TM|184-TM|182-TM|67-TM|512-TM|168-TM|263-TM|523-TM|129-TM|317-TM|490-TM|101-TM|374-TM|203-TM|241-TM|240-TM|91-TM|280-TM|369-TM|421-TM|339-TM|34-TM|7-TM|9-TM|8-TM|214-TM|402-TM|409-TM|118-TM|398-TM|707-TM|156-TM|157-TM|269-TM|441-TM|164-TM|247-TM|446-TM|227-TM|85-TM|270-TM|179-TM|89-TM|444-TM|566-TM|416-TM|200-TM|315-TM|411-TM|63-TM|87-TM|370-TM|851-TM|180-TM|479-TM|410-TM|253-TM|264-TM|808-TM|38-TM|283-TM|811-TM|675-TM|174-TM	251-EM|68-EM|174-EM|227-EM|400-EM|180-EM	325-EV	
980	980	Clodsire	Spiny Fish Pokémon	Poison	Ground																																									TRUE	TRUE	FALSE	FALSE	FALSE	FALSE	130	75	60	45	100	20	430	Brown	Quadruped		Poison Point	Water Absorb	Unaware	Level 20	90	30	Water 1	Field	20	2560	Medium Fast	"1,000,000"	1.8	5′11″	223	491.6	50	151	2	0	0	0	0	0	2	50%	50%	1	1	2	0	1	2	0.5	0.25	2	1	2	0.5	0.5	1	1	1	1	0.5	40-1|39-1|390-4|341-8|342-12|21-16|281-21|398-24|482-30|224-36|92-40|89-48	36-TM|189-TM|182-TM|352-TM|67-TM|491-TM|885-TM|886-TM|263-TM|342-TM|523-TM|341-TM|317-TM|474-TM|203-TM|240-TM|201-TM|91-TM|428-TM|34-TM|214-TM|127-TM|398-TM|707-TM|156-TM|157-TM|776-TM|191-TM|390-TM|442-TM|441-TM|164-TM|710-TM|446-TM|484-TM|57-TM|133-TM|270-TM|414-TM|56-TM|188-TM|89-TM|444-TM|416-TM|63-TM|851-TM|114-TM|92-TM|667-TM|38-TM|330-TM|482-TM|174-TM	491-EM|495-EM|246-EM|68-EM|174-EM|24-EM|114-EM|54-EM|105-EM|255-EM|254-EM|256-EM	133-EV	
981	981	Farigiraf	Long Neck Pokémon	Normal	Psychic																																									TRUE	TRUE	FALSE	FALSE	TRUE	TRUE	120	90	70	110	70	60	520	Brown	Quadruped		Cud Chew	Armor Tail	Sap Sipper	Learn Twin Beam	45	15	Field		20	2560	Medium Fast	"1,000,000"	3.2	10′06″	160	352.7	50	260	3	0	0	0	0	0	3	50%	50%	1	1	1	1	1	1	1	1	1	1	0.5	2	1	0	1	2	1	1	310-1|45-1|385-1|384-1|33-1|93-5|372-10|23-14|60-19|97-23|458-28|888-32|242-37|226-41|417-46|94-50	36-TM|97-TM|182-TM|67-TM|60-TM|109-TM|168-TM|885-TM|451-TM|263-TM|523-TM|129-TM|500-TM|101-TM|203-TM|241-TM|240-TM|473-TM|428-TM|492-TM|706-TM|34-TM|214-TM|115-TM|113-TM|605-TM|447-TM|86-TM|707-TM|156-TM|286-TM|285-TM|442-TM|164-TM|242-TM|271-TM|247-TM|304-TM|412-TM|94-TM|85-TM|133-TM|347-TM|270-TM|226-TM|678-TM|417-TM|89-TM|416-TM|433-TM|63-TM|87-TM|851-TM|46-TM|356-TM|667-TM|253-TM|244-TM|38-TM|283-TM|248-TM|797-TM|174-TM|917-TM	502-EM|251-EM|24-EM|248-EM|212-EM|243-EM|36-EM|253-EM|273-EM		
982	982	Dudunsparce Two-Segment Form	Land Snake Pokémon	Normal																																										TRUE	TRUE	TRUE	TRUE	FALSE	FALSE	125	100	80	85	75	55	520	Yellow	Serpentine		Serene Grace	Run Away	Rattled	Learn Hyper Drill	45	15	Field		20	2560	Medium Fast	"1,000,000"	3.6	11′10″	39.2	86.4	50	182	2	0	0	0	0	0	2	50%	50%	1	1	1	1	1	1	2	1	1	1	1	1	1	0	1	1	1	1	111-1|175-1|189-4|205-8|137-12|103-16|246-20|529-24|281-28|887-32|355-36|407-40|489-44|38-48|283-52|542-56|586-62	36-TM|97-TM|189-TM|184-TM|182-TM|168-TM|884-TM|886-TM|263-TM|342-TM|523-TM|506-TM|341-TM|317-TM|500-TM|525-TM|203-TM|241-TM|240-TM|201-TM|684-TM|91-TM|428-TM|403-TM|34-TM|214-TM|398-TM|707-TM|156-TM|157-TM|776-TM|164-TM|529-TM|366-TM|247-TM|446-TM|304-TM|484-TM|861-TM|53-TM|85-TM|133-TM|347-TM|270-TM|226-TM|414-TM|58-TM|126-TM|59-TM|528-TM|89-TM|444-TM|416-TM|200-TM|542-TM|63-TM|87-TM|76-TM|851-TM|92-TM|180-TM|360-TM|679-TM|253-TM|814-TM|799-TM|220-TM|244-TM|38-TM|283-TM|806-TM|675-TM|784-TM|174-TM	401-EM|310-EM|44-EM|174-EM|29-EM|387-EM		
982		Dudunsparce Three-Segment Form	Land Snake Pokémon	Normal																																										TRUE	TRUE	TRUE	TRUE	FALSE	FALSE	125	100	80	85	75	55	520	Yellow	Serpentine		Serene Grace	Run Away	Rattled	Learn Hyper Drill	45	15	Field		20	2560	Medium Fast	"1,000,000"	4.5	14′09″	47.4	104.5	50	182	2	0	0	0	0	0	2	50%	50%	1	1	1	1	1	1	2	1	1	1	1	1	1	0	1	1	1	1	111-1|175-1|189-4|205-8|137-12|103-16|246-20|529-24|281-28|887-32|355-36|407-40|489-44|38-48|283-52|542-56|586-62	36-TM|97-TM|189-TM|184-TM|182-TM|168-TM|884-TM|886-TM|263-TM|342-TM|523-TM|506-TM|341-TM|317-TM|500-TM|525-TM|203-TM|241-TM|240-TM|201-TM|684-TM|91-TM|428-TM|403-TM|34-TM|214-TM|398-TM|707-TM|156-TM|157-TM|776-TM|164-TM|529-TM|366-TM|247-TM|446-TM|304-TM|484-TM|861-TM|53-TM|85-TM|133-TM|347-TM|270-TM|226-TM|414-TM|58-TM|126-TM|59-TM|528-TM|89-TM|444-TM|416-TM|200-TM|542-TM|63-TM|87-TM|76-TM|851-TM|92-TM|180-TM|360-TM|679-TM|253-TM|814-TM|799-TM|220-TM|244-TM|38-TM|283-TM|806-TM|675-TM|784-TM|174-TM	401-EM|310-EM|44-EM|174-EM|29-EM|387-EM		
983	983	Kingambit	Big Blade Pokémon	Dark	Steel																																									TRUE	TRUE	TRUE	TRUE	FALSE	FALSE	100	135	120	60	85	50	550	Black	Bipedal+Tailless		Defiant	Supreme Overlord	Pressure	Defeat 3 Bisharp holding Leader's Crest	25	8.33	Human-Like		20	2560	Medium Fast	"1,000,000"	2	6′07″	120	264.6	50	275	0	3	0	0	0	0	3	50%	50%	0.5	2	1	1	0.5	0.5	4	0	2	0.5	0	1	0.5	0.5	0.5	0.5	0.5	1	210-1|43-1|368-1|232-1|10-1|259-15|184-20|372-25|319-30|163-35|400-40|334-45|514-50|442-57|14-64|12-71	36-TM|184-TM|182-TM|67-TM|168-TM|263-TM|332-TM|555-TM|232-TM|317-TM|490-TM|374-TM|203-TM|240-TM|201-TM|91-TM|206-TM|280-TM|428-TM|421-TM|492-TM|403-TM|214-TM|447-TM|86-TM|398-TM|156-TM|269-TM|14-TM|430-TM|399-TM|442-TM|164-TM|334-TM|404-TM|446-TM|179-TM|444-TM|416-TM|411-TM|63-TM|796-TM|851-TM|180-TM|808-TM|675-TM|319-TM	29-EM|212-EM|501-EM|389-EM	869-EV	
984	984	Great Tusk	Paradox Pokémon	Fighting	Ground																																									TRUE	FALSE	FALSE	FALSE	FALSE	FALSE	115	131	131	53	53	87	570	Purple	Quadruped		Protosynthesis				30	10	No Eggs Discovered		50	6400	Slow	"1,250,000"	2.2	7′03″	320	705.5	0	285	0	3	0	0	0	0	3	Unknown		1	1	2	0	2	2	1	0.5	1	2	2	0.5	0.25	1	1	0.5	1	2	111-1|30-1|205-1|241-1|523-7|269-14|229-21|280-28|707-35|282-42|89-49|416-56|370-63|283-70|224-77|457-84|838-91	36-TM|189-TM|184-TM|182-TM|424-TM|422-TM|423-TM|263-TM|523-TM|341-TM|317-TM|203-TM|241-TM|201-TM|684-TM|473-TM|91-TM|280-TM|428-TM|339-TM|34-TM|214-TM|707-TM|156-TM|157-TM|269-TM|776-TM|430-TM|442-TM|164-TM|446-TM|484-TM|861-TM|583-TM|414-TM|179-TM|89-TM|444-TM|416-TM|63-TM|370-TM|851-TM|46-TM|479-TM|282-TM|667-TM|38-TM|283-TM|915-TM|916-TM|675-TM			
985	985	Scream Tail	Paradox Pokémon	Fairy	Psychic																																									TRUE	FALSE	FALSE	FALSE	FALSE	FALSE	115	65	99	65	115	111	570	Pink	Bipedal+Tail		Protosynthesis				50	16.67	No Eggs Discovered		50	6400	Slow	"1,250,000"	1.2	3′11″	8	17.6	0	285	3	0	0	0	0	0	3	Unknown		1	1	1	1	1	1	0.25	2	1	1	0.5	1	1	2	0	1	2	1	50-1|1-1|47-1|336-7|568-14|44-21|34-28|156-35|583-42|304-49|706-56|242-63|273-70|360-77|195-84|586-91	36-TM|313-TM|184-TM|182-TM|424-TM|422-TM|423-TM|352-TM|60-TM|263-TM|317-TM|500-TM|374-TM|203-TM|241-TM|240-TM|201-TM|883-TM|473-TM|91-TM|428-TM|706-TM|339-TM|34-TM|7-TM|9-TM|8-TM|214-TM|409-TM|115-TM|113-TM|605-TM|118-TM|447-TM|86-TM|707-TM|156-TM|286-TM|164-TM|242-TM|271-TM|446-TM|304-TM|94-TM|227-TM|53-TM|85-TM|583-TM|133-TM|347-TM|270-TM|226-TM|58-TM|678-TM|581-TM|126-TM|59-TM|416-TM|411-TM|433-TM|63-TM|87-TM|851-TM|46-TM|360-TM|253-TM|802-TM|244-TM|38-TM|797-TM|917-TM			241-R
986	986	Brute Bonnet	Paradox Pokémon	Grass	Dark																																									TRUE	FALSE	FALSE	FALSE	FALSE	FALSE	111	127	99	79	99	55	570	White	Quadruped		Protosynthesis				50	16.67	No Eggs Discovered		50	6400	Slow	"1,250,000"	1.2	3′11″	21	46.3	0	285	0	3	0	0	0	0	3	Unknown		1	2	0.5	0.5	0.5	2	2	2	0.5	2	0	4	1	0.5	1	0.5	1	2	71-1|310-1|74-1|78-7|72-14|235-21|499-28|371-35|37-42|202-49|389-56|147-63|275-70|476-77|76-91	184-TM|182-TM|109-TM|168-TM|885-TM|263-TM|506-TM|345-TM|474-TM|203-TM|241-TM|331-TM|428-TM|34-TM|214-TM|402-TM|447-TM|707-TM|156-TM|269-TM|776-TM|399-TM|164-TM|242-TM|202-TM|412-TM|676-TM|414-TM|580-TM|416-TM|200-TM|437-TM|63-TM|370-TM|76-TM|851-TM|808-TM|38-TM			241-R
987	987	Flutter Mane	Paradox Pokémon	Ghost	Fairy																																									TRUE	FALSE	FALSE	FALSE	FALSE	FALSE	55	55	55	135	135	135	570	Gray	1 Pair of Wings		Protosynthesis				30	10	No Eggs Discovered		50	6400	Slow	"1,250,000"	1.4	4′07″	4	8.8	0	285	0	0	0	1	1	1	3	Unknown		0	1	1	1	1	1	0	1	1	1	1	0.25	1	2	0	1	2	1	310-1|109-1|180-1|60-7|212-14|262-21|273-28|605-35|247-42|595-49|408-56|473-63|566-70|220-77|585-84|195-91	204-TM|313-TM|182-TM|60-TM|109-TM|574-TM|451-TM|506-TM|129-TM|345-TM|196-TM|577-TM|500-TM|101-TM|203-TM|241-TM|473-TM|214-TM|605-TM|86-TM|156-TM|269-TM|286-TM|399-TM|408-TM|164-TM|247-TM|304-TM|412-TM|85-TM|347-TM|270-TM|581-TM|566-TM|416-TM|433-TM|63-TM|87-TM|851-TM|180-TM|809-TM|220-TM			241-R
988	988	Slither Wing	Paradox Pokémon	Bug	Fighting																																									TRUE	FALSE	FALSE	FALSE	FALSE	FALSE	85	135	79	85	105	81	570	White	Quadruped		Protosynthesis				30	10	No Eggs Discovered		50	6400	Slow	"1,250,000"	3.2	10′06″	92	202.8	0	285	0	3	0	0	0	0	3	Unknown		1	2	1	1	0.5	1	0.5	1	0.5	4	2	0.5	1	1	1	0.5	1	2	450-1|52-1|16-1|77-7|78-7|488-14|23-21|490-28|234-35|679-42|276-49|339-56|814-63|660-70|18-77|141-84|37-91	36-TM|182-TM|67-TM|512-TM|885-TM|263-TM|332-TM|488-TM|490-TM|203-TM|241-TM|240-TM|201-TM|280-TM|428-TM|369-TM|339-TM|34-TM|214-TM|707-TM|156-TM|776-TM|141-TM|164-TM|261-TM|202-TM|257-TM|484-TM|179-TM|528-TM|89-TM|416-TM|542-TM|405-TM|63-TM|394-TM|370-TM|851-TM|450-TM|679-TM|667-TM|535-TM|814-TM|38-TM|915-TM|806-TM|174-TM			241-R
989	989	Sandy Shocks	Paradox Pokémon	Electric	Ground																																									TRUE	FALSE	FALSE	FALSE	FALSE	FALSE	85	81	97	121	85	101	570	Gray	Quadruped		Protosynthesis				30	10	No Eggs Discovered		50	6400	Slow	"1,250,000"	2.3	7′07″	60	132.3	0	285	0	0	0	3	0	0	3	Unknown		1	1	2	0	2	2	1	0.5	2	0.5	1	1	0.5	1	1	1	0.5	1	604-1|48-1|84-1|86-1|209-7|523-14|451-21|161-28|103-35|484-42|319-49|435-56|414-63|243-70|356-77|192-84|602-91	36-TM|182-TM|451-TM|263-TM|523-TM|129-TM|341-TM|203-TM|521-TM|241-TM|201-TM|34-TM|214-TM|486-TM|115-TM|113-TM|86-TM|707-TM|156-TM|776-TM|191-TM|430-TM|598-TM|408-TM|164-TM|334-TM|446-TM|484-TM|85-TM|414-TM|604-TM|528-TM|89-TM|416-TM|63-TM|87-TM|851-TM|268-TM|328-TM|356-TM|667-TM|916-TM|527-TM|815-TM|319-TM			241-R
990	990	Iron Treads	Paradox Pokémon	Steel	Ground																																									FALSE	TRUE	FALSE	FALSE	FALSE	FALSE	90	112	120	72	70	106	570	Gray	Quadruped		Quark Drive				30	10	No Eggs Discovered		50	6400	Slow	"1,250,000"	0.9	2′11″	240	529.1	0	285	0	0	3	0	0	0	3	Unknown		0.5	2	2	0	1	1	2	0	2	0.5	0.5	0.5	0.25	1	0.5	1	0.5	0.5	111-1|604-1|30-1|205-1|523-7|229-21|442-28|707-35|282-42|89-49|484-56|528-63|283-70|224-77|416-84|798-91	36-TM|189-TM|184-TM|182-TM|422-TM|423-TM|263-TM|523-TM|341-TM|317-TM|521-TM|201-TM|684-TM|428-TM|34-TM|214-TM|486-TM|707-TM|156-TM|157-TM|776-TM|430-TM|442-TM|164-TM|334-TM|446-TM|484-TM|861-TM|414-TM|604-TM|528-TM|89-TM|444-TM|416-TM|63-TM|87-TM|796-TM|851-TM|360-TM|282-TM|667-TM|38-TM|283-TM|916-TM|319-TM|912-TM			
991	991	Iron Bundle	Paradox Pokémon	Ice	Water																																									FALSE	TRUE	FALSE	FALSE	FALSE	FALSE	56	80	114	124	60	136	570	Red	Bipedal+Tail		Quark Drive				50	16.67	No Eggs Discovered		50	6400	Slow	"1,250,000"	0.6	2′00″	11	24.3	0	285	0	0	0	0	0	3	3	Unknown		1	1	0.5	2	2	0.25	2	1	1	1	1	1	2	1	1	1	1	1	217-1|181-7|250-14|36-21|65-28|270-35|573-42|812-49|58-56|97-63|883-70|56-77|694-84|59-91	36-TM|97-TM|182-TM|352-TM|512-TM|168-TM|886-TM|263-TM|129-TM|196-TM|314-TM|374-TM|419-TM|203-TM|240-TM|883-TM|369-TM|34-TM|8-TM|214-TM|156-TM|269-TM|164-TM|227-TM|861-TM|583-TM|270-TM|58-TM|604-TM|56-TM|59-TM|416-TM|63-TM|851-TM|812-TM|250-TM			604-R
992	992	Iron Hands	Paradox Pokémon	Fighting	Electric																																									FALSE	TRUE	FALSE	FALSE	FALSE	FALSE	154	140	108	50	68	50	570	Gray	Bipedal+Tailless		Quark Drive				50	16.67	No Eggs Discovered		50	6400	Slow	"1,250,000"	1.8	5′11″	380.7	839.3	0	285	0	3	0	0	0	0	3	Unknown		1	1	1	0.5	1	1	1	1	2	1	2	0.5	0.5	1	1	0.5	0.5	2	292-1|116-1|28-1|33-1|252-7|18-14|9-21|21-28|395-35|69-42|268-49|528-56|370-63|197-70|484-77|187-84|264-91	36-TM|184-TM|182-TM|67-TM|263-TM|523-TM|317-TM|490-TM|374-TM|203-TM|521-TM|280-TM|34-TM|7-TM|9-TM|8-TM|214-TM|409-TM|118-TM|707-TM|156-TM|157-TM|14-TM|776-TM|442-TM|164-TM|334-TM|484-TM|85-TM|583-TM|179-TM|604-TM|528-TM|89-TM|416-TM|411-TM|63-TM|87-TM|370-TM|851-TM|268-TM|264-TM|38-TM|916-TM|912-TM			604-R
993	993	Iron Jugulis	Paradox Pokémon	Dark	Flying																																									FALSE	TRUE	FALSE	FALSE	FALSE	FALSE	94	80	86	122	80	108	570	Blue	Bipedal+Tail		Quark Drive				30	10	No Eggs Discovered		50	6400	Slow	"1,250,000"	1.3	4′03″	111	244.7	0	285	0	0	0	3	0	0	3	Unknown		1	1	1	2	0.5	2	1	1	0	1	0	1	2	0.5	1	0.5	1	2	314-1|604-1|116-1|161-1|526-1|46-7|372-14|225-21|555-28|242-35|304-42|403-56|282-63|399-70|200-77|406-84|63-91	36-TM|184-TM|182-TM|424-TM|512-TM|451-TM|263-TM|555-TM|317-TM|314-TM|525-TM|203-TM|241-TM|240-TM|428-TM|369-TM|403-TM|34-TM|214-TM|156-TM|269-TM|430-TM|399-TM|19-TM|442-TM|164-TM|242-TM|366-TM|406-TM|304-TM|257-TM|53-TM|414-TM|604-TM|126-TM|56-TM|416-TM|200-TM|411-TM|542-TM|63-TM|851-TM|46-TM|282-TM|814-TM|808-TM|38-TM|800-TM|675-TM|319-TM|913-TM			604-R
994	994	Iron Moth	Paradox Pokémon	Fire	Poison																																									FALSE	TRUE	FALSE	FALSE	FALSE	FALSE	80	70	60	140	110	110	570	White	2+ Pair of Wings		Quark Drive				30	10	No Eggs Discovered		50	6400	Slow	"1,250,000"	1.2	3′11″	36	79.4	0	285	0	0	0	3	0	0	3	Unknown		1	0.5	2	1	0.25	0.5	0.5	0.5	4	1	2	0.25	2	1	1	1	0.5	0.25	491-1|52-1|16-1|18-1|522-7|83-14|36-21|679-28|103-35|435-42|482-49|552-56|319-63|234-70|542-77|405-84|315-91	36-TM|97-TM|182-TM|491-TM|512-TM|522-TM|109-TM|884-TM|451-TM|83-TM|263-TM|129-TM|488-TM|474-TM|203-TM|241-TM|369-TM|403-TM|214-TM|113-TM|605-TM|156-TM|390-TM|430-TM|164-TM|257-TM|412-TM|94-TM|53-TM|270-TM|604-TM|126-TM|416-TM|315-TM|542-TM|405-TM|63-TM|394-TM|76-TM|851-TM|92-TM|679-TM|482-TM|800-TM|319-TM			604-R
995	995	Iron Thorns	Paradox Pokémon	Rock	Electric																																									FALSE	TRUE	FALSE	FALSE	FALSE	FALSE	100	134	110	70	84	72	570	Green	Bipedal+Tail		Quark Drive				30	10	No Eggs Discovered		50	6400	Slow	"1,250,000"	1.6	5′03″	303	668	0	285	0	3	0	0	0	0	3	Unknown		0.5	0.5	2	0.5	2	1	2	0.5	4	0.25	1	1	1	1	1	1	1	1	424-1|423-1|334-1|88-1|422-1|103-7|317-21|44-28|268-35|157-42|201-49|528-56|42-63|89-70|446-77|444-84|416-91	36-TM|184-TM|182-TM|424-TM|422-TM|423-TM|67-TM|451-TM|263-TM|523-TM|555-TM|232-TM|317-TM|374-TM|525-TM|203-TM|521-TM|241-TM|240-TM|201-TM|91-TM|280-TM|34-TM|7-TM|9-TM|8-TM|214-TM|486-TM|350-TM|337-TM|86-TM|707-TM|156-TM|157-TM|269-TM|14-TM|776-TM|191-TM|598-TM|442-TM|349-TM|408-TM|164-TM|334-TM|242-TM|446-TM|484-TM|53-TM|85-TM|414-TM|58-TM|604-TM|126-TM|59-TM|528-TM|89-TM|444-TM|416-TM|411-TM|63-TM|87-TM|851-TM|268-TM|328-TM|479-TM|667-TM|38-TM|916-TM|527-TM|800-TM|784-TM|174-TM			604-R
996	996	Frigibax	Ice Fin Pokémon	Dragon	Ice																																									TRUE	TRUE	FALSE	FALSE	FALSE	FALSE	65	75	45	35	45	55	320	Gray	Bipedal+Tail		Thermal Exchange		Ice Body		45	15	Dragon	Mineral	40	5120	Slow	"1,250,000"	0.5	1′08″	17	37.5	50	64	0	1	0	0	0	0	1	50%	50%	1	1	0.5	0.5	0.5	1	2	1	1	1	1	1	2	1	2	1	2	2	525-1|43-1|33-1|196-6|225-12|116-18|44-24|423-29|337-32|36-36|58-40|242-44|556-48	36-TM|182-TM|423-TM|263-TM|196-TM|525-TM|419-TM|203-TM|240-TM|883-TM|91-TM|34-TM|214-TM|337-TM|156-TM|14-TM|164-TM|242-TM|406-TM|270-TM|58-TM|59-TM|200-TM|434-TM|851-TM|333-TM	401-EM|407-EM|573-EM|333-EM		
997	997	Arctibax	Ice Fin Pokémon	Dragon	Ice																																									TRUE	TRUE	FALSE	FALSE	FALSE	FALSE	90	95	66	45	65	62	423	Blue	Bipedal+Tail		Thermal Exchange		Ice Body	Level 35	25	8.33	Dragon	Mineral	40	5120	Slow	"1,250,000"	0.8	2′07″	30	66.1	50	148	0	2	0	0	0	0	2	50%	50%	1	1	0.5	0.5	0.5	1	2	1	1	1	1	1	2	1	2	1	2	2	525-1|43-1|33-1|196-6|225-12|116-18|44-24|423-29|36-40|58-45|242-50|556-55	36-TM|184-TM|182-TM|423-TM|263-TM|332-TM|196-TM|525-TM|419-TM|203-TM|240-TM|883-TM|91-TM|280-TM|34-TM|214-TM|337-TM|156-TM|14-TM|442-TM|164-TM|242-TM|406-TM|270-TM|58-TM|59-TM|200-TM|434-TM|851-TM|333-TM	401-EM|407-EM|573-EM|333-EM		
998	998	Baxcalibur	Ice Dragon Pokémon	Dragon	Ice																																									TRUE	TRUE	FALSE	FALSE	FALSE	FALSE	115	145	92	75	86	87	600	Blue	Bipedal+Tail		Thermal Exchange		Ice Body	Level 54	10	3.33	Dragon	Mineral	40	5120	Slow	"1,250,000"	2.1	6′11″	210	463	50	300	0	3	0	0	0	0	3	50%	50%	1	1	0.5	0.5	0.5	1	2	1	1	1	1	1	2	1	2	1	2	2	784-1|525-1|420-1|43-1|883-1|33-1|196-6|225-12|116-18|44-24|423-29|337-35|36-42|58-48|242-55|556-62	36-TM|184-TM|182-TM|422-TM|423-TM|263-TM|332-TM|523-TM|196-TM|525-TM|419-TM|203-TM|240-TM|883-TM|91-TM|206-TM|280-TM|428-TM|34-TM|214-TM|337-TM|707-TM|156-TM|14-TM|776-TM|442-TM|349-TM|164-TM|242-TM|406-TM|270-TM|58-TM|59-TM|89-TM|416-TM|200-TM|63-TM|434-TM|851-TM|667-TM|333-TM|799-TM|38-TM|784-TM|913-TM	401-EM|407-EM|573-EM|333-EM	862-EV	
999	999	Gimmighoul Chest Form	Treasure Chest Pokémon	Ghost																																										TRUE	TRUE	FALSE	FALSE	FALSE	FALSE	45	30	70	75	70	10	300	Red	Head+Base		Rattled				45	15	No Eggs Discovered		50	6400	Slow	"1,250,000"	0.3	1′00″	5	11	50	60	0	0	0	1	0	0	1	Unknown		0	1	1	1	1	1	0	0.5	1	1	1	0.5	1	2	1	2	1	1	310-1|33-1	36-TM|182-TM|109-TM|168-TM|506-TM|101-TM|203-TM|214-TM|115-TM|113-TM|156-TM|408-TM|164-TM|247-TM|417-TM|851-TM			
999		Gimmighoul Roaming Form	Treasure Chest Pokémon	Ghost																																										FALSE	FALSE	FALSE	FALSE	FALSE	FALSE	43	30	25	75	45	80	298	Gray	Bipedal+Tailless		Run Away				45	15	No Eggs Discovered		50	6400	Slow	"1,250,000"	0.1	0′04″	0.1	0.2	50	60	0	0	0	1	0	0	1	Unknown		0	1	1	1	1	1	0	0.5	1	1	1	0.5	1	2	1	2	1	1	310-1|33-1	36-TM|182-TM|109-TM|168-TM|506-TM|101-TM|203-TM|214-TM|115-TM|113-TM|156-TM|408-TM|164-TM|247-TM|417-TM|851-TM			
1000	1000	Gholdengo	Coin Entity Pokémon	Steel	Ghost																																									TRUE	TRUE	FALSE	FALSE	FALSE	FALSE	87	60	95	133	91	84	550	Yellow	Bipedal+Tailless		Good as Gold			Collect 999 Gimmighoul Coins	45	15	No Eggs Discovered		50	6400	Slow	"1,250,000"	1.2	3′11″	30	66.1	50	275	0	0	0	2	0	0	2	Unknown		0	2	1	1	0.5	0.5	0	0	2	0.5	0.5	0.25	0.5	2	0.5	2	0.5	0.5	310-1|33-1|101-7|109-14|164-21|319-28|247-35|105-42|408-49|874-56|417-63|262-70	36-TM|182-TM|67-TM|109-TM|168-TM|451-TM|506-TM|490-TM|101-TM|374-TM|203-TM|201-TM|473-TM|9-TM|214-TM|486-TM|115-TM|113-TM|605-TM|86-TM|156-TM|430-TM|442-TM|408-TM|164-TM|271-TM|247-TM|94-TM|484-TM|85-TM|417-TM|416-TM|411-TM|63-TM|87-TM|796-TM|851-TM|264-TM|809-TM|319-TM			
1001	1001	Wo-Chien	Ruinous Pokémon	Dark	Grass																																									TRUE	TRUE	FALSE	FALSE	FALSE	FALSE	85	85	100	95	135	70	570	Brown	Serpentine		Tablets of Ruin				6	2	No Eggs Discovered		50	6400	Slow	"1,250,000"	1.5	4′11″	74.2	163.6	0	285	0	0	0	0	3	0	3	Unknown		1	2	0.5	0.5	0.5	2	2	2	0.5	2	0	4	1	0.5	1	0.5	1	2	71-1|212-1|180-1|321-5|371-10|77-15|78-15|72-20|73-25|74-30|275-35|399-40|202-45|877-50|492-55|438-60|580-65|282-70|437-75	36-TM|189-TM|184-TM|182-TM|885-TM|263-TM|506-TM|555-TM|345-TM|341-TM|203-TM|241-TM|240-TM|331-TM|428-TM|492-TM|34-TM|214-TM|402-TM|115-TM|113-TM|447-TM|156-TM|269-TM|776-TM|399-TM|164-TM|202-TM|412-TM|676-TM|580-TM|416-TM|437-TM|63-TM|76-TM|851-TM|180-TM|282-TM|669-TM|808-TM			
1002	1002	Chien-Pao	Ruinous Pokémon	Dark	Ice																																									TRUE	TRUE	FALSE	FALSE	FALSE	FALSE	80	120	80	90	65	135	570	White	Quadruped		Sword of Ruin				6	2	No Eggs Discovered		50	6400	Slow	"1,250,000"	1.9	6′03″	152.2	335.5	0	285	0	0	0	0	0	3	3	Unknown		1	2	1	1	1	0.5	4	1	1	1	0	2	2	0.5	1	0.5	2	2	212-1|181-1|180-1|196-5|371-10|114-15|54-15|420-20|14-25|883-30|400-35|399-40|556-45|877-50|389-55|533-60|105-65|675-70|329-75	36-TM|184-TM|182-TM|423-TM|512-TM|263-TM|332-TM|506-TM|555-TM|196-TM|419-TM|203-TM|240-TM|883-TM|206-TM|280-TM|706-TM|214-TM|156-TM|269-TM|14-TM|399-TM|164-TM|242-TM|861-TM|59-TM|416-TM|63-TM|851-TM|114-TM|180-TM|808-TM|675-TM			
1003	1003	Ting-Lu	Ruinous Pokémon	Dark	Ground																																									TRUE	TRUE	FALSE	FALSE	FALSE	FALSE	155	110	125	55	80	45	570	Brown	Quadruped		Vessel of Ruin				6	2	No Eggs Discovered		50	6400	Slow	"1,250,000"	2.7	8′10″	699.7	1542.6	0	285	0	0	3	0	0	0	3	Unknown		1	1	2	0	2	2	2	0.5	1	1	0	2	0.5	0.5	1	0.5	1	2	212-1|328-1|180-1|191-5|371-10|23-15|523-20|18-25|269-30|37-35|399-40|707-45|877-50|675-55|157-60|262-65|89-70|90-75	36-TM|189-TM|184-TM|182-TM|263-TM|523-TM|506-TM|555-TM|341-TM|317-TM|203-TM|241-TM|201-TM|91-TM|428-TM|34-TM|214-TM|707-TM|156-TM|157-TM|269-TM|776-TM|191-TM|399-TM|164-TM|446-TM|484-TM|414-TM|89-TM|444-TM|416-TM|63-TM|851-TM|328-TM|180-TM|808-TM|38-TM|675-TM			
1004	1004	Chi-Yu	Ruinous Pokémon	Dark	Fire																																									TRUE	TRUE	FALSE	FALSE	FALSE	FALSE	55	80	80	135	120	100	570	Red	Fins		Beads of Ruin				6	2	No Eggs Discovered		50	6400	Slow	"1,250,000"	0.4	1′04″	4.9	10.8	0	285	0	0	0	3	0	0	3	Unknown		1	0.5	2	1	0.5	0.5	2	1	2	1	0	1	2	0.5	1	0.5	0.5	1	52-1|212-1|180-1|172-5|371-10|261-15|488-20|510-25|109-30|417-35|399-40|436-45|877-50|340-55|207-60|517-65|262-70|315-75	36-TM|184-TM|182-TM|109-TM|83-TM|263-TM|506-TM|555-TM|488-TM|203-TM|241-TM|428-TM|214-TM|115-TM|113-TM|156-TM|269-TM|399-TM|164-TM|261-TM|242-TM|257-TM|94-TM|53-TM|417-TM|126-TM|416-TM|315-TM|63-TM|394-TM|851-TM|180-TM|807-TM|808-TM|915-TM			
1005	1005	Roaring Moon	Paradox Pokémon	Dragon	Dark																																									TRUE	TRUE	FALSE	FALSE	FALSE	FALSE	105	139	71	55	101	119	590	Blue	Quadruped		Protosynthesis				10	3.33	No Eggs Discovered		50	6400	Slow	"1,250,000"	2	6′07″	380	837.8	0	295	0	3	0	0	0	0	3	Unknown		1	0.5	0.5	0.5	0.5	2	2	1	1	1	0	2	1	0.5	2	0.5	1	4	44-1|225-1|116-1|43-1|510-7|29-14|184-21|337-28|428-35|53-42|400-49|349-56|407-63|19-70|675-77|355-84|38-91	36-TM|184-TM|182-TM|424-TM|422-TM|512-TM|83-TM|263-TM|332-TM|555-TM|232-TM|525-TM|203-TM|241-TM|91-TM|280-TM|428-TM|369-TM|421-TM|403-TM|34-TM|214-TM|337-TM|707-TM|156-TM|157-TM|269-TM|776-TM|399-TM|19-TM|442-TM|349-TM|164-TM|404-TM|242-TM|366-TM|406-TM|304-TM|257-TM|53-TM|126-TM|56-TM|89-TM|444-TM|416-TM|200-TM|542-TM|63-TM|434-TM|851-TM|46-TM|282-TM|808-TM|799-TM|38-TM|675-TM|784-TM|913-TM			784-R|746-R|799-R|241-R
1006	1006	Iron Valiant	Paradox Pokémon	Fairy	Fighting																																									TRUE	TRUE	FALSE	FALSE	FALSE	FALSE	74	130	90	120	60	116	590	White	Bipedal+Tailless		Quark Drive				10	3.33	No Eggs Discovered		50	6400	Slow	"1,250,000"	1.4	4′07″	35	77.2	0	295	0	3	0	0	0	0	3	Unknown		1	1	1	1	1	1	0.5	2	1	2	2	0.25	0.5	1	0	0.25	2	2	50-1|104-1|210-1|425-1|95-7|364-14|248-21|605-28|427-35|400-42|348-49|585-56|370-63|282-70|194-77|501-84|469-84|789-91	97-TM|182-TM|67-TM|60-TM|109-TM|451-TM|332-TM|506-TM|129-TM|345-TM|196-TM|500-TM|374-TM|203-TM|473-TM|206-TM|280-TM|428-TM|421-TM|7-TM|9-TM|8-TM|214-TM|409-TM|115-TM|113-TM|605-TM|118-TM|447-TM|86-TM|398-TM|156-TM|269-TM|14-TM|286-TM|285-TM|164-TM|404-TM|271-TM|710-TM|396-TM|247-TM|304-TM|412-TM|94-TM|227-TM|85-TM|347-TM|270-TM|179-TM|604-TM|678-TM|581-TM|416-TM|411-TM|433-TM|63-TM|370-TM|851-TM|282-TM|410-TM|244-TM|811-TM|248-TM|797-TM|675-TM			604-R
1007	1007	Koraidon	Paradox Pokémon	Fighting	Dragon																																									TRUE	FALSE	FALSE	FALSE	FALSE	FALSE	100	135	115	85	100	135	670	Red	Bipedal+Tail		Orichalcum Pulse				3	1	No Eggs Discovered		50	6400	Slow	"1,250,000"	2.5	8′02″	303	668	0	335	0	3	0	0	0	0	3	Unknown		1	0.5	0.5	0.5	0.5	2	1	1	1	2	2	0.5	0.5	1	2	0.5	1	4	784-1|241-1|249-7|246-14|409-21|280-28|97-35|337-42|53-49|878-56|103-63|68-70|200-77|370-84|394-91|416-98	36-TM|97-TM|189-TM|184-TM|182-TM|424-TM|422-TM|423-TM|67-TM|512-TM|83-TM|263-TM|523-TM|555-TM|341-TM|488-TM|490-TM|525-TM|203-TM|241-TM|91-TM|280-TM|428-TM|369-TM|421-TM|339-TM|34-TM|214-TM|409-TM|337-TM|707-TM|156-TM|269-TM|14-TM|776-TM|442-TM|164-TM|242-TM|406-TM|257-TM|484-TM|53-TM|270-TM|179-TM|126-TM|528-TM|416-TM|200-TM|315-TM|411-TM|63-TM|394-TM|370-TM|76-TM|434-TM|851-TM|46-TM|535-TM|253-TM|264-TM|814-TM|799-TM|38-TM|915-TM|800-TM|784-TM|913-TM			
1008	1008	Miraidon	Paradox Pokémon	Electric	Dragon																																									FALSE	TRUE	FALSE	FALSE	FALSE	FALSE	100	85	100	135	115	135	670	Purple	Quadruped		Hadron Engine				3	1	No Eggs Discovered		50	6400	Slow	"1,250,000"	3.5	11′06″	240	529.1	0	335	0	0	0	3	0	0	3	Unknown		1	0.5	0.5	0.25	0.5	2	1	1	2	0.5	1	1	1	1	2	1	0.5	2	225-1|604-1|84-1|351-7|268-14|570-21|435-28|97-35|406-42|879-56|319-63|243-70|200-77|87-84|315-91|63-98	36-TM|97-TM|184-TM|182-TM|512-TM|109-TM|451-TM|263-TM|555-TM|525-TM|203-TM|521-TM|428-TM|369-TM|34-TM|214-TM|486-TM|115-TM|113-TM|337-TM|605-TM|86-TM|156-TM|269-TM|14-TM|430-TM|598-TM|408-TM|164-TM|242-TM|406-TM|484-TM|85-TM|347-TM|270-TM|604-TM|528-TM|416-TM|200-TM|315-TM|63-TM|87-TM|76-TM|434-TM|851-TM|268-TM|916-TM|319-TM|913-TM			
1009	1009	Walking Wake	Paradox Pokémon	Water	Dragon																																									TRUE	FALSE	FALSE	FALSE	FALSE	FALSE	99	83	91	125	83	109	590	Red	Bipedal+Tail		Protosynthesis				5	1.67	No Eggs Discovered		50	6400	Slow	"1,250,000"	3.5	11′06″	280	617.3	0	295	0	0	0	3	0	0	3	Unknown		1	0.25	0.25	1	1	1	1	1	1	1	1	1	1	1	2	1	0.5	2	453-1|43-1|46-1|239-1|44-7|352-14|568-21|225-28|784-35|407-42|876-56|406-63|200-70|53-77|56-84	36-TM|97-TM|184-TM|182-TM|424-TM|352-TM|67-TM|886-TM|263-TM|555-TM|129-TM|341-TM|525-TM|203-TM|241-TM|240-TM|34-TM|214-TM|127-TM|337-TM|156-TM|349-TM|164-TM|242-TM|710-TM|406-TM|57-TM|53-TM|56-TM|416-TM|200-TM|542-TM|63-TM|434-TM|851-TM|46-TM|282-TM|503-TM|311-TM|812-TM|38-TM|250-TM|784-TM|913-TM			468-R|241-R
1010	1010	Iron Leaves	Paradox Pokémon	Grass	Psychic																																									FALSE	TRUE	FALSE	FALSE	FALSE	FALSE	90	130	88	70	108	104	590	Green	Quadruped		Quark Drive				5	1.67	No Eggs Discovered		50	6400	Slow	"1,250,000"	1.5	4′11″	125	275.6	0	295	0	3	0	0	0	0	3	Unknown		1	2	0.5	0.5	0.5	2	0.5	2	0.5	2	0.5	4	1	2	1	2	1	1	270-1|43-1|98-1|526-1|345-7|514-14|501-21|400-28|14-35|533-42|348-49|875-56|370-63|286-70|224-77|502-84|669-91	36-TM|97-TM|184-TM|182-TM|885-TM|263-TM|332-TM|129-TM|345-TM|203-TM|684-TM|206-TM|280-TM|403-TM|214-TM|447-TM|156-TM|269-TM|14-TM|286-TM|164-TM|334-TM|404-TM|202-TM|412-TM|347-TM|270-TM|179-TM|604-TM|580-TM|678-TM|528-TM|416-TM|411-TM|437-TM|63-TM|370-TM|76-TM|851-TM|356-TM|669-TM|38-TM|811-TM|675-TM|319-TM			604-R|511-R
1011	1011	Dipplin	Candy Apple Pokémon	Grass	Dragon																																									FALSE	FALSE	TRUE	TRUE	FALSE	FALSE	80	80	110	95	80	40	485	Green	Multiple Bodies		Supersweet Syrup	Gluttony	Sticky Hold		45	15	Grass	Dragon	20	2560	Erratic	"600,000"	0.4	1′04″	4.4	9.7	50	170	0	0	2	0	0	0	2	50%	50%	1	1	0.25	0.25	0.25	4	1	2	0.5	2	1	2	1	1	2	1	1	2	310-1|278-1|230-1|110-1|525-4|74-8|225-12|182-16|331-20|903-28|406-32|105-36|412-40|164-44	36-TM|182-TM|884-TM|263-TM|525-TM|203-TM|241-TM|331-TM|34-TM|214-TM|402-TM|115-TM|447-TM|156-TM|164-TM|202-TM|406-TM|412-TM|676-TM|580-TM|416-TM|200-TM|437-TM|63-TM|76-TM|434-TM|851-TM|360-TM|450-TM|803-TM|913-TM		458-EV	611-R
1012	1012	Poltchageist Counterfeit Form	Matcha Pokémon	Grass	Ghost																																									FALSE	FALSE	TRUE	TRUE	FALSE	FALSE	40	45	45	74	54	50	308	Green	Head		Hospitality		Heatproof		120	40	Mineral	Amorphous	20	2560	Medium Fast	"1,000,000"	0.1	0′04″	1.1	2.4	50	62	0	0	0	1	0	0	1	Unknown		0	2	0.5	0.5	0.5	2	0	1	0.5	2	1	1	1	2	1	2	1	1	310-1|78-1|110-1|71-6|791-12|492-18|72-24|506-30|476-36|202-42|247-48|262-54|437-60	182-TM|506-TM|345-TM|101-TM|203-TM|492-TM|214-TM|115-TM|156-TM|286-TM|164-TM|334-TM|202-TM|247-TM|412-TM|347-TM|580-TM|417-TM|566-TM|437-TM|433-TM|76-TM|851-TM|180-TM|503-TM|253-TM|809-TM|220-TM|244-TM|174-TM			
1012		Poltchageist Artisan Form	Matcha Pokémon	Grass	Ghost																																									FALSE	FALSE	TRUE	TRUE	FALSE	FALSE	40	45	45	74	54	50	308	Green	Head		Hospitality		Heatproof		120	40	Mineral	Amorphous	20	2560	Medium Fast	"1,000,000"	0.1	0′04″	1.1	2.4	50	62	0	0	0	1	0	0	1	Unknown		0	2	0.5	0.5	0.5	2	0	1	0.5	2	1	1	1	2	1	2	1	1	310-1|78-1|110-1|71-6|791-12|492-18|72-24|506-30|476-36|202-42|247-48|262-54|437-60	182-TM|506-TM|345-TM|101-TM|203-TM|492-TM|214-TM|115-TM|156-TM|286-TM|164-TM|334-TM|202-TM|247-TM|412-TM|347-TM|580-TM|417-TM|566-TM|437-TM|433-TM|76-TM|851-TM|180-TM|503-TM|253-TM|809-TM|220-TM|244-TM|174-TM			
1013	1013	Sinistcha Unremarkable Form	Matcha Pokémon	Grass	Ghost																																									FALSE	FALSE	TRUE	TRUE	FALSE	FALSE	71	60	106	121	80	70	508	Green	Head		Hospitality		Heatproof	Unremarkable Teacup	60	20	Mineral	Amorphous	20	2560	Medium Fast	"1,000,000"	0.2	0′08″	2.2	4.9	50	178	0	0	0	2	0	0	2	Unknown		0	2	0.5	0.5	0.5	2	0	1	0.5	2	1	1	1	2	1	2	1	1	310-1|78-1|110-1|71-6|791-12|492-18|72-24|506-30|476-36|668-42|247-48|262-54|437-60	182-TM|506-TM|345-TM|101-TM|203-TM|492-TM|214-TM|115-TM|156-TM|286-TM|164-TM|334-TM|202-TM|247-TM|412-TM|347-TM|580-TM|417-TM|566-TM|437-TM|433-TM|63-TM|76-TM|851-TM|180-TM|503-TM|253-TM|809-TM|220-TM|244-TM|174-TM			
1013		Sinistcha Masterpiece Form	Matcha Pokémon	Grass	Ghost																																									FALSE	FALSE	TRUE	TRUE	FALSE	FALSE	71	60	106	121	80	70	508	Green	Head		Hospitality		Heatproof	Unremarkable Teacup	60	20	Mineral	Amorphous	20	2560	Medium Fast	"1,000,000"	0.2	0′08″	2.2	4.9	50	178	0	0	0	2	0	0	2	Unknown		0	2	0.5	0.5	0.5	2	0	1	0.5	2	1	1	1	2	1	2	1	1	310-1|78-1|110-1|71-6|791-12|492-18|72-24|506-30|476-36|668-42|247-48|262-54|437-60	182-TM|506-TM|345-TM|101-TM|203-TM|492-TM|214-TM|115-TM|156-TM|286-TM|164-TM|334-TM|202-TM|247-TM|412-TM|347-TM|580-TM|417-TM|566-TM|437-TM|433-TM|63-TM|76-TM|851-TM|180-TM|503-TM|253-TM|809-TM|220-TM|244-TM|174-TM			
1014	1014	Okidogi	Retainer Pokémon	Poison	Fighting																																									FALSE	FALSE	TRUE	TRUE	FALSE	FALSE	88	128	115	58	86	80	555	Black	Bipedal+Tail		Toxic Chain				3	1	No Eggs Discovered		120	15360	Slow	"1,250,000"	1.8	5′11″	92	202.8	0	278	0	3	0	0	0	0	3	100%	0%	1	1	1	1	0.5	1	0.5	0.5	2	2	4	0.25	0.5	1	1	0.5	1	1	44-1|339-1|67-1|336-8|305-16|395-24|68-32|398-40|693-48|242-56|276-64|416-72	36-TM|184-TM|182-TM|424-TM|422-TM|423-TM|67-TM|168-TM|263-TM|342-TM|555-TM|232-TM|317-TM|490-TM|374-TM|203-TM|91-TM|280-TM|421-TM|706-TM|339-TM|34-TM|7-TM|9-TM|8-TM|214-TM|409-TM|398-TM|707-TM|156-TM|269-TM|776-TM|442-TM|441-TM|164-TM|242-TM|179-TM|188-TM|416-TM|200-TM|411-TM|63-TM|370-TM|851-TM|46-TM|92-TM|180-TM|282-TM|667-TM|253-TM|264-TM|808-TM|38-TM|482-TM|675-TM|174-TM|912-TM|918-TM			
1015	1015	Munkidori	Retainer Pokémon	Poison	Psychic																																									FALSE	FALSE	TRUE	TRUE	FALSE	FALSE	88	75	66	130	90	106	555	Black	Bipedal+Tailless		Toxic Chain				3	1	No Eggs Discovered		120	15360	Slow	"1,250,000"	1	3′03″	12.2	26.9	0	278	0	0	0	3	0	0	3	100%	0%	1	1	1	1	0.5	1	0.25	0.5	2	1	1	1	1	2	1	2	1	0.5	93-1|252-1|260-1|10-1|270-8|60-16|499-24|398-32|94-40|482-48|417-56|248-64|575-72	189-TM|182-TM|491-TM|60-TM|109-TM|168-TM|885-TM|263-TM|506-TM|129-TM|500-TM|101-TM|374-TM|474-TM|203-TM|473-TM|369-TM|421-TM|214-TM|113-TM|118-TM|447-TM|398-TM|156-TM|269-TM|286-TM|441-TM|164-TM|271-TM|247-TM|94-TM|347-TM|270-TM|226-TM|678-TM|417-TM|188-TM|416-TM|411-TM|63-TM|851-TM|92-TM|180-TM|253-TM|809-TM|808-TM|244-TM|482-TM|248-TM|917-TM			
1016	1016	Fezandipiti	Retainer Pokémon	Poison	Fairy																																									FALSE	FALSE	TRUE	TRUE	FALSE	FALSE	88	91	82	70	125	99	555	Black	1 Pair of Wings		Toxic Chain				3	1	No Eggs Discovered		120	15360	Slow	"1,250,000"	1.4	4′07″	30.1	66.4	0	278	0	0	0	0	3	0	3	100%	0%	1	1	1	1	0.5	1	0.25	1	2	1	2	0.25	1	1	0	0.5	2	0.5	574-1|24-1|64-1|139-1|98-8|213-16|17-24|440-32|541-40|251-48|260-56|207-56|355-64|585-72	36-TM|204-TM|97-TM|182-TM|491-TM|512-TM|168-TM|574-TM|263-TM|342-TM|332-TM|506-TM|129-TM|196-TM|314-TM|474-TM|203-TM|369-TM|421-TM|403-TM|214-TM|113-TM|605-TM|398-TM|156-TM|269-TM|14-TM|399-TM|19-TM|441-TM|164-TM|366-TM|247-TM|257-TM|583-TM|347-TM|417-TM|188-TM|416-TM|542-TM|63-TM|413-TM|851-TM|92-TM|180-TM|253-TM|814-TM|808-TM|244-TM|914-TM			
1017	1017	Ogerpon Teal Mask	Mask Pokémon	Grass																																										FALSE	FALSE	TRUE	TRUE	FALSE	FALSE	80	120	84	60	96	110	550	Green	Bipedal+Tailless		Defiant		Embody Aspect		5	1.67	No Eggs Discovered		10	1280	Slow	"1,250,000"	1.2	3′11″	39.8	87.7	50	278	0	3	0	0	0	0	3	0%	100%	1	2	0.5	0.5	0.5	2	1	2	0.5	2	1	2	1	1	1	1	1	1	266-1|73-1|98-1|22-1|116-6|74-12|21-18|490-24|904-30|675-36|235-42|596-48|438-54|276-60|452-66	36-TM|204-TM|184-TM|182-TM|67-TM|885-TM|263-TM|345-TM|317-TM|490-TM|374-TM|203-TM|241-TM|240-TM|201-TM|331-TM|206-TM|280-TM|428-TM|369-TM|214-TM|402-TM|447-TM|707-TM|156-TM|269-TM|14-TM|191-TM|164-TM|202-TM|412-TM|227-TM|583-TM|270-TM|179-TM|580-TM|416-TM|437-TM|76-TM|851-TM|282-TM|669-TM|803-TM|808-TM|675-TM			68-R|24-R|532-R|514-R
1017		Ogerpon Wellspring Mask	Mask Pokémon	Grass	Water																																									FALSE	FALSE	FALSE	FALSE	FALSE	FALSE	80	120	84	60	96	110	550	Blue	Bipedal+Tailless		Water Absorb		Embody Aspect			0	No Eggs Discovered		10	1280	Slow	"1,250,000"	1.2	3′11″	39.8	87.7	50	278	0	3	0	0	0	0	3	0%	100%	1	1	0.25	1	1	1	1	2	0.5	2	1	2	1	1	1	1	0.5	1	266-1|73-1|98-1|22-1|116-6|74-12|21-18|490-24|904-30|675-36|235-42|596-48|438-54|276-60|452-66	36-TM|204-TM|184-TM|182-TM|67-TM|885-TM|263-TM|345-TM|317-TM|490-TM|374-TM|203-TM|241-TM|240-TM|201-TM|331-TM|206-TM|280-TM|428-TM|369-TM|214-TM|402-TM|447-TM|707-TM|156-TM|269-TM|14-TM|191-TM|164-TM|202-TM|412-TM|227-TM|583-TM|270-TM|179-TM|580-TM|416-TM|437-TM|76-TM|851-TM|282-TM|669-TM|803-TM|808-TM|675-TM			68-R|24-R|532-R|514-R
1017		Ogerpon Heartflame Mask	Mask Pokémon	Grass	Fire																																									FALSE	FALSE	FALSE	FALSE	FALSE	FALSE	80	120	84	60	96	110	550	Red	Bipedal+Tailless		Mold Breaker		Embody Aspect			0	No Eggs Discovered		10	1280	Slow	"1,250,000"	1.2	3′11″	39.8	87.7	50	278	0	3	0	0	0	0	3	0%	100%	1	1	1	0.5	0.25	1	1	2	1	2	1	1	2	1	1	1	0.5	0.5	266-1|73-1|98-1|22-1|116-6|74-12|21-18|490-24|904-30|675-36|235-42|596-48|438-54|276-60|452-66	36-TM|204-TM|184-TM|182-TM|67-TM|885-TM|263-TM|345-TM|317-TM|490-TM|374-TM|203-TM|241-TM|240-TM|201-TM|331-TM|206-TM|280-TM|428-TM|369-TM|214-TM|402-TM|447-TM|707-TM|156-TM|269-TM|14-TM|191-TM|164-TM|202-TM|412-TM|227-TM|583-TM|270-TM|179-TM|580-TM|416-TM|437-TM|76-TM|851-TM|282-TM|669-TM|803-TM|808-TM|675-TM			68-R|24-R|532-R|514-R
1017		Ogerpon Cornerstone Mask	Mask Pokémon	Grass	Rock																																									FALSE	FALSE	FALSE	FALSE	FALSE	FALSE	80	120	84	60	96	110	550	Gray	Bipedal+Tailless		Sturdy		Embody Aspect			0	No Eggs Discovered		10	1280	Slow	"1,250,000"	1.2	3′11″	39.8	87.7	50	278	0	3	0	0	0	0	3	0%	100%	0.5	1	1	0.5	1	2	2	1	1	1	1	2	1	1	1	1	2	1	266-1|73-1|98-1|22-1|116-6|74-12|21-18|490-24|904-30|675-36|235-42|596-48|438-54|276-60|452-66	36-TM|204-TM|184-TM|182-TM|67-TM|885-TM|263-TM|345-TM|317-TM|490-TM|374-TM|203-TM|241-TM|240-TM|201-TM|331-TM|206-TM|280-TM|428-TM|369-TM|214-TM|402-TM|447-TM|707-TM|156-TM|269-TM|14-TM|191-TM|164-TM|202-TM|412-TM|227-TM|583-TM|270-TM|179-TM|580-TM|416-TM|437-TM|76-TM|851-TM|282-TM|669-TM|803-TM|808-TM|675-TM			68-R|24-R|532-R|514-R
1018	1018	Archaludon	Alloy Pokémon	Steel	Dragon																																									FALSE	FALSE	FALSE	FALSE	TRUE	TRUE	90	105	130	125	65	85	600	White	Bipedal+Tail		Stamina	Sturdy	Stalwart	Metal Alloy	10	3.33	Mineral	Dragon	30	3840	Medium Fast	"1,000,000"	2	"6'07"""	60	132.3	50	300	0	0	3	0	0	0	3	50%	50%	0.5	1	0.5	0.5	0.25	1	2	0	2	0.5	0.5	0.5	0.5	1	1	1	0.5	1	43-1|232-1|249-6|468-12|319-18|784-24|525-30|334-36|116-42|337-48|430-54|368-60|63-66	36-TM|184-TM|182-TM|263-TM|555-TM|232-TM|317-TM|525-TM|203-TM|280-TM|492-TM|34-TM|214-TM|115-TM|113-TM|337-TM|86-TM|156-TM|157-TM|14-TM|776-TM|430-TM|399-TM|442-TM|164-TM|334-TM|396-TM|406-TM|446-TM|484-TM|85-TM|89-TM|444-TM|416-TM|200-TM|63-TM|87-TM|76-TM|434-TM|796-TM|851-TM|46-TM|479-TM|360-TM|38-TM|800-TM|784-TM|319-TM|912-TM|913-TM		905-EV	
1019	1019	Hydrapple	Apple Pokémon	Grass	Dragon																																									FALSE	FALSE	FALSE	FALSE	TRUE	TRUE	106	80	110	120	80	44	540	Green	Multiple Bodies		Supersweet Syrup	Regenerator	Sticky Hold	Level up knowing Dragon Cheer	10	3.33	Grass	Dragon	20	2560	Erratic	"600,000"	1.8	"5'11"""	93	205	50	270	0	0	0	3	0	0	3	50%	50%	1	1	0.25	0.25	0.25	4	1	2	0.5	2	1	2	1	1	2	1	1	2	310-1|278-1|230-1|110-1|525-4|74-8|225-12|182-16|331-20|903-28|406-32|105-36|412-40|164-44|438-54	36-TM|182-TM|884-TM|263-TM|345-TM|525-TM|203-TM|241-TM|240-TM|331-TM|34-TM|214-TM|402-TM|115-TM|447-TM|156-TM|776-TM|164-TM|202-TM|406-TM|412-TM|484-TM|676-TM|414-TM|580-TM|417-TM|56-TM|89-TM|416-TM|200-TM|437-TM|63-TM|76-TM|434-TM|851-TM|360-TM|450-TM|253-TM|803-TM|38-TM|784-TM|174-TM|913-TM		907-EV	458-R|611-R|281-R
1020	1020	Gouging Fire	Paradox Pokémon	Fire	Dragon																																									FALSE	FALSE	FALSE	FALSE	TRUE	FALSE	105	115	121	65	93	91	590	Brown	Quadruped		Protosynthesis				10	3.33	No Eggs Discovered		50	6400	Slow	"1,250,000"	3.5	"11'06"""	590	1300.7	0	295	0	0	3	0	0	0	3	Unknown		1	0.25	1	0.5	0.25	1	1	1	2	1	1	0.5	2	1	2	1	0.5	1	510-1|43-1|23-1|241-1|424-7|336-14|44-21|337-28|306-35|234-42|908-49|407-56|126-63|436-70|200-77|394-84|833-91	36-TM|184-TM|182-TM|424-TM|422-TM|83-TM|263-TM|523-TM|555-TM|488-TM|525-TM|203-TM|241-TM|684-TM|706-TM|34-TM|214-TM|337-TM|707-TM|156-TM|442-TM|349-TM|164-TM|242-TM|406-TM|257-TM|53-TM|179-TM|126-TM|89-TM|444-TM|416-TM|200-TM|315-TM|63-TM|394-TM|434-TM|851-TM|46-TM|535-TM|311-TM|799-TM|38-TM|915-TM|815-TM|784-TM|913-TM			246-R|24-R|568-R
1021	1021	Raging Bolt	Paradox Pokémon	Electric	Dragon																																									FALSE	FALSE	FALSE	FALSE	TRUE	FALSE	125	73	91	137	89	75	590	Yellow	Quadruped		Protosynthesis				10	3.33	No Eggs Discovered		50	6400	Slow	"1,250,000"	5.2	"17'01"""	480	1058.2	0	295	0	0	0	3	0	0	3	Unknown		1	0.5	0.5	0.25	0.5	2	1	1	2	0.5	1	1	1	1	2	1	0.5	2	351-1|23-1|241-1|239-1|268-7|225-14|604-21|435-28|525-35|347-42|909-49|692-56|804-63|406-70|192-77|776-84|87-91	36-TM|184-TM|182-TM|422-TM|451-TM|263-TM|555-TM|525-TM|203-TM|521-TM|241-TM|34-TM|214-TM|486-TM|86-TM|707-TM|156-TM|269-TM|776-TM|598-TM|164-TM|242-TM|406-TM|304-TM|484-TM|85-TM|347-TM|604-TM|528-TM|89-TM|416-TM|200-TM|63-TM|87-TM|76-TM|434-TM|851-TM|46-TM|268-TM|311-TM|38-TM|916-TM|527-TM|784-TM|913-TM			246-R
1022	1022	Iron Boulder	Paradox Pokémon	Rock	Psychic																																									FALSE	FALSE	FALSE	FALSE	FALSE	TRUE	90	120	80	68	108	124	590	Gray	Quadruped		Quark Drive				10	3.33	No Eggs Discovered		50	6400	Slow	"1,250,000"	1.5	"4'11"""	162.5	358.2	0	295	0	0	0	0	0	3	3	Unknown		0.5	0.5	2	1	2	1	1	0.5	2	0.5	0.5	2	1	2	1	2	2	1	604-1|30-1|43-1|88-1|98-7|163-14|97-21|427-28|68-35|317-42|533-49|910-56|14-63|224-70|501-77|444-84|416-91	36-TM|97-TM|184-TM|182-TM|263-TM|332-TM|523-TM|317-TM|203-TM|201-TM|473-TM|280-TM|428-TM|403-TM|34-TM|214-TM|350-TM|398-TM|156-TM|269-TM|14-TM|442-TM|164-TM|334-TM|404-TM|94-TM|604-TM|528-TM|89-TM|444-TM|416-TM|63-TM|370-TM|851-TM|669-TM|38-TM|800-TM|675-TM			
1023	1023	Iron Crown	Paradox Pokémon	Steel	Psychic																																									FALSE	FALSE	FALSE	FALSE	FALSE	TRUE	90	72	100	122	108	98	590	Blue	Quadruped		Quark Drive				10	3.33	No Eggs Discovered		50	6400	Slow	"1,250,000"	1.6	"5'03"""	156	343.9	0	295	0	0	0	3	0	0	3	Unknown		0.5	2	1	1	0.5	0.5	1	0	2	0.5	0.25	1	0.5	2	0.5	2	0.5	0.5	93-1|604-1|43-1|232-1|684-7|163-14|334-21|473-28|427-35|430-42|533-49|911-56|248-63|521-70|501-77|368-84|63-91	36-TM|97-TM|184-TM|182-TM|263-TM|523-TM|232-TM|500-TM|203-TM|521-TM|684-TM|473-TM|280-TM|428-TM|403-TM|34-TM|214-TM|156-TM|14-TM|430-TM|442-TM|164-TM|334-TM|404-TM|94-TM|484-TM|347-TM|604-TM|416-TM|411-TM|63-TM|796-TM|851-TM|356-TM|669-TM|38-TM|916-TM|248-TM|797-TM|319-TM|917-TM			
1024	1024	Terapagos Normal Form	Tera Pokémon	Normal																																										FALSE	FALSE	FALSE	FALSE	TRUE	TRUE	90	65	85	65	85	60	450	Blue	Quadruped		Tera Shift				255	85	No Eggs Discovered		5	640	Slow	"1,250,000"	0.2	"0'08"""	6.5	14.3	50	90	0	0	1	0	0	0	1	50%	50%	1	1	1	1	1	1	2	1	1	1	1	1	1	0	1	1	1	1	229-1|161-1|110-1|246-10|29-20|182-30|414-40|484-50|906-60|38-70|397-80|360-90	36-TM|182-TM|352-TM|263-TM|500-TM|203-TM|241-TM|240-TM|428-TM|34-TM|214-TM|605-TM|156-TM|157-TM|776-TM|430-TM|399-TM|442-TM|408-TM|164-TM|242-TM|396-TM|406-TM|446-TM|412-TM|484-TM|57-TM|861-TM|53-TM|85-TM|347-TM|414-TM|58-TM|528-TM|89-TM|444-TM|416-TM|405-TM|63-TM|394-TM|87-TM|76-TM|46-TM|92-TM|356-TM|360-TM|535-TM|311-TM|38-TM|916-TM|815-TM|800-TM			
1024		Terapagos Terastal Form	Tera Pokémon	Normal																																										FALSE	FALSE	FALSE	FALSE	TRUE	TRUE	95	95	110	105	110	85	600	Blue	Head		Tera Shell				255	85	No Eggs Discovered		5	640	Slow	"1,250,000"	0.3	"1'00"""	16	35.3	50	120	0	0	1	0	0	0	1	50%	50%	1	1	1	1	1	1	2	1	1	1	1	1	1	0	1	1	1	1	229-1|161-1|110-1|246-10|29-20|182-30|414-40|484-50|906-60|38-70|397-80|360-90	36-TM|182-TM|352-TM|263-TM|500-TM|203-TM|241-TM|240-TM|428-TM|34-TM|214-TM|605-TM|156-TM|157-TM|776-TM|430-TM|399-TM|442-TM|408-TM|164-TM|242-TM|396-TM|406-TM|446-TM|412-TM|484-TM|57-TM|861-TM|53-TM|85-TM|347-TM|414-TM|58-TM|528-TM|89-TM|444-TM|416-TM|405-TM|63-TM|394-TM|87-TM|76-TM|46-TM|92-TM|356-TM|360-TM|535-TM|311-TM|38-TM|916-TM|815-TM|800-TM			
1024		Terapagos Stellar Form	Tera Pokémon	Normal																																										FALSE	FALSE	FALSE	FALSE	TRUE	TRUE	160	105	110	130	110	85	700	Blue	Head		Teraform Zero				255	85	No Eggs Discovered		5	640	Slow	"1,250,000"	1.7	"5'03"""	77	169.8	50	140	0	0	1	0	0	0	1	50%	50%	1	1	1	1	1	1	2	1	1	1	1	1	1	0	1	1	1	1	229-1|161-1|110-1|246-10|29-20|182-30|414-40|484-50|906-60|38-70|397-80|360-90	36-TM|182-TM|352-TM|263-TM|500-TM|203-TM|241-TM|240-TM|428-TM|34-TM|214-TM|605-TM|156-TM|157-TM|776-TM|430-TM|399-TM|442-TM|408-TM|164-TM|242-TM|396-TM|406-TM|446-TM|412-TM|484-TM|57-TM|861-TM|53-TM|85-TM|347-TM|414-TM|58-TM|528-TM|89-TM|444-TM|416-TM|405-TM|63-TM|394-TM|87-TM|76-TM|46-TM|92-TM|356-TM|360-TM|535-TM|311-TM|38-TM|916-TM|815-TM|800-TM			
1025	1025	Pecharunt	Subjugation Pokémon	Poison	Ghost																																									FALSE	FALSE	FALSE	FALSE	TRUE	TRUE	88	88	160	88	88	88	600	Purple	Head		Poison Puppeteer				3	1	No Eggs Discovered		20	2560	Slow	"1,250,000"	0.3	"1'00"""	0.3	0.7	0	300	0	0	3	0	0	0	3	Unknown		0	1	1	1	0.5	1	0	0.25	2	1	2	0.25	1	2	1	2	1	0.5	310-1|262-1|139-1|123-1|110-8|194-16|313-24|575-32|247-40|919-48|92-56|417-64|105-72	313-TM|182-TM|491-TM|506-TM|101-TM|474-TM|203-TM|492-TM|214-TM|156-TM|286-TM|441-TM|164-TM|247-TM|417-TM|188-TM|566-TM|851-TM|92-TM|180-TM|809-TM|482-TM|174-TM			111-R|212-R|205-R
